ST_CASE,VEH_NO_x,DRIMPAIR_x,DRDISTRACT,DRIVERRF,PER_NO_x,DRUGRES,DRUGACTQTY,STATE_x,COUNTY,HARM_EV_x,MAKE_x,BODY_TYP_x,AGE,SEX,PER_TYP_x,INJ_SEV,REST_USE,REST_MIS,AIR_BAG_x,EJECTION,DRINKING,ALC_RES,HISPANIC,STATE_y,VE_FORMS,HARM_EV_y,NUMOCCS,HIT_RUN,VIN,MOD_YEAR,VPICMAKE,VPICMODEL,VPICBODYCLASS,MAKE_y,MAKENAME,MODEL,BODY_TYP_y,HAZ_INV,HAZ_PLAC,HAZ_ID,TRAV_SP,UNDEROVERRIDE,ROLLOVER,ROLINLOC,IMPACT1,DEFORMED,M_HARM,FIRE_EXP,DR_DRINK,DR_PRES,L_STATE,DR_ZIP,L_TYPE,L_STATUS,L_COMPL,L_COMPLNAME,L_RESTRI,DR_HGT,DR_WGT,PREV_DWI,PREV_SPD,PREV_OTH,FIRST_MO,FIRST_MONAME,FIRST_YR,LAST_MO,LAST_YR,SPEEDREL,VTRAFWAY,VNUM_LAN,VSPD_LIM,VALIGN,VPROFILE,VPAVETYP,VSURCOND,VTRAFCON,P_CRASH1,P_CRASH2,P_CRASH3,PCRASH4,PCRASH5,ACC_CONFIG,STATE,RACE,ORDER,MULTRACE,CASENUM,HARM_EV,DAY_WEEK,MONTH,MAXSEV_IM,WEATHR_IM,PER_NO_y,BODY_TYP,AGE_IM,SEX_IM,INJSEV_IM,PER_TYP_y,AIR_BAG_y,EJECT_IM,MAKE,VEH_NO_y,DRIMPAIR_y
10286,1,0,96.0,39.0,1.0,0.0,-99.0,1.0,121.0,12.0,55.0,14.0,66.0,2.0,1.0,1.0,3.0,0.0,8.0,0.0,0.0,996.0,0.0,1.0,2.0,12.0,1.0,0.0,5NMJB3AE4NH1,2022.0,498.0,2058.0,7.0,55.0,Hyundai,402.0,14.0,1.0,0.0,0.0,999.0,0.0,0.0,0.0,12.0,6.0,12.0,0.0,0.0,1.0,1.0,35128.0,1.0,6.0,3.0,Valid license for this class vehicle,1.0,63.0,130.0,0.0,1.0,0.0,5.0,May,2018.0,8.0,2021.0,9.0,1.0,2.0,40.0,1.0,5.0,2.0,1.0,20.0,1.0,17.0,99.0,1.0,1.0,503.0,1.0,0.0,1.0,0.0,202304885088.0,12.0,4.0,1.0,2.0,10.0,1.0,14.0,55.0,1.0,0.0,1.0,8.0,0.0,55.0,2.0,98.0
10303,1,0,92.0,28.0,1.0,0.0,-99.0,1.0,117.0,12.0,18.0,14.0,75.0,1.0,1.0,4.0,20.0,7.0,8.0,0.0,8.0,996.0,7.0,1.0,2.0,12.0,1.0,0.0,LRBFZNR44ND0,2022.0,468.0,11438.0,7.0,18.0,Buick / Opel,405.0,14.0,1.0,0.0,0.0,55.0,0.0,0.0,0.0,12.0,6.0,12.0,0.0,0.0,1.0,1.0,35242.0,1.0,6.0,3.0,Valid license for this class vehicle,1.0,72.0,210.0,0.0,0.0,0.0,0.0,No Record,0.0,0.0,0.0,0.0,1.0,2.0,55.0,1.0,1.0,2.0,1.0,0.0,1.0,50.0,1.0,1.0,1.0,202.0,1.0,1.0,1.0,0.0,202305137309.0,8.0,1.0,5.0,2.0,1.0,1.0,14.0,39.0,2.0,0.0,1.0,20.0,0.0,18.0,1.0,0.0
10322,1,9,96.0,0.0,1.0,1.0,-99.0,1.0,69.0,12.0,7.0,4.0,42.0,1.0,1.0,2.0,3.0,0.0,8.0,0.0,1.0,145.0,0.0,1.0,2.0,12.0,2.0,0.0,2C3CDXGJXMH5,2021.0,476.0,1895.0,13.0,7.0,Dodge,24.0,4.0,1.0,0.0,0.0,128.0,0.0,0.0,0.0,12.0,6.0,12.0,0.0,1.0,1.0,1.0,36303.0,1.0,6.0,3.0,Valid license for this class vehicle,1.0,75.0,330.0,0.0,0.0,0.0,0.0,No Record,0.0,0.0,0.0,3.0,2.0,3.0,50.0,1.0,1.0,2.0,1.0,0.0,1.0,51.0,99.0,1.0,1.0,202.0,1.0,0.0,1.0,0.0,202305040866.0,12.0,2.0,6.0,2.0,1.0,1.0,4.0,42.0,1.0,0.0,1.0,20.0,0.0,7.0,3.0,0.0
10326,1,0,96.0,38.0,1.0,0.0,-99.0,1.0,121.0,12.0,49.0,4.0,17.0,1.0,1.0,0.0,3.0,0.0,20.0,0.0,9.0,996.0,0.0,1.0,2.0,12.0,2.0,0.0,4T1B11HK4JU6,2018.0,448.0,2469.0,13.0,49.0,Toyota,40.0,4.0,1.0,0.0,0.0,999.0,7.0,0.0,0.0,2.0,4.0,12.0,0.0,0.0,1.0,1.0,35160.0,0.0,0.0,0.0,Not licensed,0.0,67.0,135.0,0.0,0.0,0.0,0.0,No Record,0.0,0.0,0.0,0.0,2.0,5.0,55.0,1.0,3.0,2.0,1.0,0.0,11.0,15.0,99.0,1.0,1.0,401.0,1.0,0.0,1.0,0.0,202305217959.0,12.0,5.0,8.0,0.0,1.0,1.0,4.0,45.0,2.0,0.0,1.0,20.0,0.0,49.0,3.0,0.0
10330,1,0,96.0,0.0,1.0,3019.0,10.0,1.0,101.0,30.0,37.0,4.0,23.0,1.0,1.0,4.0,3.0,0.0,8.0,0.0,8.0,351.0,6.0,1.0,1.0,30.0,1.0,0.0,1HGCP26858A1,2008.0,474.0,1861.0,13.0,37.0,Honda,32.0,4.0,1.0,0.0,0.0,999.0,7.0,0.0,0.0,12.0,6.0,30.0,0.0,1.0,1.0,1.0,36111.0,0.0,0.0,0.0,Not licensed,0.0,999.0,999.0,0.0,0.0,0.0,0.0,No Record,0.0,0.0,0.0,9.0,6.0,3.0,45.0,1.0,1.0,2.0,1.0,0.0,1.0,13.0,99.0,9.0,4.0,101.0,1.0,1.0,1.0,0.0,202304957178.0,12.0,6.0,5.0,0.0,1.0,1.0,4.0,21.0,2.0,0.0,1.0,98.0,0.0,37.0,1.0,99.0
10332,1,0,96.0,0.0,1.0,1.0,-99.0,1.0,89.0,12.0,42.0,4.0,24.0,1.0,1.0,9.0,3.0,0.0,1.0,0.0,0.0,0.0,0.0,1.0,2.0,12.0,2.0,0.0,WDDNG77XX8A1,2008.0,449.0,2086.0,13.0,42.0,Mercedes-Benz,43.0,4.0,1.0,0.0,0.0,999.0,0.0,0.0,0.0,12.0,6.0,12.0,0.0,0.0,1.0,1.0,35811.0,1.0,6.0,3.0,Valid license for this class vehicle,0.0,69.0,160.0,0.0,4.0,0.0,11.0,November,2019.0,5.0,2022.0,4.0,5.0,3.0,25.0,1.0,1.0,2.0,1.0,0.0,1.0,66.0,99.0,1.0,1.0,501.0,1.0,0.0,1.0,0.0,202304973959.0,12.0,6.0,5.0,4.0,1.0,1.0,4.0,24.0,1.0,1.0,1.0,1.0,0.0,42.0,1.0,0.0
10333,1,99,96.0,102.0,1.0,3022.0,55.0,1.0,109.0,35.0,37.0,4.0,33.0,2.0,1.0,4.0,20.0,7.0,8.0,1.0,9.0,134.0,7.0,1.0,1.0,35.0,1.0,0.0,1HGCM56316A0,2006.0,474.0,1861.0,13.0,37.0,Honda,32.0,4.0,1.0,0.0,0.0,90.0,7.0,3.0,5.0,1.0,6.0,1.0,0.0,1.0,1.0,1.0,36010.0,1.0,1.0,2.0,No valid license for this class vehicle,2.0,58.0,150.0,0.0,0.0,0.0,8.0,August,2022.0,8.0,2022.0,0.0,5.0,5.0,65.0,1.0,1.0,2.0,1.0,0.0,1.0,13.0,99.0,1.0,4.0,101.0,1.0,2.0,1.0,0.0,202305684275.0,12.0,6.0,11.0,0.0,1.0,1.0,4.0,23.0,2.0,0.0,1.0,20.0,0.0,37.0,1.0,0.0
10335,1,99,96.0,0.0,1.0,0.0,-99.0,1.0,89.0,12.0,54.0,14.0,19.0,1.0,1.0,4.0,20.0,7.0,8.0,1.0,9.0,996.0,7.0,1.0,2.0,12.0,1.0,0.0,5J8TC1H34KL0,2019.0,475.0,1871.0,7.0,54.0,Acura,402.0,14.0,1.0,0.0,0.0,999.0,0.0,3.0,5.0,11.0,6.0,1.0,0.0,0.0,1.0,1.0,35810.0,1.0,6.0,3.0,Valid license for this class vehicle,0.0,70.0,165.0,0.0,2.0,0.0,7.0,July,2022.0,11.0,2022.0,3.0,3.0,5.0,70.0,1.0,1.0,2.0,1.0,0.0,6.0,51.0,99.0,1.0,2.0,207.0,1.0,2.0,1.0,0.0,202304973964.0,12.0,7.0,5.0,4.0,1.0,1.0,14.0,19.0,1.0,4.0,1.0,8.0,1.0,54.0,1.0,99.0
10335,2,0,96.0,0.0,1.0,0.0,-99.0,1.0,89.0,12.0,23.0,21.0,34.0,1.0,1.0,0.0,3.0,0.0,20.0,0.0,0.0,996.0,0.0,1.0,2.0,12.0,1.0,0.0,1GTW7AFPXP11,2023.0,472.0,1856.0,95.0,23.0,GMC,461.0,21.0,1.0,0.0,0.0,999.0,0.0,0.0,0.0,6.0,2.0,12.0,0.0,0.0,1.0,48.0,35603.0,1.0,6.0,3.0,Valid license for this class vehicle,3.0,999.0,999.0,0.0,0.0,0.0,0.0,No Record,0.0,0.0,0.0,0.0,3.0,5.0,70.0,1.0,1.0,2.0,1.0,0.0,1.0,60.0,99.0,1.0,1.0,208.0,1.0,0.0,1.0,0.0,202304973964.0,12.0,7.0,5.0,4.0,1.0,1.0,21.0,34.0,1.0,0.0,1.0,20.0,0.0,23.0,2.0,0.0
10336,1,0,96.0,35.0,1.0,0.0,-99.0,1.0,17.0,12.0,49.0,4.0,41.0,2.0,1.0,4.0,3.0,0.0,8.0,0.0,0.0,996.0,7.0,1.0,2.0,12.0,1.0,0.0,4T1BF3EK4BU6,2011.0,448.0,2469.0,13.0,49.0,Toyota,40.0,4.0,1.0,0.0,0.0,65.0,0.0,0.0,0.0,12.0,6.0,12.0,0.0,0.0,1.0,13.0,30350.0,1.0,1.0,2.0,No valid license for this class vehicle,0.0,999.0,999.0,0.0,0.0,0.0,0.0,No Record,0.0,0.0,0.0,0.0,1.0,2.0,55.0,1.0,1.0,2.0,1.0,0.0,6.0,10.0,99.0,1.0,2.0,301.0,1.0,1.0,1.0,0.0,202304909330.0,11.0,1.0,3.0,0.0,1.0,1.0,4.0,24.0,1.0,0.0,1.0,20.0,0.0,49.0,1.0,98.0
10339,1,2,96.0,0.0,1.0,5060.0,220.0,1.0,97.0,10.0,35.0,4.0,29.0,1.0,1.0,4.0,20.0,7.0,8.0,0.0,0.0,0.0,7.0,1.0,1.0,10.0,1.0,0.0,1N4AL2AP3BN4,2011.0,478.0,1904.0,13.0,35.0,Nissan/Datsun,47.0,4.0,1.0,0.0,0.0,999.0,7.0,0.0,0.0,3.0,6.0,10.0,0.0,0.0,1.0,1.0,36618.0,1.0,6.0,3.0,Valid license for this class vehicle,1.0,72.0,305.0,0.0,0.0,0.0,0.0,No Record,0.0,0.0,0.0,0.0,1.0,2.0,35.0,1.0,6.0,2.0,1.0,65.0,1.0,91.0,99.0,1.0,1.0,103.0,1.0,2.0,1.0,0.0,202305117274.0,12.0,4.0,7.0,0.0,10.0,1.0,4.0,29.0,2.0,0.0,1.0,20.0,0.0,35.0,2.0,0.0
10341,1,0,96.0,102.0,1.0,5060.0,12.0,1.0,83.0,42.0,20.0,2.0,25.0,1.0,1.0,4.0,3.0,0.0,1.0,1.0,0.0,138.0,6.0,1.0,1.0,42.0,2.0,0.0,1G1FE1R74G01,2016.0,467.0,1829.0,3.0,20.0,Chevrolet,9.0,2.0,1.0,0.0,0.0,100.0,7.0,0.0,0.0,12.0,6.0,42.0,0.0,1.0,1.0,1.0,35763.0,1.0,6.0,3.0,Valid license for this class vehicle,0.0,67.0,124.0,0.0,2.0,0.0,5.0,May,2018.0,3.0,2021.0,0.0,1.0,2.0,45.0,2.0,6.0,2.0,2.0,0.0,14.0,12.0,99.0,1.0,4.0,102.0,1.0,1.0,1.0,0.0,202304973839.0,42.0,1.0,5.0,4.0,1.0,1.0,2.0,25.0,1.0,4.0,1.0,1.0,1.0,20.0,1.0,0.0
10347,1,99,96.0,102.0,1.0,0.0,-99.0,1.0,89.0,12.0,23.0,34.0,30.0,1.0,1.0,0.0,99.0,7.0,1.0,0.0,9.0,996.0,0.0,1.0,7.0,12.0,1.0,0.0,2GTEK13M0812,2008.0,472.0,1857.0,60.0,23.0,GMC,481.0,34.0,1.0,0.0,0.0,999.0,0.0,0.0,0.0,12.0,6.0,12.0,0.0,0.0,1.0,1.0,35805.0,1.0,3.0,2.0,No valid license for this class vehicle,0.0,77.0,180.0,0.0,0.0,0.0,2.0,February,2019.0,2.0,2019.0,3.0,5.0,6.0,55.0,1.0,1.0,2.0,1.0,3.0,1.0,50.0,99.0,1.0,1.0,202.0,1.0,0.0,1.0,0.0,202305412801.0,12.0,4.0,11.0,0.0,1.0,1.0,34.0,36.0,1.0,0.0,1.0,20.0,0.0,23.0,2.0,0.0
10347,4,0,96.0,0.0,1.0,0.0,-99.0,1.0,89.0,12.0,52.0,4.0,26.0,2.0,1.0,0.0,3.0,0.0,20.0,0.0,0.0,996.0,0.0,1.0,7.0,12.0,4.0,0.0,ML32F3FJ1HHF,2017.0,481.0,13842.0,13.0,52.0,Mitsubishi,48.0,4.0,1.0,0.0,0.0,0.0,0.0,0.0,0.0,6.0,2.0,12.0,0.0,0.0,1.0,47.0,37043.0,1.0,6.0,3.0,Valid license for this class vehicle,0.0,61.0,101.0,0.0,0.0,0.0,3.0,March,2020.0,3.0,2020.0,0.0,5.0,6.0,55.0,1.0,1.0,2.0,1.0,3.0,5.0,53.0,1.0,1.0,1.0,998.0,1.0,0.0,1.0,0.0,202304859989.0,12.0,6.0,4.0,4.0,1.0,1.0,4.0,35.0,1.0,4.0,1.0,9.0,0.0,52.0,1.0,96.0
10348,1,0,96.0,102.0,1.0,0.0,-99.0,1.0,83.0,53.0,13.0,4.0,48.0,2.0,1.0,4.0,20.0,7.0,20.0,0.0,0.0,996.0,7.0,1.0,2.0,53.0,1.0,0.0,1LNFM97V6WY6,1998.0,464.0,5192.0,13.0,13.0,Lincoln,5.0,4.0,1.0,0.0,0.0,65.0,0.0,0.0,0.0,12.0,6.0,12.0,1.0,0.0,1.0,1.0,35811.0,0.0,0.0,0.0,Not licensed,0.0,68.0,160.0,0.0,0.0,0.0,0.0,No Record,0.0,0.0,0.0,0.0,1.0,2.0,55.0,3.0,6.0,2.0,1.0,0.0,14.0,13.0,99.0,1.0,4.0,101.0,1.0,2.0,1.0,0.0,202305011530.0,53.0,1.0,6.0,4.0,1.0,1.0,4.0,48.0,2.0,4.0,1.0,20.0,0.0,13.0,1.0,0.0
10354,1,0,96.0,0.0,1.0,2005.0,45.0,1.0,127.0,42.0,35.0,4.0,40.0,1.0,1.0,4.0,20.0,7.0,3.0,1.0,0.0,0.0,7.0,1.0,1.0,42.0,1.0,0.0,1N4AL2APXBN4,2011.0,478.0,1904.0,13.0,35.0,Nissan/Datsun,47.0,4.0,1.0,0.0,0.0,75.0,7.0,3.0,5.0,12.0,6.0,1.0,0.0,0.0,1.0,1.0,35550.0,1.0,2.0,2.0,No valid license for this class vehicle,0.0,69.0,285.0,0.0,1.0,0.0,11.0,November,2022.0,11.0,2022.0,3.0,1.0,2.0,55.0,3.0,5.0,2.0,1.0,0.0,14.0,13.0,99.0,1.0,4.0,101.0,1.0,2.0,1.0,0.0,202304851697.0,12.0,3.0,2.0,0.0,1.0,1.0,4.0,35.0,2.0,0.0,1.0,20.0,0.0,35.0,2.0,0.0
10358,1,2,96.0,0.0,1.0,1.0,-99.0,1.0,93.0,52.0,51.0,66.0,43.0,1.0,1.0,4.0,99.0,7.0,20.0,1.0,0.0,0.0,7.0,1.0,1.0,52.0,1.0,0.0,4V4NC9EH4GN9,2016.0,487.0,1967.0,66.0,51.0,Volvo,881.0,66.0,1.0,0.0,0.0,70.0,7.0,3.0,3.0,12.0,6.0,21.0,0.0,0.0,1.0,12.0,32907.0,1.0,6.0,3.0,Valid license for this class vehicle,3.0,69.0,999.0,0.0,1.0,1.0,1.0,January,2022.0,7.0,2022.0,0.0,2.0,2.0,70.0,1.0,1.0,2.0,1.0,0.0,1.0,12.0,1.0,1.0,4.0,102.0,1.0,2.0,1.0,0.0,202305260182.0,12.0,3.0,9.0,2.0,1.0,1.0,66.0,55.0,1.0,0.0,1.0,20.0,0.0,51.0,2.0,98.0
10363,1,99,96.0,0.0,1.0,1.0,-99.0,1.0,83.0,1.0,20.0,34.0,36.0,2.0,1.0,4.0,20.0,7.0,20.0,1.0,9.0,201.0,7.0,1.0,1.0,1.0,1.0,0.0,1GCEC29J49Z1,2009.0,467.0,1850.0,60.0,20.0,Chevrolet,481.0,34.0,1.0,0.0,0.0,65.0,7.0,3.0,5.0,0.0,6.0,1.0,0.0,1.0,1.0,1.0,35611.0,1.0,6.0,3.0,Valid license for this class vehicle,1.0,65.0,120.0,0.0,0.0,0.0,0.0,No Record,0.0,0.0,0.0,3.0,1.0,2.0,55.0,3.0,1.0,2.0,1.0,0.0,14.0,13.0,99.0,1.0,4.0,101.0,1.0,1.0,1.0,0.0,202305011581.0,1.0,7.0,6.0,4.0,1.0,1.0,34.0,36.0,2.0,4.0,1.0,20.0,1.0,20.0,1.0,99.0
10364,1,99,96.0,38.0,1.0,5060.0,6.8,1.0,3.0,12.0,7.0,4.0,59.0,1.0,1.0,2.0,3.0,0.0,3.0,0.0,9.0,0.0,0.0,1.0,2.0,12.0,2.0,0.0,1C3CDFBB0FD2,2015.0,476.0,2054.0,13.0,7.0,Dodge,29.0,4.0,1.0,0.0,0.0,15.0,0.0,0.0,0.0,10.0,6.0,12.0,0.0,0.0,1.0,1.0,36530.0,1.0,6.0,3.0,Valid license for this class vehicle,1.0,77.0,250.0,0.0,0.0,0.0,11.0,November,2022.0,11.0,2022.0,0.0,1.0,2.0,25.0,1.0,1.0,2.0,1.0,20.0,11.0,15.0,99.0,1.0,1.0,414.0,1.0,0.0,1.0,0.0,202304990612.0,12.0,1.0,3.0,1.0,1.0,1.0,4.0,62.0,1.0,1.0,1.0,1.0,0.0,7.0,1.0,0.0
10370,2,0,96.0,0.0,1.0,0.0,-99.0,1.0,101.0,12.0,59.0,14.0,32.0,2.0,1.0,0.0,3.0,0.0,20.0,0.0,0.0,996.0,0.0,1.0,3.0,12.0,3.0,0.0,2T2HZMAA4LC1,2020.0,515.0,2214.0,7.0,59.0,Lexus,403.0,14.0,1.0,0.0,0.0,55.0,0.0,0.0,0.0,6.0,4.0,12.0,0.0,0.0,1.0,1.0,36111.0,1.0,6.0,3.0,Valid license for this class vehicle,1.0,66.0,165.0,0.0,0.0,0.0,0.0,No Record,0.0,0.0,0.0,0.0,5.0,7.0,55.0,1.0,1.0,2.0,2.0,0.0,1.0,53.0,99.0,1.0,1.0,201.0,1.0,0.0,1.0,0.0,202305531665.0,12.0,6.0,12.0,0.0,1.0,1.0,14.0,63.0,2.0,0.0,1.0,20.0,0.0,59.0,2.0,0.0
10371,1,0,96.0,0.0,1.0,1.0,-99.0,1.0,85.0,12.0,52.0,5.0,57.0,1.0,1.0,4.0,20.0,7.0,1.0,0.0,8.0,0.0,7.0,1.0,2.0,12.0,1.0,0.0,ML32A3HJ2HH0,2017.0,481.0,2342.0,5.0,52.0,Mitsubishi,48.0,5.0,1.0,0.0,0.0,45.0,0.0,0.0,0.0,12.0,6.0,12.0,0.0,0.0,1.0,1.0,36785.0,1.0,6.0,3.0,Valid license for this class vehicle,0.0,69.0,165.0,0.0,1.0,1.0,2.0,February,2020.0,9.0,2022.0,0.0,1.0,2.0,45.0,1.0,1.0,2.0,2.0,0.0,1.0,90.0,6.0,1.0,4.0,304.0,1.0,1.0,1.0,0.0,202304638347.0,12.0,4.0,1.0,0.0,1.0,1.0,5.0,74.0,1.0,0.0,1.0,20.0,0.0,52.0,2.0,0.0
10372,1,99,96.0,0.0,1.0,1.0,-99.0,1.0,19.0,32.0,35.0,34.0,52.0,1.0,1.0,3.0,20.0,7.0,1.0,0.0,9.0,0.0,0.0,1.0,1.0,32.0,2.0,0.0,1N6AD0EV3DN7,2013.0,478.0,1919.0,60.0,35.0,Nissan/Datsun,472.0,34.0,1.0,0.0,0.0,65.0,7.0,3.0,5.0,12.0,6.0,1.0,0.0,0.0,1.0,1.0,35959.0,1.0,6.0,3.0,Valid license for this class vehicle,0.0,70.0,179.0,0.0,0.0,0.0,1.0,January,2019.0,1.0,2019.0,3.0,1.0,2.0,55.0,1.0,1.0,2.0,1.0,0.0,1.0,13.0,99.0,1.0,4.0,101.0,1.0,0.0,1.0,0.0,202305429979.0,12.0,6.0,10.0,0.0,10.0,1.0,34.0,59.0,1.0,0.0,1.0,20.0,0.0,35.0,1.0,98.0
10373,1,0,96.0,102.0,1.0,3022.0,75.0,1.0,3.0,24.0,49.0,34.0,26.0,1.0,1.0,4.0,20.0,7.0,1.0,2.0,0.0,77.0,6.0,1.0,1.0,24.0,4.0,0.0,5TBET34126S5,2006.0,448.0,2467.0,60.0,49.0,Toyota,482.0,34.0,1.0,0.0,0.0,999.0,7.0,3.0,3.0,12.0,6.0,42.0,0.0,1.0,1.0,1.0,36535.0,0.0,0.0,0.0,Not licensed,0.0,999.0,999.0,0.0,0.0,0.0,0.0,No Record,0.0,0.0,0.0,0.0,3.0,2.0,70.0,1.0,5.0,2.0,2.0,0.0,6.0,12.0,6.0,4.0,4.0,102.0,1.0,1.0,1.0,0.0,202305416181.0,12.0,3.0,11.0,2.0,1.0,1.0,34.0,39.0,1.0,0.0,1.0,1.0,0.0,49.0,4.0,0.0
10375,1,0,96.0,0.0,1.0,1.0,-99.0,1.0,11.0,12.0,37.0,4.0,53.0,1.0,1.0,2.0,3.0,0.0,20.0,0.0,0.0,0.0,0.0,1.0,2.0,12.0,1.0,0.0,1HGCP26888A0,2008.0,474.0,1861.0,13.0,37.0,Honda,32.0,4.0,1.0,0.0,0.0,55.0,0.0,0.0,0.0,12.0,6.0,12.0,0.0,0.0,1.0,1.0,36089.0,1.0,6.0,3.0,Valid license for this class vehicle,0.0,67.0,180.0,0.0,0.0,3.0,7.0,July,2018.0,10.0,2022.0,0.0,1.0,2.0,55.0,1.0,1.0,2.0,1.0,0.0,1.0,10.0,99.0,1.0,2.0,301.0,1.0,0.0,1.0,0.0,202305288165.0,12.0,7.0,10.0,0.0,1.0,1.0,4.0,21.0,2.0,0.0,1.0,20.0,0.0,37.0,2.0,0.0
10379,1,99,96.0,0.0,1.0,1.0,-99.0,1.0,81.0,33.0,35.0,4.0,28.0,1.0,1.0,4.0,20.0,7.0,8.0,1.0,9.0,167.0,7.0,1.0,1.0,33.0,1.0,0.0,3N1AB6AP9CL7,2012.0,478.0,1907.0,13.0,35.0,Nissan/Datsun,43.0,4.0,1.0,0.0,0.0,60.0,7.0,3.0,5.0,12.0,6.0,42.0,0.0,1.0,1.0,51.0,28314.0,1.0,6.0,3.0,Valid license for this class vehicle,0.0,69.0,180.0,0.0,0.0,0.0,0.0,No Record,0.0,0.0,0.0,3.0,1.0,2.0,30.0,3.0,1.0,2.0,1.0,0.0,14.0,13.0,99.0,1.0,4.0,101.0,1.0,1.0,1.0,0.0,202304875296.0,35.0,1.0,1.0,2.0,5.0,1.0,4.0,23.0,2.0,2.0,1.0,1.0,0.0,35.0,1.0,9.0
10382,1,0,96.0,0.0,1.0,1.0,-99.0,1.0,89.0,30.0,55.0,4.0,17.0,1.0,1.0,4.0,20.0,7.0,8.0,0.0,0.0,128.0,7.0,1.0,1.0,30.0,1.0,0.0,5NPE24AFXFH1,2015.0,498.0,2459.0,13.0,55.0,Hyundai,33.0,4.0,1.0,0.0,0.0,100.0,7.0,0.0,0.0,12.0,6.0,30.0,0.0,1.0,1.0,1.0,35773.0,1.0,6.0,3.0,Valid license for this class vehicle,0.0,66.0,135.0,0.0,0.0,0.0,0.0,No Record,0.0,0.0,0.0,3.0,1.0,2.0,35.0,1.0,5.0,2.0,1.0,0.0,1.0,13.0,99.0,1.0,4.0,101.0,1.0,2.0,1.0,0.0,202305029640.0,30.0,7.0,6.0,4.0,1.0,1.0,4.0,17.0,1.0,4.0,1.0,8.0,0.0,55.0,1.0,0.0
10391,1,99,96.0,28.0,1.0,2107.0,23.0,1.0,117.0,12.0,49.0,14.0,43.0,2.0,1.0,3.0,20.0,7.0,8.0,0.0,9.0,0.0,0.0,1.0,2.0,12.0,1.0,0.0,JTEZU5JR8H51,2017.0,448.0,2216.0,7.0,49.0,Toyota,401.0,14.0,1.0,0.0,0.0,999.0,0.0,3.0,1.0,12.0,6.0,12.0,0.0,0.0,1.0,1.0,35143.0,1.0,6.0,3.0,Valid license for this class vehicle,0.0,66.0,130.0,0.0,0.0,0.0,0.0,No Record,0.0,0.0,0.0,0.0,1.0,2.0,45.0,2.0,1.0,2.0,1.0,97.0,14.0,10.0,99.0,1.0,2.0,301.0,1.0,0.0,1.0,0.0,202305607618.0,12.0,7.0,11.0,3.0,10.0,1.0,14.0,58.0,2.0,3.0,1.0,20.0,0.0,49.0,2.0,0.0
10394,2,0,96.0,0.0,1.0,1.0,-99.0,1.0,83.0,12.0,35.0,4.0,36.0,1.0,1.0,4.0,3.0,0.0,8.0,0.0,0.0,0.0,7.0,1.0,2.0,12.0,1.0,0.0,1N4BL4DV0NN3,2022.0,478.0,1904.0,13.0,35.0,Nissan/Datsun,47.0,4.0,1.0,0.0,0.0,999.0,0.0,0.0,0.0,9.0,6.0,12.0,0.0,0.0,1.0,20.0,67110.0,1.0,6.0,3.0,Valid license for this class vehicle,3.0,72.0,300.0,0.0,0.0,0.0,0.0,No Record,0.0,0.0,0.0,0.0,0.0,0.0,0.0,0.0,0.0,0.0,0.0,3.0,11.0,66.0,99.0,1.0,1.0,414.0,1.0,1.0,1.0,0.0,202304762746.0,12.0,2.0,2.0,3.0,2.0,1.0,4.0,22.0,1.0,2.0,1.0,1.0,0.0,35.0,1.0,0.0
10400,2,0,96.0,0.0,1.0,0.0,-99.0,1.0,101.0,12.0,20.0,4.0,33.0,2.0,1.0,3.0,3.0,0.0,1.0,0.0,0.0,996.0,0.0,1.0,2.0,12.0,1.0,0.0,1G1ZD5STXJF1,2018.0,467.0,1834.0,13.0,20.0,Chevrolet,37.0,4.0,1.0,0.0,0.0,999.0,0.0,0.0,0.0,12.0,6.0,12.0,0.0,0.0,1.0,1.0,36104.0,1.0,6.0,3.0,Valid license for this class vehicle,0.0,67.0,220.0,0.0,1.0,0.0,2.0,February,2022.0,2.0,2022.0,0.0,2.0,2.0,55.0,1.0,1.0,2.0,1.0,0.0,1.0,62.0,99.0,1.0,1.0,302.0,1.0,0.0,1.0,0.0,202304860142.0,12.0,1.0,4.0,1.0,1.0,1.0,4.0,21.0,1.0,1.0,1.0,1.0,0.0,20.0,1.0,0.0
10405,1,99,96.0,51.0,1.0,2061.0,130.0,1.0,71.0,12.0,49.0,4.0,64.0,1.0,1.0,4.0,3.0,0.0,8.0,0.0,9.0,0.0,7.0,1.0,2.0,12.0,1.0,0.0,2T1BURHE5GC6,2016.0,448.0,2208.0,13.0,49.0,Toyota,32.0,4.0,1.0,0.0,0.0,65.0,0.0,0.0,0.0,12.0,6.0,12.0,0.0,0.0,1.0,45.0,29016.0,1.0,6.0,3.0,Valid license for this class vehicle,3.0,72.0,240.0,0.0,0.0,0.0,0.0,No Record,0.0,0.0,0.0,0.0,2.0,2.0,65.0,2.0,1.0,2.0,1.0,0.0,14.0,54.0,99.0,1.0,1.0,303.0,1.0,1.0,1.0,0.0,202304973398.0,8.0,6.0,5.0,2.0,1.0,1.0,4.0,21.0,2.0,0.0,1.0,20.0,0.0,49.0,1.0,0.0
10407,1,99,96.0,102.0,1.0,1.0,-99.0,1.0,45.0,12.0,35.0,4.0,18.0,1.0,1.0,2.0,20.0,7.0,8.0,0.0,9.0,68.0,0.0,1.0,2.0,12.0,3.0,0.0,1N4AL3AP6DN4,2013.0,478.0,1904.0,13.0,35.0,Nissan/Datsun,47.0,4.0,1.0,0.0,0.0,999.0,0.0,0.0,0.0,11.0,6.0,12.0,0.0,1.0,1.0,1.0,36303.0,1.0,6.0,3.0,Valid license for this class vehicle,0.0,75.0,220.0,0.0,0.0,0.0,0.0,No Record,0.0,0.0,0.0,3.0,1.0,4.0,25.0,1.0,6.0,2.0,1.0,3.0,1.0,62.0,99.0,1.0,1.0,402.0,1.0,0.0,1.0,0.0,202305011397.0,12.0,3.0,5.0,1.0,1.0,1.0,4.0,49.0,2.0,1.0,1.0,20.0,0.0,35.0,2.0,0.0