ST_CASE,VEH_NO_x,DRIMPAIR_x,DRDISTRACT,DRIVERRF,PER_NO_x,DRUGRES,DRUGACTQTY,STATE_x,COUNTY,HARM_EV_x,MAKE_x,BODY_TYP_x,AGE,SEX,PER_TYP_x,INJ_SEV,REST_USE,REST_MIS,AIR_BAG_x,EJECTION,DRINKING,ALC_RES,HISPANIC,STATE_y,VE_FORMS,HARM_EV_y,NUMOCCS,HIT_RUN,VIN,MOD_YEAR,VPICMAKE,VPICMODEL,VPICBODYCLASS,MAKE_y,MAKENAME,MODEL,BODY_TYP_y,HAZ_INV,HAZ_PLAC,HAZ_ID,TRAV_SP,UNDEROVERRIDE,ROLLOVER,ROLINLOC,IMPACT1,DEFORMED,M_HARM,FIRE_EXP,DR_DRINK,DR_PRES,L_STATE,DR_ZIP,L_TYPE,L_STATUS,L_COMPL,L_COMPLNAME,L_RESTRI,DR_HGT,DR_WGT,PREV_DWI,PREV_SPD,PREV_OTH,FIRST_MO,FIRST_MONAME,FIRST_YR,LAST_MO,LAST_YR,SPEEDREL,VTRAFWAY,VNUM_LAN,VSPD_LIM,VALIGN,VPROFILE,VPAVETYP,VSURCOND,VTRAFCON,P_CRASH1,P_CRASH2,P_CRASH3,PCRASH4,PCRASH5,ACC_CONFIG,STATE,RACE,ORDER,MULTRACE,CASENUM,HARM_EV,DAY_WEEK,MONTH,MAXSEV_IM,WEATHR_IM,PER_NO_y,BODY_TYP,AGE_IM,SEX_IM,INJSEV_IM,PER_TYP_y,AIR_BAG_y,EJECT_IM,MAKE,VEH_NO_y,DRIMPAIR_y
10581,2,99,96.0,0.0,1.0,5060.0,4.2,1.0,97.0,12.0,63.0,4.0,26.0,2.0,1.0,4.0,20.0,7.0,8.0,1.0,9.0,0.0,7.0,1.0,3.0,12.0,1.0,0.0,KNAGE1231751,2007.0,499.0,2739.0,13.0,63.0,KIA,34.0,4.0,1.0,0.0,0.0,999.0,0.0,0.0,0.0,2.0,6.0,12.0,0.0,0.0,1.0,1.0,35630.0,1.0,6.0,3.0,Valid license for this class vehicle,0.0,63.0,150.0,0.0,1.0,1.0,6.0,June,2020.0,10.0,2021.0,0.0,1.0,3.0,45.0,1.0,1.0,2.0,1.0,3.0,1.0,66.0,99.0,1.0,1.0,502.0,1.0,1.0,1.0,0.0,202305217749.0,12.0,4.0,8.0,4.0,1.0,1.0,4.0,62.0,1.0,2.0,1.0,8.0,0.0,63.0,2.0,0.0
10582,1,0,96.0,38.0,1.0,5060.0,3.6,1.0,89.0,12.0,23.0,34.0,17.0,2.0,1.0,4.0,3.0,0.0,20.0,1.0,0.0,0.0,6.0,1.0,2.0,12.0,3.0,0.0,1GTCS148X581,2005.0,472.0,4093.0,60.0,23.0,GMC,472.0,34.0,1.0,0.0,0.0,25.0,0.0,0.0,0.0,11.0,6.0,12.0,0.0,0.0,1.0,1.0,35816.0,7.0,6.0,3.0,Valid license for this class vehicle,1.0,64.0,165.0,0.0,0.0,0.0,0.0,No Record,0.0,0.0,0.0,0.0,1.0,2.0,40.0,1.0,1.0,2.0,1.0,20.0,11.0,15.0,99.0,1.0,1.0,414.0,1.0,1.0,1.0,0.0,202305240330.0,12.0,2.0,9.0,4.0,1.0,1.0,34.0,16.0,2.0,3.0,1.0,20.0,1.0,23.0,1.0,99.0
10583,2,0,96.0,0.0,1.0,0.0,-99.0,1.0,73.0,12.0,20.0,4.0,37.0,1.0,1.0,0.0,3.0,0.0,20.0,0.0,0.0,996.0,0.0,1.0,3.0,12.0,3.0,0.0,1G1ZE5ST6GF2,2016.0,467.0,1834.0,13.0,20.0,Chevrolet,37.0,4.0,1.0,0.0,0.0,999.0,7.0,0.0,0.0,6.0,2.0,12.0,0.0,0.0,1.0,1.0,35080.0,1.0,6.0,3.0,Valid license for this class vehicle,0.0,67.0,245.0,0.0,0.0,0.0,0.0,No Record,0.0,0.0,0.0,0.0,2.0,2.0,70.0,1.0,1.0,2.0,1.0,0.0,1.0,53.0,1.0,1.0,1.0,201.0,1.0,0.0,1.0,0.0,202304827436.0,12.0,3.0,3.0,0.0,1.0,1.0,4.0,29.0,1.0,0.0,1.0,20.0,0.0,20.0,1.0,0.0
10586,1,0,96.0,0.0,1.0,0.0,-99.0,1.0,39.0,12.0,20.0,4.0,32.0,2.0,1.0,4.0,20.0,7.0,20.0,0.0,8.0,996.0,7.0,1.0,2.0,12.0,1.0,0.0,2G1WL52M9W92,1998.0,467.0,9064.0,13.0,20.0,Chevrolet,20.0,4.0,1.0,0.0,0.0,0.0,0.0,0.0,0.0,6.0,6.0,12.0,0.0,0.0,1.0,1.0,36467.0,1.0,6.0,3.0,Valid license for this class vehicle,0.0,63.0,290.0,0.0,1.0,0.0,8.0,August,2019.0,11.0,2022.0,0.0,1.0,4.0,65.0,1.0,1.0,2.0,1.0,0.0,5.0,53.0,1.0,1.0,1.0,201.0,1.0,2.0,1.0,0.0,202304962777.0,12.0,2.0,3.0,0.0,1.0,1.0,4.0,22.0,2.0,0.0,1.0,20.0,0.0,20.0,1.0,98.0
10587,2,99,96.0,0.0,1.0,0.0,-99.0,1.0,73.0,12.0,35.0,4.0,28.0,2.0,1.0,4.0,3.0,0.0,1.0,0.0,9.0,996.0,7.0,1.0,2.0,12.0,1.0,0.0,1N4AL3AP0JC2,2018.0,478.0,1904.0,13.0,35.0,Nissan/Datsun,47.0,4.0,1.0,0.0,0.0,999.0,0.0,0.0,0.0,12.0,6.0,12.0,0.0,0.0,1.0,1.0,35235.0,0.0,0.0,0.0,Not licensed,0.0,63.0,170.0,0.0,0.0,0.0,0.0,No Record,0.0,0.0,0.0,0.0,1.0,2.0,35.0,1.0,1.0,2.0,1.0,0.0,1.0,62.0,99.0,1.0,1.0,302.0,1.0,2.0,1.0,0.0,202304969533.0,12.0,6.0,1.0,0.0,3.0,1.0,4.0,34.0,1.0,0.0,1.0,20.0,0.0,35.0,2.0,0.0
10589,1,0,96.0,28.0,1.0,1.0,-99.0,1.0,101.0,12.0,49.0,4.0,52.0,1.0,1.0,4.0,3.0,0.0,1.0,0.0,0.0,0.0,7.0,1.0,3.0,12.0,1.0,0.0,4T1BG22K5VU7,1997.0,448.0,2469.0,13.0,49.0,Toyota,40.0,4.0,1.0,0.0,0.0,999.0,0.0,0.0,0.0,9.0,6.0,12.0,0.0,0.0,1.0,1.0,36108.0,0.0,0.0,0.0,Not licensed,0.0,67.0,115.0,0.0,0.0,0.0,0.0,No Record,0.0,0.0,0.0,0.0,5.0,5.0,40.0,1.0,1.0,2.0,1.0,0.0,1.0,10.0,99.0,1.0,2.0,301.0,1.0,2.0,1.0,0.0,202304670776.0,12.0,7.0,1.0,0.0,1.0,1.0,4.0,45.0,1.0,0.0,1.0,20.0,0.0,49.0,2.0,0.0
10594,2,0,96.0,0.0,1.0,5060.0,1.1,1.0,73.0,12.0,49.0,4.0,26.0,2.0,1.0,3.0,20.0,7.0,20.0,0.0,0.0,81.0,0.0,1.0,2.0,12.0,1.0,0.0,4T1BE32K65U9,2005.0,448.0,2469.0,13.0,49.0,Toyota,40.0,4.0,1.0,0.0,0.0,999.0,0.0,0.0,0.0,10.0,6.0,12.0,0.0,1.0,1.0,1.0,35214.0,1.0,1.0,2.0,No valid license for this class vehicle,1.0,61.0,150.0,0.0,0.0,0.0,0.0,No Record,0.0,0.0,0.0,0.0,1.0,2.0,35.0,2.0,6.0,2.0,1.0,0.0,14.0,54.0,99.0,1.0,9.0,303.0,1.0,0.0,1.0,0.0,202304822229.0,12.0,7.0,2.0,0.0,1.0,1.0,4.0,17.0,1.0,0.0,1.0,20.0,0.0,49.0,2.0,0.0
10595,1,0,96.0,0.0,1.0,2107.0,-99.0,1.0,125.0,12.0,20.0,4.0,21.0,1.0,1.0,4.0,99.0,7.0,1.0,0.0,0.0,0.0,7.0,1.0,3.0,12.0,1.0,0.0,1G1PE5SB5F71,2015.0,467.0,1832.0,13.0,20.0,Chevrolet,25.0,4.0,1.0,0.0,0.0,90.0,8.0,3.0,1.0,12.0,6.0,1.0,0.0,0.0,1.0,1.0,35401.0,1.0,6.0,3.0,Valid license for this class vehicle,0.0,74.0,153.0,0.0,0.0,0.0,9.0,September,2022.0,9.0,2022.0,3.0,2.0,3.0,70.0,1.0,6.0,2.0,1.0,0.0,1.0,51.0,99.0,1.0,1.0,202.0,1.0,2.0,1.0,0.0,202305230756.0,12.0,4.0,9.0,4.0,1.0,1.0,4.0,21.0,1.0,4.0,1.0,1.0,0.0,20.0,1.0,0.0
10595,2,0,96.0,0.0,1.0,0.0,-99.0,1.0,125.0,12.0,52.0,14.0,68.0,2.0,1.0,3.0,3.0,0.0,2.0,0.0,0.0,996.0,0.0,1.0,3.0,12.0,1.0,0.0,JA4ARUAU6PU0,2023.0,481.0,13867.0,7.0,52.0,Mitsubishi,404.0,14.0,1.0,0.0,0.0,50.0,8.0,3.0,5.0,6.0,6.0,1.0,0.0,0.0,1.0,1.0,35214.0,1.0,1.0,2.0,No valid license for this class vehicle,0.0,66.0,180.0,0.0,0.0,0.0,4.0,April,2023.0,4.0,2023.0,0.0,2.0,3.0,70.0,1.0,6.0,2.0,1.0,0.0,1.0,53.0,99.0,1.0,1.0,201.0,1.0,0.0,1.0,0.0,202305230756.0,12.0,4.0,9.0,4.0,1.0,1.0,14.0,68.0,2.0,3.0,1.0,2.0,0.0,52.0,2.0,0.0
10597,1,0,12.0,28.0,1.0,0.0,-99.0,1.0,95.0,12.0,35.0,6.0,20.0,2.0,1.0,3.0,20.0,7.0,8.0,0.0,0.0,996.0,0.0,1.0,2.0,12.0,3.0,0.0,JN8AZ28R19T1,2009.0,478.0,2341.0,7.0,35.0,Nissan/Datsun,52.0,6.0,1.0,0.0,0.0,45.0,0.0,0.0,0.0,12.0,6.0,12.0,0.0,0.0,1.0,1.0,35747.0,1.0,6.0,3.0,Valid license for this class vehicle,0.0,65.0,115.0,0.0,0.0,0.0,10.0,October,2022.0,4.0,2023.0,0.0,1.0,4.0,60.0,1.0,5.0,2.0,1.0,0.0,1.0,50.0,6.0,1.0,2.0,304.0,1.0,0.0,1.0,0.0,202305105061.0,42.0,7.0,6.0,2.0,1.0,1.0,6.0,41.0,1.0,2.0,1.0,8.0,0.0,35.0,1.0,0.0
10603,2,0,96.0,0.0,1.0,0.0,-99.0,1.0,73.0,12.0,37.0,2.0,27.0,1.0,1.0,0.0,3.0,0.0,20.0,0.0,0.0,996.0,0.0,1.0,2.0,12.0,1.0,0.0,2HGFG3B50CH5,2012.0,474.0,1863.0,3.0,37.0,Honda,31.0,2.0,1.0,0.0,0.0,35.0,0.0,0.0,0.0,12.0,2.0,12.0,0.0,0.0,1.0,1.0,35222.0,1.0,6.0,3.0,Valid license for this class vehicle,0.0,73.0,170.0,0.0,0.0,1.0,12.0,December,2019.0,12.0,2019.0,0.0,2.0,4.0,45.0,1.0,5.0,2.0,1.0,3.0,1.0,62.0,99.0,1.0,1.0,402.0,1.0,0.0,1.0,0.0,202305666253.0,12.0,7.0,12.0,1.0,1.0,1.0,2.0,23.0,1.0,0.0,1.0,9.0,0.0,37.0,2.0,98.0
10605,1,99,96.0,0.0,1.0,1.0,-99.0,1.0,81.0,53.0,49.0,14.0,25.0,1.0,1.0,4.0,3.0,0.0,1.0,0.0,9.0,0.0,7.0,1.0,1.0,53.0,1.0,0.0,JTEZU14R0700,2007.0,448.0,2216.0,7.0,49.0,Toyota,401.0,14.0,1.0,0.0,0.0,999.0,7.0,0.0,0.0,12.0,6.0,42.0,0.0,0.0,1.0,1.0,36801.0,1.0,6.0,3.0,Valid license for this class vehicle,0.0,73.0,260.0,0.0,0.0,0.0,0.0,No Record,0.0,0.0,0.0,9.0,5.0,5.0,45.0,1.0,1.0,2.0,1.0,0.0,1.0,13.0,99.0,1.0,4.0,101.0,1.0,1.0,1.0,0.0,202305109171.0,12.0,5.0,5.0,2.0,1.0,1.0,14.0,19.0,2.0,2.0,1.0,9.0,0.0,49.0,1.0,98.0
10607,1,99,96.0,0.0,1.0,3022.0,1900.0,1.0,83.0,35.0,12.0,14.0,39.0,1.0,1.0,4.0,20.0,7.0,20.0,0.0,9.0,59.0,7.0,1.0,1.0,35.0,1.0,0.0,1FMCU0G7XGUB,2016.0,460.0,1798.0,7.0,12.0,Ford,402.0,14.0,1.0,0.0,0.0,50.0,7.0,0.0,0.0,14.0,6.0,3.0,0.0,1.0,1.0,1.0,35603.0,1.0,2.0,2.0,No valid license for this class vehicle,0.0,68.0,170.0,0.0,0.0,0.0,0.0,No Record,0.0,0.0,0.0,3.0,1.0,2.0,35.0,1.0,1.0,5.0,1.0,0.0,1.0,13.0,99.0,9.0,4.0,101.0,1.0,2.0,1.0,0.0,202305252813.0,35.0,3.0,9.0,4.0,1.0,1.0,14.0,39.0,1.0,4.0,1.0,20.0,0.0,12.0,1.0,99.0
10610,1,0,15.0,0.0,1.0,1.0,-99.0,1.0,89.0,12.0,12.0,61.0,48.0,1.0,1.0,2.0,3.0,0.0,99.0,0.0,0.0,0.0,0.0,1.0,2.0,12.0,1.0,0.0,1FDAF57F9YEE,2000.0,460.0,1808.0,74.0,12.0,Ford,881.0,61.0,1.0,0.0,0.0,55.0,2.0,0.0,0.0,12.0,6.0,2.0,1.0,0.0,1.0,1.0,35773.0,1.0,6.0,3.0,Valid license for this class vehicle,0.0,68.0,215.0,0.0,1.0,1.0,10.0,October,2022.0,8.0,2023.0,0.0,1.0,2.0,55.0,1.0,1.0,2.0,1.0,3.0,1.0,50.0,15.0,1.0,1.0,202.0,1.0,0.0,1.0,0.0,202305252816.0,12.0,3.0,9.0,4.0,1.0,1.0,61.0,48.0,1.0,2.0,1.0,98.0,0.0,12.0,1.0,0.0
10610,2,0,96.0,0.0,1.0,5060.0,9.9,1.0,89.0,12.0,18.0,4.0,65.0,1.0,1.0,4.0,99.0,7.0,99.0,0.0,8.0,0.0,7.0,1.0,2.0,12.0,1.0,0.0,1G4CW54KX341,2003.0,468.0,8841.0,13.0,18.0,Buick / Opel,3.0,4.0,1.0,0.0,0.0,0.0,1.0,0.0,0.0,6.0,6.0,2.0,1.0,0.0,1.0,1.0,35773.0,1.0,6.0,3.0,Valid license for this class vehicle,0.0,68.0,272.0,0.0,0.0,1.0,5.0,May,2020.0,11.0,2022.0,0.0,1.0,2.0,55.0,1.0,1.0,2.0,1.0,3.0,5.0,53.0,1.0,1.0,1.0,201.0,1.0,1.0,1.0,0.0,202305252816.0,12.0,3.0,9.0,4.0,1.0,1.0,4.0,65.0,1.0,4.0,1.0,98.0,0.0,18.0,2.0,98.0
10614,1,0,96.0,28.0,1.0,0.0,-99.0,1.0,37.0,12.0,55.0,4.0,22.0,2.0,1.0,4.0,20.0,7.0,8.0,0.0,0.0,996.0,7.0,1.0,2.0,12.0,1.0,0.0,5NPLS4AG8PH1,2023.0,498.0,2735.0,13.0,55.0,Hyundai,35.0,4.0,1.0,0.0,0.0,55.0,0.0,0.0,0.0,12.0,6.0,12.0,0.0,0.0,1.0,1.0,35010.0,1.0,6.0,3.0,Valid license for this class vehicle,1.0,65.0,200.0,0.0,3.0,0.0,1.0,January,2020.0,8.0,2023.0,0.0,1.0,2.0,55.0,2.0,6.0,2.0,1.0,0.0,14.0,10.0,99.0,1.0,2.0,301.0,1.0,2.0,1.0,0.0,202304889525.0,12.0,3.0,4.0,1.0,1.0,1.0,4.0,21.0,2.0,1.0,1.0,20.0,0.0,55.0,1.0,0.0
10615,1,99,96.0,0.0,1.0,3022.0,23.0,1.0,3.0,32.0,35.0,6.0,47.0,1.0,1.0,4.0,3.0,0.0,8.0,0.0,9.0,0.0,7.0,1.0,1.0,32.0,1.0,0.0,KNMAT2MT6HP5,2017.0,478.0,1913.0,8.0,35.0,Nissan/Datsun,51.0,6.0,1.0,0.0,0.0,70.0,7.0,3.0,5.0,12.0,6.0,30.0,0.0,0.0,1.0,1.0,36567.0,1.0,1.0,2.0,No valid license for this class vehicle,0.0,67.0,160.0,0.0,0.0,0.0,4.0,April,2019.0,4.0,2019.0,3.0,1.0,2.0,55.0,1.0,1.0,2.0,1.0,0.0,1.0,13.0,99.0,1.0,4.0,101.0,1.0,2.0,1.0,0.0,202304773096.0,12.0,6.0,2.0,2.0,1.0,1.0,6.0,54.0,2.0,1.0,1.0,9.0,0.0,35.0,2.0,98.0
10622,1,0,5.0,39.0,1.0,5060.0,2.9,1.0,43.0,35.0,12.0,4.0,35.0,1.0,1.0,4.0,20.0,7.0,8.0,0.0,8.0,0.0,7.0,1.0,1.0,35.0,1.0,0.0,1FAHP3FN6BW2,2011.0,460.0,1779.0,13.0,12.0,Ford,37.0,4.0,1.0,0.0,0.0,45.0,7.0,0.0,0.0,12.0,6.0,35.0,0.0,0.0,1.0,1.0,36301.0,1.0,1.0,2.0,No valid license for this class vehicle,0.0,69.0,125.0,0.0,0.0,0.0,0.0,No Record,0.0,0.0,0.0,0.0,1.0,2.0,45.0,1.0,1.0,2.0,1.0,20.0,1.0,14.0,16.0,1.0,4.0,103.0,1.0,1.0,1.0,0.0,202305171281.0,12.0,6.0,8.0,0.0,1.0,1.0,4.0,19.0,2.0,0.0,1.0,20.0,0.0,12.0,2.0,0.0
10630,1,99,96.0,0.0,1.0,3022.0,340.0,1.0,81.0,42.0,37.0,4.0,19.0,1.0,1.0,4.0,20.0,7.0,8.0,0.0,9.0,167.0,7.0,1.0,1.0,42.0,1.0,0.0,1HGFA16558L0,2008.0,474.0,1863.0,13.0,37.0,Honda,31.0,4.0,1.0,0.0,0.0,85.0,7.0,0.0,0.0,12.0,6.0,42.0,0.0,1.0,1.0,1.0,36853.0,1.0,6.0,3.0,Valid license for this class vehicle,0.0,75.0,220.0,0.0,0.0,0.0,0.0,No Record,0.0,0.0,0.0,0.0,1.0,2.0,65.0,3.0,6.0,2.0,1.0,0.0,14.0,13.0,99.0,1.0,4.0,101.0,1.0,1.0,1.0,0.0,202304962662.0,12.0,2.0,5.0,2.0,1.0,1.0,4.0,16.0,1.0,0.0,1.0,9.0,0.0,37.0,1.0,0.0
10632,1,99,96.0,0.0,1.0,1.0,-99.0,1.0,101.0,1.0,72.0,80.0,61.0,1.0,1.0,4.0,20.0,7.0,20.0,8.0,9.0,0.0,7.0,1.0,1.0,1.0,1.0,0.0,1HD1CX3117K4,2007.0,3888.0,11131.0,94.0,72.0,Harley-Davidson,706.0,80.0,1.0,0.0,0.0,65.0,7.0,8.0,8.0,0.0,6.0,1.0,0.0,0.0,1.0,1.0,36066.0,1.0,6.0,3.0,Valid license for this class vehicle,0.0,71.0,230.0,0.0,1.0,0.0,8.0,August,2021.0,8.0,2021.0,0.0,3.0,3.0,65.0,1.0,1.0,2.0,1.0,0.0,1.0,92.0,16.0,4.0,1.0,998.0,1.0,1.0,1.0,0.0,202305350027.0,8.0,7.0,9.0,4.0,1.0,1.0,80.0,55.0,1.0,3.0,1.0,20.0,8.0,72.0,1.0,0.0
10633,1,0,96.0,102.0,1.0,0.0,-99.0,1.0,5.0,42.0,34.0,4.0,23.0,1.0,1.0,4.0,20.0,7.0,8.0,1.0,0.0,996.0,7.0,1.0,1.0,42.0,2.0,0.0,WBANU535X8CT,2008.0,452.0,1715.0,13.0,34.0,BMW,35.0,4.0,1.0,0.0,0.0,70.0,7.0,3.0,5.0,12.0,6.0,1.0,0.0,0.0,1.0,1.0,36027.0,0.0,0.0,0.0,Not licensed,0.0,68.0,270.0,0.0,0.0,0.0,0.0,No Record,0.0,0.0,0.0,0.0,1.0,2.0,25.0,1.0,1.0,2.0,1.0,0.0,1.0,12.0,99.0,1.0,4.0,102.0,1.0,2.0,1.0,0.0,202304913903.0,12.0,7.0,5.0,2.0,1.0,1.0,4.0,29.0,1.0,2.0,1.0,1.0,0.0,34.0,1.0,8.0
10641,1,0,96.0,38.0,1.0,1.0,-99.0,1.0,69.0,12.0,20.0,14.0,63.0,1.0,1.0,0.0,3.0,0.0,20.0,0.0,0.0,0.0,0.0,1.0,2.0,12.0,1.0,0.0,3GNAXHEV3LS5,2020.0,467.0,1847.0,7.0,20.0,Chevrolet,404.0,14.0,1.0,0.0,0.0,20.0,7.0,0.0,0.0,2.0,6.0,12.0,0.0,0.0,1.0,1.0,36301.0,1.0,6.0,3.0,Valid license for this class vehicle,0.0,68.0,230.0,0.0,0.0,0.0,0.0,No Record,0.0,0.0,0.0,0.0,1.0,2.0,40.0,1.0,1.0,2.0,1.0,0.0,11.0,15.0,1.0,1.0,1.0,401.0,1.0,0.0,1.0,0.0,202304821314.0,12.0,2.0,2.0,1.0,1.0,1.0,14.0,33.0,1.0,1.0,1.0,20.0,0.0,20.0,2.0,0.0
10649,1,0,96.0,0.0,1.0,0.0,-99.0,1.0,55.0,24.0,72.0,80.0,61.0,1.0,1.0,4.0,20.0,7.0,20.0,8.0,0.0,996.0,7.0,1.0,1.0,24.0,1.0,0.0,1HD1FBC13HB6,2017.0,3888.0,12621.0,81.0,72.0,Harley-Davidson,706.0,80.0,1.0,0.0,0.0,70.0,7.0,8.0,8.0,1.0,6.0,42.0,0.0,0.0,1.0,1.0,35904.0,1.0,6.0,3.0,Valid license for this class vehicle,0.0,72.0,200.0,0.0,0.0,0.0,4.0,April,2021.0,4.0,2021.0,3.0,1.0,3.0,55.0,3.0,6.0,2.0,1.0,0.0,14.0,13.0,99.0,1.0,4.0,101.0,1.0,1.0,1.0,0.0,202305003316.0,12.0,1.0,5.0,3.0,1.0,1.0,80.0,55.0,1.0,3.0,1.0,20.0,8.0,72.0,1.0,9.0
10650,1,0,96.0,0.0,1.0,0.0,-99.0,1.0,63.0,42.0,37.0,4.0,23.0,2.0,1.0,3.0,99.0,7.0,8.0,0.0,0.0,996.0,0.0,1.0,1.0,42.0,3.0,0.0,1HGCV1F39KA0,2019.0,474.0,1861.0,13.0,37.0,Honda,32.0,4.0,1.0,0.0,0.0,70.0,7.0,0.0,0.0,12.0,6.0,42.0,0.0,0.0,1.0,1.0,35462.0,1.0,1.0,2.0,No valid license for this class vehicle,1.0,64.0,190.0,0.0,1.0,0.0,6.0,June,2021.0,6.0,2021.0,3.0,2.0,2.0,35.0,2.0,1.0,2.0,1.0,0.0,14.0,12.0,99.0,9.0,4.0,102.0,1.0,0.0,1.0,0.0,202305372802.0,12.0,4.0,11.0,2.0,1.0,1.0,4.0,32.0,2.0,0.0,1.0,20.0,0.0,37.0,2.0,0.0
10651,1,8,96.0,0.0,1.0,5060.0,3.3,1.0,71.0,12.0,49.0,4.0,38.0,2.0,1.0,0.0,3.0,0.0,1.0,0.0,8.0,0.0,0.0,1.0,2.0,12.0,2.0,0.0,4T1BK1EB5DU0,2013.0,448.0,2465.0,13.0,49.0,Toyota,43.0,4.0,1.0,0.0,0.0,999.0,0.0,0.0,0.0,12.0,6.0,12.0,0.0,0.0,1.0,1.0,35772.0,1.0,6.0,3.0,Valid license for this class vehicle,0.0,63.0,105.0,0.0,1.0,0.0,3.0,March,2019.0,3.0,2019.0,0.0,2.0,2.0,98.0,1.0,1.0,2.0,1.0,0.0,1.0,59.0,99.0,1.0,1.0,203.0,1.0,0.0,1.0,0.0,202305152666.0,12.0,7.0,8.0,1.0,1.0,1.0,4.0,50.0,1.0,0.0,1.0,20.0,0.0,49.0,2.0,0.0
10652,1,0,96.0,26.0,1.0,0.0,-99.0,1.0,73.0,12.0,20.0,4.0,26.0,1.0,1.0,0.0,99.0,7.0,1.0,0.0,0.0,996.0,0.0,1.0,3.0,12.0,1.0,0.0,1G1ZE5ST5GF3,2016.0,467.0,1834.0,13.0,20.0,Chevrolet,37.0,4.0,1.0,0.0,0.0,998.0,0.0,0.0,0.0,12.0,4.0,12.0,0.0,0.0,1.0,1.0,35208.0,0.0,0.0,0.0,Not licensed,0.0,70.0,140.0,0.0,0.0,0.0,0.0,No Record,0.0,0.0,0.0,0.0,1.0,5.0,40.0,1.0,1.0,2.0,1.0,3.0,1.0,50.0,99.0,1.0,1.0,202.0,1.0,0.0,1.0,0.0,202304835875.0,12.0,2.0,3.0,0.0,2.0,1.0,4.0,38.0,2.0,0.0,1.0,20.0,0.0,20.0,2.0,0.0
10658,1,0,96.0,38.0,1.0,0.0,-99.0,1.0,83.0,12.0,20.0,4.0,30.0,2.0,1.0,4.0,20.0,7.0,8.0,2.0,0.0,996.0,7.0,1.0,2.0,12.0,1.0,0.0,1G1BE5SM4H71,2017.0,467.0,1832.0,13.0,20.0,Chevrolet,25.0,4.0,1.0,0.0,0.0,999.0,0.0,3.0,1.0,1.0,6.0,12.0,0.0,0.0,1.0,1.0,35611.0,1.0,6.0,3.0,Valid license for this class vehicle,0.0,60.0,140.0,0.0,2.0,0.0,10.0,October,2022.0,1.0,2023.0,0.0,2.0,2.0,55.0,1.0,1.0,2.0,1.0,0.0,11.0,15.0,99.0,1.0,1.0,401.0,1.0,2.0,1.0,0.0,202305270572.0,25.0,1.0,9.0,1.0,1.0,1.0,4.0,31.0,2.0,1.0,1.0,8.0,0.0,20.0,2.0,0.0
10659,1,0,96.0,38.0,1.0,0.0,-99.0,1.0,81.0,12.0,20.0,34.0,51.0,1.0,1.0,4.0,3.0,0.0,1.0,0.0,0.0,996.0,7.0,1.0,2.0,12.0,1.0,0.0,2GCUDEED1N15,2022.0,467.0,1850.0,60.0,20.0,Chevrolet,481.0,34.0,1.0,0.0,0.0,25.0,0.0,3.0,5.0,4.0,6.0,12.0,0.0,0.0,1.0,1.0,36830.0,1.0,6.0,3.0,Valid license for this class vehicle,0.0,74.0,250.0,0.0,0.0,0.0,2.0,February,2022.0,2.0,2022.0,0.0,2.0,3.0,65.0,1.0,5.0,2.0,1.0,0.0,11.0,15.0,99.0,1.0,1.0,401.0,1.0,2.0,1.0,0.0,202305277452.0,12.0,7.0,9.0,2.0,1.0,1.0,34.0,26.0,1.0,0.0,1.0,8.0,0.0,20.0,1.0,0.0
10668,1,99,96.0,28.0,1.0,1.0,-99.0,1.0,13.0,12.0,63.0,4.0,48.0,1.0,1.0,4.0,3.0,0.0,8.0,1.0,9.0,0.0,7.0,1.0,2.0,12.0,1.0,0.0,5XXGN4A79DG1,2013.0,499.0,2739.0,13.0,63.0,KIA,34.0,4.0,1.0,0.0,0.0,60.0,0.0,0.0,0.0,12.0,6.0,12.0,0.0,0.0,1.0,1.0,36352.0,0.0,0.0,0.0,Not licensed,0.0,999.0,999.0,0.0,0.0,0.0,0.0,No Record,0.0,0.0,0.0,0.0,1.0,2.0,55.0,1.0,6.0,2.0,1.0,0.0,1.0,10.0,99.0,1.0,2.0,301.0,1.0,1.0,1.0,0.0,202305037899.0,8.0,6.0,6.0,2.0,1.0,1.0,4.0,54.0,2.0,0.0,1.0,20.0,0.0,63.0,1.0,98.0
10671,1,0,96.0,38.0,1.0,5060.0,7.4,1.0,121.0,12.0,37.0,90.0,20.0,1.0,1.0,4.0,20.0,7.0,20.0,0.0,8.0,0.0,7.0,1.0,2.0,12.0,1.0,0.0,0,2000.0,474.0,11592.0,69.0,37.0,Honda,739.0,90.0,1.0,0.0,0.0,35.0,7.0,0.0,0.0,3.0,6.0,12.0,0.0,0.0,1.0,1.0,35096.0,7.0,1.0,1.0,No license required for this class vehicle,0.0,72.0,175.0,0.0,0.0,0.0,8.0,August,2021.0,8.0,2021.0,0.0,2.0,3.0,65.0,1.0,1.0,2.0,1.0,0.0,11.0,15.0,99.0,1.0,1.0,401.0,1.0,1.0,1.0,0.0,202304636966.0,43.0,1.0,1.0,2.0,1.0,1.0,83.0,49.0,1.0,2.0,1.0,20.0,8.0,73.0,1.0,98.0
10685,1,99,96.0,0.0,1.0,0.0,-99.0,1.0,109.0,12.0,49.0,14.0,80.0,1.0,1.0,4.0,3.0,0.0,8.0,0.0,9.0,996.0,7.0,1.0,2.0,12.0,2.0,0.0,2T3WFREV4JW4,2018.0,448.0,2217.0,7.0,49.0,Toyota,402.0,14.0,1.0,0.0,0.0,999.0,0.0,0.0,0.0,12.0,6.0,12.0,0.0,0.0,1.0,1.0,35057.0,1.0,6.0,3.0,Valid license for this class vehicle,0.0,72.0,190.0,0.0,0.0,0.0,0.0,No Record,0.0,0.0,0.0,9.0,2.0,2.0,55.0,1.0,1.0,2.0,1.0,0.0,1.0,10.0,1.0,1.0,6.0,301.0,1.0,1.0,1.0,0.0,202305048718.0,12.0,2.0,4.0,0.0,1.0,1.0,14.0,59.0,2.0,0.0,1.0,20.0,0.0,49.0,2.0,0.0