ST_CASE,VEH_NO_x,DRIMPAIR_x,DRDISTRACT,DRIVERRF,PER_NO_x,DRUGRES,DRUGACTQTY,STATE_x,COUNTY,HARM_EV_x,MAKE_x,BODY_TYP_x,AGE,SEX,PER_TYP_x,INJ_SEV,REST_USE,REST_MIS,AIR_BAG_x,EJECTION,DRINKING,ALC_RES,HISPANIC,STATE_y,VE_FORMS,HARM_EV_y,NUMOCCS,HIT_RUN,VIN,MOD_YEAR,VPICMAKE,VPICMODEL,VPICBODYCLASS,MAKE_y,MAKENAME,MODEL,BODY_TYP_y,HAZ_INV,HAZ_PLAC,HAZ_ID,TRAV_SP,UNDEROVERRIDE,ROLLOVER,ROLINLOC,IMPACT1,DEFORMED,M_HARM,FIRE_EXP,DR_DRINK,DR_PRES,L_STATE,DR_ZIP,L_TYPE,L_STATUS,L_COMPL,L_COMPLNAME,L_RESTRI,DR_HGT,DR_WGT,PREV_DWI,PREV_SPD,PREV_OTH,FIRST_MO,FIRST_MONAME,FIRST_YR,LAST_MO,LAST_YR,SPEEDREL,VTRAFWAY,VNUM_LAN,VSPD_LIM,VALIGN,VPROFILE,VPAVETYP,VSURCOND,VTRAFCON,P_CRASH1,P_CRASH2,P_CRASH3,PCRASH4,PCRASH5,ACC_CONFIG,STATE,RACE,ORDER,MULTRACE,CASENUM,HARM_EV,DAY_WEEK,MONTH,MAXSEV_IM,WEATHR_IM,PER_NO_y,BODY_TYP,AGE_IM,SEX_IM,INJSEV_IM,PER_TYP_y,AIR_BAG_y,EJECT_IM,MAKE,VEH_NO_y,DRIMPAIR_y
40062,2,0,0.0,0.0,1.0,0.0,-99.0,4.0,21.0,12.0,63.0,4.0,37.0,2.0,1.0,0.0,3.0,0.0,8.0,0.0,8.0,996.0,0.0,4.0,2.0,12.0,1.0,0.0,3KPA24AD1NE4,2022.0,499.0,2299.0,13.0,63.0,KIA,32.0,4.0,1.0,0.0,0.0,40.0,7.0,0.0,0.0,11.0,6.0,12.0,0.0,0.0,1.0,4.0,85139.0,1.0,6.0,3.0,Valid license for this class vehicle,0.0,67.0,130.0,0.0,0.0,0.0,0.0,No Record,0.0,0.0,0.0,0.0,3.0,3.0,35.0,1.0,5.0,2.0,1.0,3.0,1.0,66.0,1.0,9.0,3.0,504.0,4.0,0.0,1.0,0.0,202304821431.0,12.0,5.0,3.0,0.0,10.0,1.0,4.0,26.0,1.0,0.0,1.0,20.0,0.0,63.0,2.0,0.0
40073,2,0,0.0,0.0,1.0,9995.0,-99.0,4.0,19.0,12.0,87.0,66.0,47.0,1.0,1.0,0.0,3.0,0.0,20.0,0.0,8.0,995.0,0.0,4.0,2.0,12.0,1.0,0.0,1XPBDP9X5PD8,2023.0,495.0,2787.0,66.0,87.0,Peterbilt,881.0,66.0,1.0,0.0,0.0,998.0,2.0,0.0,0.0,6.0,4.0,12.0,1.0,0.0,1.0,51.0,22026.0,1.0,6.0,3.0,Valid license for this class vehicle,1.0,70.0,180.0,0.0,0.0,0.0,0.0,No Record,0.0,0.0,0.0,0.0,3.0,4.0,65.0,1.0,1.0,2.0,1.0,0.0,1.0,53.0,1.0,1.0,1.0,201.0,4.0,0.0,1.0,0.0,202304928354.0,12.0,7.0,5.0,0.0,10.0,1.0,66.0,59.0,1.0,0.0,1.0,20.0,0.0,87.0,2.0,98.0
40079,1,0,99.0,6.0,1.0,5997.0,-99.0,4.0,21.0,1.0,23.0,14.0,32.0,2.0,1.0,4.0,20.0,7.0,2.0,1.0,8.0,199.0,7.0,4.0,1.0,1.0,3.0,0.0,3GKALPEV4NL1,2022.0,472.0,1858.0,7.0,23.0,GMC,402.0,14.0,1.0,0.0,0.0,20.0,7.0,3.0,6.0,0.0,6.0,1.0,0.0,1.0,1.0,4.0,85705.0,1.0,6.0,3.0,Valid license for this class vehicle,9.0,63.0,130.0,0.0,0.0,0.0,0.0,No Record,0.0,0.0,0.0,0.0,2.0,2.0,98.0,3.0,6.0,8.0,1.0,0.0,14.0,13.0,99.0,1.0,4.0,101.0,4.0,1.0,1.0,0.0,202305548937.0,12.0,6.0,12.0,3.0,10.0,1.0,14.0,40.0,1.0,2.0,1.0,8.0,0.0,23.0,1.0,0.0
40091,1,0,99.0,0.0,1.0,5060.0,2.3,4.0,23.0,12.0,49.0,14.0,34.0,2.0,1.0,4.0,20.0,7.0,8.0,2.0,8.0,368.0,7.0,4.0,2.0,12.0,2.0,0.0,JTMBK33V0660,2006.0,448.0,2217.0,7.0,49.0,Toyota,402.0,14.0,1.0,0.0,0.0,998.0,0.0,0.0,0.0,12.0,6.0,12.0,0.0,1.0,1.0,4.0,85711.0,1.0,6.0,3.0,Valid license for this class vehicle,0.0,63.0,160.0,0.0,1.0,0.0,5.0,May,2021.0,5.0,2021.0,4.0,1.0,2.0,65.0,1.0,1.0,2.0,2.0,0.0,1.0,10.0,1.0,9.0,3.0,301.0,4.0,1.0,1.0,0.0,202305089208.0,12.0,7.0,5.0,1.0,1.0,1.0,14.0,26.0,1.0,0.0,1.0,1.0,0.0,49.0,2.0,0.0
40092,1,99,0.0,34.0,1.0,9995.0,-99.0,4.0,13.0,12.0,63.0,4.0,30.0,2.0,1.0,0.0,3.0,0.0,20.0,0.0,8.0,995.0,0.0,4.0,2.0,12.0,2.0,0.0,5XXGT4L32JG1,2018.0,499.0,2739.0,13.0,63.0,KIA,34.0,4.0,1.0,0.0,0.0,13.0,7.0,0.0,0.0,12.0,7.0,12.0,0.0,0.0,1.0,4.0,85281.0,1.0,6.0,3.0,Valid license for this class vehicle,0.0,64.0,110.0,0.0,0.0,0.0,0.0,No Record,0.0,0.0,0.0,3.0,1.0,2.0,30.0,1.0,1.0,2.0,1.0,0.0,6.0,72.0,7.0,1.0,2.0,415.0,4.0,0.0,1.0,0.0,202304839135.0,12.0,1.0,2.0,4.0,1.0,1.0,4.0,30.0,2.0,0.0,1.0,20.0,0.0,63.0,2.0,0.0
40093,2,0,99.0,0.0,1.0,9995.0,-99.0,4.0,13.0,12.0,35.0,4.0,41.0,1.0,1.0,2.0,3.0,0.0,20.0,0.0,8.0,995.0,0.0,4.0,2.0,12.0,1.0,0.0,1N4AA6AP9HC3,2017.0,478.0,2302.0,13.0,35.0,Nissan/Datsun,39.0,4.0,1.0,0.0,0.0,10.0,7.0,0.0,0.0,83.0,6.0,12.0,0.0,0.0,1.0,4.0,85205.0,1.0,6.0,3.0,Valid license for this class vehicle,0.0,71.0,200.0,0.0,0.0,0.0,0.0,No Record,0.0,0.0,0.0,0.0,5.0,7.0,45.0,1.0,1.0,2.0,1.0,2.0,11.0,66.0,99.0,9.0,3.0,414.0,4.0,0.0,1.0,0.0,202304772988.0,42.0,7.0,2.0,2.0,1.0,1.0,4.0,17.0,2.0,2.0,1.0,20.0,0.0,35.0,1.0,0.0
40097,1,0,0.0,0.0,1.0,9995.0,-99.0,4.0,13.0,12.0,59.0,4.0,65.0,1.0,1.0,4.0,20.0,7.0,8.0,7.0,8.0,995.0,7.0,4.0,2.0,12.0,2.0,0.0,JTHBK1EG9B24,2011.0,515.0,2475.0,13.0,59.0,Lexus,31.0,4.0,1.0,0.0,0.0,998.0,8.0,0.0,0.0,12.0,6.0,12.0,0.0,0.0,1.0,4.0,85306.0,1.0,6.0,3.0,Valid license for this class vehicle,0.0,73.0,190.0,0.0,0.0,0.0,0.0,No Record,0.0,0.0,0.0,0.0,5.0,2.0,40.0,9.0,1.0,2.0,1.0,3.0,11.0,66.0,99.0,9.0,3.0,203.0,4.0,1.0,1.0,0.0,202305206638.0,12.0,3.0,8.0,2.0,1.0,1.0,4.0,74.0,2.0,0.0,1.0,20.0,0.0,59.0,3.0,98.0
40106,1,0,0.0,38.0,1.0,9995.0,-99.0,4.0,19.0,12.0,20.0,4.0,48.0,1.0,1.0,1.0,20.0,7.0,1.0,0.0,0.0,995.0,0.0,4.0,2.0,12.0,3.0,0.0,2G1WG5EK2B11,2011.0,467.0,1833.0,13.0,20.0,Chevrolet,2.0,4.0,1.0,0.0,0.0,11.0,0.0,0.0,0.0,63.0,6.0,12.0,0.0,0.0,1.0,4.0,85705.0,1.0,1.0,2.0,No valid license for this class vehicle,0.0,73.0,250.0,0.0,0.0,0.0,0.0,No Record,0.0,0.0,0.0,0.0,5.0,5.0,35.0,1.0,1.0,2.0,1.0,20.0,11.0,15.0,1.0,1.0,1.0,414.0,4.0,0.0,1.0,0.0,202305274810.0,12.0,1.0,9.0,1.0,1.0,1.0,4.0,33.0,1.0,0.0,1.0,20.0,0.0,20.0,1.0,98.0
40116,1,0,0.0,0.0,1.0,9999.0,-99.0,4.0,13.0,12.0,22.0,2.0,27.0,1.0,1.0,2.0,20.0,7.0,8.0,0.0,8.0,995.0,0.0,4.0,2.0,12.0,3.0,0.0,1G2WP1210VF2,1997.0,536.0,4262.0,3.0,22.0,Pontiac,20.0,2.0,1.0,0.0,0.0,60.0,9.0,0.0,0.0,12.0,6.0,12.0,0.0,0.0,1.0,4.0,85035.0,1.0,6.0,3.0,Valid license for this class vehicle,0.0,72.0,185.0,0.0,0.0,0.0,0.0,No Record,0.0,0.0,0.0,4.0,3.0,3.0,65.0,1.0,6.0,2.0,1.0,0.0,1.0,51.0,1.0,9.0,1.0,202.0,4.0,0.0,1.0,0.0,202305014967.0,12.0,6.0,2.0,4.0,1.0,1.0,2.0,27.0,1.0,2.0,1.0,1.0,0.0,22.0,1.0,0.0
40121,1,0,0.0,0.0,1.0,9999.0,-99.0,4.0,13.0,12.0,2.0,6.0,25.0,2.0,1.0,1.0,3.0,0.0,8.0,0.0,8.0,995.0,0.0,4.0,2.0,12.0,1.0,0.0,3C4NJDBB8JT4,2018.0,483.0,1946.0,7.0,2.0,Jeep / Kaiser-Jeep / Willys- Jeep,1.0,6.0,1.0,0.0,0.0,25.0,7.0,0.0,0.0,81.0,6.0,12.0,0.0,0.0,1.0,4.0,85396.0,1.0,4.0,2.0,No valid license for this class vehicle,0.0,64.0,150.0,0.0,0.0,0.0,0.0,No Record,0.0,0.0,0.0,0.0,3.0,5.0,45.0,1.0,1.0,2.0,1.0,2.0,11.0,62.0,11.0,9.0,3.0,401.0,4.0,0.0,1.0,0.0,202304861858.0,12.0,4.0,3.0,0.0,1.0,1.0,6.0,30.0,2.0,0.0,1.0,20.0,0.0,2.0,2.0,0.0
40131,1,0,0.0,0.0,1.0,0.0,-99.0,4.0,19.0,12.0,55.0,4.0,71.0,1.0,1.0,1.0,3.0,0.0,8.0,0.0,0.0,996.0,0.0,4.0,2.0,12.0,2.0,0.0,KMHEC4A49DA0,2013.0,498.0,2459.0,13.0,55.0,Hyundai,33.0,4.0,1.0,0.0,0.0,35.0,0.0,0.0,0.0,12.0,6.0,12.0,0.0,0.0,1.0,4.0,85705.0,1.0,6.0,3.0,Valid license for this class vehicle,0.0,66.0,230.0,0.0,0.0,0.0,0.0,No Record,0.0,0.0,0.0,0.0,5.0,5.0,35.0,1.0,1.0,2.0,1.0,2.0,1.0,17.0,1.0,1.0,1.0,402.0,4.0,0.0,1.0,0.0,202305047738.0,12.0,6.0,6.0,2.0,1.0,1.0,4.0,20.0,2.0,2.0,1.0,8.0,0.0,55.0,1.0,0.0
40132,1,0,99.0,0.0,1.0,9999.0,-99.0,4.0,13.0,42.0,49.0,4.0,23.0,1.0,1.0,3.0,20.0,7.0,8.0,0.0,8.0,133.0,0.0,4.0,1.0,42.0,2.0,0.0,JTNBF3EK9B30,2011.0,448.0,2469.0,13.0,49.0,Toyota,40.0,4.0,1.0,0.0,0.0,75.0,7.0,0.0,0.0,12.0,6.0,42.0,0.0,1.0,1.0,4.0,85340.0,1.0,6.0,3.0,Valid license for this class vehicle,0.0,72.0,180.0,0.0,2.0,0.0,1.0,January,2022.0,6.0,2022.0,4.0,1.0,5.0,35.0,1.0,1.0,2.0,1.0,0.0,1.0,13.0,1.0,9.0,4.0,101.0,4.0,0.0,1.0,0.0,202305382103.0,12.0,5.0,10.0,3.0,1.0,1.0,4.0,83.0,2.0,3.0,1.0,8.0,0.0,49.0,1.0,1.0
40135,1,0,0.0,51.0,1.0,9999.0,-99.0,4.0,13.0,12.0,35.0,4.0,76.0,2.0,1.0,3.0,3.0,0.0,8.0,0.0,8.0,995.0,0.0,4.0,2.0,12.0,2.0,0.0,3N1CB51D24L8,2004.0,478.0,1907.0,13.0,35.0,Nissan/Datsun,43.0,4.0,1.0,0.0,0.0,35.0,0.0,0.0,0.0,12.0,6.0,12.0,0.0,0.0,1.0,4.0,85015.0,1.0,6.0,3.0,Valid license for this class vehicle,0.0,66.0,150.0,0.0,0.0,0.0,0.0,No Record,0.0,0.0,0.0,0.0,5.0,5.0,35.0,1.0,1.0,2.0,1.0,0.0,98.0,10.0,1.0,1.0,3.0,301.0,4.0,0.0,1.0,0.0,202304813305.0,34.0,1.0,3.0,2.0,1.0,1.0,4.0,58.0,1.0,2.0,1.0,1.0,0.0,35.0,1.0,0.0
40140,1,0,0.0,27.0,1.0,9999.0,-99.0,4.0,13.0,25.0,20.0,14.0,22.0,2.0,1.0,4.0,3.0,0.0,8.0,0.0,8.0,995.0,7.0,4.0,1.0,25.0,4.0,0.0,2CNALPEC0B62,2011.0,467.0,1847.0,7.0,20.0,Chevrolet,404.0,14.0,1.0,0.0,0.0,998.0,7.0,3.0,1.0,61.0,6.0,1.0,0.0,0.0,1.0,53.0,99207.0,1.0,1.0,2.0,No valid license for this class vehicle,0.0,62.0,130.0,0.0,1.0,0.0,9.0,September,2020.0,12.0,2020.0,0.0,3.0,5.0,65.0,1.0,1.0,1.0,1.0,0.0,15.0,10.0,1.0,1.0,4.0,102.0,4.0,1.0,1.0,0.0,202304887708.0,12.0,2.0,4.0,0.0,1.0,1.0,14.0,19.0,2.0,0.0,1.0,20.0,0.0,20.0,2.0,0.0
40144,3,0,0.0,0.0,1.0,0.0,-99.0,4.0,15.0,12.0,54.0,14.0,40.0,2.0,1.0,0.0,3.0,0.0,20.0,0.0,8.0,996.0,0.0,4.0,3.0,12.0,1.0,0.0,5J8TC1H35LL0,2020.0,475.0,1871.0,7.0,54.0,Acura,402.0,14.0,1.0,0.0,0.0,998.0,7.0,0.0,0.0,82.0,4.0,54.0,0.0,0.0,1.0,4.0,86403.0,1.0,6.0,3.0,Valid license for this class vehicle,1.0,70.0,214.0,0.0,0.0,0.0,0.0,No Record,0.0,0.0,0.0,0.0,1.0,3.0,65.0,1.0,1.0,2.0,1.0,0.0,1.0,91.0,8.0,1.0,3.0,998.0,4.0,0.0,1.0,0.0,202305169260.0,12.0,4.0,8.0,0.0,1.0,1.0,14.0,24.0,2.0,0.0,1.0,20.0,0.0,54.0,1.0,98.0
40160,1,0,0.0,0.0,1.0,9999.0,-99.0,4.0,13.0,12.0,58.0,4.0,17.0,1.0,1.0,3.0,20.0,7.0,8.0,0.0,8.0,995.0,0.0,4.0,5.0,12.0,4.0,0.0,JN1BV7AR0EM6,2014.0,480.0,1901.0,13.0,58.0,Infiniti,41.0,4.0,1.0,0.0,0.0,80.0,8.0,0.0,0.0,12.0,6.0,12.0,0.0,0.0,1.0,4.0,85008.0,1.0,6.0,3.0,Valid license for this class vehicle,0.0,69.0,155.0,0.0,1.0,0.0,3.0,March,2023.0,3.0,2023.0,3.0,5.0,6.0,45.0,1.0,1.0,2.0,1.0,0.0,1.0,6.0,99.0,1.0,1.0,402.0,4.0,0.0,1.0,0.0,202304782099.0,12.0,3.0,1.0,0.0,1.0,1.0,4.0,34.0,2.0,0.0,1.0,98.0,0.0,58.0,2.0,98.0
40164,1,0,0.0,27.0,1.0,9999.0,-99.0,4.0,13.0,25.0,35.0,15.0,80.0,2.0,1.0,2.0,3.0,0.0,8.0,0.0,8.0,995.0,0.0,4.0,1.0,25.0,3.0,0.0,5N1AZ2DS4MC1,2021.0,478.0,1914.0,7.0,35.0,Nissan/Datsun,422.0,15.0,1.0,0.0,0.0,998.0,7.0,0.0,0.0,12.0,6.0,25.0,0.0,0.0,1.0,17.0,60542.0,1.0,6.0,3.0,Valid license for this class vehicle,0.0,63.0,163.0,0.0,0.0,0.0,0.0,No Record,0.0,0.0,0.0,0.0,3.0,4.0,65.0,1.0,1.0,2.0,1.0,0.0,1.0,10.0,6.0,1.0,4.0,102.0,4.0,0.0,1.0,0.0,202304666155.0,12.0,6.0,1.0,2.0,1.0,1.0,15.0,17.0,2.0,2.0,1.0,99.0,0.0,35.0,1.0,0.0
40169,1,0,99.0,0.0,1.0,9999.0,-99.0,4.0,13.0,12.0,2.0,14.0,57.0,1.0,1.0,3.0,3.0,0.0,8.0,0.0,8.0,995.0,0.0,4.0,2.0,12.0,3.0,0.0,1J4FT48S2YL1,2000.0,483.0,1945.0,7.0,2.0,Jeep / Kaiser-Jeep / Willys- Jeep,404.0,14.0,1.0,0.0,0.0,61.0,0.0,0.0,0.0,81.0,6.0,12.0,0.0,0.0,1.0,4.0,85022.0,1.0,6.0,3.0,Valid license for this class vehicle,3.0,75.0,230.0,0.0,0.0,0.0,0.0,No Record,0.0,0.0,0.0,4.0,3.0,3.0,40.0,1.0,1.0,2.0,1.0,0.0,1.0,62.0,99.0,1.0,3.0,402.0,4.0,0.0,1.0,0.0,202305021196.0,12.0,2.0,3.0,4.0,1.0,1.0,14.0,57.0,1.0,3.0,1.0,8.0,0.0,2.0,1.0,0.0
40176,1,0,99.0,0.0,1.0,9999.0,-99.0,4.0,13.0,12.0,22.0,4.0,32.0,1.0,1.0,0.0,99.0,7.0,20.0,0.0,8.0,995.0,0.0,4.0,2.0,12.0,1.0,0.0,1G2ZG5287541,2005.0,536.0,4263.0,13.0,22.0,Pontiac,22.0,4.0,1.0,0.0,0.0,4.0,7.0,0.0,0.0,12.0,4.0,12.0,0.0,0.0,1.0,4.0,85029.0,0.0,0.0,0.0,Not licensed,0.0,69.0,195.0,0.0,0.0,2.0,4.0,April,2018.0,1.0,2023.0,0.0,5.0,3.0,40.0,1.0,1.0,2.0,1.0,0.0,1.0,19.0,99.0,1.0,1.0,301.0,4.0,0.0,1.0,0.0,202304813102.0,12.0,3.0,3.0,2.0,1.0,1.0,4.0,42.0,2.0,2.0,1.0,98.0,0.0,22.0,1.0,0.0
40176,2,0,0.0,0.0,1.0,9999.0,-99.0,4.0,13.0,12.0,72.0,80.0,34.0,1.0,1.0,4.0,20.0,7.0,20.0,8.0,8.0,995.0,7.0,4.0,2.0,12.0,1.0,0.0,1HD4LE211KC4,2019.0,3888.0,12593.0,94.0,72.0,Harley-Davidson,706.0,80.0,1.0,0.0,0.0,50.0,7.0,8.0,8.0,12.0,6.0,12.0,0.0,0.0,1.0,4.0,85021.0,1.0,6.0,3.0,Valid license for this class vehicle,0.0,71.0,150.0,1.0,3.0,0.0,6.0,June,2018.0,8.0,2022.0,4.0,5.0,3.0,40.0,1.0,1.0,2.0,1.0,0.0,1.0,54.0,99.0,1.0,3.0,302.0,4.0,1.0,1.0,0.0,202304716069.0,12.0,2.0,1.0,2.0,1.0,1.0,80.0,32.0,1.0,2.0,1.0,20.0,8.0,72.0,1.0,0.0
40177,1,0,0.0,16.0,1.0,9999.0,-99.0,4.0,3.0,12.0,49.0,4.0,21.0,1.0,1.0,0.0,99.0,7.0,20.0,0.0,8.0,995.0,0.0,4.0,2.0,12.0,5.0,0.0,1NXBR32EX3Z1,2003.0,448.0,2208.0,13.0,49.0,Toyota,32.0,4.0,1.0,0.0,0.0,998.0,0.0,0.0,0.0,12.0,6.0,12.0,0.0,0.0,1.0,36.0,11746.0,1.0,6.0,3.0,Valid license for this class vehicle,3.0,72.0,999.0,0.0,0.0,0.0,7.0,July,2019.0,7.0,2019.0,4.0,3.0,2.0,75.0,1.0,1.0,2.0,1.0,0.0,6.0,13.0,7.0,1.0,2.0,202.0,4.0,0.0,1.0,0.0,202305080273.0,12.0,5.0,7.0,0.0,10.0,1.0,4.0,72.0,2.0,0.0,1.0,20.0,0.0,49.0,1.0,0.0
40197,1,0,99.0,0.0,1.0,9999.0,-99.0,4.0,17.0,42.0,20.0,4.0,19.0,2.0,1.0,4.0,20.0,7.0,2.0,1.0,1.0,995.0,7.0,4.0,1.0,42.0,3.0,0.0,2G1WA5EK2A12,2010.0,467.0,1833.0,13.0,20.0,Chevrolet,2.0,4.0,1.0,0.0,0.0,60.0,7.0,0.0,0.0,61.0,6.0,42.0,0.0,1.0,1.0,4.0,85941.0,0.0,0.0,0.0,Not licensed,0.0,63.0,132.0,0.0,0.0,0.0,0.0,No Record,0.0,0.0,0.0,3.0,1.0,2.0,35.0,2.0,6.0,2.0,1.0,0.0,14.0,12.0,7.0,1.0,4.0,102.0,4.0,1.0,1.0,0.0,202304655061.0,18.0,7.0,1.0,1.0,10.0,1.0,4.0,18.0,1.0,1.0,1.0,20.0,0.0,20.0,1.0,0.0
40203,1,2,0.0,28.0,1.0,9995.0,-99.0,4.0,21.0,12.0,37.0,4.0,56.0,2.0,1.0,3.0,3.0,0.0,1.0,0.0,1.0,0.0,0.0,4.0,2.0,12.0,5.0,0.0,1HGCG16561A0,2001.0,474.0,1861.0,13.0,37.0,Honda,32.0,4.0,1.0,0.0,0.0,998.0,0.0,0.0,0.0,12.0,6.0,12.0,0.0,1.0,1.0,6.0,91767.0,1.0,6.0,3.0,Valid license for this class vehicle,3.0,60.0,125.0,0.0,0.0,0.0,0.0,No Record,0.0,0.0,0.0,0.0,1.0,2.0,55.0,1.0,1.0,2.0,1.0,0.0,1.0,10.0,7.0,1.0,2.0,301.0,4.0,0.0,1.0,0.0,202304829942.0,12.0,5.0,1.0,0.0,1.0,1.0,4.0,73.0,2.0,0.0,1.0,20.0,0.0,37.0,1.0,0.0
40205,1,0,99.0,28.0,1.0,9999.0,-99.0,4.0,5.0,35.0,41.0,4.0,17.0,1.0,1.0,4.0,20.0,7.0,20.0,1.0,8.0,995.0,7.0,4.0,1.0,35.0,1.0,0.0,JM1BK12F3818,2008.0,473.0,2074.0,13.0,41.0,Mazda,51.0,4.0,1.0,0.0,0.0,998.0,7.0,3.0,6.0,12.0,6.0,1.0,0.0,0.0,1.0,4.0,86005.0,1.0,6.0,3.0,Valid license for this class vehicle,3.0,72.0,285.0,0.0,1.0,0.0,9.0,September,2022.0,9.0,2022.0,0.0,2.0,2.0,75.0,1.0,1.0,2.0,1.0,0.0,1.0,13.0,7.0,1.0,4.0,101.0,4.0,1.0,1.0,0.0,202304874565.0,12.0,3.0,4.0,1.0,10.0,1.0,4.0,21.0,2.0,1.0,1.0,20.0,0.0,41.0,2.0,0.0
40212,1,0,0.0,26.0,1.0,0.0,-99.0,4.0,21.0,12.0,58.0,4.0,22.0,1.0,1.0,0.0,3.0,0.0,20.0,0.0,8.0,995.0,0.0,4.0,5.0,12.0,1.0,0.0,JN1BV7AP3EM6,2014.0,480.0,1901.0,13.0,58.0,Infiniti,41.0,4.0,1.0,0.0,0.0,998.0,0.0,0.0,0.0,12.0,4.0,12.0,0.0,0.0,1.0,4.0,85131.0,1.0,6.0,3.0,Valid license for this class vehicle,0.0,65.0,180.0,0.0,1.0,1.0,10.0,October,2021.0,10.0,2021.0,0.0,1.0,2.0,55.0,1.0,1.0,2.0,1.0,0.0,1.0,52.0,16.0,1.0,3.0,202.0,4.0,0.0,1.0,0.0,202305544090.0,12.0,6.0,11.0,0.0,10.0,1.0,4.0,20.0,2.0,0.0,1.0,20.0,0.0,58.0,2.0,0.0
40212,2,0,0.0,26.0,1.0,0.0,-99.0,4.0,21.0,12.0,49.0,4.0,21.0,2.0,1.0,0.0,3.0,0.0,20.0,0.0,8.0,996.0,0.0,4.0,5.0,12.0,1.0,0.0,4T1KZ1AK3NU0,2022.0,448.0,2469.0,13.0,49.0,Toyota,40.0,4.0,1.0,0.0,0.0,998.0,0.0,0.0,0.0,12.0,4.0,12.0,0.0,0.0,1.0,4.0,85139.0,1.0,6.0,3.0,Valid license for this class vehicle,0.0,65.0,190.0,0.0,3.0,0.0,3.0,March,2021.0,8.0,2022.0,4.0,1.0,2.0,55.0,1.0,1.0,2.0,1.0,0.0,1.0,50.0,16.0,1.0,3.0,998.0,4.0,0.0,1.0,0.0,202304737693.0,12.0,2.0,2.0,3.0,1.0,1.0,4.0,32.0,2.0,2.0,1.0,20.0,0.0,49.0,3.0,0.0
40236,2,0,99.0,0.0,1.0,3022.0,220.0,4.0,19.0,12.0,37.0,80.0,37.0,1.0,1.0,4.0,20.0,7.0,20.0,8.0,8.0,65.0,7.0,4.0,2.0,12.0,1.0,0.0,JH2SC57076M2,2006.0,474.0,11975.0,80.0,37.0,Honda,706.0,80.0,1.0,0.0,0.0,65.0,7.0,8.0,8.0,12.0,6.0,12.0,0.0,1.0,1.0,4.0,85719.0,1.0,6.0,3.0,Valid license for this class vehicle,0.0,78.0,260.0,0.0,0.0,0.0,9.0,September,2019.0,12.0,2021.0,3.0,2.0,4.0,40.0,1.0,1.0,2.0,1.0,2.0,1.0,62.0,15.0,1.0,2.0,402.0,4.0,1.0,1.0,0.0,202305359223.0,12.0,5.0,10.0,2.0,1.0,1.0,80.0,34.0,1.0,2.0,1.0,20.0,8.0,37.0,2.0,0.0
40241,1,0,99.0,0.0,1.0,9995.0,-99.0,4.0,21.0,43.0,12.0,4.0,25.0,2.0,1.0,4.0,99.0,7.0,1.0,0.0,8.0,168.0,1.0,4.0,1.0,43.0,1.0,0.0,1FAHP3F23CL1,2012.0,460.0,1779.0,13.0,12.0,Ford,37.0,4.0,1.0,0.0,0.0,85.0,7.0,3.0,6.0,12.0,6.0,1.0,0.0,1.0,1.0,4.0,85194.0,0.0,0.0,0.0,Not licensed,0.0,63.0,170.0,1.0,2.0,1.0,4.0,April,2019.0,3.0,2023.0,3.0,1.0,2.0,50.0,1.0,1.0,2.0,1.0,0.0,99.0,13.0,99.0,1.0,4.0,101.0,4.0,1.0,1.0,0.0,202304656433.0,12.0,6.0,1.0,0.0,1.0,1.0,4.0,19.0,1.0,0.0,1.0,20.0,0.0,12.0,2.0,0.0
40250,3,0,0.0,0.0,1.0,9999.0,-99.0,4.0,13.0,12.0,12.0,61.0,25.0,1.0,1.0,0.0,3.0,0.0,20.0,0.0,8.0,995.0,0.0,4.0,3.0,12.0,1.0,0.0,1FDWE3FL1EDA,2014.0,460.0,1818.0,62.0,12.0,Ford,870.0,61.0,1.0,0.0,0.0,0.0,7.0,0.0,0.0,12.0,2.0,12.0,0.0,0.0,1.0,4.0,85035.0,1.0,6.0,3.0,Valid license for this class vehicle,3.0,71.0,365.0,0.0,0.0,0.0,0.0,No Record,0.0,0.0,0.0,0.0,5.0,7.0,45.0,1.0,1.0,2.0,1.0,20.0,5.0,78.0,1.0,1.0,1.0,998.0,4.0,0.0,1.0,0.0,202305412592.0,12.0,4.0,10.0,0.0,1.0,1.0,61.0,33.0,1.0,0.0,1.0,20.0,0.0,12.0,2.0,0.0
40252,2,0,0.0,0.0,1.0,9999.0,-99.0,4.0,13.0,1.0,53.0,80.0,29.0,1.0,1.0,4.0,20.0,7.0,20.0,8.0,8.0,995.0,7.0,4.0,2.0,1.0,1.0,0.0,JS1GR7NA1F21,2015.0,509.0,10229.0,6.0,53.0,Suzuki,705.0,80.0,1.0,0.0,0.0,55.0,7.0,8.0,8.0,0.0,7.0,1.0,0.0,0.0,1.0,4.0,85014.0,1.0,6.0,3.0,Valid license for this class vehicle,0.0,73.0,175.0,0.0,0.0,0.0,0.0,No Record,0.0,0.0,0.0,4.0,5.0,5.0,35.0,1.0,1.0,2.0,1.0,3.0,1.0,62.0,16.0,1.0,3.0,998.0,4.0,1.0,1.0,0.0,202305133487.0,1.0,2.0,2.0,4.0,1.0,1.0,80.0,29.0,1.0,4.0,1.0,20.0,8.0,53.0,2.0,9.0
40254,1,0,99.0,0.0,1.0,9999.0,-99.0,4.0,3.0,12.0,82.0,66.0,30.0,1.0,1.0,3.0,99.0,7.0,8.0,0.0,8.0,995.0,0.0,4.0,4.0,12.0,1.0,0.0,3AKJHHDR9NSM,2022.0,450.0,2501.0,66.0,82.0,Freightliner,881.0,66.0,1.0,0.0,0.0,998.0,0.0,0.0,0.0,12.0,6.0,2.0,1.0,0.0,1.0,19.0,52241.0,1.0,6.0,3.0,Valid license for this class vehicle,0.0,69.0,140.0,0.0,0.0,0.0,0.0,No Record,0.0,0.0,0.0,0.0,2.0,2.0,75.0,2.0,1.0,2.0,1.0,0.0,14.0,10.0,99.0,1.0,7.0,301.0,4.0,0.0,1.0,0.0,202304926026.0,12.0,5.0,5.0,2.0,1.0,1.0,66.0,45.0,1.0,2.0,1.0,20.0,0.0,82.0,3.0,0.0