ST_CASE,VEH_NO_x,DRIMPAIR_x,DRDISTRACT,DRIVERRF,PER_NO_x,DRUGRES,DRUGACTQTY,STATE_x,COUNTY,HARM_EV_x,MAKE_x,BODY_TYP_x,AGE,SEX,PER_TYP_x,INJ_SEV,REST_USE,REST_MIS,AIR_BAG_x,EJECTION,DRINKING,ALC_RES,HISPANIC,STATE_y,VE_FORMS,HARM_EV_y,NUMOCCS,HIT_RUN,VIN,MOD_YEAR,VPICMAKE,VPICMODEL,VPICBODYCLASS,MAKE_y,MAKENAME,MODEL,BODY_TYP_y,HAZ_INV,HAZ_PLAC,HAZ_ID,TRAV_SP,UNDEROVERRIDE,ROLLOVER,ROLINLOC,IMPACT1,DEFORMED,M_HARM,FIRE_EXP,DR_DRINK,DR_PRES,L_STATE,DR_ZIP,L_TYPE,L_STATUS,L_COMPL,L_COMPLNAME,L_RESTRI,DR_HGT,DR_WGT,PREV_DWI,PREV_SPD,PREV_OTH,FIRST_MO,FIRST_MONAME,FIRST_YR,LAST_MO,LAST_YR,SPEEDREL,VTRAFWAY,VNUM_LAN,VSPD_LIM,VALIGN,VPROFILE,VPAVETYP,VSURCOND,VTRAFCON,P_CRASH1,P_CRASH2,P_CRASH3,PCRASH4,PCRASH5,ACC_CONFIG,STATE,RACE,ORDER,MULTRACE,CASENUM,HARM_EV,DAY_WEEK,MONTH,MAXSEV_IM,WEATHR_IM,PER_NO_y,BODY_TYP,AGE_IM,SEX_IM,INJSEV_IM,PER_TYP_y,AIR_BAG_y,EJECT_IM,MAKE,VEH_NO_y,DRIMPAIR_y
40817,1,99,99.0,0.0,1.0,1.0,-99.0,4.0,15.0,12.0,55.0,4.0,82.0,2.0,1.0,0.0,3.0,0.0,1.0,0.0,8.0,0.0,0.0,4.0,3.0,12.0,2.0,0.0,KMHCT4AE0GU9,2016.0,498.0,2773.0,13.0,55.0,Hyundai,36.0,4.0,1.0,0.0,0.0,42.0,1.0,0.0,0.0,12.0,6.0,12.0,1.0,0.0,1.0,4.0,86442.0,1.0,6.0,3.0,Valid license for this class vehicle,3.0,70.0,185.0,0.0,0.0,0.0,0.0,No Record,0.0,0.0,0.0,4.0,5.0,5.0,45.0,1.0,6.0,2.0,1.0,2.0,1.0,50.0,1.0,9.0,3.0,202.0,4.0,0.0,1.0,0.0,202305544406.0,12.0,6.0,12.0,1.0,1.0,1.0,4.0,20.0,2.0,1.0,1.0,20.0,0.0,55.0,1.0,0.0
40820,1,0,0.0,38.0,1.0,9995.0,-99.0,4.0,13.0,12.0,49.0,4.0,76.0,2.0,1.0,2.0,3.0,0.0,8.0,0.0,8.0,995.0,0.0,4.0,2.0,12.0,2.0,0.0,4T1BK1FKXCU5,2012.0,448.0,2469.0,13.0,49.0,Toyota,40.0,4.0,1.0,0.0,0.0,10.0,7.0,0.0,0.0,1.0,6.0,12.0,0.0,0.0,1.0,4.0,85233.0,1.0,6.0,3.0,Valid license for this class vehicle,0.0,66.0,180.0,0.0,0.0,0.0,0.0,No Record,0.0,0.0,0.0,0.0,5.0,5.0,45.0,1.0,1.0,2.0,1.0,0.0,11.0,15.0,99.0,1.0,1.0,401.0,4.0,0.0,1.0,0.0,202305522978.0,12.0,4.0,12.0,4.0,1.0,1.0,4.0,76.0,2.0,2.0,1.0,8.0,0.0,49.0,1.0,0.0
40821,1,98,99.0,38.0,1.0,0.0,-99.0,4.0,13.0,12.0,58.0,4.0,998.0,9.0,1.0,9.0,99.0,7.0,98.0,0.0,8.0,996.0,0.0,4.0,3.0,12.0,99.0,1.0,JN1BV7AR2FM4,2015.0,480.0,1901.0,13.0,58.0,Infiniti,41.0,4.0,1.0,0.0,0.0,30.0,0.0,0.0,0.0,82.0,4.0,12.0,0.0,0.0,1.0,98.0,99998.0,9.0,9.0,9.0,Unknown,9.0,999.0,999.0,99.0,99.0,99.0,99.0,Unknown,9999.0,99.0,9999.0,0.0,1.0,3.0,30.0,1.0,1.0,2.0,1.0,0.0,11.0,15.0,99.0,1.0,3.0,401.0,4.0,0.0,1.0,0.0,202304754079.0,12.0,4.0,2.0,0.0,1.0,1.0,4.0,17.0,1.0,0.0,1.0,9.0,0.0,58.0,2.0,0.0
40824,1,9,99.0,102.0,1.0,1.0,-99.0,4.0,13.0,12.0,49.0,14.0,22.0,1.0,1.0,0.0,20.0,7.0,20.0,0.0,1.0,74.0,0.0,4.0,2.0,12.0,1.0,0.0,2T3ZF4DV2CW1,2012.0,448.0,2217.0,7.0,49.0,Toyota,402.0,14.0,1.0,0.0,0.0,50.0,7.0,0.0,0.0,11.0,6.0,12.0,0.0,1.0,1.0,96.0,0.0,0.0,0.0,0.0,Not licensed,0.0,65.0,180.0,99.0,99.0,99.0,99.0,Unknown,9999.0,99.0,9999.0,0.0,1.0,4.0,45.0,1.0,1.0,2.0,2.0,0.0,1.0,10.0,1.0,1.0,3.0,301.0,4.0,0.0,1.0,0.0,202305506910.0,12.0,4.0,12.0,2.0,1.0,1.0,14.0,30.0,2.0,1.0,1.0,1.0,0.0,49.0,1.0,0.0
40830,1,0,0.0,38.0,1.0,9995.0,-99.0,4.0,13.0,12.0,49.0,4.0,31.0,2.0,1.0,0.0,3.0,0.0,8.0,0.0,8.0,995.0,0.0,4.0,2.0,12.0,1.0,0.0,4T1B11HK9KU7,2019.0,448.0,2469.0,13.0,49.0,Toyota,40.0,4.0,1.0,0.0,0.0,11.0,7.0,0.0,0.0,1.0,6.0,12.0,0.0,0.0,1.0,6.0,92410.0,1.0,6.0,3.0,Valid license for this class vehicle,0.0,65.0,180.0,0.0,0.0,1.0,9.0,September,2021.0,11.0,2023.0,0.0,3.0,4.0,45.0,1.0,1.0,2.0,1.0,2.0,11.0,15.0,1.0,1.0,3.0,401.0,4.0,0.0,1.0,0.0,202305099557.0,25.0,7.0,7.0,1.0,1.0,1.0,4.0,55.0,2.0,1.0,1.0,20.0,0.0,49.0,1.0,0.0
40837,1,1,0.0,38.0,1.0,9995.0,-99.0,4.0,13.0,12.0,49.0,4.0,25.0,1.0,1.0,3.0,3.0,0.0,1.0,0.0,8.0,995.0,0.0,4.0,2.0,12.0,2.0,0.0,1NXBR32E28Z9,2008.0,448.0,2208.0,13.0,49.0,Toyota,32.0,4.0,1.0,0.0,0.0,15.0,0.0,0.0,0.0,12.0,6.0,12.0,0.0,0.0,1.0,4.0,85051.0,0.0,0.0,0.0,Not licensed,0.0,999.0,999.0,0.0,0.0,0.0,0.0,No Record,0.0,0.0,0.0,0.0,5.0,3.0,40.0,1.0,1.0,2.0,1.0,0.0,11.0,54.0,1.0,1.0,2.0,414.0,4.0,0.0,1.0,0.0,202305639986.0,12.0,6.0,12.0,1.0,1.0,1.0,4.0,67.0,1.0,0.0,1.0,20.0,0.0,49.0,1.0,0.0
40838,2,0,0.0,0.0,1.0,0.0,-99.0,4.0,13.0,12.0,20.0,15.0,69.0,1.0,1.0,0.0,3.0,0.0,20.0,0.0,8.0,996.0,0.0,4.0,2.0,12.0,2.0,0.0,1GNERGKW6MJ1,2021.0,467.0,1853.0,7.0,20.0,Chevrolet,423.0,15.0,1.0,0.0,0.0,28.0,0.0,0.0,0.0,12.0,6.0,12.0,0.0,0.0,1.0,4.0,85351.0,1.0,6.0,3.0,Valid license for this class vehicle,1.0,76.0,260.0,0.0,0.0,0.0,0.0,No Record,0.0,0.0,0.0,0.0,1.0,2.0,30.0,1.0,1.0,2.0,1.0,0.0,1.0,62.0,7.0,1.0,3.0,302.0,4.0,0.0,1.0,0.0,202304781378.0,12.0,3.0,2.0,0.0,10.0,1.0,15.0,31.0,2.0,0.0,1.0,20.0,0.0,20.0,1.0,0.0
40850,1,9,99.0,0.0,1.0,5060.0,-99.0,4.0,13.0,12.0,2.0,14.0,22.0,2.0,1.0,2.0,3.0,0.0,8.0,0.0,1.0,139.0,0.0,4.0,3.0,12.0,2.0,0.0,1C4NJPBA5FD1,2015.0,483.0,1947.0,7.0,2.0,Jeep / Kaiser-Jeep / Willys- Jeep,407.0,14.0,1.0,0.0,0.0,998.0,7.0,3.0,1.0,12.0,6.0,1.0,0.0,1.0,1.0,4.0,85013.0,1.0,6.0,3.0,Valid license for this class vehicle,0.0,64.0,151.0,0.0,1.0,1.0,4.0,April,2021.0,4.0,2022.0,0.0,3.0,5.0,65.0,1.0,1.0,2.0,1.0,0.0,99.0,51.0,99.0,3.0,2.0,202.0,4.0,0.0,1.0,0.0,202304918081.0,12.0,2.0,2.0,3.0,5.0,1.0,14.0,29.0,1.0,1.0,1.0,8.0,0.0,2.0,2.0,0.0
40852,1,9,99.0,0.0,1.0,2197.0,-99.0,4.0,13.0,33.0,72.0,80.0,52.0,1.0,1.0,4.0,20.0,7.0,20.0,8.0,1.0,37.0,7.0,4.0,1.0,33.0,1.0,0.0,1HD1KTP10MB6,2021.0,3888.0,12631.0,81.0,72.0,Harley-Davidson,706.0,80.0,1.0,0.0,0.0,38.0,7.0,8.0,8.0,98.0,6.0,33.0,0.0,1.0,1.0,4.0,85209.0,1.0,6.0,3.0,Valid license for this class vehicle,0.0,70.0,175.0,0.0,0.0,0.0,0.0,No Record,0.0,0.0,0.0,0.0,2.0,8.0,35.0,3.0,1.0,2.0,1.0,0.0,14.0,9.0,99.0,9.0,5.0,101.0,4.0,1.0,1.0,0.0,202305254426.0,8.0,6.0,8.0,3.0,1.0,1.0,80.0,34.0,1.0,0.0,1.0,20.0,8.0,72.0,1.0,0.0
40853,1,9,99.0,0.0,1.0,1.0,-99.0,4.0,13.0,43.0,37.0,4.0,26.0,1.0,1.0,4.0,20.0,7.0,8.0,1.0,1.0,37.0,6.0,4.0,1.0,43.0,1.0,0.0,19XFC2F88KE0,2019.0,474.0,1863.0,13.0,37.0,Honda,31.0,4.0,1.0,0.0,0.0,107.0,7.0,0.0,0.0,98.0,6.0,43.0,0.0,1.0,1.0,4.0,85337.0,0.0,0.0,0.0,Not licensed,0.0,68.0,160.0,0.0,0.0,0.0,0.0,No Record,0.0,0.0,0.0,3.0,1.0,2.0,50.0,3.0,1.0,2.0,1.0,0.0,14.0,13.0,1.0,1.0,4.0,101.0,4.0,1.0,1.0,0.0,202305130095.0,12.0,6.0,7.0,1.0,1.0,1.0,4.0,31.0,2.0,0.0,1.0,20.0,0.0,37.0,3.0,98.0
40854,2,0,99.0,0.0,1.0,0.0,-99.0,4.0,19.0,12.0,63.0,14.0,18.0,1.0,1.0,3.0,20.0,7.0,8.0,0.0,8.0,996.0,0.0,4.0,2.0,12.0,2.0,0.0,5XYRL4LC2MG0,2021.0,499.0,2769.0,7.0,63.0,KIA,402.0,14.0,1.0,0.0,0.0,998.0,0.0,3.0,1.0,12.0,6.0,1.0,0.0,0.0,1.0,4.0,85743.0,1.0,6.0,3.0,Valid license for this class vehicle,0.0,64.0,120.0,0.0,0.0,0.0,0.0,No Record,0.0,0.0,0.0,0.0,2.0,2.0,75.0,1.0,1.0,2.0,1.0,0.0,1.0,54.0,99.0,1.0,2.0,302.0,4.0,0.0,1.0,0.0,202304719180.0,12.0,7.0,2.0,0.0,1.0,1.0,14.0,48.0,1.0,0.0,1.0,20.0,0.0,63.0,1.0,0.0
40859,1,0,99.0,58.0,1.0,1.0,-99.0,4.0,5.0,1.0,35.0,6.0,52.0,2.0,1.0,4.0,20.0,7.0,2.0,1.0,8.0,0.0,7.0,4.0,1.0,1.0,1.0,0.0,JN8AS5MV4DW6,2013.0,478.0,1913.0,8.0,35.0,Nissan/Datsun,51.0,6.0,1.0,0.0,0.0,998.0,7.0,3.0,1.0,0.0,6.0,1.0,0.0,0.0,1.0,4.0,86035.0,1.0,6.0,3.0,Valid license for this class vehicle,1.0,61.0,130.0,0.0,0.0,0.0,0.0,No Record,0.0,0.0,0.0,0.0,3.0,2.0,75.0,1.0,1.0,2.0,1.0,0.0,1.0,9.0,1.0,4.0,2.0,998.0,4.0,3.0,1.0,0.0,202304878609.0,12.0,6.0,3.0,3.0,1.0,1.0,6.0,33.0,2.0,2.0,1.0,9.0,0.0,35.0,2.0,98.0
40861,1,99,99.0,0.0,1.0,1.0,-99.0,4.0,13.0,33.0,72.0,80.0,61.0,1.0,1.0,4.0,20.0,7.0,20.0,8.0,8.0,155.0,6.0,4.0,1.0,33.0,1.0,0.0,1HD1KRM12EB6,2014.0,3888.0,8516.0,81.0,72.0,Harley-Davidson,706.0,80.0,1.0,0.0,0.0,45.0,7.0,8.0,8.0,98.0,6.0,41.0,0.0,1.0,1.0,4.0,85353.0,1.0,6.0,3.0,Valid license for this class vehicle,3.0,65.0,189.0,0.0,0.0,0.0,0.0,No Record,0.0,0.0,0.0,4.0,2.0,2.0,25.0,2.0,1.0,2.0,1.0,0.0,15.0,6.0,1.0,1.0,4.0,102.0,4.0,1.0,1.0,0.0,202305330473.0,11.0,7.0,10.0,3.0,1.0,1.0,80.0,23.0,1.0,3.0,1.0,20.0,8.0,72.0,1.0,98.0
40871,2,0,0.0,0.0,1.0,0.0,-99.0,4.0,25.0,12.0,7.0,6.0,25.0,1.0,1.0,1.0,3.0,0.0,20.0,0.0,8.0,996.0,0.0,4.0,3.0,12.0,2.0,0.0,3C4PDCAB0GT1,2016.0,476.0,1939.0,7.0,7.0,Dodge,27.0,6.0,1.0,0.0,0.0,998.0,7.0,0.0,0.0,61.0,6.0,12.0,0.0,0.0,1.0,4.0,86301.0,1.0,6.0,3.0,Valid license for this class vehicle,3.0,72.0,130.0,0.0,0.0,0.0,0.0,No Record,0.0,0.0,0.0,0.0,1.0,2.0,55.0,3.0,1.0,2.0,1.0,0.0,14.0,62.0,1.0,1.0,3.0,303.0,4.0,0.0,1.0,0.0,202304864882.0,12.0,4.0,3.0,2.0,2.0,1.0,6.0,51.0,1.0,0.0,1.0,8.0,0.0,7.0,1.0,0.0
40876,1,9,0.0,51.0,1.0,3022.0,-99.0,4.0,19.0,12.0,63.0,4.0,22.0,1.0,1.0,4.0,20.0,7.0,1.0,0.0,8.0,47.0,1.0,4.0,2.0,12.0,2.0,0.0,3KPF24AD2KE1,2019.0,499.0,2462.0,13.0,63.0,KIA,38.0,4.0,1.0,0.0,0.0,40.0,0.0,0.0,0.0,12.0,6.0,12.0,0.0,1.0,1.0,4.0,85713.0,1.0,6.0,3.0,Valid license for this class vehicle,0.0,68.0,201.0,0.0,0.0,0.0,0.0,No Record,0.0,0.0,0.0,0.0,5.0,5.0,40.0,1.0,1.0,2.0,1.0,0.0,1.0,10.0,1.0,1.0,2.0,301.0,4.0,1.0,1.0,0.0,202304771694.0,12.0,7.0,2.0,0.0,1.0,1.0,4.0,27.0,1.0,0.0,1.0,1.0,0.0,63.0,2.0,0.0
40878,1,99,99.0,0.0,1.0,5997.0,-99.0,4.0,13.0,12.0,12.0,2.0,18.0,1.0,1.0,4.0,3.0,0.0,98.0,0.0,8.0,0.0,1.0,4.0,2.0,12.0,1.0,0.0,1ZVFT80N9752,2007.0,460.0,1781.0,3.0,12.0,Ford,3.0,2.0,1.0,0.0,0.0,71.0,8.0,0.0,0.0,98.0,6.0,12.0,0.0,0.0,1.0,4.0,85015.0,1.0,6.0,3.0,Valid license for this class vehicle,0.0,66.0,140.0,0.0,0.0,0.0,0.0,No Record,0.0,0.0,0.0,3.0,5.0,6.0,35.0,1.0,1.0,2.0,1.0,2.0,1.0,17.0,99.0,9.0,3.0,402.0,4.0,1.0,1.0,0.0,202305113775.0,12.0,1.0,7.0,2.0,1.0,1.0,2.0,44.0,2.0,2.0,1.0,20.0,0.0,12.0,2.0,0.0
40880,1,9,0.0,0.0,1.0,1.0,-99.0,4.0,3.0,12.0,20.0,14.0,21.0,1.0,1.0,2.0,3.0,0.0,8.0,0.0,1.0,246.0,0.0,4.0,3.0,12.0,2.0,0.0,KL7CJPSM0NB5,2022.0,467.0,10988.0,7.0,20.0,Chevrolet,406.0,14.0,1.0,0.0,0.0,998.0,0.0,3.0,6.0,12.0,6.0,1.0,0.0,1.0,1.0,4.0,85043.0,1.0,6.0,3.0,Valid license for this class vehicle,0.0,70.0,185.0,0.0,4.0,0.0,11.0,November,2020.0,11.0,2023.0,4.0,2.0,2.0,75.0,1.0,1.0,2.0,1.0,0.0,1.0,6.0,99.0,4.0,3.0,202.0,4.0,0.0,1.0,0.0,202304746374.0,12.0,2.0,2.0,1.0,1.0,1.0,14.0,26.0,1.0,0.0,1.0,20.0,0.0,20.0,1.0,0.0
40881,1,0,99.0,0.0,1.0,0.0,-99.0,4.0,13.0,12.0,35.0,4.0,37.0,1.0,1.0,4.0,20.0,7.0,8.0,0.0,8.0,996.0,1.0,4.0,2.0,12.0,1.0,0.0,1N4AL3APXHN3,2017.0,478.0,1904.0,13.0,35.0,Nissan/Datsun,47.0,4.0,1.0,0.0,0.0,998.0,0.0,0.0,0.0,12.0,6.0,2.0,1.0,0.0,1.0,4.0,85204.0,1.0,6.0,3.0,Valid license for this class vehicle,0.0,69.0,175.0,0.0,1.0,0.0,9.0,September,2023.0,9.0,2023.0,0.0,3.0,5.0,55.0,1.0,1.0,2.0,1.0,0.0,2.0,51.0,16.0,1.0,1.0,202.0,4.0,1.0,1.0,0.0,202305093647.0,12.0,1.0,7.0,2.0,1.0,1.0,4.0,42.0,1.0,2.0,1.0,20.0,0.0,35.0,1.0,98.0
40882,1,0,99.0,48.0,1.0,0.0,-99.0,4.0,13.0,12.0,49.0,4.0,19.0,2.0,1.0,0.0,3.0,0.0,8.0,0.0,8.0,996.0,0.0,4.0,2.0,12.0,2.0,0.0,2T1BURHE0HC7,2017.0,448.0,2208.0,13.0,49.0,Toyota,32.0,4.0,1.0,0.0,0.0,998.0,7.0,0.0,0.0,98.0,6.0,12.0,0.0,0.0,1.0,4.0,85338.0,1.0,6.0,3.0,Valid license for this class vehicle,0.0,70.0,152.0,0.0,2.0,0.0,5.0,May,2023.0,7.0,2023.0,0.0,2.0,5.0,40.0,1.0,1.0,2.0,1.0,0.0,11.0,15.0,99.0,1.0,2.0,401.0,4.0,0.0,1.0,0.0,202304767503.0,12.0,7.0,2.0,3.0,1.0,1.0,4.0,25.0,2.0,0.0,1.0,20.0,0.0,49.0,3.0,0.0
40884,1,9,99.0,38.0,1.0,0.0,-99.0,4.0,7.0,12.0,35.0,6.0,42.0,1.0,1.0,4.0,99.0,7.0,8.0,0.0,1.0,62.0,7.0,4.0,2.0,12.0,1.0,0.0,JN8AS58T88W0,2008.0,478.0,1913.0,7.0,35.0,Nissan/Datsun,51.0,6.0,1.0,0.0,0.0,998.0,0.0,0.0,0.0,61.0,6.0,12.0,0.0,1.0,1.0,4.0,85544.0,1.0,6.0,3.0,Valid license for this class vehicle,0.0,71.0,185.0,0.0,1.0,1.0,5.0,May,2019.0,9.0,2022.0,0.0,1.0,2.0,55.0,1.0,1.0,2.0,1.0,0.0,12.0,21.0,1.0,1.0,3.0,998.0,4.0,1.0,1.0,0.0,202305166295.0,8.0,1.0,7.0,2.0,1.0,1.0,6.0,49.0,1.0,0.0,1.0,20.0,0.0,35.0,1.0,0.0
40903,1,9,99.0,39.0,1.0,5060.0,-99.0,4.0,13.0,12.0,37.0,14.0,34.0,2.0,1.0,4.0,20.0,7.0,8.0,0.0,1.0,180.0,1.0,4.0,2.0,12.0,2.0,0.0,2HKRM3H59GH5,2016.0,474.0,1865.0,7.0,37.0,Honda,402.0,14.0,1.0,0.0,0.0,80.0,0.0,0.0,0.0,12.0,6.0,12.0,0.0,1.0,1.0,4.0,85234.0,1.0,6.0,3.0,Valid license for this class vehicle,0.0,62.0,140.0,0.0,0.0,1.0,1.0,January,2020.0,7.0,2023.0,4.0,2.0,6.0,25.0,1.0,1.0,2.0,1.0,2.0,1.0,6.0,1.0,1.0,2.0,501.0,4.0,1.0,1.0,0.0,202305024828.0,12.0,7.0,4.0,1.0,1.0,1.0,14.0,66.0,2.0,1.0,1.0,20.0,0.0,37.0,1.0,0.0
40918,2,99,99.0,0.0,1.0,1.0,-99.0,4.0,19.0,12.0,63.0,4.0,58.0,2.0,1.0,4.0,3.0,0.0,3.0,0.0,8.0,0.0,7.0,4.0,2.0,12.0,1.0,0.0,3KPA24AD5LE3,2020.0,499.0,2299.0,13.0,63.0,KIA,32.0,4.0,1.0,0.0,0.0,998.0,0.0,0.0,0.0,1.0,6.0,12.0,0.0,0.0,1.0,4.0,85712.0,1.0,6.0,3.0,Valid license for this class vehicle,1.0,65.0,155.0,0.0,0.0,0.0,0.0,No Record,0.0,0.0,0.0,0.0,1.0,3.0,45.0,1.0,1.0,2.0,1.0,20.0,11.0,15.0,1.0,1.0,3.0,408.0,4.0,1.0,1.0,0.0,202305229851.0,12.0,2.0,9.0,2.0,1.0,1.0,4.0,46.0,2.0,1.0,1.0,8.0,0.0,63.0,2.0,0.0
40922,1,99,99.0,0.0,1.0,0.0,-99.0,4.0,13.0,30.0,35.0,4.0,20.0,2.0,1.0,4.0,20.0,7.0,20.0,2.0,8.0,996.0,1.0,4.0,1.0,30.0,1.0,0.0,1N4AL3AP8JC2,2018.0,478.0,1904.0,13.0,35.0,Nissan/Datsun,47.0,4.0,1.0,0.0,0.0,998.0,7.0,0.0,0.0,12.0,6.0,2.0,1.0,0.0,1.0,4.0,85224.0,1.0,6.0,3.0,Valid license for this class vehicle,0.0,62.0,115.0,0.0,0.0,0.0,0.0,No Record,0.0,0.0,0.0,4.0,2.0,4.0,65.0,1.0,1.0,2.0,1.0,0.0,1.0,13.0,9.0,1.0,4.0,101.0,4.0,1.0,1.0,0.0,202304790517.0,12.0,4.0,3.0,0.0,10.0,1.0,4.0,36.0,1.0,0.0,1.0,20.0,0.0,35.0,2.0,0.0
40923,1,99,99.0,38.0,1.0,1061.0,-99.0,4.0,21.0,12.0,35.0,4.0,84.0,2.0,1.0,4.0,3.0,0.0,8.0,0.0,8.0,996.0,7.0,4.0,2.0,12.0,2.0,0.0,1N4BL4BV5LC2,2020.0,478.0,1904.0,13.0,35.0,Nissan/Datsun,47.0,4.0,1.0,0.0,0.0,10.0,0.0,0.0,0.0,62.0,6.0,12.0,0.0,0.0,1.0,4.0,85139.0,1.0,6.0,3.0,Valid license for this class vehicle,3.0,68.0,175.0,0.0,3.0,0.0,11.0,November,2021.0,8.0,2023.0,0.0,1.0,2.0,0.0,1.0,1.0,2.0,1.0,20.0,12.0,21.0,6.0,1.0,2.0,998.0,4.0,1.0,1.0,0.0,202304957625.0,34.0,5.0,5.0,2.0,1.0,1.0,4.0,30.0,1.0,2.0,1.0,20.0,0.0,35.0,1.0,99.0
40925,1,0,12.0,0.0,1.0,0.0,-99.0,4.0,13.0,12.0,12.0,6.0,66.0,2.0,1.0,2.0,3.0,0.0,8.0,0.0,8.0,996.0,0.0,4.0,4.0,12.0,1.0,0.0,2FMPK4J89JBB,2018.0,460.0,1797.0,7.0,12.0,Ford,24.0,6.0,1.0,0.0,0.0,70.0,0.0,0.0,0.0,12.0,6.0,12.0,0.0,0.0,1.0,4.0,85086.0,1.0,6.0,3.0,Valid license for this class vehicle,3.0,63.0,135.0,0.0,0.0,0.0,0.0,No Record,0.0,0.0,0.0,4.0,3.0,4.0,75.0,1.0,1.0,2.0,1.0,0.0,1.0,6.0,16.0,1.0,2.0,202.0,4.0,0.0,1.0,0.0,202305597366.0,12.0,4.0,12.0,4.0,1.0,1.0,6.0,66.0,2.0,2.0,1.0,8.0,0.0,12.0,1.0,0.0
40925,2,0,0.0,0.0,1.0,0.0,-99.0,4.0,13.0,12.0,63.0,4.0,46.0,1.0,1.0,4.0,3.0,0.0,8.0,0.0,8.0,996.0,7.0,4.0,4.0,12.0,1.0,0.0,KNADH4A36B69,2011.0,499.0,2299.0,13.0,63.0,KIA,32.0,4.0,1.0,0.0,0.0,998.0,0.0,0.0,0.0,6.0,6.0,12.0,0.0,0.0,1.0,4.0,85086.0,1.0,6.0,3.0,Valid license for this class vehicle,3.0,71.0,180.0,0.0,0.0,0.0,0.0,No Record,0.0,0.0,0.0,0.0,3.0,4.0,75.0,1.0,1.0,2.0,1.0,0.0,2.0,53.0,1.0,1.0,1.0,201.0,4.0,1.0,1.0,0.0,202305597366.0,12.0,4.0,12.0,4.0,1.0,1.0,4.0,46.0,1.0,4.0,1.0,8.0,0.0,63.0,2.0,0.0
40925,3,0,0.0,0.0,1.0,0.0,-99.0,4.0,13.0,12.0,48.0,6.0,25.0,1.0,1.0,2.0,3.0,0.0,8.0,0.0,8.0,996.0,0.0,4.0,4.0,12.0,1.0,0.0,JF1GPAA67D28,2013.0,523.0,2235.0,15.0,48.0,Subaru,38.0,6.0,1.0,0.0,0.0,0.0,0.0,0.0,0.0,6.0,6.0,12.0,0.0,0.0,1.0,4.0,86001.0,1.0,6.0,3.0,Valid license for this class vehicle,0.0,71.0,174.0,0.0,0.0,0.0,0.0,No Record,0.0,0.0,0.0,0.0,3.0,4.0,75.0,1.0,1.0,2.0,1.0,0.0,5.0,53.0,1.0,1.0,2.0,998.0,4.0,0.0,1.0,0.0,202305597366.0,12.0,4.0,12.0,4.0,1.0,1.0,6.0,25.0,1.0,2.0,1.0,8.0,0.0,48.0,3.0,0.0
40925,4,0,0.0,0.0,1.0,0.0,-99.0,4.0,13.0,12.0,12.0,67.0,43.0,1.0,1.0,0.0,3.0,0.0,20.0,0.0,8.0,996.0,0.0,4.0,4.0,12.0,1.0,0.0,1FT8W3BT6DEB,2013.0,460.0,1806.0,60.0,12.0,Ford,880.0,67.0,1.0,0.0,0.0,998.0,0.0,0.0,0.0,6.0,2.0,12.0,0.0,0.0,1.0,4.0,85031.0,1.0,6.0,3.0,Valid license for this class vehicle,0.0,64.0,185.0,0.0,0.0,0.0,0.0,No Record,0.0,0.0,0.0,0.0,3.0,4.0,75.0,1.0,1.0,2.0,1.0,0.0,2.0,53.0,1.0,1.0,2.0,998.0,4.0,0.0,1.0,0.0,202305597366.0,12.0,4.0,12.0,4.0,1.0,1.0,67.0,43.0,1.0,0.0,1.0,20.0,0.0,12.0,4.0,0.0
40929,1,99,99.0,28.0,1.0,0.0,-99.0,4.0,25.0,35.0,37.0,4.0,74.0,1.0,1.0,4.0,99.0,7.0,9.0,0.0,8.0,999.0,7.0,4.0,1.0,35.0,1.0,0.0,1HGCR2F86DA2,2013.0,474.0,1861.0,13.0,37.0,Honda,32.0,4.0,1.0,0.0,0.0,998.0,7.0,3.0,6.0,12.0,6.0,2.0,1.0,0.0,1.0,4.0,86301.0,1.0,6.0,3.0,Valid license for this class vehicle,3.0,74.0,235.0,0.0,0.0,0.0,0.0,No Record,0.0,0.0,0.0,4.0,1.0,2.0,35.0,3.0,6.0,2.0,1.0,40.0,14.0,13.0,1.0,1.0,4.0,101.0,4.0,1.0,1.0,0.0,202305270687.0,12.0,2.0,9.0,1.0,1.0,1.0,4.0,48.0,2.0,1.0,1.0,20.0,0.0,37.0,2.0,0.0
40932,1,9,99.0,27.0,1.0,5997.0,-99.0,4.0,25.0,35.0,49.0,34.0,35.0,1.0,1.0,4.0,20.0,7.0,2.0,1.0,1.0,0.0,99.0,4.0,1.0,35.0,1.0,0.0,3TYRX5GNXNT0,2022.0,448.0,2223.0,60.0,49.0,Toyota,472.0,34.0,1.0,0.0,0.0,998.0,7.0,3.0,5.0,98.0,6.0,1.0,0.0,1.0,1.0,4.0,85120.0,1.0,6.0,3.0,Valid license for this class vehicle,0.0,72.0,160.0,0.0,0.0,0.0,11.0,November,2018.0,8.0,2020.0,4.0,3.0,2.0,75.0,1.0,6.0,2.0,1.0,0.0,1.0,6.0,6.0,9.0,4.0,998.0,4.0,99.0,1.0,0.0,202305245487.0,8.0,1.0,9.0,2.0,1.0,1.0,34.0,30.0,1.0,0.0,1.0,20.0,0.0,49.0,1.0,98.0
40937,1,0,99.0,38.0,1.0,9995.0,-99.0,4.0,13.0,12.0,37.0,2.0,68.0,1.0,1.0,4.0,3.0,0.0,1.0,0.0,8.0,995.0,7.0,4.0,2.0,12.0,1.0,0.0,2HGFG12608H5,2008.0,474.0,1863.0,3.0,37.0,Honda,31.0,2.0,1.0,0.0,0.0,998.0,0.0,0.0,0.0,98.0,6.0,12.0,0.0,0.0,1.0,4.0,85301.0,1.0,6.0,3.0,Valid license for this class vehicle,0.0,61.0,130.0,0.0,0.0,0.0,0.0,No Record,0.0,0.0,0.0,0.0,1.0,3.0,40.0,1.0,1.0,2.0,2.0,2.0,11.0,15.0,1.0,1.0,3.0,401.0,4.0,1.0,1.0,0.0,202304700671.0,12.0,5.0,1.0,0.0,2.0,1.0,2.0,20.0,2.0,0.0,1.0,2.0,0.0,37.0,2.0,0.0