ST_CASE,VEH_NO_x,DRIMPAIR_x,DRDISTRACT,DRIVERRF,PER_NO_x,DRUGRES,DRUGACTQTY,STATE_x,COUNTY,HARM_EV_x,MAKE_x,BODY_TYP_x,AGE,SEX,PER_TYP_x,INJ_SEV,REST_USE,REST_MIS,AIR_BAG_x,EJECTION,DRINKING,ALC_RES,HISPANIC,STATE_y,VE_FORMS,HARM_EV_y,NUMOCCS,HIT_RUN,VIN,MOD_YEAR,VPICMAKE,VPICMODEL,VPICBODYCLASS,MAKE_y,MAKENAME,MODEL,BODY_TYP_y,HAZ_INV,HAZ_PLAC,HAZ_ID,TRAV_SP,UNDEROVERRIDE,ROLLOVER,ROLINLOC,IMPACT1,DEFORMED,M_HARM,FIRE_EXP,DR_DRINK,DR_PRES,L_STATE,DR_ZIP,L_TYPE,L_STATUS,L_COMPL,L_COMPLNAME,L_RESTRI,DR_HGT,DR_WGT,PREV_DWI,PREV_SPD,PREV_OTH,FIRST_MO,FIRST_MONAME,FIRST_YR,LAST_MO,LAST_YR,SPEEDREL,VTRAFWAY,VNUM_LAN,VSPD_LIM,VALIGN,VPROFILE,VPAVETYP,VSURCOND,VTRAFCON,P_CRASH1,P_CRASH2,P_CRASH3,PCRASH4,PCRASH5,ACC_CONFIG,STATE,RACE,ORDER,MULTRACE,CASENUM,HARM_EV,DAY_WEEK,MONTH,MAXSEV_IM,WEATHR_IM,PER_NO_y,BODY_TYP,AGE_IM,SEX_IM,INJSEV_IM,PER_TYP_y,AIR_BAG_y,EJECT_IM,MAKE,VEH_NO_y,DRIMPAIR_y
41075,2,99,99.0,0.0,1.0,5063.0,-99.0,4.0,13.0,12.0,35.0,4.0,61.0,1.0,1.0,4.0,3.0,0.0,1.0,7.0,8.0,104.0,7.0,4.0,2.0,12.0,1.0,0.0,1N4AL3AP5DN4,2013.0,478.0,1904.0,13.0,35.0,Nissan/Datsun,47.0,4.0,1.0,0.0,0.0,49.0,1.0,0.0,0.0,12.0,6.0,12.0,0.0,1.0,1.0,4.0,85018.0,1.0,6.0,3.0,Valid license for this class vehicle,0.0,72.0,176.0,0.0,0.0,1.0,3.0,March,2021.0,2.0,2023.0,4.0,5.0,5.0,25.0,1.0,1.0,2.0,1.0,0.0,1.0,66.0,99.0,1.0,1.0,503.0,4.0,1.0,1.0,0.0,202304888683.0,12.0,2.0,4.0,0.0,10.0,1.0,4.0,35.0,2.0,0.0,1.0,20.0,0.0,35.0,1.0,98.0
41076,1,9,0.0,28.0,1.0,0.0,-99.0,4.0,13.0,12.0,20.0,4.0,44.0,2.0,1.0,4.0,99.0,7.0,8.0,1.0,1.0,303.0,7.0,4.0,3.0,12.0,2.0,0.0,1G1ZT51816F2,2006.0,467.0,1834.0,13.0,20.0,Chevrolet,37.0,4.0,1.0,0.0,0.0,998.0,0.0,0.0,0.0,9.0,6.0,12.0,0.0,1.0,1.0,4.0,85281.0,1.0,6.0,3.0,Valid license for this class vehicle,0.0,60.0,170.0,0.0,0.0,0.0,0.0,No Record,0.0,0.0,0.0,0.0,2.0,2.0,75.0,1.0,1.0,2.0,1.0,0.0,1.0,12.0,99.0,1.0,2.0,301.0,4.0,99.0,1.0,0.0,202304758684.0,12.0,7.0,2.0,0.0,1.0,1.0,4.0,40.0,1.0,0.0,1.0,20.0,0.0,20.0,1.0,0.0
41085,1,99,99.0,28.0,1.0,9999.0,-99.0,4.0,13.0,30.0,20.0,4.0,40.0,1.0,1.0,4.0,98.0,7.0,98.0,7.0,8.0,995.0,7.0,4.0,1.0,30.0,1.0,0.0,2G1WB58K2892,2008.0,467.0,1833.0,13.0,20.0,Chevrolet,2.0,4.0,1.0,0.0,0.0,998.0,7.0,3.0,5.0,98.0,7.0,1.0,0.0,0.0,1.0,4.0,85027.0,1.0,6.0,3.0,Valid license for this class vehicle,0.0,69.0,185.0,0.0,0.0,0.0,0.0,No Record,0.0,0.0,0.0,5.0,4.0,2.0,98.0,1.0,8.0,8.0,98.0,0.0,1.0,6.0,16.0,1.0,4.0,102.0,4.0,1.0,1.0,0.0,202304960163.0,12.0,2.0,4.0,0.0,1.0,1.0,4.0,18.0,2.0,0.0,1.0,20.0,0.0,20.0,1.0,0.0
41122,1,9,99.0,28.0,1.0,9999.0,-99.0,4.0,13.0,12.0,37.0,14.0,17.0,2.0,1.0,4.0,20.0,7.0,20.0,0.0,1.0,995.0,1.0,4.0,2.0,12.0,1.0,0.0,JHLRE3H77BC0,2011.0,474.0,1865.0,7.0,37.0,Honda,402.0,14.0,1.0,0.0,0.0,41.0,8.0,0.0,0.0,12.0,6.0,12.0,0.0,1.0,1.0,4.0,85018.0,1.0,6.0,2.0,No valid license for this class vehicle,0.0,65.0,135.0,0.0,0.0,0.0,0.0,No Record,0.0,0.0,0.0,0.0,5.0,3.0,35.0,1.0,1.0,2.0,1.0,0.0,99.0,10.0,99.0,1.0,2.0,301.0,4.0,1.0,1.0,0.0,202304881406.0,12.0,4.0,4.0,3.0,1.0,1.0,14.0,31.0,1.0,3.0,1.0,8.0,0.0,37.0,1.0,99.0
41156,1,0,0.0,26.0,1.0,9999.0,-99.0,4.0,13.0,12.0,49.0,14.0,77.0,8.0,1.0,1.0,3.0,0.0,8.0,0.0,8.0,995.0,0.0,4.0,4.0,12.0,2.0,0.0,2T3WFREV8JW4,2018.0,448.0,2217.0,7.0,49.0,Toyota,402.0,14.0,1.0,0.0,0.0,998.0,0.0,0.0,0.0,12.0,7.0,12.0,0.0,0.0,1.0,4.0,85202.0,1.0,6.0,3.0,Valid license for this class vehicle,3.0,67.0,142.0,0.0,0.0,0.0,0.0,No Record,0.0,0.0,0.0,4.0,3.0,5.0,65.0,1.0,1.0,8.0,1.0,0.0,1.0,51.0,1.0,1.0,1.0,202.0,4.0,0.0,1.0,0.0,202304743041.0,12.0,2.0,1.0,0.0,1.0,1.0,14.0,29.0,2.0,0.0,1.0,20.0,0.0,49.0,2.0,0.0
41170,1,0,0.0,38.0,1.0,9999.0,-99.0,4.0,13.0,12.0,49.0,4.0,77.0,2.0,1.0,1.0,3.0,0.0,8.0,0.0,8.0,995.0,0.0,4.0,2.0,12.0,1.0,0.0,4T1BF1FK2GU5,2016.0,448.0,2469.0,13.0,49.0,Toyota,40.0,4.0,1.0,0.0,0.0,5.0,7.0,0.0,0.0,12.0,7.0,12.0,0.0,0.0,1.0,4.0,85392.0,1.0,6.0,3.0,Valid license for this class vehicle,3.0,65.0,215.0,0.0,0.0,0.0,0.0,No Record,0.0,0.0,0.0,0.0,1.0,2.0,45.0,1.0,1.0,8.0,1.0,20.0,11.0,15.0,1.0,1.0,1.0,414.0,4.0,0.0,1.0,0.0,202304784412.0,12.0,3.0,2.0,2.0,1.0,1.0,4.0,27.0,1.0,0.0,1.0,20.0,0.0,49.0,1.0,98.0
41184,2,0,0.0,0.0,1.0,9999.0,-99.0,4.0,13.0,12.0,35.0,4.0,26.0,1.0,1.0,3.0,3.0,0.0,8.0,0.0,8.0,995.0,0.0,4.0,2.0,12.0,2.0,0.0,1N4AL3AP8DN4,2013.0,478.0,1904.0,13.0,35.0,Nissan/Datsun,47.0,4.0,1.0,0.0,0.0,7.0,0.0,0.0,0.0,61.0,6.0,12.0,0.0,0.0,1.0,4.0,86303.0,1.0,6.0,3.0,Valid license for this class vehicle,0.0,69.0,140.0,0.0,0.0,0.0,0.0,No Record,0.0,0.0,0.0,0.0,0.0,0.0,0.0,0.0,0.0,0.0,0.0,20.0,11.0,15.0,99.0,1.0,1.0,414.0,4.0,0.0,1.0,0.0,202305542558.0,12.0,7.0,11.0,0.0,1.0,1.0,4.0,54.0,2.0,0.0,1.0,20.0,0.0,35.0,1.0,0.0
41192,2,0,0.0,0.0,1.0,9999.0,-99.0,4.0,17.0,12.0,20.0,34.0,67.0,2.0,1.0,0.0,20.0,7.0,20.0,0.0,8.0,995.0,0.0,4.0,2.0,12.0,1.0,0.0,1GCEC14X46Z1,2006.0,467.0,1850.0,60.0,20.0,Chevrolet,481.0,34.0,1.0,0.0,0.0,0.0,7.0,0.0,0.0,6.0,7.0,12.0,0.0,0.0,1.0,4.0,86033.0,1.0,6.0,3.0,Valid license for this class vehicle,0.0,62.0,145.0,0.0,0.0,0.0,0.0,No Record,0.0,0.0,0.0,0.0,1.0,2.0,65.0,1.0,6.0,8.0,1.0,0.0,5.0,53.0,1.0,1.0,1.0,201.0,4.0,0.0,1.0,0.0,202305237381.0,31.0,4.0,9.0,0.0,1.0,1.0,34.0,19.0,1.0,0.0,1.0,20.0,0.0,20.0,1.0,98.0
41208,3,0,0.0,0.0,1.0,9999.0,-99.0,4.0,13.0,12.0,20.0,4.0,31.0,2.0,1.0,2.0,3.0,0.0,8.0,0.0,8.0,995.0,0.0,4.0,4.0,12.0,1.0,0.0,1G1ZD5ST9NF1,2022.0,467.0,1834.0,13.0,20.0,Chevrolet,37.0,4.0,1.0,0.0,0.0,45.0,8.0,0.0,0.0,12.0,6.0,12.0,0.0,0.0,1.0,4.0,85053.0,1.0,6.0,3.0,Valid license for this class vehicle,3.0,63.0,130.0,0.0,0.0,1.0,3.0,March,2022.0,3.0,2022.0,0.0,2.0,6.0,45.0,1.0,1.0,2.0,1.0,0.0,1.0,62.0,99.0,1.0,1.0,998.0,4.0,0.0,1.0,0.0,202305183350.0,24.0,3.0,8.0,2.0,1.0,1.0,4.0,25.0,2.0,0.0,1.0,20.0,0.0,20.0,1.0,0.0
41236,2,0,0.0,10.0,1.0,9995.0,-99.0,4.0,13.0,12.0,35.0,4.0,88.0,1.0,1.0,4.0,3.0,0.0,8.0,0.0,8.0,995.0,7.0,4.0,2.0,12.0,2.0,0.0,1N4AL2AP4BN4,2011.0,478.0,1904.0,13.0,35.0,Nissan/Datsun,47.0,4.0,1.0,0.0,0.0,10.0,0.0,0.0,0.0,63.0,6.0,12.0,0.0,0.0,1.0,4.0,85085.0,1.0,6.0,3.0,Valid license for this class vehicle,0.0,73.0,200.0,0.0,1.0,0.0,12.0,December,2021.0,12.0,2021.0,0.0,0.0,0.0,0.0,0.0,0.0,0.0,0.0,0.0,11.0,15.0,1.0,1.0,7.0,414.0,4.0,1.0,1.0,0.0,202304849103.0,12.0,4.0,3.0,0.0,1.0,1.0,4.0,20.0,2.0,0.0,1.0,2.0,0.0,35.0,2.0,98.0
50002,1,0,0.0,6.0,1.0,2216.0,-99.0,5.0,61.0,42.0,18.0,6.0,50.0,1.0,1.0,4.0,20.0,7.0,1.0,0.0,0.0,0.0,7.0,5.0,1.0,42.0,1.0,0.0,5GAKRBED5BJ1,2011.0,468.0,1841.0,7.0,18.0,Buick / Opel,24.0,6.0,1.0,0.0,0.0,998.0,7.0,3.0,6.0,12.0,6.0,42.0,0.0,0.0,1.0,5.0,71833.0,1.0,6.0,3.0,Valid license for this class vehicle,0.0,72.0,210.0,0.0,1.0,0.0,3.0,March,2020.0,3.0,2020.0,0.0,1.0,2.0,55.0,3.0,5.0,2.0,1.0,0.0,14.0,13.0,6.0,4.0,4.0,101.0,5.0,1.0,1.0,0.0,202305152808.0,2.0,6.0,8.0,0.0,2.0,1.0,6.0,55.0,2.0,0.0,1.0,20.0,0.0,18.0,1.0,0.0
50025,1,99,0.0,0.0,1.0,9999.0,-99.0,5.0,53.0,12.0,20.0,14.0,61.0,2.0,1.0,4.0,3.0,0.0,8.0,0.0,0.0,995.0,7.0,5.0,2.0,12.0,1.0,0.0,1GNALDEK8DZ1,2013.0,467.0,1847.0,7.0,20.0,Chevrolet,404.0,14.0,1.0,0.0,0.0,998.0,0.0,0.0,0.0,12.0,6.0,12.0,0.0,0.0,1.0,5.0,71652.0,1.0,6.0,3.0,Valid license for this class vehicle,0.0,70.0,198.0,0.0,0.0,0.0,0.0,No Record,0.0,0.0,0.0,0.0,5.0,5.0,60.0,1.0,1.0,2.0,1.0,0.0,1.0,62.0,99.0,1.0,1.0,302.0,5.0,1.0,1.0,0.0,202305627584.0,12.0,2.0,11.0,0.0,1.0,1.0,14.0,40.0,2.0,0.0,1.0,20.0,0.0,20.0,2.0,0.0
50025,2,99,99.0,36.0,1.0,0.0,-99.0,5.0,53.0,12.0,49.0,4.0,76.0,2.0,1.0,4.0,3.0,0.0,8.0,0.0,9.0,996.0,7.0,5.0,2.0,12.0,1.0,0.0,5YFEPMAE8NP2,2022.0,448.0,2208.0,13.0,49.0,Toyota,32.0,4.0,1.0,0.0,0.0,998.0,0.0,0.0,0.0,12.0,6.0,12.0,0.0,0.0,1.0,5.0,71913.0,1.0,6.0,3.0,Valid license for this class vehicle,0.0,64.0,133.0,0.0,0.0,0.0,10.0,October,2022.0,10.0,2022.0,0.0,5.0,5.0,60.0,1.0,1.0,2.0,1.0,0.0,1.0,10.0,99.0,1.0,2.0,301.0,5.0,1.0,1.0,0.0,202305023329.0,24.0,2.0,6.0,1.0,1.0,1.0,4.0,33.0,2.0,1.0,1.0,8.0,0.0,49.0,1.0,10.0
50029,1,0,0.0,0.0,1.0,5997.0,-99.0,5.0,119.0,12.0,49.0,14.0,18.0,1.0,1.0,0.0,3.0,0.0,1.0,0.0,0.0,996.0,0.0,5.0,2.0,12.0,1.0,0.0,JTEBU5JRXH54,2017.0,448.0,2216.0,7.0,49.0,Toyota,401.0,14.0,1.0,0.0,0.0,998.0,0.0,0.0,0.0,12.0,6.0,12.0,0.0,0.0,1.0,5.0,72205.0,1.0,6.0,3.0,Valid license for this class vehicle,0.0,72.0,135.0,0.0,0.0,0.0,0.0,No Record,0.0,0.0,0.0,0.0,1.0,2.0,40.0,1.0,1.0,2.0,2.0,0.0,1.0,62.0,1.0,1.0,1.0,302.0,5.0,0.0,1.0,0.0,202305065247.0,14.0,6.0,6.0,0.0,1.0,1.0,14.0,17.0,2.0,0.0,1.0,20.0,0.0,49.0,1.0,0.0
50043,1,99,0.0,87.0,1.0,1.0,-99.0,5.0,125.0,34.0,20.0,34.0,21.0,1.0,1.0,4.0,20.0,7.0,8.0,0.0,0.0,0.0,7.0,5.0,1.0,34.0,2.0,0.0,2GCEK19T0211,2002.0,467.0,1850.0,60.0,20.0,Chevrolet,481.0,34.0,1.0,0.0,0.0,998.0,7.0,0.0,0.0,14.0,6.0,42.0,0.0,0.0,1.0,5.0,72103.0,1.0,6.0,3.0,Valid license for this class vehicle,0.0,76.0,235.0,0.0,0.0,0.0,0.0,No Record,0.0,0.0,0.0,4.0,1.0,2.0,45.0,2.0,3.0,2.0,2.0,0.0,14.0,13.0,7.0,2.0,4.0,101.0,5.0,1.0,1.0,0.0,202305360912.0,12.0,1.0,10.0,3.0,1.0,1.0,34.0,42.0,1.0,0.0,1.0,99.0,0.0,20.0,1.0,99.0
50053,1,99,99.0,0.0,1.0,1.0,-99.0,5.0,119.0,42.0,2.0,15.0,26.0,1.0,1.0,4.0,20.0,7.0,9.0,0.0,0.0,0.0,1.0,5.0,1.0,42.0,1.0,0.0,1C4RJFBG2HC8,2017.0,483.0,1949.0,7.0,2.0,Jeep / Kaiser-Jeep / Willys- Jeep,422.0,15.0,1.0,0.0,0.0,998.0,7.0,3.0,3.0,3.0,6.0,42.0,0.0,0.0,1.0,5.0,72076.0,0.0,0.0,0.0,Not licensed,0.0,999.0,999.0,0.0,0.0,0.0,0.0,No Record,0.0,0.0,0.0,9.0,2.0,2.0,65.0,1.0,5.0,2.0,2.0,0.0,1.0,9.0,99.0,4.0,4.0,102.0,5.0,98.0,1.0,0.0,202305516057.0,11.0,4.0,12.0,0.0,1.0,1.0,15.0,85.0,2.0,0.0,1.0,20.0,0.0,2.0,1.0,0.0
50055,1,0,0.0,39.0,1.0,0.0,-99.0,5.0,119.0,12.0,55.0,4.0,80.0,1.0,1.0,4.0,3.0,0.0,1.0,0.0,0.0,996.0,7.0,5.0,2.0,12.0,1.0,0.0,5NPEU46F97H2,2007.0,498.0,2459.0,13.0,55.0,Hyundai,33.0,4.0,1.0,0.0,0.0,998.0,0.0,0.0,0.0,9.0,6.0,12.0,0.0,0.0,1.0,5.0,72076.0,1.0,6.0,3.0,Valid license for this class vehicle,0.0,70.0,150.0,0.0,0.0,0.0,0.0,No Record,0.0,0.0,0.0,0.0,1.0,2.0,98.0,1.0,1.0,1.0,1.0,20.0,1.0,17.0,99.0,1.0,1.0,504.0,5.0,1.0,1.0,0.0,202305536339.0,12.0,6.0,12.0,2.0,5.0,1.0,4.0,28.0,1.0,1.0,1.0,20.0,0.0,55.0,2.0,0.0
50065,1,99,0.0,60.0,1.0,0.0,-99.0,5.0,19.0,12.0,12.0,34.0,58.0,2.0,1.0,3.0,3.0,0.0,9.0,0.0,1.0,995.0,0.0,5.0,2.0,12.0,2.0,0.0,1FTER4EH6KLA,2019.0,460.0,1803.0,60.0,12.0,Ford,471.0,34.0,1.0,0.0,0.0,998.0,0.0,0.0,0.0,12.0,6.0,12.0,0.0,1.0,1.0,5.0,71857.0,1.0,1.0,2.0,No valid license for this class vehicle,0.0,65.0,135.0,1.0,0.0,3.0,6.0,June,2020.0,12.0,2022.0,0.0,0.0,0.0,0.0,0.0,0.0,0.0,0.0,0.0,11.0,15.0,99.0,1.0,7.0,416.0,5.0,0.0,1.0,0.0,202304886203.0,12.0,3.0,3.0,0.0,1.0,1.0,34.0,85.0,1.0,0.0,1.0,20.0,0.0,12.0,2.0,0.0
50066,1,9,0.0,58.0,1.0,3026.0,-99.0,5.0,59.0,34.0,7.0,4.0,43.0,1.0,1.0,4.0,20.0,7.0,1.0,0.0,1.0,128.0,7.0,5.0,1.0,34.0,2.0,0.0,2C3CDXCT8MH5,2021.0,476.0,1895.0,13.0,7.0,Dodge,24.0,4.0,1.0,0.0,0.0,998.0,7.0,3.0,5.0,12.0,6.0,1.0,0.0,1.0,1.0,5.0,71929.0,1.0,6.0,3.0,Valid license for this class vehicle,0.0,76.0,350.0,0.0,1.0,0.0,11.0,November,2020.0,11.0,2020.0,4.0,1.0,2.0,55.0,3.0,1.0,2.0,1.0,0.0,14.0,6.0,6.0,4.0,4.0,102.0,5.0,1.0,1.0,0.0,202304707920.0,12.0,3.0,1.0,3.0,1.0,1.0,4.0,40.0,1.0,0.0,1.0,8.0,0.0,7.0,1.0,2.0
50080,1,99,99.0,58.0,1.0,2216.0,-99.0,5.0,137.0,42.0,2.0,14.0,74.0,1.0,1.0,4.0,20.0,7.0,1.0,0.0,0.0,0.0,7.0,5.0,1.0,42.0,1.0,0.0,1J4FA49S24P7,2004.0,483.0,1943.0,7.0,2.0,Jeep / Kaiser-Jeep / Willys- Jeep,403.0,14.0,1.0,0.0,0.0,998.0,7.0,0.0,0.0,10.0,6.0,42.0,0.0,0.0,1.0,5.0,72560.0,1.0,6.0,3.0,Valid license for this class vehicle,1.0,72.0,165.0,0.0,0.0,0.0,0.0,No Record,0.0,0.0,0.0,9.0,1.0,2.0,55.0,3.0,6.0,2.0,1.0,0.0,14.0,13.0,6.0,1.0,4.0,101.0,5.0,1.0,1.0,0.0,202305080186.0,12.0,4.0,7.0,4.0,1.0,1.0,14.0,32.0,1.0,4.0,1.0,1.0,0.0,2.0,2.0,0.0
50082,1,99,99.0,6.0,1.0,5997.0,-99.0,5.0,125.0,12.0,55.0,4.0,31.0,2.0,1.0,4.0,20.0,7.0,9.0,2.0,1.0,149.0,7.0,5.0,2.0,12.0,1.0,0.0,5NPD84LF0LH5,2020.0,498.0,2735.0,13.0,55.0,Hyundai,35.0,4.0,1.0,0.0,0.0,998.0,0.0,3.0,5.0,12.0,6.0,35.0,0.0,1.0,1.0,8.0,72019.0,1.0,6.0,3.0,Valid license for this class vehicle,9.0,69.0,150.0,0.0,0.0,0.0,0.0,No Record,0.0,0.0,0.0,3.0,4.0,2.0,55.0,1.0,1.0,2.0,1.0,0.0,6.0,51.0,99.0,1.0,3.0,202.0,5.0,1.0,1.0,0.0,202304638695.0,12.0,3.0,1.0,0.0,1.0,1.0,4.0,27.0,2.0,0.0,1.0,20.0,0.0,55.0,2.0,0.0
50088,1,99,99.0,6.0,1.0,3026.0,-99.0,5.0,117.0,42.0,37.0,14.0,34.0,1.0,1.0,4.0,3.0,0.0,9.0,0.0,0.0,0.0,7.0,5.0,1.0,42.0,1.0,0.0,2HKRM4H76EH6,2014.0,474.0,1865.0,7.0,37.0,Honda,402.0,14.0,1.0,0.0,0.0,998.0,7.0,0.0,0.0,1.0,6.0,42.0,0.0,0.0,1.0,5.0,72701.0,1.0,6.0,3.0,Valid license for this class vehicle,0.0,68.0,130.0,0.0,0.0,0.0,0.0,No Record,0.0,0.0,0.0,9.0,3.0,2.0,75.0,1.0,1.0,2.0,1.0,0.0,1.0,9.0,99.0,1.0,4.0,101.0,5.0,1.0,1.0,0.0,202305165954.0,38.0,4.0,8.0,3.0,1.0,1.0,14.0,77.0,2.0,3.0,1.0,20.0,0.0,37.0,1.0,0.0
50092,1,9,0.0,6.0,1.0,5997.0,-99.0,5.0,119.0,1.0,35.0,4.0,31.0,2.0,1.0,3.0,20.0,7.0,8.0,1.0,1.0,133.0,0.0,5.0,1.0,1.0,3.0,0.0,3N1AB7AP5KY3,2019.0,478.0,1907.0,13.0,35.0,Nissan/Datsun,43.0,4.0,1.0,0.0,0.0,998.0,7.0,3.0,3.0,0.0,6.0,1.0,0.0,1.0,1.0,5.0,72117.0,1.0,1.0,2.0,No valid license for this class vehicle,0.0,67.0,208.0,0.0,0.0,0.0,0.0,No Record,0.0,0.0,0.0,4.0,2.0,3.0,75.0,1.0,1.0,2.0,2.0,0.0,1.0,12.0,7.0,3.0,4.0,102.0,5.0,0.0,1.0,0.0,202304964023.0,12.0,7.0,5.0,0.0,1.0,1.0,4.0,45.0,1.0,0.0,1.0,20.0,0.0,35.0,2.0,0.0
50097,1,0,15.0,6.0,1.0,5997.0,-99.0,5.0,45.0,1.0,63.0,6.0,22.0,1.0,1.0,4.0,3.0,0.0,9.0,0.0,0.0,0.0,7.0,5.0,1.0,1.0,1.0,0.0,KNDJN2A24G72,2016.0,499.0,2460.0,7.0,63.0,KIA,37.0,6.0,1.0,0.0,0.0,998.0,7.0,3.0,3.0,0.0,6.0,42.0,0.0,0.0,1.0,5.0,72012.0,1.0,6.0,3.0,Valid license for this class vehicle,3.0,69.0,225.0,0.0,0.0,2.0,7.0,July,2022.0,12.0,2022.0,9.0,2.0,3.0,75.0,1.0,1.0,2.0,2.0,0.0,1.0,12.0,99.0,1.0,4.0,102.0,5.0,1.0,1.0,0.0,202305623022.0,12.0,4.0,12.0,0.0,1.0,1.0,6.0,41.0,2.0,0.0,1.0,20.0,0.0,63.0,2.0,0.0
50099,1,99,99.0,36.0,1.0,5997.0,-99.0,5.0,51.0,12.0,34.0,1.0,46.0,1.0,1.0,4.0,3.0,0.0,20.0,1.0,0.0,11.0,1.0,5.0,2.0,12.0,1.0,0.0,WBABW53404PJ,2004.0,452.0,2763.0,1.0,34.0,BMW,34.0,1.0,1.0,0.0,0.0,998.0,0.0,3.0,5.0,3.0,6.0,42.0,0.0,1.0,1.0,5.0,71933.0,1.0,6.0,3.0,Valid license for this class vehicle,3.0,71.0,250.0,0.0,0.0,0.0,0.0,No Record,0.0,0.0,0.0,3.0,1.0,2.0,45.0,1.0,1.0,2.0,1.0,0.0,1.0,67.0,6.0,1.0,2.0,998.0,5.0,1.0,1.0,0.0,202305270369.0,12.0,4.0,9.0,1.0,1.0,1.0,1.0,24.0,1.0,1.0,1.0,20.0,0.0,34.0,2.0,0.0
50099,2,0,99.0,38.0,1.0,1.0,-99.0,5.0,51.0,12.0,20.0,4.0,73.0,1.0,1.0,1.0,3.0,0.0,1.0,0.0,0.0,0.0,0.0,5.0,2.0,12.0,3.0,0.0,1G1ZC5E01CF1,2012.0,467.0,1834.0,13.0,20.0,Chevrolet,37.0,4.0,1.0,0.0,0.0,998.0,0.0,0.0,0.0,12.0,6.0,12.0,0.0,0.0,1.0,29.0,71913.0,1.0,6.0,3.0,Valid license for this class vehicle,0.0,69.0,194.0,0.0,0.0,0.0,0.0,No Record,0.0,0.0,0.0,0.0,1.0,2.0,45.0,1.0,1.0,2.0,1.0,20.0,11.0,15.0,99.0,1.0,1.0,998.0,5.0,0.0,1.0,0.0,202305092924.0,11.0,3.0,7.0,0.0,1.0,1.0,4.0,64.0,1.0,0.0,1.0,20.0,0.0,20.0,1.0,0.0
50104,1,0,5.0,28.0,1.0,5997.0,-99.0,5.0,9.0,12.0,35.0,34.0,20.0,1.0,1.0,4.0,20.0,7.0,9.0,0.0,0.0,998.0,7.0,5.0,2.0,12.0,1.0,0.0,1N6AD0EV9KN7,2019.0,478.0,1919.0,60.0,35.0,Nissan/Datsun,472.0,34.0,1.0,0.0,0.0,998.0,0.0,0.0,0.0,12.0,6.0,12.0,0.0,0.0,1.0,5.0,72662.0,1.0,6.0,3.0,Valid license for this class vehicle,0.0,75.0,200.0,0.0,1.0,0.0,10.0,October,2022.0,10.0,2022.0,0.0,1.0,2.0,55.0,1.0,1.0,2.0,1.0,0.0,1.0,10.0,99.0,2.0,2.0,301.0,5.0,1.0,1.0,0.0,202305048859.0,12.0,1.0,5.0,5.0,1.0,1.0,34.0,65.0,1.0,0.0,1.0,20.0,0.0,35.0,2.0,0.0
50111,2,0,0.0,0.0,1.0,1.0,-99.0,5.0,15.0,12.0,49.0,14.0,51.0,2.0,1.0,0.0,3.0,0.0,20.0,0.0,0.0,0.0,0.0,5.0,2.0,12.0,1.0,0.0,JTEBU5JR4E51,2014.0,448.0,2216.0,7.0,49.0,Toyota,401.0,14.0,1.0,0.0,0.0,998.0,7.0,0.0,0.0,11.0,6.0,12.0,0.0,0.0,1.0,5.0,72638.0,1.0,6.0,3.0,Valid license for this class vehicle,0.0,67.0,150.0,0.0,0.0,0.0,0.0,No Record,0.0,0.0,0.0,0.0,1.0,2.0,55.0,2.0,5.0,2.0,1.0,0.0,14.0,62.0,99.0,1.0,1.0,303.0,5.0,0.0,1.0,0.0,202304951478.0,17.0,2.0,4.0,1.0,1.0,1.0,14.0,34.0,1.0,1.0,1.0,20.0,0.0,49.0,1.0,2.0
50116,1,99,0.0,36.0,1.0,5997.0,-99.0,5.0,119.0,12.0,7.0,4.0,20.0,1.0,1.0,2.0,3.0,0.0,20.0,0.0,0.0,0.0,0.0,5.0,2.0,12.0,2.0,0.0,2C3CDXCT3CH2,2012.0,476.0,1895.0,13.0,7.0,Dodge,24.0,4.0,1.0,0.0,0.0,998.0,0.0,0.0,0.0,12.0,6.0,12.0,0.0,0.0,1.0,5.0,72117.0,0.0,0.0,0.0,Not licensed,0.0,70.0,120.0,0.0,0.0,0.0,0.0,No Record,0.0,0.0,0.0,0.0,3.0,3.0,65.0,1.0,6.0,1.0,1.0,0.0,1.0,51.0,99.0,1.0,1.0,202.0,5.0,0.0,1.0,0.0,202305192957.0,12.0,1.0,8.0,3.0,1.0,1.0,4.0,28.0,1.0,0.0,1.0,20.0,0.0,7.0,4.0,0.0
50119,1,0,0.0,38.0,1.0,0.0,-99.0,5.0,45.0,12.0,63.0,6.0,60.0,2.0,1.0,3.0,3.0,0.0,9.0,0.0,0.0,996.0,0.0,5.0,2.0,12.0,2.0,0.0,KNDJN2A22G73,2016.0,499.0,2460.0,7.0,63.0,KIA,37.0,6.0,1.0,0.0,0.0,998.0,0.0,0.0,0.0,11.0,6.0,12.0,0.0,0.0,1.0,5.0,72157.0,1.0,6.0,3.0,Valid license for this class vehicle,0.0,63.0,190.0,0.0,0.0,0.0,0.0,No Record,0.0,0.0,0.0,0.0,0.0,0.0,0.0,0.0,0.0,0.0,0.0,0.0,11.0,15.0,99.0,1.0,1.0,414.0,5.0,0.0,1.0,0.0,202305266944.0,12.0,3.0,9.0,0.0,1.0,1.0,6.0,57.0,1.0,0.0,1.0,20.0,0.0,63.0,1.0,0.0
50127,1,99,99.0,6.0,1.0,3026.0,-99.0,5.0,125.0,42.0,35.0,6.0,19.0,2.0,1.0,4.0,20.0,7.0,1.0,0.0,0.0,0.0,7.0,5.0,1.0,42.0,1.0,0.0,KNMAT2MT3JP5,2018.0,478.0,1913.0,8.0,35.0,Nissan/Datsun,51.0,6.0,1.0,0.0,0.0,998.0,7.0,0.0,0.0,12.0,6.0,42.0,1.0,0.0,1.0,5.0,72170.0,1.0,6.0,3.0,Valid license for this class vehicle,3.0,65.0,250.0,0.0,0.0,0.0,0.0,No Record,0.0,0.0,0.0,3.0,1.0,2.0,45.0,3.0,1.0,2.0,1.0,0.0,14.0,13.0,99.0,1.0,4.0,101.0,5.0,1.0,1.0,0.0,202305058868.0,12.0,3.0,6.0,0.0,1.0,1.0,6.0,37.0,2.0,0.0,1.0,1.0,0.0,35.0,2.0,0.0