ST_CASE,VEH_NO_x,DRIMPAIR_x,DRDISTRACT,DRIVERRF,PER_NO_x,DRUGRES,DRUGACTQTY,STATE_x,COUNTY,HARM_EV_x,MAKE_x,BODY_TYP_x,AGE,SEX,PER_TYP_x,INJ_SEV,REST_USE,REST_MIS,AIR_BAG_x,EJECTION,DRINKING,ALC_RES,HISPANIC,STATE_y,VE_FORMS,HARM_EV_y,NUMOCCS,HIT_RUN,VIN,MOD_YEAR,VPICMAKE,VPICMODEL,VPICBODYCLASS,MAKE_y,MAKENAME,MODEL,BODY_TYP_y,HAZ_INV,HAZ_PLAC,HAZ_ID,TRAV_SP,UNDEROVERRIDE,ROLLOVER,ROLINLOC,IMPACT1,DEFORMED,M_HARM,FIRE_EXP,DR_DRINK,DR_PRES,L_STATE,DR_ZIP,L_TYPE,L_STATUS,L_COMPL,L_COMPLNAME,L_RESTRI,DR_HGT,DR_WGT,PREV_DWI,PREV_SPD,PREV_OTH,FIRST_MO,FIRST_MONAME,FIRST_YR,LAST_MO,LAST_YR,SPEEDREL,VTRAFWAY,VNUM_LAN,VSPD_LIM,VALIGN,VPROFILE,VPAVETYP,VSURCOND,VTRAFCON,P_CRASH1,P_CRASH2,P_CRASH3,PCRASH4,PCRASH5,ACC_CONFIG,STATE,RACE,ORDER,MULTRACE,CASENUM,HARM_EV,DAY_WEEK,MONTH,MAXSEV_IM,WEATHR_IM,PER_NO_y,BODY_TYP,AGE_IM,SEX_IM,INJSEV_IM,PER_TYP_y,AIR_BAG_y,EJECT_IM,MAKE,VEH_NO_y,DRIMPAIR_y
50275,2,99,99.0,38.0,1.0,1.0,-99.0,5.0,53.0,12.0,86.0,66.0,43.0,1.0,1.0,0.0,3.0,0.0,20.0,0.0,0.0,0.0,0.0,5.0,2.0,12.0,1.0,0.0,1M1PN4GY4NM0,2022.0,490.0,20844.0,66.0,86.0,Mack,881.0,66.0,1.0,0.0,0.0,998.0,0.0,0.0,0.0,4.0,0.0,12.0,0.0,0.0,1.0,5.0,71742.0,1.0,6.0,3.0,Valid license for this class vehicle,1.0,70.0,225.0,0.0,1.0,0.0,4.0,April,2020.0,4.0,2020.0,9.0,1.0,2.0,55.0,1.0,6.0,2.0,1.0,0.0,11.0,15.0,99.0,1.0,1.0,408.0,5.0,0.0,1.0,0.0,202305205299.0,12.0,6.0,8.0,2.0,1.0,1.0,66.0,53.0,1.0,2.0,1.0,20.0,0.0,86.0,2.0,0.0
50277,1,0,0.0,38.0,1.0,1.0,-99.0,5.0,109.0,12.0,49.0,34.0,28.0,1.0,1.0,0.0,3.0,0.0,9.0,0.0,0.0,0.0,0.0,5.0,2.0,12.0,1.0,0.0,5TFTX4CN5FX0,2015.0,448.0,2223.0,60.0,49.0,Toyota,472.0,34.0,1.0,0.0,0.0,998.0,7.0,0.0,0.0,12.0,6.0,12.0,0.0,0.0,1.0,5.0,71743.0,1.0,6.0,3.0,Valid license for this class vehicle,0.0,68.0,160.0,0.0,0.0,0.0,0.0,No Record,0.0,0.0,0.0,0.0,1.0,2.0,5.0,3.0,1.0,2.0,1.0,0.0,98.0,15.0,7.0,1.0,2.0,303.0,5.0,0.0,1.0,0.0,202305542652.0,12.0,3.0,10.0,0.0,1.0,1.0,34.0,35.0,1.0,0.0,1.0,20.0,0.0,49.0,2.0,0.0
50278,1,0,0.0,0.0,1.0,1.0,-99.0,5.0,59.0,12.0,82.0,66.0,33.0,1.0,1.0,0.0,3.0,0.0,20.0,0.0,0.0,0.0,0.0,5.0,2.0,12.0,2.0,0.0,3AKJHHDR0MSM,2021.0,450.0,2501.0,66.0,82.0,Freightliner,881.0,66.0,1.0,0.0,0.0,998.0,2.0,0.0,0.0,6.0,6.0,12.0,0.0,0.0,1.0,96.0,0.0,1.0,6.0,3.0,Valid license for this class vehicle,0.0,999.0,999.0,99.0,99.0,99.0,99.0,Unknown,9999.0,99.0,9999.0,0.0,3.0,2.0,70.0,1.0,1.0,2.0,1.0,0.0,1.0,53.0,99.0,1.0,1.0,201.0,5.0,0.0,1.0,0.0,202305540689.0,12.0,7.0,12.0,0.0,10.0,1.0,66.0,41.0,1.0,0.0,1.0,20.0,0.0,82.0,1.0,98.0
50279,1,0,0.0,38.0,1.0,9029.0,-99.0,5.0,83.0,12.0,30.0,6.0,75.0,1.0,1.0,0.0,3.0,0.0,1.0,0.0,0.0,0.0,0.0,5.0,2.0,12.0,2.0,0.0,3VWPL7AJ0BM6,2011.0,482.0,8364.0,15.0,30.0,Volkswagen,40.0,6.0,1.0,0.0,0.0,998.0,7.0,0.0,0.0,12.0,6.0,12.0,0.0,0.0,1.0,5.0,72855.0,1.0,6.0,3.0,Valid license for this class vehicle,3.0,73.0,300.0,0.0,0.0,0.0,0.0,No Record,0.0,0.0,0.0,0.0,1.0,2.0,98.0,1.0,8.0,8.0,1.0,20.0,11.0,15.0,99.0,1.0,1.0,416.0,5.0,0.0,1.0,0.0,202304908870.0,11.0,4.0,5.0,0.0,10.0,1.0,6.0,23.0,1.0,0.0,1.0,20.0,0.0,30.0,1.0,0.0
50284,1,1,0.0,0.0,1.0,9999.0,-99.0,5.0,109.0,38.0,49.0,14.0,40.0,2.0,1.0,2.0,3.0,0.0,8.0,0.0,0.0,995.0,0.0,5.0,1.0,38.0,3.0,0.0,JTEBU5JR6K56,2019.0,448.0,2216.0,7.0,49.0,Toyota,401.0,14.0,1.0,0.0,0.0,998.0,7.0,0.0,0.0,12.0,6.0,42.0,0.0,0.0,1.0,5.0,71950.0,1.0,6.0,3.0,Valid license for this class vehicle,0.0,67.0,130.0,0.0,0.0,0.0,0.0,No Record,0.0,0.0,0.0,0.0,1.0,2.0,55.0,3.0,1.0,2.0,1.0,0.0,14.0,98.0,1.0,1.0,4.0,101.0,5.0,0.0,1.0,0.0,202305093004.0,12.0,6.0,6.0,1.0,1.0,1.0,14.0,38.0,2.0,1.0,1.0,1.0,0.0,49.0,1.0,98.0
50287,1,99,99.0,0.0,1.0,1.0,-99.0,5.0,45.0,24.0,7.0,20.0,58.0,1.0,1.0,4.0,20.0,7.0,1.0,1.0,0.0,352.0,3.0,5.0,1.0,24.0,1.0,0.0,2D4GP44L15R3,2005.0,476.0,1942.0,9.0,7.0,Dodge,442.0,20.0,1.0,0.0,0.0,998.0,7.0,0.0,0.0,1.0,6.0,25.0,0.0,1.0,1.0,32.0,72088.0,1.0,6.0,3.0,Valid license for this class vehicle,0.0,68.0,290.0,0.0,0.0,0.0,0.0,No Record,0.0,0.0,0.0,9.0,3.0,3.0,75.0,1.0,1.0,1.0,1.0,0.0,1.0,9.0,99.0,1.0,4.0,101.0,5.0,1.0,1.0,0.0,202305273255.0,12.0,5.0,9.0,1.0,1.0,1.0,20.0,33.0,1.0,0.0,1.0,1.0,0.0,7.0,1.0,98.0
50298,1,99,99.0,6.0,1.0,5997.0,-99.0,5.0,115.0,59.0,49.0,4.0,22.0,1.0,1.0,4.0,3.0,0.0,8.0,0.0,0.0,0.0,7.0,5.0,1.0,59.0,3.0,0.0,5YFBU4EE1DP1,2013.0,448.0,2208.0,13.0,49.0,Toyota,32.0,4.0,1.0,0.0,0.0,998.0,7.0,0.0,0.0,98.0,6.0,42.0,0.0,0.0,1.0,5.0,72210.0,1.0,6.0,3.0,Valid license for this class vehicle,0.0,63.0,145.0,0.0,2.0,0.0,3.0,March,2023.0,8.0,2023.0,9.0,3.0,2.0,75.0,1.0,1.0,2.0,1.0,0.0,1.0,13.0,99.0,1.0,4.0,101.0,5.0,2.0,1.0,0.0,202305023491.0,12.0,4.0,6.0,0.0,10.0,1.0,4.0,75.0,2.0,0.0,1.0,20.0,0.0,49.0,1.0,0.0
50303,1,0,0.0,0.0,1.0,0.0,-99.0,5.0,55.0,19.0,20.0,34.0,80.0,1.0,1.0,4.0,3.0,0.0,20.0,0.0,0.0,996.0,7.0,5.0,1.0,19.0,1.0,0.0,2GCEC13V7711,2007.0,467.0,1850.0,60.0,20.0,Chevrolet,481.0,34.0,1.0,0.0,0.0,998.0,7.0,0.0,0.0,12.0,6.0,19.0,0.0,0.0,1.0,5.0,72443.0,1.0,6.0,3.0,Valid license for this class vehicle,3.0,67.0,200.0,0.0,0.0,0.0,0.0,No Record,0.0,0.0,0.0,0.0,1.0,2.0,35.0,1.0,6.0,2.0,2.0,0.0,1.0,12.0,99.0,1.0,4.0,102.0,5.0,1.0,1.0,0.0,202305435219.0,12.0,1.0,11.0,3.0,1.0,1.0,34.0,59.0,1.0,0.0,1.0,20.0,0.0,20.0,3.0,98.0
50310,1,99,99.0,28.0,1.0,3019.0,-99.0,5.0,45.0,12.0,58.0,14.0,33.0,2.0,1.0,4.0,20.0,7.0,8.0,0.0,9.0,0.0,7.0,5.0,2.0,12.0,1.0,0.0,5N1AL0MM4FC5,2015.0,480.0,1910.0,8.0,58.0,Infiniti,403.0,14.0,1.0,0.0,0.0,998.0,0.0,0.0,0.0,12.0,6.0,12.0,0.0,0.0,1.0,5.0,72173.0,1.0,1.0,2.0,No valid license for this class vehicle,0.0,62.0,140.0,0.0,2.0,3.0,1.0,January,2019.0,6.0,2023.0,9.0,5.0,3.0,55.0,1.0,1.0,2.0,1.0,0.0,1.0,10.0,99.0,1.0,2.0,301.0,5.0,1.0,1.0,0.0,202305225494.0,9.0,4.0,8.0,1.0,1.0,1.0,14.0,42.0,2.0,0.0,1.0,20.0,0.0,58.0,1.0,98.0
50313,1,99,99.0,47.0,1.0,1.0,-99.0,5.0,35.0,12.0,49.0,4.0,32.0,1.0,1.0,2.0,3.0,0.0,9.0,0.0,0.0,0.0,0.0,5.0,2.0,12.0,1.0,0.0,4T1BE46KX7U0,2007.0,448.0,2469.0,13.0,49.0,Toyota,40.0,4.0,1.0,0.0,0.0,998.0,7.0,0.0,0.0,1.0,6.0,12.0,0.0,0.0,1.0,97.0,0.0,9.0,9.0,9.0,Unknown,9.0,999.0,999.0,99.0,99.0,99.0,99.0,Unknown,9999.0,99.0,9999.0,0.0,5.0,5.0,45.0,1.0,1.0,2.0,1.0,0.0,11.0,15.0,1.0,1.0,1.0,401.0,5.0,0.0,1.0,0.0,202304738010.0,12.0,5.0,2.0,1.0,2.0,1.0,4.0,43.0,1.0,0.0,1.0,1.0,0.0,49.0,1.0,9.0
50322,1,99,99.0,58.0,1.0,9999.0,-99.0,5.0,33.0,24.0,37.0,80.0,40.0,1.0,1.0,4.0,20.0,7.0,20.0,8.0,9.0,995.0,7.0,5.0,1.0,24.0,1.0,0.0,JH2SC57046M2,2006.0,474.0,11975.0,80.0,37.0,Honda,706.0,80.0,1.0,0.0,0.0,998.0,7.0,8.0,8.0,1.0,6.0,24.0,0.0,0.0,1.0,5.0,72934.0,1.0,6.0,3.0,Valid license for this class vehicle,0.0,74.0,190.0,0.0,0.0,0.0,0.0,No Record,0.0,0.0,0.0,4.0,1.0,2.0,35.0,3.0,1.0,2.0,1.0,0.0,14.0,6.0,7.0,2.0,4.0,101.0,5.0,1.0,1.0,0.0,202305253029.0,12.0,7.0,9.0,2.0,1.0,1.0,80.0,20.0,1.0,2.0,1.0,20.0,8.0,37.0,1.0,0.0
50328,1,0,0.0,0.0,1.0,0.0,-99.0,5.0,143.0,39.0,35.0,6.0,75.0,2.0,1.0,3.0,3.0,0.0,9.0,0.0,0.0,996.0,0.0,5.0,1.0,39.0,2.0,0.0,KNMAT2MT8GP6,2016.0,478.0,1913.0,8.0,35.0,Nissan/Datsun,51.0,6.0,1.0,0.0,0.0,998.0,7.0,0.0,0.0,12.0,6.0,39.0,0.0,0.0,1.0,5.0,72730.0,1.0,6.0,3.0,Valid license for this class vehicle,0.0,66.0,184.0,0.0,0.0,0.0,7.0,July,2023.0,7.0,2023.0,0.0,1.0,2.0,35.0,1.0,6.0,2.0,1.0,0.0,1.0,9.0,99.0,1.0,4.0,101.0,5.0,0.0,1.0,0.0,202305420336.0,12.0,6.0,11.0,1.0,10.0,1.0,6.0,42.0,2.0,1.0,1.0,20.0,0.0,35.0,2.0,98.0
50334,1,99,99.0,0.0,1.0,9999.0,-99.0,5.0,107.0,33.0,20.0,15.0,35.0,1.0,1.0,4.0,99.0,7.0,99.0,1.0,9.0,999.0,7.0,5.0,1.0,33.0,1.0,0.0,1GNEK13T45J1,2005.0,467.0,1852.0,7.0,20.0,Chevrolet,421.0,15.0,1.0,0.0,0.0,998.0,7.0,3.0,5.0,11.0,6.0,1.0,0.0,0.0,1.0,5.0,72355.0,1.0,6.0,3.0,Valid license for this class vehicle,3.0,72.0,172.0,0.0,0.0,1.0,11.0,November,2019.0,3.0,2020.0,9.0,1.0,2.0,45.0,1.0,1.0,2.0,1.0,0.0,1.0,9.0,99.0,1.0,4.0,102.0,5.0,2.0,1.0,0.0,202304748238.0,12.0,5.0,2.0,0.0,10.0,1.0,15.0,61.0,1.0,0.0,1.0,20.0,0.0,20.0,1.0,98.0
50342,2,99,0.0,0.0,1.0,1.0,-99.0,5.0,119.0,12.0,82.0,50.0,66.0,2.0,1.0,0.0,3.0,0.0,20.0,0.0,9.0,0.0,0.0,5.0,2.0,12.0,1.0,0.0,4UZABRFC0LCL,2020.0,450.0,1989.0,71.0,82.0,Freightliner,981.0,50.0,1.0,0.0,0.0,998.0,7.0,0.0,0.0,9.0,6.0,12.0,0.0,0.0,1.0,5.0,72209.0,1.0,6.0,3.0,Valid license for this class vehicle,3.0,62.0,170.0,0.0,0.0,0.0,0.0,No Record,0.0,0.0,0.0,0.0,1.0,2.0,25.0,1.0,6.0,2.0,1.0,20.0,1.0,17.0,99.0,1.0,1.0,504.0,5.0,0.0,1.0,0.0,202305510359.0,12.0,4.0,10.0,0.0,1.0,1.0,50.0,34.0,2.0,0.0,1.0,20.0,0.0,82.0,2.0,0.0
50360,1,99,99.0,0.0,1.0,1.0,-99.0,5.0,45.0,12.0,49.0,4.0,52.0,1.0,1.0,4.0,3.0,0.0,9.0,0.0,0.0,0.0,7.0,5.0,2.0,12.0,1.0,0.0,5YFB4MDE2PP0,2023.0,448.0,2208.0,13.0,49.0,Toyota,32.0,4.0,1.0,0.0,0.0,998.0,0.0,0.0,0.0,9.0,6.0,12.0,0.0,0.0,1.0,5.0,72157.0,1.0,6.0,3.0,Valid license for this class vehicle,3.0,66.0,175.0,0.0,0.0,0.0,0.0,No Record,0.0,0.0,0.0,9.0,3.0,2.0,45.0,1.0,1.0,2.0,1.0,3.0,1.0,66.0,99.0,1.0,1.0,504.0,5.0,1.0,1.0,0.0,202305399979.0,12.0,4.0,9.0,1.0,1.0,1.0,4.0,55.0,2.0,0.0,1.0,20.0,0.0,49.0,3.0,0.0
50361,1,0,99.0,28.0,1.0,0.0,-99.0,5.0,113.0,12.0,49.0,14.0,71.0,1.0,1.0,4.0,3.0,0.0,20.0,0.0,0.0,996.0,7.0,5.0,2.0,12.0,1.0,0.0,JTEBU5JRXH54,2017.0,448.0,2216.0,7.0,49.0,Toyota,401.0,14.0,1.0,0.0,0.0,998.0,0.0,0.0,0.0,12.0,6.0,12.0,0.0,0.0,1.0,5.0,71953.0,1.0,6.0,3.0,Valid license for this class vehicle,3.0,69.0,261.0,0.0,0.0,0.0,0.0,No Record,0.0,0.0,0.0,9.0,5.0,5.0,45.0,1.0,1.0,2.0,1.0,0.0,1.0,50.0,99.0,1.0,1.0,202.0,5.0,1.0,1.0,0.0,202305065247.0,14.0,6.0,6.0,0.0,1.0,1.0,14.0,17.0,2.0,0.0,1.0,20.0,0.0,49.0,1.0,0.0
50364,1,0,0.0,39.0,1.0,1.0,-99.0,5.0,129.0,12.0,37.0,4.0,84.0,2.0,1.0,4.0,3.0,0.0,8.0,0.0,0.0,0.0,7.0,5.0,2.0,12.0,1.0,0.0,JHMCP26378C0,2008.0,474.0,1861.0,13.0,37.0,Honda,32.0,4.0,1.0,0.0,0.0,998.0,0.0,0.0,0.0,11.0,6.0,12.0,0.0,0.0,1.0,5.0,72645.0,1.0,6.0,3.0,Valid license for this class vehicle,0.0,62.0,120.0,0.0,0.0,0.0,0.0,No Record,0.0,0.0,0.0,0.0,1.0,2.0,45.0,1.0,1.0,2.0,1.0,20.0,98.0,19.0,99.0,1.0,1.0,998.0,5.0,1.0,1.0,0.0,202304995000.0,12.0,5.0,3.0,1.0,1.0,1.0,4.0,86.0,1.0,1.0,1.0,20.0,0.0,37.0,2.0,0.0
50373,1,99,99.0,0.0,1.0,0.0,-99.0,5.0,35.0,24.0,20.0,34.0,44.0,1.0,1.0,4.0,20.0,7.0,1.0,1.0,9.0,996.0,7.0,5.0,1.0,24.0,1.0,0.0,2GCEC19T9X11,1999.0,467.0,1850.0,60.0,20.0,Chevrolet,481.0,34.0,1.0,0.0,0.0,998.0,7.0,0.0,0.0,11.0,6.0,24.0,0.0,0.0,1.0,5.0,72301.0,1.0,6.0,3.0,Valid license for this class vehicle,3.0,68.0,245.0,0.0,0.0,0.0,5.0,May,2022.0,5.0,2022.0,3.0,4.0,2.0,45.0,2.0,1.0,2.0,1.0,0.0,14.0,6.0,99.0,1.0,4.0,102.0,5.0,2.0,1.0,0.0,202305069719.0,12.0,3.0,6.0,3.0,1.0,1.0,34.0,61.0,2.0,0.0,1.0,20.0,0.0,20.0,3.0,98.0
50375,1,99,99.0,102.0,1.0,9999.0,-99.0,5.0,125.0,35.0,55.0,4.0,21.0,1.0,1.0,4.0,20.0,7.0,9.0,1.0,9.0,995.0,7.0,5.0,1.0,35.0,1.0,0.0,5NPDH4AE6DH3,2013.0,498.0,2735.0,13.0,55.0,Hyundai,35.0,4.0,1.0,0.0,0.0,998.0,7.0,3.0,5.0,14.0,6.0,1.0,0.0,0.0,1.0,5.0,72065.0,1.0,6.0,3.0,Valid license for this class vehicle,3.0,70.0,190.0,0.0,0.0,0.0,0.0,No Record,0.0,0.0,0.0,3.0,1.0,2.0,50.0,1.0,1.0,2.0,1.0,0.0,1.0,6.0,99.0,1.0,4.0,101.0,5.0,1.0,1.0,0.0,202305047613.0,12.0,7.0,6.0,0.0,1.0,1.0,4.0,27.0,2.0,0.0,1.0,1.0,0.0,55.0,2.0,0.0
50380,2,0,0.0,0.0,1.0,0.0,-99.0,5.0,143.0,12.0,37.0,4.0,26.0,1.0,1.0,0.0,3.0,0.0,1.0,0.0,0.0,996.0,0.0,5.0,3.0,12.0,1.0,0.0,19XFB2F8XCE3,2012.0,474.0,1863.0,13.0,37.0,Honda,31.0,4.0,1.0,0.0,0.0,0.0,0.0,0.0,0.0,6.0,6.0,12.0,0.0,0.0,1.0,5.0,72701.0,1.0,6.0,3.0,Valid license for this class vehicle,0.0,72.0,170.0,0.0,0.0,0.0,0.0,No Record,0.0,0.0,0.0,0.0,1.0,4.0,40.0,1.0,1.0,2.0,1.0,0.0,5.0,53.0,1.0,1.0,1.0,201.0,5.0,0.0,1.0,0.0,202305166708.0,12.0,7.0,6.0,0.0,1.0,1.0,4.0,32.0,2.0,0.0,1.0,20.0,0.0,37.0,1.0,0.0
50388,2,0,0.0,0.0,1.0,1.0,-99.0,5.0,43.0,12.0,82.0,66.0,22.0,1.0,1.0,0.0,3.0,0.0,20.0,0.0,0.0,0.0,0.0,5.0,2.0,12.0,1.0,0.0,3AKJHLDR3NSM,2022.0,450.0,2501.0,66.0,82.0,Freightliner,881.0,66.0,1.0,0.0,0.0,998.0,0.0,0.0,0.0,63.0,4.0,12.0,0.0,0.0,1.0,5.0,71638.0,1.0,6.0,3.0,Valid license for this class vehicle,1.0,77.0,360.0,0.0,2.0,0.0,7.0,July,2020.0,9.0,2020.0,0.0,1.0,2.0,55.0,1.0,1.0,2.0,1.0,0.0,1.0,62.0,9.0,1.0,1.0,302.0,5.0,0.0,1.0,0.0,202304756001.0,43.0,5.0,2.0,0.0,2.0,1.0,66.0,38.0,1.0,0.0,1.0,20.0,0.0,82.0,1.0,0.0
50391,1,0,0.0,0.0,1.0,1.0,-99.0,5.0,15.0,42.0,12.0,4.0,81.0,2.0,1.0,4.0,3.0,0.0,1.0,0.0,0.0,0.0,7.0,5.0,1.0,42.0,1.0,0.0,1FAFP34N55W2,2005.0,460.0,1779.0,13.0,12.0,Ford,37.0,4.0,1.0,0.0,0.0,998.0,7.0,0.0,0.0,12.0,6.0,42.0,0.0,0.0,1.0,5.0,72616.0,1.0,6.0,3.0,Valid license for this class vehicle,3.0,64.0,140.0,0.0,0.0,0.0,0.0,No Record,0.0,0.0,0.0,0.0,1.0,2.0,55.0,3.0,1.0,2.0,1.0,0.0,14.0,13.0,99.0,2.0,4.0,101.0,5.0,1.0,1.0,0.0,202305325088.0,8.0,6.0,10.0,2.0,1.0,1.0,4.0,73.0,1.0,0.0,1.0,20.0,0.0,12.0,1.0,98.0
50399,1,0,0.0,38.0,1.0,2216.0,-99.0,5.0,57.0,12.0,13.0,4.0,41.0,2.0,1.0,1.0,99.0,7.0,1.0,0.0,9.0,0.0,0.0,5.0,2.0,12.0,4.0,0.0,1LNHM82W11Y6,2001.0,464.0,1791.0,13.0,13.0,Lincoln,1.0,4.0,1.0,0.0,0.0,998.0,0.0,0.0,0.0,3.0,6.0,12.0,0.0,0.0,1.0,5.0,71801.0,1.0,6.0,3.0,Valid license for this class vehicle,0.0,66.0,340.0,0.0,0.0,0.0,0.0,No Record,0.0,0.0,0.0,0.0,5.0,3.0,35.0,1.0,1.0,2.0,1.0,0.0,11.0,15.0,99.0,1.0,1.0,401.0,5.0,0.0,1.0,0.0,202305166651.0,12.0,6.0,6.0,0.0,1.0,1.0,4.0,22.0,1.0,0.0,1.0,20.0,0.0,13.0,2.0,0.0
50410,1,0,0.0,6.0,1.0,0.0,-99.0,5.0,119.0,42.0,49.0,20.0,71.0,2.0,1.0,4.0,3.0,0.0,1.0,0.0,0.0,996.0,7.0,5.0,1.0,42.0,1.0,0.0,5TDZK23C78S1,2008.0,448.0,2468.0,2.0,49.0,Toyota,442.0,20.0,1.0,0.0,0.0,998.0,7.0,0.0,0.0,12.0,6.0,42.0,0.0,0.0,1.0,22.0,70653.0,1.0,2.0,2.0,No valid license for this class vehicle,0.0,67.0,230.0,0.0,1.0,0.0,9.0,September,2022.0,9.0,2023.0,0.0,4.0,1.0,98.0,3.0,1.0,2.0,1.0,0.0,14.0,13.0,99.0,1.0,4.0,101.0,5.0,1.0,1.0,0.0,202305634428.0,12.0,4.0,4.0,2.0,1.0,1.0,20.0,52.0,2.0,2.0,1.0,9.0,0.0,49.0,1.0,0.0
50413,1,99,0.0,50.0,1.0,1.0,-99.0,5.0,119.0,12.0,63.0,4.0,24.0,1.0,1.0,4.0,3.0,0.0,9.0,2.0,0.0,249.0,6.0,5.0,2.0,12.0,1.0,0.0,3KPF34AD2ME3,2021.0,499.0,2462.0,13.0,63.0,KIA,38.0,4.0,1.0,0.0,0.0,998.0,0.0,0.0,0.0,12.0,6.0,12.0,0.0,1.0,1.0,5.0,72116.0,1.0,6.0,3.0,Valid license for this class vehicle,0.0,68.0,195.0,0.0,0.0,0.0,4.0,April,2019.0,11.0,2019.0,9.0,3.0,3.0,65.0,1.0,1.0,1.0,1.0,0.0,1.0,54.0,99.0,1.0,1.0,303.0,5.0,98.0,1.0,0.0,202305331046.0,12.0,6.0,10.0,0.0,1.0,1.0,4.0,65.0,2.0,0.0,1.0,20.0,0.0,63.0,2.0,0.0
50420,1,99,99.0,6.0,1.0,5997.0,-99.0,5.0,69.0,38.0,7.0,4.0,21.0,2.0,1.0,4.0,3.0,0.0,20.0,0.0,1.0,119.0,7.0,5.0,1.0,38.0,1.0,0.0,2C3CDXBG5LH1,2020.0,476.0,1895.0,13.0,7.0,Dodge,24.0,4.0,1.0,0.0,0.0,998.0,7.0,3.0,5.0,12.0,6.0,2.0,1.0,1.0,1.0,5.0,72211.0,1.0,6.0,3.0,Valid license for this class vehicle,0.0,67.0,257.0,1.0,1.0,1.0,12.0,December,2019.0,7.0,2023.0,9.0,3.0,2.0,65.0,3.0,6.0,2.0,1.0,0.0,14.0,13.0,99.0,1.0,4.0,101.0,5.0,2.0,1.0,0.0,202305171628.0,12.0,7.0,8.0,4.0,10.0,1.0,4.0,23.0,2.0,3.0,1.0,8.0,0.0,7.0,2.0,0.0
50421,1,99,99.0,0.0,1.0,1.0,-99.0,5.0,45.0,32.0,35.0,4.0,38.0,1.0,1.0,3.0,99.0,7.0,99.0,0.0,1.0,176.0,0.0,5.0,1.0,32.0,3.0,0.0,1N4AL3AP3FC5,2015.0,478.0,1904.0,13.0,35.0,Nissan/Datsun,47.0,4.0,1.0,0.0,0.0,998.0,7.0,3.0,5.0,12.0,6.0,1.0,0.0,1.0,1.0,5.0,72127.0,1.0,6.0,3.0,Valid license for this class vehicle,0.0,75.0,180.0,0.0,0.0,0.0,8.0,August,2022.0,8.0,2022.0,9.0,5.0,5.0,45.0,3.0,5.0,2.0,1.0,0.0,14.0,13.0,99.0,1.0,4.0,101.0,5.0,0.0,1.0,0.0,202304913320.0,12.0,6.0,5.0,0.0,1.0,1.0,4.0,39.0,1.0,0.0,1.0,20.0,0.0,35.0,2.0,0.0
50432,1,0,99.0,48.0,1.0,5062.0,-99.0,5.0,115.0,12.0,7.0,4.0,19.0,1.0,1.0,0.0,99.0,7.0,20.0,0.0,0.0,0.0,0.0,5.0,2.0,12.0,1.0,0.0,2C3CDXBG8FH7,2015.0,476.0,1895.0,13.0,7.0,Dodge,24.0,4.0,1.0,0.0,0.0,998.0,7.0,0.0,0.0,2.0,6.0,12.0,0.0,0.0,1.0,5.0,72753.0,1.0,1.0,2.0,No valid license for this class vehicle,0.0,73.0,210.0,0.0,0.0,0.0,0.0,No Record,0.0,0.0,0.0,0.0,3.0,3.0,55.0,1.0,1.0,2.0,1.0,98.0,11.0,17.0,16.0,1.0,1.0,401.0,5.0,0.0,1.0,0.0,202305365129.0,14.0,2.0,3.0,0.0,1.0,1.0,4.0,48.0,2.0,0.0,1.0,20.0,0.0,7.0,1.0,98.0
50437,1,9,99.0,6.0,1.0,3019.0,-99.0,5.0,131.0,12.0,72.0,80.0,34.0,1.0,1.0,4.0,20.0,7.0,20.0,8.0,1.0,196.0,7.0,5.0,2.0,12.0,2.0,0.0,1HD1KTP18MB6,2021.0,3888.0,12631.0,81.0,72.0,Harley-Davidson,706.0,80.0,1.0,0.0,0.0,998.0,7.0,8.0,8.0,4.0,6.0,42.0,0.0,1.0,1.0,40.0,74501.0,1.0,6.0,3.0,Valid license for this class vehicle,0.0,73.0,180.0,0.0,0.0,0.0,0.0,No Record,0.0,0.0,0.0,9.0,1.0,2.0,35.0,1.0,1.0,2.0,1.0,0.0,1.0,98.0,99.0,9.0,1.0,209.0,5.0,1.0,1.0,0.0,202305099083.0,12.0,1.0,4.0,4.0,1.0,1.0,80.0,43.0,1.0,4.0,1.0,20.0,8.0,72.0,1.0,0.0
50438,1,99,99.0,58.0,1.0,3026.0,-99.0,5.0,55.0,12.0,55.0,4.0,33.0,1.0,1.0,4.0,20.0,7.0,9.0,0.0,0.0,0.0,7.0,5.0,2.0,12.0,1.0,0.0,5NPE34AF3FH1,2015.0,498.0,2459.0,13.0,55.0,Hyundai,33.0,4.0,1.0,0.0,0.0,998.0,0.0,0.0,0.0,12.0,6.0,12.0,0.0,0.0,1.0,5.0,72450.0,1.0,6.0,3.0,Valid license for this class vehicle,0.0,65.0,180.0,0.0,2.0,2.0,7.0,July,2019.0,2.0,2021.0,3.0,1.0,2.0,55.0,2.0,1.0,2.0,1.0,0.0,14.0,10.0,6.0,4.0,2.0,303.0,5.0,1.0,1.0,0.0,202305650567.0,42.0,4.0,12.0,1.0,2.0,1.0,4.0,30.0,1.0,1.0,1.0,20.0,0.0,55.0,1.0,10.0