ST_CASE,VEH_NO_x,DRIMPAIR_x,DRDISTRACT,DRIVERRF,PER_NO_x,DRUGRES,DRUGACTQTY,STATE_x,COUNTY,HARM_EV_x,MAKE_x,BODY_TYP_x,AGE,SEX,PER_TYP_x,INJ_SEV,REST_USE,REST_MIS,AIR_BAG_x,EJECTION,DRINKING,ALC_RES,HISPANIC,STATE_y,VE_FORMS,HARM_EV_y,NUMOCCS,HIT_RUN,VIN,MOD_YEAR,VPICMAKE,VPICMODEL,VPICBODYCLASS,MAKE_y,MAKENAME,MODEL,BODY_TYP_y,HAZ_INV,HAZ_PLAC,HAZ_ID,TRAV_SP,UNDEROVERRIDE,ROLLOVER,ROLINLOC,IMPACT1,DEFORMED,M_HARM,FIRE_EXP,DR_DRINK,DR_PRES,L_STATE,DR_ZIP,L_TYPE,L_STATUS,L_COMPL,L_COMPLNAME,L_RESTRI,DR_HGT,DR_WGT,PREV_DWI,PREV_SPD,PREV_OTH,FIRST_MO,FIRST_MONAME,FIRST_YR,LAST_MO,LAST_YR,SPEEDREL,VTRAFWAY,VNUM_LAN,VSPD_LIM,VALIGN,VPROFILE,VPAVETYP,VSURCOND,VTRAFCON,P_CRASH1,P_CRASH2,P_CRASH3,PCRASH4,PCRASH5,ACC_CONFIG,STATE,RACE,ORDER,MULTRACE,CASENUM,HARM_EV,DAY_WEEK,MONTH,MAXSEV_IM,WEATHR_IM,PER_NO_y,BODY_TYP,AGE_IM,SEX_IM,INJSEV_IM,PER_TYP_y,AIR_BAG_y,EJECT_IM,MAKE,VEH_NO_y,DRIMPAIR_y
80099,1,98,96.0,39.0,1.0,1.0,-99.0,8.0,5.0,12.0,41.0,14.0,48.0,2.0,1.0,4.0,3.0,0.0,8.0,0.0,0.0,0.0,7.0,8.0,2.0,12.0,2.0,0.0,JM3KFBCM1M04,2021.0,473.0,2369.0,7.0,41.0,Mazda,403.0,14.0,1.0,0.0,0.0,8.0,8.0,0.0,0.0,61.0,7.0,12.0,0.0,0.0,1.0,8.0,80015.0,1.0,6.0,3.0,Valid license for this class vehicle,0.0,68.0,135.0,0.0,0.0,0.0,0.0,No Record,0.0,0.0,0.0,0.0,6.0,2.0,45.0,1.0,1.0,2.0,1.0,20.0,11.0,15.0,1.0,1.0,1.0,414.0,8.0,1.0,1.0,0.0,202305429461.0,11.0,4.0,11.0,0.0,1.0,1.0,14.0,53.0,2.0,0.0,1.0,20.0,0.0,41.0,1.0,0.0
80135,1,9,96.0,0.0,1.0,1.0,-99.0,8.0,13.0,59.0,23.0,34.0,59.0,1.0,1.0,4.0,20.0,7.0,1.0,0.0,1.0,136.0,7.0,8.0,1.0,59.0,1.0,0.0,1GTHK24141E3,2001.0,472.0,1857.0,60.0,23.0,GMC,481.0,34.0,1.0,0.0,0.0,50.0,7.0,0.0,0.0,12.0,6.0,42.0,0.0,1.0,1.0,8.0,80031.0,0.0,0.0,0.0,Not licensed,0.0,69.0,230.0,0.0,0.0,0.0,0.0,No Record,0.0,0.0,0.0,0.0,1.0,6.0,45.0,1.0,1.0,1.0,10.0,0.0,1.0,13.0,1.0,1.0,4.0,101.0,8.0,1.0,1.0,0.0,202304951444.0,33.0,3.0,4.0,4.0,4.0,1.0,34.0,59.0,1.0,4.0,1.0,1.0,0.0,23.0,1.0,98.0
80150,1,98,92.0,58.0,1.0,5062.0,11.0,8.0,93.0,12.0,35.0,4.0,23.0,1.0,1.0,4.0,20.0,7.0,8.0,1.0,0.0,0.0,7.0,8.0,2.0,12.0,1.0,0.0,1N4AL2APXCC2,2012.0,478.0,1904.0,13.0,35.0,Nissan/Datsun,47.0,4.0,1.0,0.0,0.0,85.0,0.0,3.0,5.0,12.0,6.0,12.0,0.0,0.0,1.0,8.0,80917.0,1.0,6.0,3.0,Valid license for this class vehicle,0.0,76.0,220.0,0.0,1.0,0.0,7.0,July,2022.0,7.0,2022.0,3.0,1.0,2.0,65.0,1.0,6.0,2.0,1.0,0.0,1.0,13.0,6.0,4.0,6.0,303.0,8.0,1.0,1.0,0.0,202305094940.0,12.0,1.0,7.0,0.0,1.0,1.0,4.0,18.0,1.0,0.0,1.0,20.0,0.0,35.0,2.0,0.0
80151,1,9,96.0,28.0,1.0,3019.0,-99.0,8.0,123.0,12.0,22.0,14.0,30.0,1.0,1.0,4.0,20.0,7.0,1.0,0.0,1.0,0.0,7.0,8.0,3.0,12.0,1.0,0.0,2CKDL73F4660,2006.0,536.0,4591.0,7.0,22.0,Pontiac,403.0,14.0,1.0,0.0,0.0,65.0,0.0,0.0,0.0,61.0,6.0,12.0,0.0,1.0,1.0,8.0,80723.0,1.0,6.0,3.0,Valid license for this class vehicle,3.0,72.0,210.0,0.0,0.0,0.0,0.0,No Record,0.0,0.0,0.0,0.0,1.0,4.0,65.0,1.0,5.0,2.0,1.0,97.0,1.0,10.0,1.0,1.0,2.0,301.0,8.0,1.0,1.0,0.0,202305248454.0,12.0,2.0,9.0,1.0,1.0,1.0,14.0,26.0,1.0,1.0,1.0,8.0,0.0,22.0,1.0,99.0
80160,1,9,96.0,6.0,1.0,5060.0,5.3,8.0,101.0,33.0,58.0,4.0,23.0,1.0,1.0,4.0,20.0,7.0,8.0,1.0,1.0,147.0,6.0,8.0,1.0,33.0,1.0,0.0,JNKCV51FX6M6,2006.0,480.0,2305.0,13.0,58.0,Infiniti,37.0,4.0,1.0,0.0,0.0,75.0,7.0,3.0,5.0,12.0,6.0,17.0,0.0,1.0,1.0,8.0,81005.0,1.0,6.0,3.0,Valid license for this class vehicle,3.0,72.0,225.0,0.0,0.0,0.0,0.0,No Record,0.0,0.0,0.0,3.0,5.0,6.0,55.0,1.0,1.0,2.0,1.0,0.0,1.0,12.0,1.0,1.0,4.0,102.0,8.0,1.0,1.0,0.0,202304890093.0,33.0,7.0,4.0,4.0,1.0,1.0,4.0,23.0,1.0,4.0,1.0,8.0,1.0,58.0,1.0,98.0
80167,1,2,0.0,58.0,1.0,0.0,-99.0,8.0,41.0,58.0,49.0,4.0,18.0,1.0,1.0,3.0,20.0,7.0,8.0,1.0,0.0,996.0,0.0,8.0,1.0,58.0,3.0,0.0,2T1BU4EE5BC7,2011.0,448.0,2208.0,13.0,49.0,Toyota,32.0,4.0,1.0,0.0,0.0,75.0,7.0,3.0,5.0,14.0,6.0,1.0,0.0,0.0,1.0,8.0,81007.0,2.0,6.0,3.0,Valid license for this class vehicle,0.0,66.0,115.0,0.0,0.0,0.0,0.0,No Record,0.0,0.0,0.0,0.0,3.0,3.0,75.0,2.0,1.0,2.0,1.0,0.0,1.0,12.0,9.0,3.0,4.0,101.0,8.0,0.0,1.0,0.0,202305426467.0,9.0,4.0,9.0,1.0,2.0,1.0,4.0,63.0,2.0,0.0,1.0,20.0,0.0,49.0,1.0,0.0
80177,1,9,96.0,102.0,1.0,3026.0,-99.0,8.0,41.0,1.0,73.0,80.0,36.0,1.0,1.0,4.0,20.0,7.0,20.0,8.0,0.0,0.0,7.0,8.0,2.0,1.0,1.0,0.0,JKAEXEA177A0,2007.0,510.0,3203.0,80.0,73.0,Kawasaki,705.0,80.0,1.0,0.0,0.0,998.0,7.0,8.0,8.0,0.0,6.0,12.0,0.0,0.0,1.0,8.0,80909.0,1.0,6.0,2.0,No valid license for this class vehicle,3.0,79.0,310.0,0.0,0.0,1.0,4.0,April,2022.0,4.0,2022.0,5.0,5.0,5.0,35.0,1.0,1.0,2.0,1.0,0.0,1.0,71.0,16.0,2.0,1.0,998.0,8.0,1.0,1.0,0.0,202305128263.0,12.0,1.0,7.0,2.0,1.0,1.0,80.0,19.0,1.0,2.0,1.0,20.0,8.0,73.0,1.0,98.0
80193,1,9,96.0,0.0,1.0,5060.0,2.7,8.0,123.0,1.0,2.0,14.0,31.0,2.0,1.0,4.0,20.0,7.0,20.0,1.0,1.0,130.0,6.0,8.0,1.0,1.0,2.0,0.0,1C4BJWDG4CL1,2012.0,483.0,1943.0,7.0,2.0,Jeep / Kaiser-Jeep / Willys- Jeep,403.0,14.0,1.0,0.0,0.0,100.0,7.0,3.0,5.0,0.0,6.0,1.0,0.0,1.0,1.0,8.0,80644.0,1.0,6.0,3.0,Valid license for this class vehicle,0.0,64.0,230.0,0.0,6.0,2.0,9.0,September,2018.0,1.0,2023.0,3.0,3.0,2.0,75.0,3.0,1.0,2.0,1.0,0.0,1.0,13.0,8.0,4.0,4.0,101.0,8.0,1.0,1.0,0.0,202304903840.0,12.0,6.0,4.0,1.0,1.0,1.0,14.0,58.0,2.0,1.0,1.0,20.0,0.0,2.0,2.0,98.0
80199,1,98,96.0,28.0,1.0,1.0,-99.0,8.0,35.0,12.0,49.0,4.0,70.0,1.0,1.0,4.0,3.0,0.0,8.0,0.0,0.0,0.0,7.0,8.0,2.0,12.0,1.0,0.0,2T1BURHEXFC2,2015.0,448.0,2208.0,13.0,49.0,Toyota,32.0,4.0,1.0,0.0,0.0,50.0,0.0,0.0,0.0,12.0,6.0,12.0,0.0,0.0,1.0,8.0,80108.0,1.0,6.0,3.0,Valid license for this class vehicle,3.0,70.0,230.0,0.0,0.0,0.0,0.0,No Record,0.0,0.0,0.0,0.0,1.0,2.0,50.0,1.0,6.0,1.0,1.0,0.0,1.0,10.0,1.0,1.0,2.0,301.0,8.0,5.0,1.0,0.0,202305302999.0,12.0,6.0,8.0,0.0,1.0,1.0,4.0,40.0,2.0,0.0,1.0,20.0,0.0,49.0,2.0,0.0
80200,1,9,96.0,104.0,1.0,5062.0,5.6,8.0,33.0,12.0,12.0,4.0,39.0,2.0,1.0,2.0,3.0,0.0,8.0,0.0,1.0,268.0,0.0,8.0,3.0,12.0,1.0,0.0,3FA6P0LU8HR3,2017.0,460.0,1780.0,13.0,12.0,Ford,23.0,4.0,1.0,0.0,0.0,102.0,0.0,0.0,0.0,12.0,6.0,12.0,0.0,1.0,1.0,35.0,87401.0,1.0,6.0,3.0,Valid license for this class vehicle,0.0,66.0,175.0,0.0,0.0,0.0,0.0,No Record,0.0,0.0,0.0,3.0,1.0,2.0,65.0,1.0,1.0,2.0,1.0,0.0,1.0,51.0,1.0,1.0,1.0,202.0,8.0,0.0,1.0,0.0,202305336782.0,12.0,5.0,10.0,1.0,1.0,1.0,4.0,23.0,2.0,1.0,1.0,20.0,0.0,12.0,1.0,98.0
80207,1,98,3.0,74.0,1.0,0.0,-99.0,8.0,35.0,1.0,49.0,4.0,16.0,1.0,1.0,2.0,3.0,0.0,20.0,0.0,0.0,996.0,0.0,8.0,1.0,1.0,4.0,0.0,JTDBR32E5420,2004.0,448.0,2208.0,13.0,49.0,Toyota,32.0,4.0,1.0,0.0,0.0,60.0,7.0,3.0,5.0,0.0,6.0,1.0,0.0,0.0,1.0,8.0,80108.0,2.0,6.0,3.0,Valid license for this class vehicle,2.0,73.0,152.0,0.0,0.0,0.0,0.0,No Record,0.0,0.0,0.0,3.0,1.0,2.0,25.0,3.0,6.0,5.0,98.0,0.0,14.0,6.0,99.0,4.0,4.0,102.0,8.0,0.0,1.0,0.0,202305628425.0,12.0,5.0,12.0,0.0,1.0,1.0,4.0,27.0,1.0,0.0,1.0,20.0,0.0,49.0,1.0,0.0
80208,1,9,96.0,102.0,1.0,1.0,-99.0,8.0,1.0,12.0,12.0,34.0,18.0,1.0,1.0,2.0,20.0,7.0,8.0,0.0,1.0,159.0,0.0,8.0,2.0,12.0,2.0,0.0,1FT7W2BT2CEA,2012.0,460.0,1805.0,60.0,12.0,Ford,481.0,34.0,1.0,0.0,0.0,80.0,0.0,0.0,0.0,12.0,6.0,12.0,0.0,1.0,1.0,8.0,80018.0,2.0,6.0,3.0,Valid license for this class vehicle,0.0,66.0,140.0,0.0,0.0,0.0,0.0,No Record,0.0,0.0,0.0,0.0,1.0,7.0,40.0,1.0,6.0,2.0,2.0,2.0,1.0,17.0,16.0,1.0,1.0,415.0,8.0,0.0,1.0,0.0,202305404727.0,12.0,1.0,11.0,4.0,10.0,1.0,34.0,59.0,1.0,3.0,1.0,8.0,0.0,12.0,2.0,98.0
80214,1,98,96.0,74.0,1.0,5060.0,1.5,8.0,5.0,1.0,76.0,80.0,32.0,1.0,1.0,4.0,20.0,7.0,20.0,8.0,0.0,257.0,7.0,8.0,1.0,1.0,1.0,0.0,MH3RH06YXFK0,2015.0,564.0,30328.0,80.0,76.0,Yamaha,703.0,80.0,1.0,0.0,0.0,40.0,7.0,8.0,8.0,0.0,6.0,33.0,0.0,1.0,1.0,8.0,80011.0,1.0,6.0,3.0,Valid license for this class vehicle,2.0,76.0,175.0,0.0,0.0,0.0,12.0,December,2018.0,12.0,2018.0,0.0,2.0,1.0,35.0,3.0,1.0,2.0,1.0,0.0,14.0,13.0,99.0,1.0,4.0,101.0,8.0,1.0,1.0,0.0,202305272736.0,12.0,2.0,9.0,2.0,1.0,1.0,80.0,30.0,2.0,2.0,1.0,20.0,8.0,76.0,1.0,98.0
80228,1,98,96.0,102.0,1.0,1.0,-99.0,8.0,5.0,1.0,49.0,34.0,22.0,1.0,1.0,4.0,20.0,7.0,8.0,1.0,0.0,285.0,6.0,8.0,1.0,1.0,1.0,0.0,3TMCZ5AN7NM5,2022.0,448.0,2223.0,60.0,49.0,Toyota,472.0,34.0,1.0,0.0,0.0,998.0,7.0,3.0,5.0,0.0,6.0,1.0,0.0,1.0,1.0,8.0,80220.0,1.0,6.0,3.0,Valid license for this class vehicle,3.0,71.0,169.0,0.0,1.0,3.0,1.0,January,2019.0,7.0,2021.0,5.0,1.0,2.0,45.0,2.0,1.0,2.0,1.0,0.0,1.0,12.0,99.0,1.0,4.0,102.0,8.0,1.0,1.0,0.0,202305369389.0,12.0,7.0,10.0,1.0,1.0,1.0,34.0,19.0,1.0,0.0,1.0,8.0,0.0,49.0,1.0,0.0
80244,1,9,96.0,36.0,1.0,3026.0,-99.0,8.0,99.0,14.0,20.0,15.0,26.0,2.0,1.0,4.0,20.0,7.0,8.0,0.0,1.0,216.0,7.0,8.0,1.0,14.0,1.0,0.0,1GNKRFED2EJ1,2014.0,467.0,1853.0,7.0,20.0,Chevrolet,423.0,15.0,1.0,0.0,0.0,50.0,1.0,0.0,0.0,12.0,6.0,14.0,0.0,1.0,1.0,8.0,81073.0,1.0,6.0,3.0,Valid license for this class vehicle,0.0,63.0,160.0,0.0,1.0,0.0,2.0,February,2020.0,2.0,2020.0,3.0,1.0,2.0,30.0,2.0,1.0,2.0,1.0,0.0,1.0,12.0,1.0,1.0,4.0,102.0,8.0,1.0,1.0,0.0,202305198575.0,14.0,7.0,5.0,4.0,1.0,1.0,15.0,26.0,2.0,4.0,1.0,8.0,0.0,20.0,1.0,9.0
80249,1,9,96.0,102.0,1.0,2139.0,66.0,8.0,117.0,12.0,7.0,34.0,34.0,1.0,1.0,0.0,3.0,0.0,8.0,0.0,1.0,0.0,0.0,8.0,2.0,12.0,1.0,0.0,1C6SRFLT5NN2,2022.0,496.0,13620.0,60.0,7.0,Dodge,482.0,34.0,1.0,0.0,0.0,69.0,0.0,0.0,0.0,12.0,6.0,12.0,0.0,1.0,1.0,8.0,80440.0,1.0,6.0,3.0,Valid license for this class vehicle,3.0,70.0,160.0,0.0,0.0,0.0,3.0,March,2023.0,3.0,2023.0,3.0,1.0,2.0,50.0,1.0,1.0,2.0,2.0,0.0,1.0,6.0,9.0,1.0,2.0,301.0,8.0,0.0,1.0,0.0,202305382526.0,9.0,2.0,9.0,1.0,1.0,1.0,34.0,32.0,1.0,0.0,1.0,20.0,0.0,7.0,1.0,98.0
80254,1,98,92.0,6.0,1.0,3019.0,-99.0,8.0,123.0,12.0,12.0,34.0,51.0,1.0,1.0,4.0,20.0,7.0,1.0,0.0,8.0,0.0,7.0,8.0,2.0,12.0,1.0,0.0,1FTYR14V81PB,2001.0,460.0,1803.0,60.0,12.0,Ford,471.0,34.0,1.0,0.0,0.0,65.0,0.0,0.0,0.0,12.0,6.0,12.0,0.0,0.0,1.0,8.0,80644.0,1.0,6.0,3.0,Valid license for this class vehicle,3.0,74.0,200.0,0.0,1.0,0.0,9.0,September,2022.0,9.0,2022.0,0.0,1.0,3.0,65.0,1.0,1.0,2.0,1.0,0.0,1.0,52.0,1.0,1.0,1.0,202.0,8.0,1.0,1.0,0.0,202304659568.0,12.0,2.0,1.0,0.0,1.0,1.0,34.0,21.0,1.0,0.0,1.0,20.0,0.0,12.0,1.0,0.0
80258,1,98,96.0,102.0,1.0,1.0,-99.0,8.0,101.0,12.0,37.0,80.0,20.0,1.0,1.0,4.0,20.0,7.0,20.0,8.0,8.0,0.0,6.0,8.0,2.0,12.0,1.0,0.0,JH2SC59088M0,2008.0,474.0,11975.0,80.0,37.0,Honda,706.0,80.0,1.0,0.0,0.0,130.0,7.0,8.0,8.0,12.0,6.0,12.0,0.0,0.0,1.0,8.0,81001.0,2.0,6.0,2.0,No valid license for this class vehicle,0.0,67.0,145.0,0.0,2.0,0.0,11.0,November,2019.0,3.0,2022.0,3.0,1.0,6.0,40.0,1.0,1.0,2.0,1.0,2.0,1.0,62.0,7.0,9.0,2.0,402.0,8.0,1.0,1.0,0.0,202305227642.0,12.0,7.0,6.0,4.0,1.0,1.0,80.0,20.0,1.0,4.0,1.0,20.0,8.0,37.0,1.0,98.0
80262,1,98,0.0,38.0,1.0,0.0,-99.0,8.0,67.0,12.0,2.0,14.0,79.0,1.0,1.0,0.0,3.0,0.0,8.0,0.0,0.0,996.0,0.0,8.0,2.0,12.0,1.0,0.0,1C4PJMBX5KD4,2019.0,483.0,1945.0,7.0,2.0,Jeep / Kaiser-Jeep / Willys- Jeep,404.0,14.0,1.0,0.0,0.0,10.0,7.0,0.0,0.0,12.0,6.0,12.0,0.0,0.0,1.0,8.0,81301.0,1.0,6.0,3.0,Valid license for this class vehicle,3.0,68.0,146.0,0.0,0.0,0.0,0.0,No Record,0.0,0.0,0.0,0.0,0.0,0.0,0.0,0.0,0.0,0.0,0.0,0.0,11.0,15.0,1.0,1.0,1.0,414.0,8.0,0.0,1.0,0.0,202305072032.0,12.0,7.0,7.0,0.0,1.0,1.0,14.0,30.0,1.0,0.0,1.0,98.0,0.0,2.0,1.0,98.0
80273,1,98,0.0,38.0,1.0,0.0,-99.0,8.0,7.0,1.0,12.0,34.0,71.0,1.0,1.0,0.0,3.0,0.0,20.0,0.0,0.0,996.0,0.0,8.0,2.0,1.0,1.0,0.0,1FTFW1ET4EFC,2014.0,460.0,1801.0,60.0,12.0,Ford,481.0,34.0,1.0,0.0,0.0,15.0,7.0,0.0,0.0,82.0,4.0,12.0,0.0,0.0,1.0,8.0,81147.0,1.0,6.0,3.0,Valid license for this class vehicle,3.0,76.0,270.0,0.0,0.0,0.0,0.0,No Record,0.0,0.0,0.0,0.0,2.0,3.0,60.0,1.0,1.0,2.0,1.0,97.0,11.0,15.0,1.0,1.0,1.0,998.0,8.0,0.0,1.0,0.0,202305353143.0,12.0,4.0,10.0,0.0,1.0,1.0,34.0,44.0,1.0,0.0,1.0,20.0,0.0,12.0,2.0,0.0
80290,1,98,96.0,28.0,1.0,1.0,-99.0,8.0,123.0,12.0,37.0,14.0,19.0,1.0,1.0,4.0,3.0,0.0,3.0,0.0,8.0,0.0,7.0,8.0,2.0,12.0,1.0,0.0,2HKRM3H74FH5,2015.0,474.0,1865.0,7.0,37.0,Honda,402.0,14.0,1.0,0.0,0.0,65.0,0.0,0.0,0.0,12.0,6.0,12.0,0.0,0.0,1.0,8.0,80550.0,8.0,6.0,3.0,Valid license for this class vehicle,3.0,76.0,180.0,0.0,0.0,0.0,0.0,No Record,0.0,0.0,0.0,0.0,1.0,2.0,65.0,1.0,1.0,2.0,1.0,0.0,1.0,10.0,1.0,1.0,2.0,301.0,8.0,1.0,1.0,0.0,202305033499.0,12.0,7.0,4.0,1.0,1.0,1.0,14.0,34.0,1.0,1.0,1.0,20.0,0.0,37.0,3.0,0.0
80294,2,98,96.0,0.0,1.0,1.0,-99.0,8.0,77.0,12.0,23.0,15.0,17.0,1.0,1.0,3.0,99.0,7.0,1.0,0.0,0.0,0.0,0.0,8.0,2.0,12.0,1.0,0.0,1GKS2DKL7MR1,2021.0,472.0,1859.0,7.0,23.0,GMC,421.0,15.0,1.0,0.0,0.0,78.0,0.0,3.0,1.0,12.0,6.0,12.0,0.0,0.0,1.0,49.0,84532.0,1.0,6.0,3.0,Valid license for this class vehicle,0.0,68.0,130.0,0.0,0.0,0.0,0.0,No Record,0.0,0.0,0.0,0.0,2.0,2.0,75.0,1.0,1.0,2.0,1.0,0.0,1.0,54.0,99.0,1.0,1.0,303.0,8.0,0.0,1.0,0.0,202305541291.0,12.0,2.0,12.0,1.0,2.0,1.0,15.0,60.0,2.0,0.0,1.0,20.0,0.0,23.0,1.0,98.0
80299,2,98,96.0,0.0,1.0,0.0,-99.0,8.0,29.0,1.0,24.0,14.0,58.0,1.0,1.0,0.0,3.0,0.0,20.0,0.0,0.0,996.0,0.0,8.0,2.0,1.0,3.0,0.0,5GZCZ53496S8,2006.0,1056.0,4595.0,7.0,24.0,Saturn,401.0,14.0,1.0,0.0,0.0,998.0,7.0,0.0,0.0,12.0,4.0,12.0,0.0,0.0,1.0,8.0,81416.0,1.0,6.0,3.0,Valid license for this class vehicle,0.0,71.0,165.0,0.0,0.0,0.0,0.0,No Record,0.0,0.0,0.0,0.0,1.0,2.0,25.0,1.0,1.0,2.0,1.0,20.0,11.0,15.0,16.0,1.0,1.0,998.0,8.0,0.0,1.0,0.0,202304786005.0,12.0,5.0,3.0,0.0,1.0,1.0,14.0,17.0,1.0,0.0,1.0,20.0,0.0,24.0,2.0,0.0
80314,1,98,96.0,53.0,1.0,1.0,-99.0,8.0,77.0,31.0,72.0,80.0,70.0,1.0,1.0,4.0,20.0,7.0,20.0,8.0,0.0,0.0,7.0,8.0,1.0,31.0,1.0,0.0,1HD1KHC19LB6,2020.0,3888.0,12630.0,81.0,72.0,Harley-Davidson,706.0,80.0,1.0,0.0,0.0,85.0,7.0,8.0,8.0,12.0,6.0,1.0,0.0,0.0,1.0,97.0,0.0,9.0,9.0,9.0,Unknown,9.0,999.0,999.0,99.0,99.0,99.0,99.0,Unknown,9999.0,99.0,9999.0,0.0,2.0,2.0,75.0,2.0,6.0,2.0,1.0,0.0,1.0,12.0,1.0,1.0,4.0,102.0,8.0,1.0,1.0,0.0,202304992178.0,12.0,2.0,5.0,1.0,1.0,1.0,80.0,54.0,1.0,1.0,1.0,20.0,8.0,72.0,2.0,0.0
80315,1,9,96.0,6.0,1.0,5060.0,6.3,8.0,105.0,38.0,22.0,4.0,27.0,2.0,1.0,4.0,20.0,7.0,1.0,2.0,1.0,251.0,6.0,8.0,1.0,38.0,1.0,0.0,1G2ZG5582642,2006.0,536.0,4263.0,13.0,22.0,Pontiac,22.0,4.0,1.0,0.0,0.0,75.0,7.0,3.0,6.0,11.0,6.0,1.0,0.0,1.0,1.0,8.0,81124.0,1.0,6.0,3.0,Valid license for this class vehicle,0.0,62.0,165.0,0.0,0.0,0.0,0.0,No Record,0.0,0.0,0.0,3.0,1.0,2.0,65.0,1.0,1.0,2.0,1.0,0.0,1.0,12.0,7.0,3.0,4.0,101.0,8.0,1.0,1.0,0.0,202305171724.0,12.0,5.0,6.0,1.0,1.0,1.0,4.0,34.0,2.0,1.0,1.0,20.0,0.0,22.0,1.0,98.0
80323,1,98,96.0,51.0,1.0,3033.0,-99.0,8.0,123.0,12.0,37.0,14.0,26.0,1.0,1.0,4.0,3.0,0.0,1.0,0.0,0.0,256.0,7.0,8.0,2.0,12.0,1.0,0.0,2HKRM4H72EH6,2014.0,474.0,1865.0,7.0,37.0,Honda,402.0,14.0,1.0,0.0,0.0,65.0,8.0,0.0,0.0,12.0,6.0,12.0,0.0,1.0,1.0,8.0,80513.0,1.0,6.0,3.0,Valid license for this class vehicle,0.0,70.0,200.0,0.0,2.0,0.0,9.0,September,2020.0,3.0,2023.0,0.0,2.0,2.0,65.0,1.0,1.0,2.0,1.0,0.0,1.0,54.0,1.0,1.0,1.0,303.0,8.0,7.0,1.0,0.0,202304921578.0,12.0,5.0,5.0,2.0,10.0,1.0,14.0,28.0,2.0,2.0,1.0,8.0,0.0,37.0,2.0,98.0
80324,1,9,96.0,0.0,1.0,3053.0,-99.0,8.0,1.0,25.0,54.0,15.0,34.0,1.0,1.0,4.0,20.0,7.0,8.0,1.0,1.0,123.0,7.0,8.0,1.0,25.0,1.0,0.0,2HNYD18855H5,2005.0,475.0,2147.0,7.0,54.0,Acura,421.0,15.0,1.0,0.0,0.0,75.0,7.0,3.0,2.0,12.0,6.0,1.0,0.0,1.0,1.0,8.0,80031.0,1.0,6.0,3.0,Valid license for this class vehicle,3.0,73.0,160.0,0.0,0.0,1.0,2.0,February,2023.0,2.0,2023.0,3.0,6.0,2.0,55.0,1.0,1.0,1.0,1.0,0.0,15.0,6.0,9.0,3.0,4.0,101.0,8.0,1.0,1.0,0.0,202305359512.0,12.0,6.0,9.0,1.0,2.0,1.0,15.0,53.0,1.0,0.0,1.0,8.0,0.0,54.0,1.0,0.0
80334,1,98,0.0,38.0,1.0,0.0,-99.0,8.0,5.0,12.0,12.0,34.0,51.0,1.0,1.0,0.0,3.0,0.0,20.0,0.0,0.0,996.0,0.0,8.0,3.0,12.0,1.0,0.0,1FTPX14V79KB,2009.0,460.0,1801.0,60.0,12.0,Ford,481.0,34.0,1.0,0.0,0.0,10.0,0.0,0.0,0.0,12.0,6.0,12.0,0.0,0.0,1.0,8.0,80011.0,1.0,6.0,3.0,Valid license for this class vehicle,0.0,71.0,175.0,0.0,2.0,3.0,3.0,March,2019.0,10.0,2022.0,0.0,1.0,2.0,30.0,1.0,1.0,2.0,1.0,20.0,4.0,15.0,1.0,1.0,2.0,303.0,8.0,0.0,1.0,0.0,202305245235.0,12.0,5.0,8.0,0.0,2.0,1.0,34.0,52.0,1.0,0.0,1.0,20.0,0.0,12.0,1.0,98.0
80348,1,9,96.0,36.0,1.0,5060.0,1.6,8.0,13.0,1.0,76.0,80.0,50.0,1.0,1.0,4.0,20.0,7.0,20.0,8.0,1.0,55.0,7.0,8.0,1.0,1.0,1.0,0.0,JYARJ18E0CA0,2012.0,564.0,3212.0,80.0,76.0,Yamaha,705.0,80.0,1.0,0.0,0.0,70.0,7.0,8.0,8.0,0.0,6.0,1.0,0.0,1.0,1.0,8.0,80026.0,0.0,0.0,0.0,Not licensed,0.0,69.0,180.0,1.0,0.0,1.0,8.0,August,2018.0,3.0,2021.0,0.0,2.0,2.0,55.0,3.0,1.0,1.0,1.0,97.0,14.0,9.0,1.0,9.0,1.0,998.0,8.0,1.0,1.0,0.0,202305166413.0,1.0,2.0,7.0,4.0,1.0,1.0,80.0,50.0,1.0,4.0,1.0,20.0,8.0,76.0,1.0,98.0
80352,1,9,96.0,0.0,1.0,3019.0,350.0,8.0,69.0,12.0,34.0,80.0,43.0,1.0,1.0,4.0,20.0,7.0,20.0,8.0,0.0,0.0,7.0,8.0,2.0,12.0,1.0,0.0,WB10E6302P6H,2023.0,452.0,1742.0,80.0,34.0,BMW,706.0,80.0,1.0,0.0,0.0,42.0,7.0,8.0,8.0,12.0,6.0,12.0,0.0,0.0,1.0,8.0,80521.0,1.0,6.0,3.0,Valid license for this class vehicle,3.0,66.0,225.0,1.0,0.0,0.0,4.0,April,2020.0,4.0,2020.0,0.0,5.0,6.0,35.0,1.0,1.0,2.0,1.0,0.0,1.0,62.0,99.0,1.0,1.0,402.0,8.0,1.0,1.0,0.0,202304997800.0,12.0,4.0,5.0,3.0,1.0,1.0,80.0,23.0,1.0,3.0,1.0,20.0,8.0,34.0,2.0,0.0
80355,1,2,6.0,0.0,1.0,3033.0,310.0,8.0,37.0,1.0,49.0,14.0,40.0,1.0,1.0,4.0,20.0,7.0,8.0,1.0,0.0,0.0,7.0,8.0,1.0,1.0,1.0,0.0,JTEBU11F1700,2007.0,448.0,2463.0,7.0,49.0,Toyota,404.0,14.0,1.0,0.0,0.0,75.0,7.0,3.0,1.0,0.0,6.0,1.0,0.0,0.0,1.0,8.0,80466.0,0.0,0.0,0.0,Not licensed,0.0,71.0,160.0,0.0,0.0,0.0,0.0,No Record,0.0,0.0,0.0,0.0,2.0,2.0,65.0,2.0,1.0,2.0,1.0,0.0,1.0,12.0,1.0,1.0,7.0,998.0,8.0,1.0,1.0,0.0,202305087922.0,12.0,3.0,6.0,0.0,1.0,1.0,14.0,26.0,2.0,0.0,1.0,20.0,0.0,49.0,1.0,0.0