ST_CASE,VEH_NO_x,DRIMPAIR_x,DRDISTRACT,DRIVERRF,PER_NO_x,DRUGRES,DRUGACTQTY,STATE_x,COUNTY,HARM_EV_x,MAKE_x,BODY_TYP_x,AGE,SEX,PER_TYP_x,INJ_SEV,REST_USE,REST_MIS,AIR_BAG_x,EJECTION,DRINKING,ALC_RES,HISPANIC,STATE_y,VE_FORMS,HARM_EV_y,NUMOCCS,HIT_RUN,VIN,MOD_YEAR,VPICMAKE,VPICMODEL,VPICBODYCLASS,MAKE_y,MAKENAME,MODEL,BODY_TYP_y,HAZ_INV,HAZ_PLAC,HAZ_ID,TRAV_SP,UNDEROVERRIDE,ROLLOVER,ROLINLOC,IMPACT1,DEFORMED,M_HARM,FIRE_EXP,DR_DRINK,DR_PRES,L_STATE,DR_ZIP,L_TYPE,L_STATUS,L_COMPL,L_COMPLNAME,L_RESTRI,DR_HGT,DR_WGT,PREV_DWI,PREV_SPD,PREV_OTH,FIRST_MO,FIRST_MONAME,FIRST_YR,LAST_MO,LAST_YR,SPEEDREL,VTRAFWAY,VNUM_LAN,VSPD_LIM,VALIGN,VPROFILE,VPAVETYP,VSURCOND,VTRAFCON,P_CRASH1,P_CRASH2,P_CRASH3,PCRASH4,PCRASH5,ACC_CONFIG,STATE,RACE,ORDER,MULTRACE,CASENUM,HARM_EV,DAY_WEEK,MONTH,MAXSEV_IM,WEATHR_IM,PER_NO_y,BODY_TYP,AGE_IM,SEX_IM,INJSEV_IM,PER_TYP_y,AIR_BAG_y,EJECT_IM,MAKE,VEH_NO_y,DRIMPAIR_y
90169,1,99,99.0,28.0,1.0,3026.0,-99.0,9.0,11.0,12.0,7.0,2.0,65.0,1.0,1.0,4.0,3.0,0.0,20.0,0.0,1.0,23.0,7.0,9.0,2.0,12.0,1.0,0.0,2C3CDZGGXNH1,2022.0,476.0,1893.0,13.0,7.0,Dodge,28.0,2.0,1.0,0.0,0.0,998.0,8.0,0.0,0.0,12.0,2.0,12.0,0.0,1.0,1.0,9.0,6357.0,1.0,6.0,3.0,Valid license for this class vehicle,0.0,69.0,999.0,0.0,0.0,0.0,0.0,No Record,0.0,0.0,0.0,0.0,1.0,8.0,35.0,1.0,5.0,2.0,1.0,0.0,1.0,10.0,1.0,1.0,2.0,301.0,9.0,1.0,1.0,0.0,202304991548.0,34.0,2.0,5.0,0.0,1.0,1.0,2.0,23.0,1.0,0.0,1.0,20.0,0.0,7.0,1.0,0.0
90176,1,9,99.0,36.0,1.0,0.0,-99.0,9.0,9.0,30.0,35.0,4.0,63.0,1.0,1.0,4.0,20.0,7.0,8.0,0.0,1.0,210.0,7.0,9.0,1.0,30.0,1.0,0.0,3N1AB8DV8MY2,2021.0,478.0,1907.0,13.0,35.0,Nissan/Datsun,43.0,4.0,1.0,0.0,0.0,61.0,7.0,0.0,0.0,12.0,6.0,30.0,0.0,1.0,1.0,9.0,6708.0,1.0,6.0,3.0,Valid license for this class vehicle,3.0,70.0,999.0,0.0,0.0,0.0,0.0,No Record,0.0,0.0,0.0,3.0,1.0,2.0,25.0,3.0,6.0,2.0,1.0,0.0,14.0,13.0,16.0,1.0,4.0,101.0,9.0,1.0,1.0,0.0,202305015547.0,33.0,6.0,5.0,4.0,10.0,1.0,4.0,26.0,1.0,4.0,1.0,8.0,0.0,35.0,1.0,98.0
90186,1,0,0.0,102.0,1.0,1.0,-99.0,9.0,9.0,33.0,20.0,4.0,29.0,2.0,1.0,4.0,20.0,7.0,8.0,0.0,1.0,54.0,6.0,9.0,1.0,33.0,1.0,0.0,1G1BE5SM7G72,2016.0,467.0,1832.0,13.0,20.0,Chevrolet,25.0,4.0,1.0,0.0,0.0,78.0,7.0,0.0,0.0,12.0,6.0,30.0,0.0,1.0,1.0,9.0,6704.0,7.0,6.0,3.0,Valid license for this class vehicle,2.0,59.0,999.0,0.0,0.0,0.0,0.0,No Record,0.0,0.0,0.0,4.0,1.0,2.0,40.0,1.0,1.0,2.0,2.0,0.0,1.0,6.0,1.0,1.0,4.0,101.0,9.0,1.0,1.0,0.0,202305254831.0,12.0,1.0,8.0,2.0,1.0,1.0,4.0,26.0,2.0,2.0,1.0,8.0,0.0,20.0,1.0,0.0
90188,2,0,99.0,0.0,1.0,0.0,-99.0,9.0,13.0,5.0,49.0,34.0,32.0,2.0,1.0,1.0,99.0,7.0,20.0,0.0,8.0,996.0,0.0,9.0,2.0,5.0,1.0,0.0,3TMCZ5AN4LM3,2020.0,448.0,2223.0,60.0,49.0,Toyota,472.0,34.0,1.0,0.0,0.0,998.0,7.0,0.0,0.0,11.0,2.0,54.0,0.0,0.0,1.0,9.0,6076.0,1.0,6.0,3.0,Valid license for this class vehicle,3.0,64.0,999.0,0.0,0.0,0.0,0.0,No Record,0.0,0.0,0.0,9.0,1.0,2.0,40.0,2.0,1.0,2.0,1.0,0.0,14.0,98.0,99.0,9.0,1.0,998.0,9.0,0.0,1.0,0.0,202304698672.0,52.0,1.0,1.0,3.0,10.0,1.0,34.0,51.0,1.0,3.0,1.0,9.0,0.0,49.0,1.0,0.0
90198,1,9,99.0,0.0,1.0,3022.0,220.0,9.0,9.0,33.0,37.0,14.0,20.0,1.0,1.0,4.0,20.0,7.0,3.0,0.0,1.0,240.0,2.0,9.0,1.0,33.0,1.0,0.0,2HKRW2H83LH6,2020.0,474.0,1865.0,7.0,37.0,Honda,402.0,14.0,1.0,0.0,0.0,998.0,7.0,0.0,0.0,12.0,6.0,30.0,0.0,1.0,1.0,9.0,6443.0,1.0,6.0,3.0,Valid license for this class vehicle,0.0,67.0,999.0,0.0,0.0,0.0,0.0,No Record,0.0,0.0,0.0,3.0,1.0,2.0,40.0,2.0,1.0,2.0,1.0,0.0,14.0,12.0,16.0,1.0,4.0,102.0,9.0,1.0,1.0,0.0,202305430079.0,12.0,1.0,11.0,0.0,1.0,1.0,14.0,34.0,2.0,0.0,1.0,20.0,0.0,37.0,1.0,98.0
90203,1,9,99.0,0.0,1.0,1059.0,27.0,9.0,5.0,30.0,37.0,14.0,50.0,2.0,1.0,4.0,3.0,0.0,8.0,0.0,0.0,0.0,7.0,9.0,1.0,30.0,1.0,0.0,5J6YH18716L0,2006.0,474.0,1868.0,7.0,37.0,Honda,403.0,14.0,1.0,0.0,0.0,998.0,7.0,3.0,5.0,12.0,6.0,30.0,0.0,0.0,1.0,9.0,6706.0,1.0,6.0,3.0,Valid license for this class vehicle,0.0,66.0,999.0,0.0,0.0,0.0,0.0,No Record,0.0,0.0,0.0,4.0,1.0,2.0,45.0,2.0,6.0,2.0,2.0,0.0,14.0,13.0,1.0,1.0,4.0,101.0,9.0,1.0,1.0,0.0,202305413081.0,12.0,5.0,10.0,1.0,10.0,1.0,14.0,56.0,1.0,0.0,1.0,20.0,0.0,37.0,2.0,0.0
90211,1,9,99.0,0.0,1.0,5062.0,25.0,9.0,1.0,12.0,53.0,80.0,30.0,1.0,1.0,4.0,20.0,7.0,20.0,8.0,8.0,0.0,2.0,9.0,2.0,12.0,1.0,0.0,JS1GT75A7321,2003.0,509.0,13236.0,80.0,53.0,Suzuki,706.0,80.0,1.0,0.0,0.0,998.0,7.0,8.0,8.0,12.0,6.0,12.0,0.0,0.0,1.0,9.0,6610.0,1.0,6.0,2.0,No valid license for this class vehicle,0.0,76.0,999.0,0.0,0.0,0.0,0.0,No Record,0.0,0.0,0.0,9.0,1.0,2.0,25.0,1.0,1.0,2.0,1.0,0.0,1.0,10.0,1.0,1.0,2.0,301.0,9.0,1.0,1.0,0.0,202305340213.0,12.0,6.0,10.0,4.0,10.0,1.0,80.0,49.0,1.0,4.0,1.0,20.0,8.0,53.0,2.0,98.0
90211,2,0,0.0,0.0,1.0,0.0,-99.0,9.0,1.0,12.0,2.0,14.0,58.0,1.0,1.0,0.0,99.0,7.0,1.0,0.0,8.0,996.0,0.0,9.0,2.0,12.0,1.0,0.0,1J4PN2GK9BW5,2011.0,483.0,1944.0,7.0,2.0,Jeep / Kaiser-Jeep / Willys- Jeep,405.0,14.0,1.0,0.0,0.0,0.0,7.0,0.0,0.0,11.0,6.0,12.0,0.0,0.0,1.0,9.0,6610.0,1.0,6.0,3.0,Valid license for this class vehicle,0.0,67.0,999.0,0.0,0.0,0.0,0.0,No Record,0.0,0.0,0.0,0.0,1.0,2.0,25.0,1.0,1.0,2.0,1.0,0.0,5.0,62.0,1.0,1.0,1.0,302.0,9.0,0.0,1.0,0.0,202304874565.0,12.0,3.0,4.0,1.0,10.0,1.0,14.0,20.0,1.0,0.0,1.0,20.0,0.0,2.0,1.0,1.0
90217,2,0,0.0,0.0,1.0,0.0,-99.0,9.0,3.0,12.0,37.0,4.0,70.0,2.0,1.0,1.0,3.0,0.0,8.0,0.0,0.0,996.0,0.0,9.0,5.0,12.0,1.0,0.0,1HGCP26329A1,2009.0,474.0,1861.0,13.0,37.0,Honda,32.0,4.0,1.0,0.0,0.0,0.0,8.0,0.0,0.0,6.0,6.0,12.0,0.0,0.0,1.0,9.0,6067.0,1.0,6.0,3.0,Valid license for this class vehicle,0.0,61.0,999.0,0.0,0.0,0.0,0.0,No Record,0.0,0.0,0.0,0.0,1.0,4.0,40.0,1.0,1.0,2.0,1.0,0.0,5.0,53.0,1.0,1.0,1.0,201.0,9.0,0.0,1.0,0.0,202304812860.0,12.0,1.0,3.0,0.0,1.0,1.0,4.0,16.0,2.0,0.0,1.0,20.0,0.0,37.0,2.0,0.0
90220,1,10,99.0,0.0,1.0,0.0,-99.0,9.0,11.0,12.0,49.0,4.0,21.0,2.0,1.0,3.0,20.0,7.0,8.0,0.0,0.0,996.0,0.0,9.0,2.0,12.0,2.0,0.0,4T1BF3EK7BU6,2011.0,448.0,2469.0,13.0,49.0,Toyota,40.0,4.0,1.0,0.0,0.0,998.0,8.0,0.0,0.0,12.0,6.0,12.0,0.0,0.0,1.0,9.0,6351.0,1.0,6.0,3.0,Valid license for this class vehicle,3.0,61.0,999.0,0.0,0.0,0.0,0.0,No Record,0.0,0.0,0.0,9.0,1.0,2.0,45.0,3.0,5.0,2.0,2.0,0.0,14.0,62.0,99.0,9.0,1.0,302.0,9.0,0.0,1.0,0.0,202305342932.0,12.0,7.0,8.0,2.0,1.0,1.0,4.0,63.0,1.0,2.0,1.0,7.0,0.0,49.0,2.0,0.0
90221,1,99,99.0,0.0,1.0,1.0,-99.0,9.0,1.0,42.0,37.0,4.0,90.0,1.0,1.0,4.0,3.0,0.0,8.0,0.0,0.0,0.0,7.0,9.0,1.0,42.0,1.0,0.0,2HGFC2F64KH5,2019.0,474.0,1863.0,13.0,37.0,Honda,31.0,4.0,1.0,0.0,0.0,998.0,7.0,0.0,0.0,12.0,6.0,42.0,0.0,0.0,1.0,9.0,6812.0,1.0,6.0,3.0,Valid license for this class vehicle,3.0,74.0,999.0,0.0,0.0,0.0,0.0,No Record,0.0,0.0,0.0,9.0,1.0,2.0,40.0,1.0,1.0,2.0,1.0,0.0,1.0,12.0,1.0,1.0,4.0,102.0,9.0,1.0,1.0,0.0,202305050120.0,12.0,1.0,3.0,1.0,1.0,1.0,4.0,53.0,1.0,1.0,1.0,20.0,0.0,37.0,2.0,98.0
90224,1,0,99.0,0.0,1.0,0.0,-99.0,9.0,1.0,12.0,49.0,4.0,44.0,1.0,1.0,0.0,3.0,0.0,20.0,0.0,0.0,996.0,0.0,9.0,2.0,12.0,1.0,0.0,4T1C11AK8NU6,2022.0,448.0,2469.0,13.0,49.0,Toyota,40.0,4.0,1.0,0.0,0.0,998.0,7.0,0.0,0.0,2.0,6.0,12.0,0.0,0.0,1.0,9.0,6108.0,1.0,6.0,3.0,Valid license for this class vehicle,0.0,69.0,999.0,0.0,1.0,1.0,2.0,February,2021.0,5.0,2021.0,9.0,1.0,8.0,25.0,1.0,1.0,2.0,1.0,0.0,11.0,15.0,1.0,1.0,1.0,401.0,9.0,0.0,1.0,0.0,202304823424.0,12.0,3.0,1.0,0.0,1.0,1.0,4.0,24.0,1.0,0.0,1.0,20.0,0.0,49.0,1.0,98.0
90225,1,9,99.0,0.0,1.0,1.0,-99.0,9.0,1.0,42.0,35.0,6.0,34.0,1.0,1.0,4.0,99.0,7.0,99.0,0.0,8.0,223.0,2.0,9.0,1.0,42.0,1.0,0.0,JN8AS5MVXDW1,2013.0,478.0,1913.0,8.0,35.0,Nissan/Datsun,51.0,6.0,1.0,0.0,0.0,998.0,7.0,0.0,0.0,99.0,6.0,42.0,1.0,1.0,1.0,9.0,6704.0,1.0,6.0,3.0,Valid license for this class vehicle,3.0,70.0,999.0,0.0,0.0,0.0,0.0,No Record,0.0,0.0,0.0,9.0,3.0,2.0,55.0,2.0,1.0,2.0,2.0,0.0,14.0,13.0,99.0,9.0,4.0,101.0,9.0,1.0,1.0,0.0,202304865910.0,12.0,2.0,4.0,0.0,1.0,1.0,6.0,81.0,2.0,0.0,1.0,98.0,0.0,35.0,1.0,98.0
90232,1,99,99.0,102.0,1.0,9999.0,-99.0,9.0,9.0,12.0,55.0,4.0,36.0,1.0,1.0,3.0,20.0,7.0,1.0,0.0,9.0,999.0,0.0,9.0,2.0,12.0,4.0,0.0,5NPEB4AC3DH7,2013.0,498.0,2459.0,13.0,55.0,Hyundai,33.0,4.0,1.0,0.0,0.0,87.0,8.0,3.0,1.0,12.0,6.0,12.0,0.0,0.0,1.0,9.0,6708.0,0.0,0.0,0.0,Not licensed,0.0,999.0,999.0,0.0,0.0,0.0,0.0,No Record,0.0,0.0,0.0,3.0,1.0,3.0,25.0,1.0,5.0,2.0,1.0,3.0,1.0,17.0,1.0,1.0,1.0,503.0,9.0,0.0,1.0,0.0,202304812792.0,8.0,5.0,3.0,3.0,1.0,1.0,4.0,43.0,1.0,0.0,1.0,20.0,0.0,55.0,1.0,0.0
90233,1,9,99.0,0.0,1.0,1.0,-99.0,9.0,1.0,35.0,2.0,14.0,35.0,1.0,1.0,4.0,20.0,7.0,20.0,0.0,1.0,380.0,2.0,9.0,1.0,35.0,2.0,0.0,1J4FJ68S1SL5,1995.0,483.0,1945.0,7.0,2.0,Jeep / Kaiser-Jeep / Willys- Jeep,404.0,14.0,1.0,0.0,0.0,55.0,7.0,0.0,0.0,12.0,6.0,3.0,0.0,1.0,1.0,9.0,6612.0,1.0,6.0,3.0,Valid license for this class vehicle,0.0,65.0,999.0,0.0,0.0,0.0,0.0,No Record,0.0,0.0,0.0,3.0,1.0,2.0,40.0,2.0,1.0,2.0,1.0,0.0,14.0,12.0,1.0,1.0,4.0,102.0,9.0,1.0,1.0,0.0,202305507085.0,12.0,1.0,11.0,0.0,1.0,1.0,14.0,40.0,1.0,0.0,1.0,1.0,0.0,2.0,2.0,0.0
90255,2,99,99.0,54.0,1.0,9995.0,-99.0,9.0,9.0,12.0,35.0,4.0,44.0,1.0,1.0,4.0,3.0,0.0,8.0,0.0,8.0,995.0,7.0,9.0,2.0,12.0,1.0,0.0,3N1AB8CVXNY2,2022.0,478.0,1907.0,13.0,35.0,Nissan/Datsun,43.0,4.0,1.0,0.0,0.0,0.0,8.0,0.0,0.0,9.0,6.0,12.0,0.0,0.0,1.0,9.0,6040.0,1.0,6.0,3.0,Valid license for this class vehicle,0.0,69.0,999.0,0.0,0.0,1.0,4.0,April,2022.0,4.0,2022.0,0.0,3.0,4.0,65.0,1.0,6.0,2.0,1.0,0.0,7.0,53.0,1.0,1.0,3.0,998.0,9.0,1.0,1.0,0.0,202304725687.0,12.0,6.0,1.0,0.0,1.0,1.0,4.0,28.0,1.0,0.0,1.0,8.0,0.0,35.0,1.0,0.0
90257,2,0,0.0,38.0,1.0,0.0,-99.0,9.0,1.0,12.0,37.0,14.0,77.0,2.0,1.0,4.0,3.0,0.0,8.0,0.0,0.0,996.0,7.0,9.0,2.0,12.0,1.0,0.0,JHLRM4H77CC0,2012.0,474.0,1865.0,7.0,37.0,Honda,402.0,14.0,1.0,0.0,0.0,998.0,8.0,0.0,0.0,11.0,6.0,12.0,0.0,0.0,1.0,9.0,6903.0,1.0,6.0,3.0,Valid license for this class vehicle,0.0,66.0,999.0,0.0,0.0,0.0,0.0,No Record,0.0,0.0,0.0,0.0,1.0,4.0,40.0,1.0,1.0,2.0,2.0,3.0,11.0,15.0,1.0,1.0,1.0,401.0,9.0,1.0,1.0,0.0,202304924568.0,12.0,6.0,3.0,0.0,1.0,1.0,14.0,32.0,1.0,0.0,1.0,20.0,0.0,37.0,2.0,98.0
90259,1,9,99.0,102.0,1.0,5062.0,11.0,9.0,7.0,12.0,35.0,4.0,23.0,2.0,1.0,4.0,20.0,7.0,8.0,0.0,1.0,191.0,7.0,9.0,2.0,12.0,2.0,0.0,1N4AL3AP9HC4,2017.0,478.0,1904.0,13.0,35.0,Nissan/Datsun,47.0,4.0,1.0,0.0,0.0,93.0,1.0,0.0,0.0,12.0,6.0,12.0,0.0,1.0,1.0,9.0,6450.0,1.0,6.0,3.0,Valid license for this class vehicle,0.0,64.0,999.0,0.0,0.0,0.0,0.0,No Record,0.0,0.0,0.0,3.0,1.0,2.0,45.0,1.0,1.0,2.0,1.0,0.0,1.0,51.0,9.0,1.0,1.0,202.0,9.0,1.0,1.0,0.0,202304783139.0,12.0,2.0,2.0,1.0,2.0,1.0,4.0,36.0,2.0,1.0,1.0,1.0,0.0,35.0,1.0,0.0
100002,1,0,99.0,58.0,1.0,9995.0,-99.0,10.0,1.0,12.0,12.0,4.0,27.0,2.0,1.0,1.0,20.0,7.0,8.0,0.0,0.0,996.0,0.0,10.0,2.0,12.0,2.0,0.0,3FADP4BJ7KM1,2019.0,460.0,3267.0,13.0,12.0,Ford,32.0,4.0,1.0,0.0,0.0,998.0,0.0,3.0,5.0,7.0,6.0,42.0,0.0,0.0,1.0,10.0,21629.0,1.0,6.0,3.0,Valid license for this class vehicle,0.0,70.0,208.0,0.0,1.0,3.0,12.0,December,2019.0,6.0,2022.0,5.0,2.0,2.0,55.0,1.0,1.0,2.0,1.0,0.0,6.0,10.0,99.0,1.0,2.0,208.0,10.0,0.0,1.0,0.0,202304973812.0,12.0,4.0,5.0,2.0,1.0,1.0,4.0,19.0,2.0,1.0,1.0,8.0,0.0,12.0,2.0,0.0
100007,1,99,99.0,0.0,1.0,6002.0,-99.0,10.0,1.0,53.0,49.0,5.0,36.0,1.0,1.0,4.0,99.0,7.0,99.0,0.0,0.0,0.0,7.0,10.0,1.0,53.0,1.0,0.0,JTDKN3DU4A50,2010.0,448.0,2209.0,5.0,49.0,Toyota,46.0,5.0,1.0,0.0,0.0,998.0,7.0,0.0,0.0,12.0,6.0,2.0,1.0,0.0,1.0,42.0,19141.0,1.0,2.0,2.0,No valid license for this class vehicle,9.0,72.0,185.0,2.0,0.0,0.0,4.0,April,2022.0,4.0,2022.0,3.0,2.0,2.0,45.0,1.0,1.0,2.0,2.0,28.0,1.0,11.0,99.0,1.0,4.0,101.0,10.0,2.0,1.0,0.0,202304876343.0,12.0,1.0,4.0,2.0,1.0,1.0,5.0,41.0,1.0,2.0,1.0,20.0,0.0,49.0,2.0,0.0
100012,1,9,96.0,36.0,1.0,5997.0,-99.0,10.0,3.0,12.0,18.0,14.0,19.0,2.0,1.0,2.0,3.0,0.0,8.0,0.0,1.0,197.0,0.0,10.0,2.0,12.0,6.0,1.0,3G5DA03L36S5,2006.0,468.0,4955.0,7.0,18.0,Buick / Opel,401.0,14.0,1.0,0.0,0.0,66.0,8.0,0.0,0.0,12.0,6.0,12.0,0.0,1.0,1.0,10.0,19804.0,1.0,6.0,3.0,Valid license for this class vehicle,0.0,64.0,115.0,0.0,0.0,0.0,0.0,No Record,0.0,0.0,0.0,3.0,1.0,4.0,30.0,3.0,5.0,2.0,1.0,28.0,14.0,6.0,99.0,1.0,2.0,301.0,10.0,0.0,1.0,0.0,202305147517.0,12.0,1.0,7.0,2.0,1.0,1.0,14.0,39.0,2.0,2.0,1.0,20.0,0.0,18.0,2.0,98.0
100015,1,0,99.0,39.0,1.0,0.0,-99.0,10.0,1.0,12.0,12.0,4.0,25.0,1.0,1.0,2.0,3.0,0.0,1.0,0.0,0.0,996.0,0.0,10.0,2.0,12.0,1.0,0.0,1FAHP3F29CL3,2012.0,460.0,1779.0,13.0,12.0,Ford,37.0,4.0,1.0,0.0,0.0,48.0,0.0,0.0,0.0,12.0,6.0,12.0,0.0,0.0,1.0,10.0,19977.0,1.0,6.0,3.0,Valid license for this class vehicle,3.0,74.0,180.0,0.0,2.0,1.0,5.0,May,2019.0,9.0,2020.0,0.0,2.0,2.0,45.0,1.0,1.0,2.0,1.0,1.0,1.0,17.0,1.0,1.0,1.0,415.0,10.0,0.0,1.0,0.0,202304811554.0,20.0,7.0,3.0,1.0,1.0,1.0,4.0,56.0,2.0,1.0,1.0,8.0,0.0,12.0,1.0,0.0
100018,1,99,99.0,36.0,1.0,5997.0,-99.0,10.0,3.0,12.0,37.0,4.0,21.0,2.0,1.0,3.0,20.0,7.0,1.0,0.0,0.0,0.0,0.0,10.0,2.0,12.0,3.0,0.0,2HGFC2F89KH5,2019.0,474.0,1863.0,13.0,37.0,Honda,31.0,4.0,1.0,0.0,0.0,70.0,8.0,0.0,0.0,12.0,6.0,12.0,0.0,0.0,1.0,10.0,19720.0,1.0,6.0,3.0,Valid license for this class vehicle,3.0,69.0,220.0,0.0,0.0,0.0,0.0,No Record,0.0,0.0,0.0,0.0,2.0,8.0,35.0,8.0,8.0,2.0,1.0,0.0,1.0,12.0,99.0,9.0,4.0,301.0,10.0,0.0,1.0,0.0,202304848506.0,12.0,6.0,3.0,0.0,10.0,1.0,4.0,28.0,1.0,0.0,1.0,20.0,0.0,37.0,3.0,98.0
100019,1,9,99.0,0.0,1.0,5997.0,-99.0,10.0,1.0,12.0,6.0,20.0,78.0,1.0,1.0,4.0,3.0,0.0,99.0,0.0,0.0,0.0,7.0,10.0,2.0,12.0,1.0,0.0,2A4GP54L26R8,2006.0,477.0,1936.0,2.0,6.0,Chrysler,441.0,20.0,1.0,0.0,0.0,55.0,8.0,0.0,0.0,12.0,6.0,12.0,1.0,0.0,1.0,24.0,21901.0,1.0,6.0,3.0,Valid license for this class vehicle,0.0,71.0,190.0,0.0,0.0,0.0,0.0,No Record,0.0,0.0,0.0,0.0,2.0,2.0,55.0,1.0,1.0,2.0,1.0,0.0,1.0,12.0,99.0,1.0,4.0,301.0,10.0,2.0,1.0,0.0,202305558201.0,12.0,3.0,11.0,1.0,1.0,1.0,20.0,65.0,2.0,1.0,1.0,20.0,0.0,6.0,2.0,0.0
100032,1,0,0.0,38.0,1.0,1.0,-99.0,10.0,3.0,12.0,30.0,4.0,42.0,1.0,1.0,4.0,20.0,7.0,8.0,0.0,0.0,0.0,7.0,10.0,2.0,12.0,2.0,0.0,3VW2K7AJ9FM3,2015.0,482.0,3137.0,13.0,30.0,Volkswagen,40.0,4.0,1.0,0.0,0.0,96.0,8.0,0.0,0.0,81.0,6.0,12.0,0.0,0.0,1.0,42.0,19013.0,1.0,6.0,3.0,Valid license for this class vehicle,3.0,71.0,999.0,0.0,0.0,0.0,12.0,December,2022.0,12.0,2022.0,0.0,1.0,4.0,35.0,1.0,5.0,2.0,1.0,0.0,11.0,15.0,10.0,1.0,1.0,401.0,10.0,2.0,1.0,0.0,202304929461.0,9.0,3.0,3.0,2.0,1.0,1.0,4.0,50.0,1.0,0.0,1.0,20.0,0.0,30.0,1.0,0.0
100036,1,99,99.0,0.0,1.0,1.0,-99.0,10.0,5.0,30.0,23.0,15.0,47.0,1.0,1.0,4.0,20.0,7.0,8.0,0.0,0.0,0.0,7.0,10.0,1.0,30.0,1.0,0.0,1GKFK66867J2,2007.0,472.0,4579.0,7.0,23.0,GMC,422.0,15.0,1.0,0.0,0.0,998.0,7.0,0.0,0.0,12.0,6.0,30.0,1.0,0.0,1.0,10.0,19968.0,1.0,6.0,3.0,Valid license for this class vehicle,0.0,69.0,210.0,0.0,1.0,2.0,6.0,June,2018.0,10.0,2022.0,5.0,1.0,3.0,45.0,1.0,8.0,2.0,1.0,0.0,1.0,12.0,99.0,1.0,4.0,102.0,10.0,1.0,1.0,0.0,202304907616.0,12.0,5.0,5.0,0.0,1.0,1.0,15.0,47.0,1.0,0.0,1.0,20.0,0.0,23.0,2.0,0.0
100041,2,99,99.0,38.0,1.0,5997.0,-99.0,10.0,3.0,12.0,63.0,4.0,44.0,2.0,1.0,3.0,3.0,0.0,8.0,0.0,8.0,995.0,0.0,10.0,3.0,12.0,2.0,0.0,3KPF24AD0ME3,2021.0,499.0,2462.0,13.0,63.0,KIA,38.0,4.0,1.0,0.0,0.0,998.0,8.0,3.0,1.0,6.0,6.0,12.0,0.0,0.0,1.0,10.0,19805.0,1.0,6.0,3.0,Valid license for this class vehicle,0.0,65.0,155.0,0.0,0.0,1.0,7.0,July,2022.0,7.0,2022.0,0.0,0.0,0.0,0.0,0.0,0.0,0.0,0.0,20.0,10.0,16.0,99.0,1.0,2.0,410.0,10.0,0.0,1.0,0.0,202304674116.0,12.0,6.0,1.0,1.0,1.0,1.0,4.0,38.0,1.0,1.0,1.0,20.0,0.0,63.0,2.0,98.0
100044,1,9,0.0,0.0,1.0,1.0,-99.0,10.0,5.0,53.0,12.0,4.0,40.0,1.0,1.0,4.0,3.0,0.0,8.0,0.0,1.0,151.0,7.0,10.0,1.0,53.0,1.0,0.0,1FADP3F21EL1,2014.0,460.0,1779.0,13.0,12.0,Ford,37.0,4.0,1.0,0.0,0.0,998.0,7.0,3.0,5.0,12.0,6.0,1.0,0.0,1.0,1.0,10.0,19963.0,1.0,6.0,3.0,Valid license for this class vehicle,0.0,70.0,162.0,0.0,1.0,1.0,8.0,August,2019.0,10.0,2019.0,4.0,1.0,2.0,50.0,1.0,1.0,2.0,1.0,0.0,1.0,13.0,99.0,1.0,4.0,101.0,10.0,1.0,1.0,0.0,202305424716.0,8.0,5.0,11.0,3.0,1.0,1.0,4.0,66.0,2.0,0.0,1.0,20.0,0.0,12.0,1.0,98.0
100047,2,9,99.0,36.0,1.0,3019.0,-99.0,10.0,3.0,26.0,12.0,34.0,36.0,1.0,1.0,4.0,20.0,7.0,8.0,0.0,0.0,0.0,7.0,10.0,1.0,26.0,1.0,0.0,1FTRF12258KD,2008.0,460.0,1801.0,60.0,12.0,Ford,481.0,34.0,1.0,0.0,0.0,998.0,8.0,0.0,0.0,12.0,6.0,14.0,0.0,0.0,1.0,42.0,17603.0,1.0,6.0,3.0,Valid license for this class vehicle,0.0,71.0,999.0,0.0,0.0,0.0,0.0,No Record,0.0,0.0,0.0,0.0,3.0,1.0,65.0,2.0,8.0,1.0,1.0,0.0,14.0,12.0,99.0,1.0,4.0,102.0,10.0,1.0,1.0,0.0,202304910699.0,12.0,1.0,3.0,1.0,1.0,1.0,34.0,14.0,1.0,0.0,1.0,98.0,0.0,12.0,1.0,98.0
100051,1,99,99.0,0.0,1.0,1.0,-99.0,10.0,5.0,59.0,34.0,4.0,59.0,2.0,1.0,4.0,3.0,0.0,8.0,0.0,0.0,0.0,7.0,10.0,3.0,59.0,1.0,0.0,WBAJE7C50KWW,2019.0,452.0,5195.0,13.0,34.0,BMW,35.0,4.0,1.0,0.0,0.0,50.0,8.0,0.0,0.0,12.0,6.0,12.0,0.0,0.0,1.0,10.0,19971.0,1.0,6.0,3.0,Valid license for this class vehicle,0.0,66.0,140.0,0.0,0.0,0.0,0.0,No Record,0.0,0.0,0.0,0.0,2.0,2.0,55.0,1.0,1.0,2.0,1.0,0.0,1.0,13.0,1.0,1.0,4.0,101.0,10.0,1.0,1.0,0.0,202305411175.0,12.0,3.0,11.0,0.0,10.0,1.0,4.0,37.0,2.0,0.0,1.0,20.0,0.0,34.0,2.0,0.0