ST_CASE,VEH_NO_x,DRIMPAIR_x,DRDISTRACT,DRIVERRF,PER_NO_x,DRUGRES,DRUGACTQTY,STATE_x,COUNTY,HARM_EV_x,MAKE_x,BODY_TYP_x,AGE,SEX,PER_TYP_x,INJ_SEV,REST_USE,REST_MIS,AIR_BAG_x,EJECTION,DRINKING,ALC_RES,HISPANIC,STATE_y,VE_FORMS,HARM_EV_y,NUMOCCS,HIT_RUN,VIN,MOD_YEAR,VPICMAKE,VPICMODEL,VPICBODYCLASS,MAKE_y,MAKENAME,MODEL,BODY_TYP_y,HAZ_INV,HAZ_PLAC,HAZ_ID,TRAV_SP,UNDEROVERRIDE,ROLLOVER,ROLINLOC,IMPACT1,DEFORMED,M_HARM,FIRE_EXP,DR_DRINK,DR_PRES,L_STATE,DR_ZIP,L_TYPE,L_STATUS,L_COMPL,L_COMPLNAME,L_RESTRI,DR_HGT,DR_WGT,PREV_DWI,PREV_SPD,PREV_OTH,FIRST_MO,FIRST_MONAME,FIRST_YR,LAST_MO,LAST_YR,SPEEDREL,VTRAFWAY,VNUM_LAN,VSPD_LIM,VALIGN,VPROFILE,VPAVETYP,VSURCOND,VTRAFCON,P_CRASH1,P_CRASH2,P_CRASH3,PCRASH4,PCRASH5,ACC_CONFIG,STATE,RACE,ORDER,MULTRACE,CASENUM,HARM_EV,DAY_WEEK,MONTH,MAXSEV_IM,WEATHR_IM,PER_NO_y,BODY_TYP,AGE_IM,SEX_IM,INJSEV_IM,PER_TYP_y,AIR_BAG_y,EJECT_IM,MAKE,VEH_NO_y,DRIMPAIR_y
120393,1,99,0.0,38.0,1.0,3026.0,-99.0,12.0,111.0,12.0,55.0,15.0,58.0,1.0,1.0,4.0,3.0,0.0,8.0,0.0,0.0,178.0,7.0,12.0,2.0,12.0,1.0,0.0,KM8R74HE0NU4,2022.0,498.0,25847.0,7.0,55.0,Hyundai,422.0,15.0,1.0,0.0,0.0,20.0,8.0,0.0,0.0,9.0,6.0,12.0,0.0,1.0,1.0,12.0,34945.0,1.0,6.0,3.0,Valid license for this class vehicle,0.0,73.0,999.0,0.0,0.0,0.0,7.0,July,2021.0,9.0,2021.0,0.0,1.0,3.0,55.0,1.0,5.0,8.0,1.0,20.0,1.0,17.0,99.0,1.0,1.0,504.0,12.0,1.0,1.0,0.0,202304677624.0,12.0,5.0,1.0,0.0,1.0,1.0,15.0,28.0,1.0,0.0,1.0,20.0,0.0,55.0,2.0,0.0
120406,1,0,93.0,28.0,1.0,9999.0,-99.0,12.0,33.0,12.0,63.0,14.0,80.0,1.0,1.0,4.0,3.0,0.0,1.0,0.0,0.0,995.0,7.0,12.0,2.0,12.0,1.0,0.0,KNDJ23AU7M77,2021.0,499.0,2460.0,7.0,63.0,KIA,498.0,14.0,1.0,0.0,0.0,40.0,0.0,0.0,0.0,12.0,6.0,12.0,0.0,0.0,1.0,12.0,32507.0,1.0,6.0,3.0,Valid license for this class vehicle,3.0,72.0,999.0,0.0,0.0,0.0,0.0,No Record,0.0,0.0,0.0,0.0,1.0,2.0,40.0,1.0,5.0,8.0,1.0,0.0,1.0,10.0,99.0,1.0,2.0,301.0,12.0,1.0,1.0,0.0,202304928078.0,12.0,4.0,3.0,0.0,1.0,1.0,14.0,61.0,1.0,0.0,1.0,20.0,0.0,63.0,2.0,0.0
120415,1,9,99.0,0.0,1.0,0.0,-99.0,12.0,11.0,42.0,37.0,4.0,25.0,2.0,1.0,4.0,99.0,7.0,8.0,0.0,1.0,220.0,6.0,12.0,1.0,42.0,1.0,0.0,1HGCV1F32KA1,2019.0,474.0,1861.0,13.0,37.0,Honda,32.0,4.0,1.0,0.0,0.0,50.0,7.0,0.0,0.0,5.0,6.0,42.0,1.0,1.0,1.0,12.0,33317.0,1.0,6.0,3.0,Valid license for this class vehicle,0.0,61.0,999.0,0.0,0.0,1.0,12.0,December,2022.0,2.0,2023.0,4.0,1.0,2.0,25.0,3.0,1.0,8.0,1.0,0.0,14.0,13.0,1.0,1.0,4.0,101.0,12.0,2.0,1.0,0.0,202304738107.0,12.0,3.0,2.0,2.0,1.0,1.0,4.0,31.0,2.0,0.0,1.0,20.0,0.0,37.0,2.0,0.0
120417,1,0,93.0,38.0,1.0,9995.0,-99.0,12.0,99.0,12.0,55.0,4.0,16.0,2.0,1.0,1.0,3.0,0.0,8.0,0.0,0.0,995.0,0.0,12.0,2.0,12.0,2.0,0.0,5NPE24AF4FH2,2015.0,498.0,2459.0,13.0,55.0,Hyundai,33.0,4.0,1.0,0.0,0.0,998.0,0.0,0.0,0.0,12.0,6.0,12.0,0.0,0.0,1.0,12.0,33478.0,1.0,6.0,3.0,Valid license for this class vehicle,0.0,61.0,999.0,0.0,0.0,0.0,0.0,No Record,0.0,0.0,0.0,0.0,1.0,2.0,25.0,1.0,1.0,8.0,1.0,4.0,1.0,17.0,99.0,1.0,1.0,503.0,12.0,0.0,1.0,0.0,202305507111.0,12.0,4.0,12.0,2.0,2.0,1.0,4.0,43.0,2.0,2.0,1.0,20.0,0.0,55.0,2.0,0.0
120423,1,99,96.0,36.0,1.0,9999.0,-99.0,12.0,99.0,33.0,19.0,4.0,34.0,2.0,1.0,4.0,20.0,7.0,8.0,0.0,9.0,995.0,7.0,12.0,1.0,33.0,1.0,0.0,2G61M5S3XK91,2019.0,469.0,1827.0,13.0,19.0,Cadillac,23.0,4.0,1.0,0.0,0.0,30.0,7.0,0.0,0.0,12.0,6.0,46.0,0.0,0.0,1.0,26.0,48025.0,1.0,6.0,3.0,Valid license for this class vehicle,3.0,62.0,140.0,0.0,0.0,0.0,6.0,June,2022.0,6.0,2022.0,0.0,2.0,2.0,40.0,1.0,6.0,8.0,1.0,0.0,1.0,12.0,99.0,1.0,4.0,102.0,12.0,1.0,1.0,0.0,202305124403.0,8.0,5.0,5.0,2.0,1.0,1.0,4.0,45.0,1.0,0.0,1.0,20.0,0.0,19.0,1.0,0.0
120425,3,0,99.0,0.0,1.0,0.0,-99.0,12.0,105.0,12.0,49.0,6.0,35.0,2.0,1.0,1.0,3.0,0.0,8.0,0.0,0.0,996.0,0.0,12.0,3.0,12.0,1.0,0.0,JTLKT3249640,2006.0,448.0,2210.0,7.0,49.0,Toyota,49.0,6.0,1.0,0.0,0.0,998.0,7.0,0.0,0.0,12.0,6.0,59.0,0.0,0.0,1.0,12.0,33805.0,1.0,6.0,3.0,Valid license for this class vehicle,0.0,63.0,999.0,0.0,0.0,0.0,0.0,No Record,0.0,0.0,0.0,0.0,1.0,2.0,45.0,1.0,1.0,8.0,1.0,0.0,1.0,98.0,9.0,1.0,4.0,998.0,12.0,0.0,1.0,0.0,202305329682.0,12.0,4.0,10.0,1.0,1.0,1.0,6.0,76.0,1.0,1.0,1.0,8.0,0.0,49.0,1.0,1.0
120452,1,0,99.0,6.0,1.0,9999.0,-99.0,12.0,9.0,12.0,76.0,80.0,18.0,1.0,1.0,4.0,20.0,7.0,20.0,8.0,9.0,995.0,3.0,12.0,3.0,12.0,1.0,0.0,JYARJ06E03A0,2003.0,564.0,3211.0,80.0,76.0,Yamaha,705.0,80.0,1.0,0.0,0.0,80.0,7.0,8.0,8.0,12.0,6.0,12.0,0.0,0.0,1.0,12.0,32907.0,1.0,6.0,3.0,Valid license for this class vehicle,0.0,62.0,999.0,0.0,0.0,0.0,0.0,No Record,0.0,0.0,0.0,0.0,3.0,3.0,70.0,1.0,1.0,8.0,1.0,0.0,1.0,61.0,99.0,1.0,1.0,202.0,12.0,1.0,1.0,0.0,202305378949.0,5.0,1.0,9.0,2.0,2.0,1.0,80.0,19.0,1.0,2.0,1.0,20.0,8.0,76.0,1.0,0.0
120460,1,0,0.0,38.0,1.0,9995.0,-99.0,12.0,71.0,12.0,55.0,14.0,72.0,2.0,1.0,2.0,3.0,0.0,1.0,0.0,0.0,995.0,0.0,12.0,2.0,12.0,1.0,0.0,KM8K53A36PU9,2023.0,498.0,22249.0,7.0,55.0,Hyundai,404.0,14.0,1.0,0.0,0.0,10.0,7.0,0.0,0.0,12.0,6.0,12.0,0.0,0.0,1.0,12.0,33914.0,1.0,6.0,3.0,Valid license for this class vehicle,0.0,62.0,999.0,0.0,0.0,0.0,8.0,August,2022.0,8.0,2022.0,0.0,1.0,2.0,35.0,1.0,1.0,8.0,1.0,0.0,11.0,15.0,99.0,1.0,1.0,401.0,12.0,0.0,1.0,0.0,202304936711.0,12.0,5.0,3.0,4.0,1.0,1.0,14.0,72.0,2.0,2.0,1.0,1.0,0.0,55.0,1.0,0.0
120460,2,0,0.0,0.0,1.0,9999.0,-99.0,12.0,71.0,12.0,76.0,80.0,58.0,1.0,1.0,4.0,20.0,7.0,20.0,8.0,9.0,995.0,7.0,12.0,2.0,12.0,1.0,0.0,JYAVP11E47A1,2007.0,564.0,11619.0,82.0,76.0,Yamaha,706.0,80.0,1.0,0.0,0.0,45.0,7.0,8.0,8.0,9.0,6.0,12.0,0.0,0.0,1.0,12.0,33993.0,1.0,6.0,3.0,Valid license for this class vehicle,3.0,67.0,999.0,0.0,0.0,0.0,0.0,No Record,0.0,0.0,0.0,0.0,1.0,2.0,35.0,1.0,1.0,8.0,1.0,0.0,1.0,62.0,99.0,1.0,1.0,402.0,12.0,97.0,1.0,0.0,202304936711.0,12.0,5.0,3.0,4.0,1.0,1.0,80.0,58.0,1.0,4.0,1.0,20.0,8.0,76.0,2.0,0.0
120463,1,0,0.0,36.0,1.0,0.0,-99.0,12.0,97.0,33.0,59.0,4.0,32.0,1.0,1.0,2.0,3.0,0.0,8.0,0.0,0.0,996.0,0.0,12.0,2.0,33.0,1.0,0.0,JTHBF1D21E50,2014.0,515.0,2184.0,13.0,59.0,Lexus,35.0,4.0,1.0,0.0,0.0,45.0,0.0,0.0,0.0,12.0,6.0,12.0,0.0,0.0,1.0,12.0,33815.0,1.0,6.0,3.0,Valid license for this class vehicle,3.0,71.0,999.0,0.0,0.0,0.0,2.0,February,2021.0,8.0,2022.0,0.0,2.0,3.0,45.0,3.0,1.0,8.0,1.0,0.0,14.0,12.0,99.0,1.0,4.0,102.0,12.0,0.0,1.0,0.0,202305512446.0,12.0,6.0,12.0,2.0,1.0,1.0,4.0,23.0,1.0,2.0,1.0,20.0,0.0,59.0,2.0,0.0
120470,1,99,0.0,38.0,1.0,9999.0,-99.0,12.0,57.0,12.0,20.0,34.0,63.0,2.0,1.0,4.0,3.0,0.0,1.0,0.0,9.0,995.0,7.0,12.0,2.0,12.0,1.0,0.0,1GCCS299X882,2008.0,467.0,4086.0,60.0,20.0,Chevrolet,473.0,34.0,1.0,0.0,0.0,20.0,0.0,3.0,1.0,3.0,6.0,12.0,0.0,0.0,1.0,12.0,33565.0,1.0,6.0,3.0,Valid license for this class vehicle,3.0,65.0,999.0,0.0,0.0,0.0,0.0,No Record,0.0,0.0,0.0,0.0,2.0,4.0,55.0,1.0,1.0,8.0,1.0,3.0,11.0,15.0,99.0,1.0,1.0,401.0,12.0,97.0,1.0,0.0,202305028942.0,12.0,6.0,2.0,4.0,10.0,1.0,34.0,63.0,2.0,4.0,1.0,1.0,0.0,20.0,1.0,99.0
120470,2,99,0.0,0.0,1.0,0.0,-99.0,12.0,57.0,12.0,35.0,4.0,19.0,1.0,1.0,2.0,20.0,7.0,8.0,0.0,9.0,996.0,0.0,12.0,2.0,12.0,1.0,0.0,3N1AB8CV2LY2,2020.0,478.0,1907.0,13.0,35.0,Nissan/Datsun,43.0,4.0,1.0,0.0,0.0,55.0,0.0,0.0,0.0,12.0,6.0,12.0,0.0,0.0,1.0,12.0,33810.0,7.0,6.0,3.0,Valid license for this class vehicle,0.0,66.0,999.0,0.0,0.0,0.0,4.0,April,2021.0,4.0,2021.0,0.0,2.0,4.0,55.0,1.0,1.0,8.0,1.0,3.0,1.0,62.0,99.0,1.0,1.0,402.0,12.0,0.0,1.0,0.0,202304655523.0,12.0,7.0,1.0,1.0,1.0,1.0,4.0,21.0,1.0,1.0,1.0,8.0,0.0,35.0,1.0,0.0
120478,1,0,0.0,38.0,1.0,0.0,-99.0,12.0,35.0,12.0,12.0,14.0,18.0,1.0,1.0,0.0,3.0,0.0,8.0,0.0,0.0,996.0,0.0,12.0,2.0,12.0,1.0,0.0,1FMCU9JD4HUB,2017.0,460.0,1798.0,7.0,12.0,Ford,402.0,14.0,1.0,0.0,0.0,10.0,7.0,0.0,0.0,3.0,6.0,12.0,0.0,0.0,1.0,12.0,32137.0,1.0,6.0,3.0,Valid license for this class vehicle,0.0,69.0,999.0,0.0,0.0,0.0,0.0,No Record,0.0,0.0,0.0,0.0,2.0,3.0,50.0,1.0,1.0,8.0,1.0,3.0,11.0,15.0,99.0,1.0,1.0,401.0,12.0,0.0,1.0,0.0,202305215954.0,12.0,6.0,8.0,0.0,1.0,1.0,14.0,22.0,2.0,0.0,1.0,20.0,0.0,12.0,1.0,0.0
120482,1,99,99.0,51.0,1.0,1.0,-99.0,12.0,13.0,12.0,35.0,4.0,45.0,1.0,1.0,4.0,20.0,7.0,8.0,0.0,9.0,270.0,7.0,12.0,2.0,12.0,1.0,0.0,3N1CN7AP0HL8,2017.0,478.0,1894.0,13.0,35.0,Nissan/Datsun,50.0,4.0,1.0,0.0,0.0,65.0,0.0,0.0,0.0,12.0,6.0,12.0,0.0,1.0,1.0,12.0,32340.0,1.0,6.0,3.0,Valid license for this class vehicle,0.0,72.0,999.0,0.0,0.0,0.0,8.0,August,2019.0,8.0,2019.0,0.0,1.0,2.0,60.0,2.0,1.0,8.0,1.0,0.0,14.0,54.0,99.0,1.0,1.0,303.0,12.0,2.0,1.0,0.0,202304887019.0,12.0,6.0,4.0,2.0,1.0,1.0,4.0,25.0,2.0,2.0,1.0,20.0,0.0,35.0,1.0,98.0
120487,1,0,0.0,6.0,1.0,0.0,-99.0,12.0,57.0,12.0,23.0,34.0,37.0,1.0,1.0,0.0,3.0,0.0,20.0,0.0,0.0,996.0,0.0,12.0,2.0,12.0,1.0,0.0,3GTP1NEC6JG2,2018.0,472.0,1857.0,60.0,23.0,GMC,481.0,34.0,1.0,0.0,0.0,70.0,0.0,0.0,0.0,12.0,6.0,12.0,0.0,0.0,1.0,12.0,33570.0,1.0,6.0,3.0,Valid license for this class vehicle,3.0,70.0,999.0,0.0,0.0,0.0,0.0,No Record,0.0,0.0,0.0,0.0,3.0,3.0,70.0,1.0,1.0,8.0,1.0,0.0,1.0,51.0,99.0,1.0,1.0,202.0,12.0,0.0,1.0,0.0,202304927668.0,12.0,5.0,2.0,4.0,1.0,1.0,34.0,37.0,1.0,0.0,1.0,20.0,0.0,23.0,1.0,0.0
120487,2,0,0.0,0.0,1.0,9999.0,-99.0,12.0,57.0,12.0,14.0,4.0,65.0,1.0,1.0,4.0,3.0,0.0,20.0,0.0,0.0,995.0,7.0,12.0,2.0,12.0,1.0,0.0,2MEBM7FV6BX6,2011.0,465.0,1792.0,13.0,14.0,Mercury,6.0,4.0,1.0,0.0,0.0,40.0,0.0,0.0,0.0,6.0,6.0,24.0,0.0,0.0,1.0,12.0,33637.0,1.0,6.0,3.0,Valid license for this class vehicle,0.0,73.0,999.0,0.0,0.0,0.0,0.0,No Record,0.0,0.0,0.0,0.0,3.0,3.0,70.0,1.0,1.0,8.0,1.0,0.0,1.0,53.0,99.0,1.0,1.0,201.0,12.0,1.0,1.0,0.0,202304927668.0,12.0,5.0,2.0,4.0,1.0,1.0,4.0,65.0,1.0,4.0,1.0,20.0,0.0,14.0,2.0,0.0
120492,1,0,99.0,6.0,1.0,9998.0,-99.0,12.0,71.0,12.0,49.0,14.0,36.0,1.0,1.0,4.0,20.0,7.0,8.0,0.0,1.0,190.0,7.0,12.0,2.0,12.0,1.0,0.0,2T3H1RFV3MC1,2021.0,448.0,2217.0,7.0,49.0,Toyota,402.0,14.0,1.0,0.0,0.0,50.0,0.0,0.0,0.0,12.0,6.0,12.0,0.0,1.0,1.0,12.0,33967.0,1.0,6.0,3.0,Valid license for this class vehicle,0.0,68.0,999.0,0.0,0.0,0.0,0.0,No Record,0.0,0.0,0.0,0.0,2.0,5.0,50.0,1.0,1.0,8.0,1.0,3.0,1.0,50.0,99.0,1.0,1.0,202.0,12.0,1.0,1.0,0.0,202304820430.0,12.0,6.0,3.0,3.0,1.0,1.0,14.0,79.0,1.0,3.0,1.0,8.0,0.0,49.0,1.0,0.0
120495,1,99,99.0,39.0,1.0,9999.0,-99.0,12.0,99.0,59.0,55.0,4.0,76.0,1.0,1.0,4.0,3.0,0.0,8.0,0.0,9.0,999.0,7.0,12.0,1.0,59.0,2.0,0.0,5NPD74LF0LH5,2020.0,498.0,2735.0,13.0,55.0,Hyundai,35.0,4.0,1.0,0.0,0.0,998.0,7.0,0.0,0.0,12.0,6.0,43.0,0.0,0.0,1.0,12.0,33446.0,1.0,6.0,3.0,Valid license for this class vehicle,0.0,71.0,999.0,0.0,0.0,0.0,0.0,No Record,0.0,0.0,0.0,0.0,1.0,2.0,25.0,1.0,1.0,8.0,1.0,20.0,1.0,14.0,99.0,1.0,4.0,103.0,12.0,1.0,1.0,0.0,202305263778.0,12.0,3.0,9.0,0.0,1.0,1.0,4.0,38.0,2.0,0.0,1.0,20.0,0.0,55.0,2.0,98.0
120503,2,0,99.0,6.0,1.0,9995.0,-99.0,12.0,117.0,12.0,35.0,4.0,28.0,1.0,1.0,2.0,20.0,7.0,8.0,0.0,0.0,995.0,0.0,12.0,2.0,12.0,2.0,0.0,3N1CN7AP2GL8,2016.0,478.0,1894.0,13.0,35.0,Nissan/Datsun,50.0,4.0,1.0,0.0,0.0,45.0,0.0,0.0,0.0,12.0,6.0,12.0,0.0,0.0,1.0,12.0,32725.0,1.0,3.0,2.0,No valid license for this class vehicle,3.0,68.0,999.0,0.0,0.0,0.0,7.0,July,2021.0,7.0,2021.0,0.0,1.0,2.0,45.0,1.0,5.0,8.0,1.0,0.0,1.0,62.0,99.0,1.0,1.0,402.0,12.0,0.0,1.0,0.0,202305092885.0,12.0,2.0,7.0,0.0,1.0,1.0,4.0,41.0,1.0,0.0,1.0,20.0,0.0,35.0,2.0,0.0
120515,1,0,0.0,6.0,1.0,9997.0,-99.0,12.0,33.0,12.0,55.0,4.0,24.0,1.0,1.0,2.0,3.0,0.0,8.0,0.0,0.0,997.0,0.0,12.0,4.0,12.0,1.0,0.0,5NPD84LF5LH5,2020.0,498.0,2735.0,13.0,55.0,Hyundai,35.0,4.0,1.0,0.0,0.0,50.0,0.0,0.0,0.0,12.0,6.0,12.0,0.0,0.0,1.0,12.0,32526.0,1.0,6.0,3.0,Valid license for this class vehicle,3.0,66.0,999.0,0.0,2.0,0.0,1.0,January,2019.0,10.0,2019.0,0.0,2.0,2.0,70.0,1.0,1.0,8.0,1.0,0.0,1.0,52.0,99.0,1.0,1.0,202.0,12.0,0.0,1.0,0.0,202305180255.0,12.0,1.0,8.0,1.0,1.0,1.0,4.0,42.0,2.0,1.0,1.0,9.0,0.0,55.0,1.0,98.0
120515,3,99,0.0,0.0,1.0,0.0,-99.0,12.0,33.0,12.0,2.0,14.0,58.0,2.0,1.0,2.0,3.0,0.0,20.0,0.0,0.0,996.0,0.0,12.0,4.0,12.0,1.0,0.0,ZACNJABB9LPL,2020.0,483.0,6160.0,7.0,2.0,Jeep / Kaiser-Jeep / Willys- Jeep,408.0,14.0,1.0,0.0,0.0,0.0,0.0,0.0,0.0,3.0,6.0,12.0,0.0,0.0,1.0,12.0,32503.0,1.0,6.0,3.0,Valid license for this class vehicle,0.0,63.0,999.0,0.0,0.0,0.0,4.0,April,2018.0,9.0,2021.0,0.0,2.0,2.0,70.0,1.0,1.0,8.0,1.0,0.0,5.0,61.0,1.0,1.0,1.0,998.0,12.0,0.0,1.0,0.0,202304874237.0,12.0,5.0,4.0,0.0,1.0,1.0,14.0,36.0,2.0,0.0,1.0,2.0,0.0,2.0,2.0,0.0
120522,1,0,99.0,6.0,1.0,0.0,-99.0,12.0,57.0,24.0,55.0,4.0,20.0,2.0,1.0,3.0,20.0,7.0,1.0,1.0,0.0,996.0,0.0,12.0,2.0,24.0,5.0,0.0,5NPE24AF7JH6,2018.0,498.0,2459.0,13.0,55.0,Hyundai,33.0,4.0,1.0,0.0,0.0,75.0,0.0,0.0,0.0,1.0,6.0,24.0,0.0,0.0,1.0,12.0,33509.0,1.0,6.0,3.0,Valid license for this class vehicle,3.0,63.0,999.0,0.0,0.0,1.0,11.0,November,2021.0,5.0,2022.0,0.0,3.0,3.0,65.0,1.0,1.0,8.0,1.0,0.0,15.0,13.0,6.0,4.0,4.0,102.0,12.0,0.0,1.0,0.0,202304875559.0,12.0,4.0,3.0,1.0,1.0,1.0,4.0,24.0,2.0,0.0,1.0,98.0,0.0,55.0,1.0,99.0
120526,1,9,0.0,6.0,1.0,9999.0,-99.0,12.0,15.0,12.0,7.0,4.0,25.0,1.0,1.0,2.0,3.0,0.0,8.0,0.0,0.0,996.0,0.0,12.0,3.0,12.0,1.0,0.0,2C3CDXCT0NH2,2022.0,476.0,1895.0,13.0,7.0,Dodge,24.0,4.0,1.0,0.0,0.0,70.0,0.0,0.0,0.0,12.0,6.0,12.0,0.0,0.0,1.0,22.0,70706.0,1.0,6.0,3.0,Valid license for this class vehicle,0.0,71.0,200.0,0.0,0.0,0.0,0.0,No Record,0.0,0.0,0.0,0.0,3.0,3.0,70.0,1.0,1.0,8.0,1.0,0.0,15.0,51.0,99.0,1.0,2.0,202.0,12.0,0.0,1.0,0.0,202304772448.0,12.0,3.0,2.0,0.0,10.0,1.0,4.0,23.0,2.0,0.0,1.0,1.0,0.0,7.0,1.0,0.0
120528,1,99,0.0,0.0,1.0,2216.0,-99.0,12.0,103.0,12.0,35.0,4.0,33.0,2.0,1.0,4.0,3.0,0.0,1.0,0.0,9.0,0.0,7.0,12.0,2.0,12.0,2.0,0.0,1N4AL2AP8CN5,2012.0,478.0,1904.0,13.0,35.0,Nissan/Datsun,47.0,4.0,1.0,0.0,0.0,40.0,0.0,3.0,5.0,12.0,6.0,12.0,0.0,0.0,1.0,12.0,33778.0,1.0,6.0,3.0,Valid license for this class vehicle,3.0,61.0,999.0,0.0,0.0,2.0,2.0,February,2022.0,2.0,2022.0,0.0,3.0,3.0,55.0,1.0,1.0,8.0,1.0,0.0,1.0,52.0,99.0,1.0,1.0,202.0,12.0,1.0,1.0,0.0,202304907081.0,12.0,3.0,5.0,0.0,1.0,1.0,4.0,24.0,1.0,0.0,1.0,9.0,0.0,35.0,1.0,98.0
120529,2,0,0.0,0.0,1.0,1.0,-99.0,12.0,79.0,12.0,82.0,66.0,52.0,1.0,1.0,2.0,20.0,7.0,20.0,0.0,0.0,0.0,0.0,12.0,2.0,12.0,1.0,0.0,3AKJHHFG1PSN,2023.0,450.0,2501.0,66.0,82.0,Freightliner,881.0,66.0,1.0,0.0,0.0,60.0,0.0,0.0,0.0,12.0,6.0,12.0,0.0,0.0,1.0,13.0,31008.0,1.0,6.0,3.0,Valid license for this class vehicle,3.0,999.0,999.0,0.0,0.0,1.0,2.0,February,2021.0,2.0,2021.0,0.0,1.0,2.0,60.0,3.0,1.0,8.0,1.0,0.0,14.0,62.0,99.0,1.0,1.0,302.0,12.0,0.0,1.0,0.0,202305553578.0,12.0,5.0,12.0,3.0,1.0,1.0,66.0,52.0,1.0,0.0,1.0,20.0,0.0,82.0,2.0,0.0
120532,1,99,99.0,6.0,1.0,0.0,-99.0,12.0,105.0,12.0,7.0,20.0,22.0,1.0,1.0,0.0,3.0,0.0,8.0,0.0,9.0,996.0,0.0,12.0,4.0,12.0,99.0,1.0,2C4RDGCG9KR5,2019.0,476.0,14832.0,2.0,7.0,Dodge,442.0,20.0,1.0,0.0,0.0,70.0,0.0,0.0,0.0,12.0,6.0,12.0,0.0,0.0,1.0,12.0,32773.0,9.0,9.0,9.0,Unknown,9.0,999.0,999.0,99.0,99.0,99.0,99.0,Unknown,9999.0,99.0,9999.0,0.0,2.0,3.0,70.0,1.0,1.0,8.0,1.0,0.0,1.0,51.0,1.0,1.0,1.0,202.0,12.0,0.0,1.0,0.0,202304874873.0,12.0,6.0,4.0,0.0,1.0,1.0,20.0,50.0,2.0,0.0,1.0,20.0,0.0,7.0,2.0,0.0
120536,1,0,93.0,6.0,1.0,9997.0,-99.0,12.0,97.0,12.0,7.0,20.0,29.0,2.0,1.0,2.0,3.0,0.0,1.0,0.0,9.0,997.0,0.0,12.0,2.0,12.0,2.0,0.0,1D4GP24R65B3,2005.0,476.0,1942.0,9.0,7.0,Dodge,442.0,20.0,1.0,0.0,0.0,40.0,0.0,0.0,0.0,12.0,6.0,12.0,0.0,0.0,1.0,12.0,32822.0,1.0,6.0,3.0,Valid license for this class vehicle,3.0,67.0,999.0,0.0,0.0,0.0,11.0,November,2020.0,4.0,2021.0,0.0,2.0,3.0,40.0,1.0,1.0,8.0,1.0,20.0,1.0,50.0,99.0,1.0,1.0,202.0,12.0,0.0,1.0,0.0,202305234181.0,12.0,3.0,8.0,0.0,1.0,1.0,20.0,40.0,2.0,0.0,1.0,20.0,0.0,7.0,3.0,98.0
120549,2,0,0.0,0.0,1.0,9995.0,-99.0,12.0,69.0,12.0,82.0,66.0,39.0,1.0,1.0,0.0,3.0,0.0,20.0,0.0,0.0,995.0,0.0,12.0,2.0,12.0,1.0,0.0,1FUJA6CK07LX,2007.0,450.0,2482.0,66.0,82.0,Freightliner,881.0,66.0,1.0,0.0,0.0,55.0,0.0,0.0,0.0,12.0,6.0,12.0,0.0,0.0,1.0,39.0,43219.0,1.0,6.0,3.0,Valid license for this class vehicle,3.0,73.0,999.0,0.0,0.0,0.0,0.0,No Record,0.0,0.0,0.0,0.0,1.0,2.0,55.0,2.0,1.0,8.0,1.0,0.0,14.0,67.0,99.0,1.0,1.0,415.0,12.0,0.0,1.0,0.0,202304985546.0,43.0,2.0,5.0,2.0,1.0,1.0,66.0,38.0,1.0,2.0,1.0,99.0,0.0,82.0,1.0,2.0
120551,1,99,0.0,38.0,1.0,1.0,-99.0,12.0,31.0,12.0,63.0,14.0,61.0,1.0,1.0,0.0,3.0,0.0,20.0,0.0,0.0,0.0,0.0,12.0,2.0,12.0,2.0,0.0,KNDJ23AU9N71,2022.0,499.0,2460.0,7.0,63.0,KIA,498.0,14.0,1.0,0.0,0.0,5.0,7.0,0.0,0.0,1.0,4.0,12.0,0.0,0.0,1.0,12.0,32068.0,1.0,6.0,3.0,Valid license for this class vehicle,3.0,71.0,999.0,0.0,0.0,0.0,0.0,No Record,0.0,0.0,0.0,0.0,2.0,3.0,45.0,1.0,1.0,8.0,1.0,3.0,11.0,15.0,99.0,1.0,1.0,401.0,12.0,0.0,1.0,0.0,202305299632.0,9.0,4.0,7.0,1.0,1.0,1.0,14.0,60.0,1.0,0.0,1.0,20.0,0.0,63.0,1.0,0.0
120556,1,0,99.0,51.0,1.0,9999.0,-99.0,12.0,86.0,12.0,49.0,4.0,55.0,1.0,1.0,4.0,20.0,7.0,8.0,0.0,9.0,995.0,99.0,12.0,2.0,12.0,1.0,0.0,4T1B11HK9KU2,2019.0,448.0,2469.0,13.0,49.0,Toyota,40.0,4.0,1.0,0.0,0.0,40.0,0.0,0.0,0.0,12.0,6.0,12.0,0.0,0.0,1.0,12.0,33179.0,1.0,6.0,3.0,Valid license for this class vehicle,0.0,66.0,999.0,0.0,0.0,0.0,0.0,No Record,0.0,0.0,0.0,0.0,2.0,4.0,40.0,1.0,1.0,8.0,1.0,0.0,1.0,54.0,99.0,1.0,1.0,303.0,12.0,2.0,1.0,0.0,202305033694.0,12.0,7.0,6.0,3.0,2.0,1.0,4.0,45.0,2.0,2.0,1.0,1.0,0.0,49.0,1.0,9.0