ST_CASE,VEH_NO_x,DRIMPAIR_x,DRDISTRACT,DRIVERRF,PER_NO_x,DRUGRES,DRUGACTQTY,STATE_x,COUNTY,HARM_EV_x,MAKE_x,BODY_TYP_x,AGE,SEX,PER_TYP_x,INJ_SEV,REST_USE,REST_MIS,AIR_BAG_x,EJECTION,DRINKING,ALC_RES,HISPANIC,STATE_y,VE_FORMS,HARM_EV_y,NUMOCCS,HIT_RUN,VIN,MOD_YEAR,VPICMAKE,VPICMODEL,VPICBODYCLASS,MAKE_y,MAKENAME,MODEL,BODY_TYP_y,HAZ_INV,HAZ_PLAC,HAZ_ID,TRAV_SP,UNDEROVERRIDE,ROLLOVER,ROLINLOC,IMPACT1,DEFORMED,M_HARM,FIRE_EXP,DR_DRINK,DR_PRES,L_STATE,DR_ZIP,L_TYPE,L_STATUS,L_COMPL,L_COMPLNAME,L_RESTRI,DR_HGT,DR_WGT,PREV_DWI,PREV_SPD,PREV_OTH,FIRST_MO,FIRST_MONAME,FIRST_YR,LAST_MO,LAST_YR,SPEEDREL,VTRAFWAY,VNUM_LAN,VSPD_LIM,VALIGN,VPROFILE,VPAVETYP,VSURCOND,VTRAFCON,P_CRASH1,P_CRASH2,P_CRASH3,PCRASH4,PCRASH5,ACC_CONFIG,STATE,RACE,ORDER,MULTRACE,CASENUM,HARM_EV,DAY_WEEK,MONTH,MAXSEV_IM,WEATHR_IM,PER_NO_y,BODY_TYP,AGE_IM,SEX_IM,INJSEV_IM,PER_TYP_y,AIR_BAG_y,EJECT_IM,MAKE,VEH_NO_y,DRIMPAIR_y
121224,1,0,0.0,38.0,1.0,9999.0,-99.0,12.0,71.0,12.0,49.0,4.0,79.0,2.0,1.0,4.0,3.0,0.0,8.0,0.0,0.0,995.0,7.0,12.0,3.0,12.0,1.0,0.0,2T1BURHE4FC3,2015.0,448.0,2208.0,13.0,49.0,Toyota,32.0,4.0,1.0,0.0,0.0,15.0,0.0,0.0,0.0,1.0,6.0,12.0,0.0,0.0,1.0,12.0,33904.0,1.0,6.0,3.0,Valid license for this class vehicle,0.0,62.0,999.0,0.0,0.0,0.0,0.0,No Record,0.0,0.0,0.0,0.0,2.0,4.0,45.0,1.0,1.0,8.0,1.0,3.0,11.0,15.0,99.0,1.0,1.0,401.0,12.0,1.0,1.0,0.0,202305081075.0,12.0,1.0,5.0,2.0,1.0,1.0,4.0,81.0,2.0,2.0,1.0,20.0,0.0,49.0,2.0,0.0
121224,3,0,0.0,0.0,1.0,9995.0,-99.0,12.0,71.0,12.0,6.0,20.0,54.0,1.0,1.0,0.0,3.0,0.0,20.0,0.0,0.0,995.0,0.0,12.0,3.0,12.0,1.0,0.0,2C4RC1BG4NR1,2022.0,477.0,3628.0,2.0,6.0,Chrysler,443.0,20.0,1.0,0.0,0.0,0.0,0.0,0.0,0.0,12.0,2.0,12.0,0.0,0.0,1.0,12.0,33914.0,1.0,6.0,3.0,Valid license for this class vehicle,0.0,73.0,999.0,0.0,1.0,0.0,11.0,November,2018.0,4.0,2023.0,0.0,2.0,4.0,40.0,1.0,1.0,8.0,1.0,3.0,5.0,67.0,1.0,1.0,1.0,998.0,12.0,0.0,1.0,0.0,202304695131.0,12.0,3.0,1.0,2.0,1.0,1.0,20.0,37.0,2.0,2.0,1.0,8.0,0.0,6.0,2.0,0.0
121230,1,0,99.0,6.0,1.0,9999.0,-99.0,12.0,86.0,12.0,76.0,84.0,31.0,1.0,1.0,4.0,20.0,7.0,20.0,8.0,0.0,995.0,6.0,12.0,2.0,12.0,1.0,0.0,RKRSEH9Y1NA0,2022.0,564.0,29665.0,12.0,76.0,Yamaha,703.0,84.0,1.0,0.0,0.0,20.0,7.0,8.0,8.0,12.0,6.0,12.0,0.0,0.0,1.0,12.0,33147.0,1.0,6.0,2.0,No valid license for this class vehicle,0.0,67.0,999.0,0.0,0.0,0.0,0.0,No Record,0.0,0.0,0.0,0.0,5.0,6.0,35.0,1.0,1.0,8.0,1.0,0.0,1.0,50.0,99.0,1.0,1.0,202.0,12.0,1.0,1.0,0.0,202305097909.0,12.0,3.0,5.0,4.0,1.0,1.0,84.0,31.0,1.0,4.0,1.0,20.0,8.0,76.0,1.0,99.0
121230,2,99,99.0,6.0,1.0,9995.0,-99.0,12.0,86.0,12.0,90.0,50.0,37.0,1.0,1.0,1.0,3.0,0.0,20.0,0.0,0.0,995.0,0.0,12.0,2.0,12.0,1.0,0.0,1BAKGCKA17F2,2007.0,505.0,2091.0,73.0,90.0,Bluebird,981.0,50.0,1.0,0.0,0.0,0.0,7.0,0.0,0.0,6.0,2.0,12.0,0.0,0.0,1.0,12.0,33127.0,1.0,6.0,3.0,Valid license for this class vehicle,3.0,66.0,999.0,0.0,0.0,0.0,0.0,No Record,0.0,0.0,0.0,0.0,5.0,6.0,35.0,1.0,1.0,8.0,1.0,0.0,5.0,53.0,1.0,1.0,1.0,201.0,12.0,0.0,1.0,0.0,202305097909.0,12.0,3.0,5.0,4.0,1.0,1.0,50.0,37.0,1.0,1.0,1.0,20.0,0.0,90.0,2.0,99.0
121231,1,99,99.0,36.0,1.0,9999.0,-99.0,12.0,86.0,12.0,20.0,34.0,41.0,1.0,1.0,4.0,20.0,7.0,1.0,0.0,9.0,995.0,1.0,12.0,2.0,12.0,2.0,0.0,1GCPWCED5LZ1,2020.0,467.0,1850.0,60.0,20.0,Chevrolet,481.0,34.0,1.0,0.0,0.0,90.0,0.0,0.0,0.0,1.0,6.0,12.0,0.0,0.0,1.0,12.0,33033.0,1.0,6.0,3.0,Valid license for this class vehicle,0.0,67.0,999.0,0.0,0.0,1.0,7.0,July,2018.0,2.0,2023.0,0.0,2.0,2.0,45.0,1.0,1.0,8.0,1.0,0.0,1.0,9.0,6.0,1.0,2.0,207.0,12.0,1.0,1.0,0.0,202305096113.0,33.0,7.0,5.0,4.0,1.0,1.0,34.0,41.0,1.0,4.0,1.0,1.0,0.0,20.0,1.0,99.0
121234,1,99,99.0,38.0,1.0,9999.0,-99.0,12.0,131.0,12.0,20.0,4.0,83.0,2.0,1.0,4.0,3.0,0.0,8.0,0.0,0.0,995.0,7.0,12.0,2.0,12.0,1.0,0.0,1G1BE5SMXH71,2017.0,467.0,1832.0,13.0,20.0,Chevrolet,25.0,4.0,1.0,0.0,0.0,10.0,0.0,0.0,0.0,12.0,6.0,12.0,0.0,0.0,1.0,12.0,32433.0,1.0,6.0,3.0,Valid license for this class vehicle,0.0,64.0,999.0,0.0,0.0,0.0,0.0,No Record,0.0,0.0,0.0,0.0,1.0,2.0,55.0,1.0,3.0,8.0,1.0,20.0,11.0,15.0,99.0,1.0,1.0,414.0,12.0,1.0,1.0,0.0,202304719411.0,12.0,6.0,2.0,0.0,1.0,1.0,4.0,28.0,1.0,0.0,1.0,20.0,0.0,20.0,2.0,0.0
121236,1,99,99.0,0.0,1.0,9999.0,-99.0,12.0,11.0,12.0,35.0,4.0,34.0,1.0,1.0,3.0,3.0,0.0,8.0,0.0,9.0,999.0,0.0,12.0,2.0,12.0,1.0,0.0,3N1CN8EV1ML8,2021.0,478.0,1894.0,13.0,35.0,Nissan/Datsun,50.0,4.0,1.0,0.0,0.0,45.0,0.0,0.0,0.0,12.0,6.0,12.0,0.0,0.0,1.0,13.0,30557.0,1.0,6.0,3.0,Valid license for this class vehicle,0.0,999.0,999.0,0.0,0.0,1.0,7.0,July,2022.0,7.0,2022.0,0.0,2.0,5.0,45.0,1.0,1.0,8.0,1.0,3.0,1.0,62.0,99.0,1.0,2.0,402.0,12.0,0.0,1.0,0.0,202305205330.0,57.0,7.0,8.0,2.0,10.0,1.0,4.0,25.0,2.0,2.0,1.0,9.0,0.0,35.0,1.0,2.0
121236,2,99,99.0,0.0,1.0,9999.0,-99.0,12.0,11.0,12.0,49.0,4.0,52.0,2.0,1.0,4.0,20.0,7.0,8.0,0.0,9.0,995.0,6.0,12.0,2.0,12.0,1.0,0.0,1NXBR32E33Z1,2003.0,448.0,2208.0,13.0,49.0,Toyota,32.0,4.0,1.0,0.0,0.0,25.0,0.0,0.0,0.0,1.0,6.0,12.0,0.0,0.0,1.0,12.0,33319.0,1.0,6.0,3.0,Valid license for this class vehicle,0.0,67.0,999.0,0.0,0.0,0.0,7.0,July,2020.0,8.0,2022.0,0.0,2.0,5.0,45.0,1.0,1.0,8.0,1.0,3.0,11.0,15.0,99.0,1.0,1.0,401.0,12.0,2.0,1.0,0.0,202304957918.0,12.0,3.0,5.0,0.0,1.0,1.0,4.0,52.0,1.0,0.0,1.0,20.0,0.0,49.0,1.0,0.0
121240,1,99,0.0,0.0,1.0,9998.0,-99.0,12.0,103.0,12.0,76.0,80.0,19.0,1.0,1.0,4.0,20.0,7.0,20.0,8.0,9.0,0.0,7.0,12.0,2.0,12.0,1.0,0.0,JYARM38E1PA0,2023.0,564.0,29670.0,80.0,76.0,Yamaha,705.0,80.0,1.0,0.0,0.0,90.0,7.0,8.0,8.0,12.0,6.0,12.0,0.0,0.0,1.0,12.0,34677.0,1.0,6.0,3.0,Valid license for this class vehicle,0.0,70.0,999.0,0.0,1.0,0.0,10.0,October,2021.0,10.0,2021.0,3.0,2.0,4.0,45.0,1.0,1.0,8.0,1.0,3.0,1.0,17.0,99.0,1.0,1.0,402.0,12.0,1.0,1.0,0.0,202305531689.0,12.0,7.0,12.0,1.0,1.0,1.0,80.0,27.0,1.0,1.0,1.0,20.0,8.0,76.0,1.0,0.0
121242,1,0,0.0,48.0,1.0,0.0,-99.0,12.0,81.0,12.0,30.0,4.0,58.0,1.0,1.0,4.0,3.0,0.0,20.0,0.0,0.0,996.0,7.0,12.0,2.0,12.0,1.0,0.0,3VWLX7AJ6BM3,2011.0,482.0,3137.0,13.0,30.0,Volkswagen,40.0,4.0,1.0,0.0,0.0,5.0,0.0,0.0,0.0,4.0,6.0,12.0,0.0,0.0,1.0,12.0,33701.0,1.0,6.0,3.0,Valid license for this class vehicle,3.0,67.0,999.0,0.0,0.0,0.0,0.0,No Record,0.0,0.0,0.0,0.0,2.0,4.0,50.0,1.0,1.0,8.0,1.0,0.0,12.0,21.0,99.0,1.0,1.0,998.0,12.0,1.0,1.0,0.0,202305187442.0,12.0,5.0,8.0,1.0,1.0,1.0,4.0,16.0,2.0,1.0,1.0,2.0,0.0,30.0,1.0,0.0
121247,1,0,0.0,6.0,1.0,9998.0,-99.0,12.0,57.0,12.0,37.0,80.0,71.0,1.0,1.0,4.0,20.0,7.0,20.0,8.0,0.0,160.0,7.0,12.0,2.0,12.0,1.0,0.0,1HFSC47083A2,2003.0,474.0,25276.0,81.0,37.0,Honda,706.0,80.0,1.0,0.0,0.0,35.0,7.0,8.0,8.0,12.0,6.0,12.0,0.0,1.0,1.0,12.0,33579.0,1.0,6.0,3.0,Valid license for this class vehicle,3.0,69.0,999.0,0.0,0.0,0.0,0.0,No Record,0.0,0.0,0.0,0.0,2.0,3.0,45.0,1.0,1.0,8.0,1.0,0.0,1.0,50.0,16.0,1.0,1.0,202.0,12.0,1.0,1.0,0.0,202305103833.0,12.0,7.0,5.0,3.0,10.0,1.0,80.0,71.0,1.0,3.0,1.0,20.0,8.0,37.0,1.0,0.0
121247,2,0,0.0,0.0,1.0,0.0,-99.0,12.0,57.0,12.0,49.0,34.0,37.0,2.0,1.0,0.0,3.0,0.0,20.0,0.0,0.0,996.0,0.0,12.0,2.0,12.0,3.0,0.0,5TFDY5F14MX0,2021.0,448.0,2467.0,60.0,49.0,Toyota,482.0,34.0,1.0,0.0,0.0,0.0,7.0,0.0,0.0,6.0,6.0,12.0,0.0,0.0,1.0,12.0,33578.0,1.0,6.0,3.0,Valid license for this class vehicle,3.0,65.0,999.0,0.0,0.0,0.0,0.0,No Record,0.0,0.0,0.0,0.0,2.0,3.0,45.0,1.0,1.0,8.0,1.0,0.0,5.0,53.0,1.0,1.0,1.0,201.0,12.0,0.0,1.0,0.0,202304783462.0,12.0,2.0,1.0,0.0,10.0,1.0,34.0,33.0,1.0,0.0,1.0,20.0,0.0,49.0,2.0,0.0
121258,1,99,0.0,36.0,1.0,5067.0,-99.0,12.0,86.0,34.0,63.0,4.0,20.0,1.0,1.0,4.0,20.0,7.0,8.0,0.0,1.0,240.0,2.0,12.0,1.0,34.0,1.0,0.0,5XXG24J21NG1,2022.0,499.0,27527.0,13.0,63.0,KIA,398.0,4.0,1.0,0.0,0.0,60.0,7.0,0.0,0.0,12.0,6.0,34.0,0.0,1.0,1.0,12.0,33018.0,1.0,6.0,3.0,Valid license for this class vehicle,0.0,66.0,999.0,0.0,0.0,0.0,0.0,No Record,0.0,0.0,0.0,0.0,6.0,2.0,35.0,2.0,5.0,8.0,1.0,40.0,14.0,6.0,99.0,1.0,4.0,102.0,12.0,1.0,1.0,0.0,202304770472.0,8.0,6.0,2.0,1.0,1.0,1.0,4.0,32.0,1.0,0.0,1.0,20.0,0.0,63.0,1.0,0.0
121261,1,99,99.0,36.0,1.0,9999.0,-99.0,12.0,99.0,12.0,12.0,4.0,40.0,2.0,1.0,4.0,3.0,0.0,8.0,0.0,9.0,995.0,7.0,12.0,2.0,12.0,2.0,0.0,1FAFP34N37W3,2007.0,460.0,1779.0,13.0,12.0,Ford,37.0,4.0,1.0,0.0,0.0,45.0,0.0,0.0,0.0,2.0,6.0,12.0,0.0,0.0,1.0,12.0,33412.0,1.0,6.0,3.0,Valid license for this class vehicle,0.0,62.0,999.0,0.0,0.0,0.0,0.0,No Record,0.0,0.0,0.0,0.0,1.0,2.0,45.0,2.0,1.0,8.0,1.0,0.0,15.0,9.0,99.0,1.0,2.0,998.0,12.0,1.0,1.0,0.0,202305255338.0,8.0,4.0,9.0,3.0,1.0,1.0,4.0,28.0,1.0,0.0,1.0,20.0,0.0,12.0,1.0,0.0
121264,2,0,0.0,0.0,1.0,0.0,-99.0,12.0,5.0,33.0,20.0,4.0,28.0,2.0,1.0,0.0,3.0,0.0,20.0,0.0,0.0,996.0,0.0,12.0,2.0,33.0,2.0,0.0,1G1ZB5ST1HF1,2017.0,467.0,1834.0,13.0,20.0,Chevrolet,37.0,4.0,1.0,0.0,0.0,35.0,7.0,0.0,0.0,14.0,4.0,18.0,0.0,0.0,1.0,12.0,32404.0,1.0,6.0,3.0,Valid license for this class vehicle,0.0,63.0,999.0,0.0,0.0,0.0,0.0,No Record,0.0,0.0,0.0,0.0,2.0,2.0,45.0,1.0,1.0,8.0,2.0,0.0,1.0,98.0,99.0,1.0,1.0,998.0,12.0,0.0,1.0,0.0,202305340066.0,12.0,6.0,10.0,0.0,1.0,1.0,4.0,23.0,2.0,0.0,1.0,20.0,0.0,20.0,1.0,9.0
121269,2,9,99.0,0.0,1.0,3026.0,-99.0,12.0,89.0,12.0,55.0,4.0,31.0,1.0,1.0,4.0,3.0,0.0,8.0,0.0,0.0,0.0,7.0,12.0,2.0,12.0,1.0,0.0,5NPD84LF6LH6,2020.0,498.0,2735.0,13.0,55.0,Hyundai,35.0,4.0,1.0,0.0,0.0,15.0,0.0,0.0,0.0,3.0,6.0,12.0,0.0,0.0,1.0,12.0,32034.0,1.0,6.0,3.0,Valid license for this class vehicle,0.0,73.0,999.0,0.0,1.0,0.0,10.0,October,2022.0,10.0,2022.0,0.0,2.0,4.0,45.0,1.0,1.0,8.0,1.0,0.0,11.0,63.0,99.0,1.0,1.0,401.0,12.0,1.0,1.0,0.0,202305517116.0,11.0,5.0,12.0,0.0,1.0,1.0,4.0,31.0,2.0,0.0,1.0,20.0,0.0,55.0,1.0,0.0
121271,1,0,0.0,28.0,1.0,9995.0,-99.0,12.0,111.0,12.0,52.0,4.0,34.0,2.0,1.0,3.0,3.0,0.0,8.0,0.0,0.0,995.0,0.0,12.0,3.0,12.0,1.0,0.0,4A32B2FF2BE0,2011.0,481.0,2165.0,13.0,52.0,Mitsubishi,34.0,4.0,1.0,0.0,0.0,35.0,0.0,0.0,0.0,12.0,6.0,12.0,0.0,0.0,1.0,12.0,34951.0,1.0,6.0,3.0,Valid license for this class vehicle,3.0,68.0,999.0,0.0,0.0,0.0,9.0,September,2020.0,9.0,2020.0,0.0,1.0,2.0,45.0,1.0,1.0,8.0,1.0,0.0,1.0,52.0,99.0,1.0,1.0,202.0,12.0,0.0,1.0,0.0,202304973449.0,12.0,6.0,5.0,0.0,1.0,1.0,4.0,19.0,2.0,0.0,1.0,20.0,0.0,52.0,1.0,98.0
121272,1,10,0.0,6.0,1.0,9998.0,-99.0,12.0,86.0,12.0,37.0,80.0,30.0,2.0,1.0,4.0,20.0,7.0,20.0,8.0,0.0,240.0,3.0,12.0,2.0,12.0,1.0,0.0,JH2PC40018M1,2008.0,474.0,14060.0,80.0,37.0,Honda,705.0,80.0,1.0,0.0,0.0,65.0,7.0,8.0,8.0,12.0,6.0,12.0,0.0,1.0,1.0,12.0,33193.0,1.0,6.0,3.0,Valid license for this class vehicle,0.0,65.0,999.0,0.0,0.0,0.0,0.0,No Record,0.0,0.0,0.0,0.0,3.0,3.0,65.0,1.0,1.0,8.0,1.0,0.0,1.0,52.0,99.0,1.0,1.0,202.0,12.0,1.0,1.0,0.0,202305100872.0,12.0,1.0,5.0,4.0,1.0,1.0,80.0,30.0,2.0,4.0,1.0,20.0,8.0,37.0,1.0,10.0
121272,2,0,0.0,0.0,1.0,0.0,-99.0,12.0,86.0,12.0,34.0,4.0,37.0,2.0,1.0,0.0,3.0,0.0,20.0,0.0,0.0,996.0,0.0,12.0,2.0,12.0,1.0,0.0,WBAKC6C51CC3,2012.0,452.0,21791.0,13.0,34.0,BMW,37.0,4.0,1.0,0.0,0.0,5.0,7.0,0.0,0.0,6.0,6.0,12.0,0.0,0.0,1.0,12.0,33035.0,0.0,0.0,0.0,Not licensed,0.0,67.0,999.0,0.0,0.0,0.0,0.0,No Record,0.0,0.0,0.0,0.0,3.0,3.0,65.0,1.0,1.0,8.0,1.0,0.0,2.0,18.0,99.0,1.0,1.0,201.0,12.0,0.0,1.0,0.0,202305100872.0,12.0,1.0,5.0,4.0,1.0,1.0,4.0,37.0,2.0,0.0,1.0,20.0,0.0,34.0,2.0,0.0
121279,1,99,99.0,39.0,1.0,9999.0,-99.0,12.0,71.0,12.0,35.0,5.0,23.0,2.0,1.0,4.0,20.0,7.0,8.0,0.0,9.0,995.0,7.0,12.0,2.0,12.0,1.0,0.0,3N1CP5DV1LL5,2020.0,478.0,22791.0,5.0,35.0,Nissan/Datsun,56.0,5.0,1.0,0.0,0.0,40.0,0.0,0.0,0.0,3.0,6.0,12.0,0.0,0.0,1.0,12.0,34110.0,1.0,6.0,3.0,Valid license for this class vehicle,0.0,69.0,999.0,0.0,0.0,1.0,9.0,September,2021.0,9.0,2021.0,0.0,2.0,2.0,30.0,1.0,1.0,8.0,1.0,3.0,1.0,17.0,99.0,1.0,1.0,502.0,12.0,1.0,1.0,0.0,202305114566.0,12.0,4.0,7.0,2.0,2.0,1.0,5.0,69.0,2.0,2.0,1.0,20.0,0.0,35.0,2.0,0.0
121280,1,99,99.0,0.0,1.0,9999.0,-99.0,12.0,1.0,42.0,55.0,14.0,78.0,1.0,1.0,4.0,3.0,0.0,8.0,0.0,0.0,0.0,7.0,12.0,1.0,42.0,1.0,0.0,5NMJFCAE9PH2,2023.0,498.0,2058.0,7.0,55.0,Hyundai,402.0,14.0,1.0,0.0,0.0,45.0,7.0,0.0,0.0,12.0,6.0,42.0,0.0,0.0,1.0,12.0,32607.0,1.0,6.0,3.0,Valid license for this class vehicle,0.0,71.0,999.0,0.0,0.0,0.0,0.0,No Record,0.0,0.0,0.0,0.0,1.0,2.0,45.0,1.0,1.0,8.0,1.0,0.0,1.0,12.0,99.0,1.0,4.0,102.0,12.0,1.0,1.0,0.0,202305495844.0,12.0,7.0,11.0,2.0,1.0,1.0,14.0,69.0,2.0,2.0,1.0,8.0,0.0,55.0,3.0,0.0
121286,1,0,0.0,0.0,1.0,0.0,-99.0,12.0,11.0,12.0,84.0,66.0,66.0,1.0,1.0,0.0,99.0,7.0,99.0,0.0,0.0,996.0,0.0,12.0,2.0,12.0,99.0,1.0,3HSDZAPR7NN2,2022.0,526.0,20852.0,66.0,84.0,International Harvester/Navistar,881.0,66.0,1.0,0.0,0.0,20.0,7.0,0.0,0.0,98.0,9.0,12.0,0.0,0.0,1.0,12.0,33147.0,1.0,6.0,3.0,Valid license for this class vehicle,0.0,69.0,999.0,0.0,0.0,0.0,2.0,February,2021.0,2.0,2021.0,0.0,1.0,2.0,30.0,3.0,1.0,8.0,1.0,0.0,14.0,62.0,99.0,1.0,1.0,301.0,12.0,0.0,1.0,0.0,202305107947.0,44.0,7.0,5.0,4.0,1.0,1.0,66.0,66.0,1.0,0.0,1.0,99.0,0.0,84.0,1.0,0.0
121286,2,99,99.0,0.0,1.0,9999.0,-99.0,12.0,11.0,12.0,98.0,80.0,40.0,1.0,1.0,4.0,20.0,7.0,20.0,8.0,0.0,995.0,7.0,12.0,2.0,12.0,1.0,0.0,4MZYL04D993C,2009.0,590.0,3468.0,80.0,98.0,Other Make,706.0,80.0,1.0,0.0,0.0,30.0,7.0,8.0,8.0,12.0,6.0,12.0,0.0,0.0,1.0,51.0,23462.0,1.0,6.0,3.0,Valid license for this class vehicle,0.0,67.0,179.0,0.0,0.0,0.0,0.0,No Record,0.0,0.0,0.0,0.0,1.0,2.0,30.0,2.0,1.0,8.0,1.0,0.0,14.0,10.0,99.0,1.0,2.0,302.0,12.0,1.0,1.0,0.0,202305107947.0,44.0,7.0,5.0,4.0,1.0,1.0,80.0,40.0,1.0,4.0,1.0,20.0,8.0,98.0,2.0,99.0
121299,1,0,0.0,38.0,1.0,9995.0,-99.0,12.0,71.0,12.0,55.0,4.0,79.0,2.0,1.0,1.0,3.0,0.0,2.0,0.0,0.0,995.0,0.0,12.0,2.0,12.0,2.0,0.0,KMHDU4AD4AU8,2010.0,498.0,2735.0,13.0,55.0,Hyundai,35.0,4.0,1.0,0.0,0.0,15.0,0.0,0.0,0.0,3.0,6.0,12.0,0.0,0.0,1.0,34.0,7675.0,1.0,6.0,3.0,Valid license for this class vehicle,0.0,67.0,999.0,0.0,0.0,0.0,0.0,No Record,0.0,0.0,0.0,0.0,2.0,1.0,45.0,1.0,1.0,8.0,1.0,0.0,1.0,17.0,99.0,1.0,1.0,502.0,12.0,0.0,1.0,0.0,202304820449.0,12.0,6.0,3.0,2.0,1.0,1.0,4.0,75.0,2.0,0.0,1.0,20.0,0.0,55.0,2.0,0.0
121307,1,0,99.0,38.0,1.0,0.0,-99.0,12.0,131.0,12.0,54.0,15.0,57.0,2.0,1.0,1.0,3.0,0.0,2.0,0.0,0.0,996.0,0.0,12.0,2.0,12.0,3.0,0.0,2HNYD285X7H5,2007.0,475.0,2147.0,7.0,54.0,Acura,421.0,15.0,1.0,0.0,0.0,10.0,7.0,0.0,0.0,2.0,6.0,12.0,0.0,0.0,1.0,12.0,32539.0,1.0,6.0,3.0,Valid license for this class vehicle,0.0,66.0,999.0,0.0,0.0,0.0,0.0,No Record,0.0,0.0,0.0,0.0,2.0,2.0,45.0,1.0,1.0,8.0,1.0,0.0,11.0,15.0,99.0,1.0,1.0,401.0,12.0,0.0,1.0,0.0,202305566818.0,12.0,6.0,12.0,2.0,3.0,1.0,15.0,17.0,1.0,0.0,1.0,98.0,0.0,54.0,1.0,99.0
121317,2,0,0.0,0.0,1.0,0.0,-99.0,12.0,71.0,12.0,63.0,4.0,22.0,2.0,1.0,0.0,3.0,0.0,20.0,0.0,0.0,996.0,0.0,12.0,2.0,12.0,2.0,0.0,KNAFK4A68G55,2016.0,499.0,2462.0,13.0,63.0,KIA,38.0,4.0,1.0,0.0,0.0,15.0,7.0,0.0,0.0,5.0,6.0,12.0,0.0,0.0,1.0,12.0,33993.0,1.0,6.0,3.0,Valid license for this class vehicle,3.0,67.0,999.0,0.0,0.0,0.0,0.0,No Record,0.0,0.0,0.0,0.0,2.0,4.0,55.0,1.0,1.0,8.0,1.0,0.0,11.0,15.0,99.0,1.0,1.0,401.0,12.0,0.0,1.0,0.0,202305018244.0,12.0,3.0,5.0,1.0,1.0,1.0,4.0,30.0,1.0,1.0,1.0,20.0,0.0,63.0,2.0,0.0
121320,1,0,0.0,38.0,1.0,9995.0,-99.0,12.0,99.0,12.0,49.0,4.0,31.0,1.0,1.0,0.0,3.0,0.0,20.0,0.0,0.0,995.0,0.0,12.0,2.0,12.0,1.0,0.0,4T1B61HK2JU1,2018.0,448.0,2469.0,13.0,49.0,Toyota,40.0,4.0,1.0,0.0,0.0,15.0,7.0,0.0,0.0,7.0,4.0,12.0,0.0,0.0,1.0,12.0,33415.0,1.0,6.0,3.0,Valid license for this class vehicle,0.0,68.0,999.0,0.0,0.0,0.0,0.0,No Record,0.0,0.0,0.0,0.0,1.0,2.0,25.0,1.0,1.0,8.0,1.0,20.0,11.0,15.0,99.0,1.0,1.0,414.0,12.0,0.0,1.0,0.0,202304936551.0,12.0,2.0,5.0,1.0,1.0,1.0,4.0,17.0,1.0,1.0,1.0,8.0,0.0,49.0,1.0,0.0
121320,2,0,99.0,0.0,1.0,9999.0,-99.0,12.0,99.0,12.0,53.0,80.0,25.0,1.0,1.0,4.0,20.0,7.0,20.0,8.0,0.0,995.0,7.0,12.0,2.0,12.0,1.0,0.0,JS1GN7EA3821,2008.0,509.0,13162.0,80.0,53.0,Suzuki,705.0,80.0,1.0,0.0,0.0,45.0,7.0,8.0,8.0,12.0,4.0,12.0,0.0,0.0,1.0,12.0,33066.0,1.0,1.0,2.0,No valid license for this class vehicle,0.0,76.0,999.0,0.0,1.0,0.0,6.0,June,2022.0,5.0,2023.0,0.0,2.0,4.0,45.0,1.0,1.0,8.0,1.0,0.0,1.0,67.0,99.0,1.0,1.0,415.0,12.0,2.0,1.0,0.0,202305043003.0,12.0,3.0,6.0,3.0,1.0,1.0,80.0,20.0,1.0,3.0,1.0,20.0,8.0,53.0,1.0,0.0
121322,1,0,0.0,6.0,1.0,9995.0,-99.0,12.0,11.0,12.0,23.0,14.0,64.0,1.0,1.0,1.0,3.0,0.0,1.0,0.0,0.0,995.0,0.0,12.0,2.0,12.0,2.0,0.0,1GKDT13W7W25,1998.0,472.0,11503.0,7.0,23.0,GMC,401.0,14.0,1.0,0.0,0.0,30.0,0.0,3.0,1.0,83.0,6.0,12.0,0.0,0.0,1.0,12.0,33311.0,1.0,6.0,3.0,Valid license for this class vehicle,0.0,65.0,999.0,0.0,0.0,0.0,0.0,No Record,0.0,0.0,0.0,0.0,1.0,2.0,40.0,1.0,1.0,8.0,1.0,20.0,11.0,15.0,99.0,1.0,1.0,414.0,12.0,0.0,1.0,0.0,202304914405.0,12.0,4.0,4.0,0.0,4.0,1.0,14.0,19.0,1.0,0.0,1.0,20.0,0.0,23.0,1.0,0.0
121329,2,0,0.0,0.0,1.0,9999.0,-99.0,12.0,31.0,12.0,72.0,80.0,44.0,1.0,1.0,4.0,20.0,7.0,20.0,8.0,0.0,995.0,7.0,12.0,2.0,12.0,1.0,0.0,1HD1KTP18MB6,2021.0,3888.0,12631.0,81.0,72.0,Harley-Davidson,706.0,80.0,1.0,0.0,0.0,998.0,7.0,8.0,8.0,12.0,6.0,12.0,0.0,0.0,1.0,12.0,32222.0,1.0,6.0,3.0,Valid license for this class vehicle,0.0,69.0,999.0,0.0,0.0,0.0,0.0,No Record,0.0,0.0,0.0,0.0,7.0,4.0,40.0,1.0,1.0,8.0,2.0,3.0,1.0,17.0,99.0,1.0,1.0,402.0,12.0,1.0,1.0,0.0,202305099083.0,12.0,1.0,4.0,4.0,1.0,1.0,80.0,43.0,1.0,4.0,1.0,20.0,8.0,72.0,1.0,0.0