ST_CASE,VEH_NO_x,DRIMPAIR_x,DRDISTRACT,DRIVERRF,PER_NO_x,DRUGRES,DRUGACTQTY,STATE_x,COUNTY,HARM_EV_x,MAKE_x,BODY_TYP_x,AGE,SEX,PER_TYP_x,INJ_SEV,REST_USE,REST_MIS,AIR_BAG_x,EJECTION,DRINKING,ALC_RES,HISPANIC,STATE_y,VE_FORMS,HARM_EV_y,NUMOCCS,HIT_RUN,VIN,MOD_YEAR,VPICMAKE,VPICMODEL,VPICBODYCLASS,MAKE_y,MAKENAME,MODEL,BODY_TYP_y,HAZ_INV,HAZ_PLAC,HAZ_ID,TRAV_SP,UNDEROVERRIDE,ROLLOVER,ROLINLOC,IMPACT1,DEFORMED,M_HARM,FIRE_EXP,DR_DRINK,DR_PRES,L_STATE,DR_ZIP,L_TYPE,L_STATUS,L_COMPL,L_COMPLNAME,L_RESTRI,DR_HGT,DR_WGT,PREV_DWI,PREV_SPD,PREV_OTH,FIRST_MO,FIRST_MONAME,FIRST_YR,LAST_MO,LAST_YR,SPEEDREL,VTRAFWAY,VNUM_LAN,VSPD_LIM,VALIGN,VPROFILE,VPAVETYP,VSURCOND,VTRAFCON,P_CRASH1,P_CRASH2,P_CRASH3,PCRASH4,PCRASH5,ACC_CONFIG,STATE,RACE,ORDER,MULTRACE,CASENUM,HARM_EV,DAY_WEEK,MONTH,MAXSEV_IM,WEATHR_IM,PER_NO_y,BODY_TYP,AGE_IM,SEX_IM,INJSEV_IM,PER_TYP_y,AIR_BAG_y,EJECT_IM,MAKE,VEH_NO_y,DRIMPAIR_y
121487,1,0,99.0,0.0,1.0,1.0,-99.0,12.0,19.0,12.0,6.0,20.0,77.0,2.0,1.0,4.0,3.0,0.0,8.0,0.0,9.0,0.0,7.0,12.0,3.0,12.0,1.0,0.0,2C4RC1BG2HR6,2017.0,477.0,3628.0,2.0,6.0,Chrysler,443.0,20.0,1.0,0.0,0.0,45.0,0.0,0.0,0.0,10.0,6.0,12.0,0.0,0.0,1.0,12.0,33981.0,1.0,6.0,3.0,Valid license for this class vehicle,0.0,70.0,999.0,0.0,0.0,0.0,0.0,No Record,0.0,0.0,0.0,0.0,2.0,3.0,45.0,1.0,1.0,8.0,1.0,3.0,15.0,10.0,99.0,1.0,2.0,208.0,12.0,1.0,1.0,0.0,202304659186.0,12.0,1.0,1.0,0.0,10.0,1.0,20.0,43.0,1.0,0.0,1.0,20.0,0.0,6.0,1.0,0.0
121492,1,2,0.0,6.0,1.0,9999.0,-99.0,12.0,87.0,12.0,35.0,15.0,57.0,2.0,1.0,4.0,3.0,0.0,8.0,0.0,0.0,995.0,7.0,12.0,2.0,12.0,2.0,0.0,5N1AZ2CJ9LN1,2020.0,478.0,1914.0,7.0,35.0,Nissan/Datsun,422.0,15.0,1.0,0.0,0.0,40.0,0.0,3.0,2.0,12.0,6.0,1.0,0.0,0.0,1.0,12.0,34667.0,1.0,6.0,3.0,Valid license for this class vehicle,3.0,70.0,999.0,0.0,0.0,0.0,0.0,No Record,0.0,0.0,0.0,0.0,2.0,2.0,35.0,1.0,1.0,8.0,1.0,0.0,1.0,13.0,99.0,1.0,4.0,998.0,12.0,1.0,1.0,0.0,202305492108.0,12.0,4.0,11.0,0.0,1.0,1.0,15.0,56.0,1.0,0.0,1.0,20.0,0.0,35.0,1.0,0.0
121493,1,0,93.0,51.0,1.0,9999.0,-99.0,12.0,71.0,12.0,19.0,4.0,53.0,1.0,1.0,4.0,3.0,0.0,8.0,0.0,9.0,289.0,7.0,12.0,2.0,12.0,1.0,0.0,1G6KF57934U1,2004.0,469.0,8844.0,13.0,19.0,Cadillac,3.0,4.0,1.0,0.0,0.0,80.0,0.0,0.0,0.0,12.0,6.0,12.0,0.0,1.0,1.0,42.0,19116.0,1.0,6.0,3.0,Valid license for this class vehicle,0.0,74.0,999.0,0.0,0.0,1.0,5.0,May,2019.0,5.0,2019.0,0.0,2.0,2.0,50.0,2.0,1.0,8.0,1.0,0.0,14.0,54.0,99.0,1.0,1.0,303.0,12.0,1.0,1.0,0.0,202305190880.0,12.0,6.0,6.0,4.0,1.0,1.0,4.0,53.0,1.0,4.0,1.0,8.0,0.0,19.0,1.0,98.0
121498,1,0,0.0,39.0,1.0,1.0,-99.0,12.0,83.0,12.0,12.0,4.0,83.0,1.0,1.0,4.0,20.0,7.0,20.0,0.0,0.0,0.0,7.0,12.0,3.0,12.0,1.0,0.0,1FAFP34N56W1,2006.0,460.0,1779.0,13.0,12.0,Ford,37.0,4.0,1.0,0.0,0.0,45.0,0.0,0.0,0.0,10.0,6.0,12.0,0.0,0.0,1.0,12.0,34476.0,1.0,6.0,3.0,Valid license for this class vehicle,3.0,73.0,999.0,0.0,0.0,0.0,0.0,No Record,0.0,0.0,0.0,0.0,2.0,3.0,45.0,1.0,1.0,8.0,1.0,3.0,1.0,17.0,99.0,1.0,1.0,504.0,12.0,1.0,1.0,0.0,202305095613.0,12.0,3.0,5.0,4.0,1.0,1.0,4.0,66.0,2.0,4.0,1.0,20.0,0.0,12.0,1.0,99.0
121498,2,0,0.0,0.0,1.0,0.0,-99.0,12.0,83.0,12.0,2.0,14.0,57.0,2.0,1.0,2.0,3.0,0.0,8.0,0.0,0.0,996.0,0.0,12.0,3.0,12.0,1.0,0.0,ZACNJABB0LPL,2020.0,483.0,6160.0,7.0,2.0,Jeep / Kaiser-Jeep / Willys- Jeep,408.0,14.0,1.0,0.0,0.0,50.0,0.0,0.0,0.0,12.0,6.0,12.0,0.0,0.0,1.0,12.0,34481.0,1.0,6.0,3.0,Valid license for this class vehicle,3.0,70.0,999.0,0.0,0.0,0.0,0.0,No Record,0.0,0.0,0.0,0.0,2.0,3.0,50.0,1.0,1.0,8.0,1.0,3.0,1.0,66.0,99.0,1.0,1.0,503.0,12.0,0.0,1.0,0.0,202305700308.0,12.0,2.0,7.0,0.0,1.0,1.0,14.0,70.0,2.0,0.0,1.0,20.0,0.0,2.0,2.0,0.0
121505,2,0,0.0,0.0,1.0,9999.0,-99.0,12.0,85.0,12.0,20.0,34.0,34.0,1.0,1.0,2.0,1.0,0.0,8.0,0.0,0.0,995.0,0.0,12.0,2.0,12.0,1.0,0.0,1GC1KVEGXGF1,2016.0,467.0,1850.0,60.0,20.0,Chevrolet,481.0,34.0,1.0,0.0,0.0,77.0,0.0,0.0,0.0,12.0,6.0,12.0,0.0,0.0,1.0,12.0,34956.0,1.0,6.0,3.0,Valid license for this class vehicle,3.0,63.0,999.0,0.0,2.0,0.0,6.0,June,2020.0,9.0,2021.0,0.0,2.0,4.0,45.0,1.0,1.0,8.0,1.0,0.0,1.0,17.0,99.0,1.0,2.0,402.0,12.0,0.0,1.0,0.0,202305407399.0,11.0,2.0,10.0,0.0,10.0,1.0,34.0,49.0,1.0,0.0,1.0,20.0,0.0,20.0,1.0,99.0
121509,1,99,99.0,28.0,1.0,1.0,-99.0,12.0,57.0,12.0,54.0,4.0,26.0,1.0,1.0,4.0,99.0,7.0,99.0,1.0,9.0,50.0,7.0,12.0,2.0,12.0,1.0,0.0,JH4CL96867C0,2007.0,475.0,1874.0,13.0,54.0,Acura,39.0,4.0,1.0,0.0,0.0,80.0,0.0,3.0,1.0,3.0,6.0,1.0,0.0,1.0,1.0,12.0,33703.0,1.0,6.0,3.0,Valid license for this class vehicle,0.0,72.0,999.0,0.0,0.0,0.0,0.0,No Record,0.0,0.0,0.0,4.0,1.0,2.0,45.0,1.0,1.0,8.0,1.0,0.0,1.0,6.0,99.0,4.0,6.0,301.0,12.0,1.0,1.0,0.0,202305011780.0,12.0,2.0,6.0,2.0,10.0,1.0,4.0,34.0,1.0,0.0,1.0,1.0,0.0,54.0,1.0,0.0
121510,1,99,99.0,58.0,1.0,1.0,-99.0,12.0,125.0,12.0,37.0,4.0,38.0,2.0,1.0,3.0,3.0,0.0,8.0,0.0,0.0,0.0,0.0,12.0,2.0,12.0,1.0,0.0,1HGCP26898A0,2008.0,474.0,1861.0,13.0,37.0,Honda,32.0,4.0,1.0,0.0,0.0,55.0,0.0,0.0,0.0,12.0,6.0,12.0,0.0,0.0,1.0,12.0,32703.0,1.0,6.0,3.0,Valid license for this class vehicle,0.0,60.0,999.0,0.0,0.0,1.0,9.0,September,2018.0,6.0,2023.0,0.0,1.0,2.0,55.0,2.0,1.0,8.0,1.0,0.0,14.0,13.0,6.0,9.0,6.0,301.0,12.0,0.0,1.0,0.0,202305015136.0,12.0,7.0,6.0,1.0,1.0,1.0,4.0,49.0,2.0,1.0,1.0,8.0,0.0,37.0,2.0,0.0
121521,1,0,93.0,6.0,1.0,1.0,-99.0,12.0,97.0,12.0,35.0,34.0,84.0,1.0,1.0,4.0,3.0,0.0,8.0,0.0,0.0,0.0,7.0,12.0,2.0,12.0,1.0,0.0,1N6DD0ERXHN7,2017.0,478.0,1919.0,60.0,35.0,Nissan/Datsun,472.0,34.0,1.0,0.0,0.0,50.0,0.0,0.0,0.0,1.0,6.0,12.0,0.0,0.0,1.0,12.0,33870.0,1.0,6.0,3.0,Valid license for this class vehicle,3.0,75.0,999.0,0.0,0.0,0.0,0.0,No Record,0.0,0.0,0.0,0.0,1.0,2.0,60.0,1.0,1.0,8.0,1.0,0.0,1.0,51.0,99.0,1.0,2.0,209.0,12.0,1.0,1.0,0.0,202304727145.0,12.0,5.0,2.0,1.0,2.0,1.0,34.0,51.0,1.0,0.0,1.0,20.0,0.0,35.0,3.0,98.0
121524,1,99,99.0,6.0,1.0,6001.0,-99.0,12.0,115.0,12.0,20.0,4.0,22.0,2.0,1.0,4.0,3.0,0.0,1.0,0.0,9.0,160.0,7.0,12.0,2.0,12.0,1.0,0.0,1G1ZD5ST0LF1,2020.0,467.0,1834.0,13.0,20.0,Chevrolet,37.0,4.0,1.0,0.0,0.0,30.0,0.0,0.0,0.0,12.0,6.0,12.0,0.0,1.0,1.0,12.0,33950.0,1.0,6.0,3.0,Valid license for this class vehicle,3.0,61.0,999.0,0.0,0.0,1.0,11.0,November,2020.0,11.0,2020.0,0.0,1.0,5.0,45.0,1.0,1.0,8.0,1.0,3.0,1.0,50.0,1.0,1.0,1.0,202.0,12.0,1.0,1.0,0.0,202304784441.0,12.0,6.0,2.0,0.0,1.0,1.0,4.0,32.0,2.0,0.0,1.0,20.0,0.0,20.0,1.0,98.0
121526,1,0,99.0,28.0,1.0,9999.0,-99.0,12.0,95.0,12.0,49.0,4.0,57.0,1.0,1.0,4.0,3.0,0.0,8.0,0.0,9.0,995.0,7.0,12.0,2.0,12.0,2.0,0.0,1NXBR32E57Z9,2007.0,448.0,2208.0,13.0,49.0,Toyota,32.0,4.0,1.0,0.0,0.0,35.0,0.0,0.0,0.0,12.0,6.0,12.0,0.0,0.0,1.0,12.0,32811.0,0.0,0.0,0.0,Not licensed,0.0,75.0,999.0,0.0,0.0,0.0,0.0,No Record,0.0,0.0,0.0,0.0,5.0,3.0,35.0,1.0,1.0,8.0,1.0,0.0,1.0,10.0,99.0,1.0,2.0,301.0,12.0,2.0,1.0,0.0,202304864310.0,12.0,1.0,4.0,0.0,1.0,1.0,4.0,28.0,2.0,0.0,1.0,20.0,0.0,49.0,1.0,0.0
121532,1,10,99.0,0.0,1.0,3026.0,-99.0,12.0,31.0,12.0,35.0,4.0,31.0,1.0,1.0,4.0,3.0,0.0,8.0,0.0,9.0,210.0,7.0,12.0,2.0,12.0,2.0,0.0,3N1AB7AP3GY3,2016.0,478.0,1907.0,13.0,35.0,Nissan/Datsun,43.0,4.0,1.0,0.0,0.0,998.0,0.0,0.0,0.0,98.0,6.0,12.0,0.0,1.0,1.0,12.0,32211.0,1.0,6.0,3.0,Valid license for this class vehicle,0.0,70.0,999.0,0.0,0.0,0.0,0.0,No Record,0.0,0.0,0.0,0.0,2.0,4.0,40.0,1.0,1.0,8.0,1.0,3.0,99.0,99.0,99.0,1.0,2.0,998.0,12.0,2.0,1.0,0.0,202304753702.0,12.0,4.0,2.0,2.0,1.0,1.0,4.0,19.0,1.0,0.0,1.0,8.0,0.0,35.0,2.0,0.0
121541,2,99,0.0,0.0,1.0,1.0,-99.0,12.0,107.0,12.0,12.0,34.0,19.0,1.0,1.0,2.0,20.0,7.0,8.0,0.0,0.0,0.0,0.0,12.0,2.0,12.0,2.0,0.0,1FT7W2BT3KEG,2019.0,460.0,1805.0,60.0,12.0,Ford,481.0,34.0,1.0,0.0,0.0,65.0,0.0,0.0,0.0,12.0,6.0,12.0,0.0,0.0,1.0,12.0,32177.0,1.0,6.0,3.0,Valid license for this class vehicle,0.0,67.0,999.0,0.0,0.0,1.0,11.0,November,2022.0,12.0,2022.0,0.0,2.0,4.0,65.0,1.0,1.0,8.0,1.0,0.0,1.0,62.0,99.0,1.0,1.0,402.0,12.0,0.0,1.0,0.0,202304897139.0,12.0,4.0,3.0,5.0,1.0,1.0,34.0,45.0,1.0,0.0,1.0,20.0,0.0,12.0,3.0,0.0
121552,1,99,0.0,38.0,1.0,1.0,-99.0,12.0,31.0,12.0,92.0,52.0,63.0,2.0,1.0,0.0,3.0,0.0,20.0,0.0,0.0,0.0,0.0,12.0,3.0,12.0,4.0,0.0,15GGD3116M31,2021.0,554.0,2867.0,16.0,92.0,Gillig,988.0,52.0,1.0,0.0,0.0,10.0,0.0,0.0,0.0,7.0,4.0,12.0,0.0,0.0,1.0,12.0,32218.0,1.0,6.0,3.0,Valid license for this class vehicle,0.0,64.0,999.0,0.0,0.0,0.0,0.0,No Record,0.0,0.0,0.0,0.0,1.0,2.0,45.0,1.0,1.0,8.0,1.0,20.0,11.0,15.0,99.0,1.0,1.0,414.0,12.0,0.0,1.0,0.0,202305529436.0,14.0,7.0,12.0,0.0,10.0,1.0,52.0,54.0,2.0,0.0,1.0,20.0,0.0,92.0,2.0,0.0
121552,2,9,0.0,0.0,1.0,9998.0,-99.0,12.0,31.0,12.0,72.0,80.0,46.0,1.0,1.0,4.0,20.0,7.0,20.0,8.0,1.0,40.0,7.0,12.0,3.0,12.0,1.0,0.0,1HD1KRC19JB6,2018.0,3888.0,12629.0,81.0,72.0,Harley-Davidson,706.0,80.0,1.0,0.0,0.0,45.0,7.0,8.0,8.0,12.0,6.0,12.0,0.0,1.0,1.0,12.0,32164.0,1.0,6.0,3.0,Valid license for this class vehicle,0.0,68.0,999.0,0.0,1.0,0.0,11.0,November,2020.0,6.0,2021.0,0.0,2.0,3.0,45.0,1.0,1.0,8.0,1.0,0.0,1.0,67.0,99.0,1.0,1.0,415.0,12.0,7.0,1.0,0.0,202305586483.0,12.0,3.0,9.0,2.0,1.0,1.0,80.0,30.0,1.0,2.0,1.0,20.0,8.0,72.0,2.0,0.0
121553,2,99,99.0,0.0,1.0,9999.0,-99.0,12.0,1.0,12.0,84.0,66.0,55.0,1.0,1.0,4.0,3.0,0.0,20.0,0.0,9.0,995.0,7.0,12.0,2.0,12.0,2.0,0.0,3HSDZAPR1KN2,2019.0,526.0,20852.0,66.0,84.0,International Harvester/Navistar,881.0,66.0,1.0,0.0,0.0,70.0,0.0,0.0,0.0,12.0,6.0,12.0,0.0,0.0,1.0,13.0,31750.0,1.0,6.0,3.0,Valid license for this class vehicle,3.0,999.0,999.0,0.0,1.0,2.0,6.0,June,2020.0,6.0,2020.0,0.0,3.0,3.0,70.0,1.0,1.0,8.0,1.0,0.0,1.0,52.0,99.0,1.0,1.0,202.0,12.0,1.0,1.0,0.0,202305215048.0,30.0,4.0,8.0,0.0,1.0,1.0,66.0,26.0,1.0,0.0,1.0,20.0,0.0,84.0,1.0,98.0
121558,2,0,0.0,0.0,1.0,0.0,-99.0,12.0,86.0,12.0,59.0,14.0,44.0,1.0,1.0,1.0,3.0,0.0,8.0,0.0,0.0,996.0,0.0,12.0,2.0,12.0,1.0,0.0,2T2ZK1BA1DC0,2013.0,515.0,2214.0,7.0,59.0,Lexus,403.0,14.0,1.0,0.0,0.0,50.0,7.0,0.0,0.0,6.0,6.0,12.0,0.0,0.0,1.0,12.0,33065.0,1.0,6.0,3.0,Valid license for this class vehicle,0.0,70.0,999.0,0.0,0.0,0.0,0.0,No Record,0.0,0.0,0.0,0.0,2.0,2.0,55.0,1.0,1.0,8.0,1.0,0.0,1.0,53.0,99.0,1.0,1.0,201.0,12.0,0.0,1.0,0.0,202305185675.0,12.0,1.0,7.0,1.0,1.0,1.0,14.0,53.0,2.0,1.0,1.0,20.0,0.0,59.0,2.0,98.0
121569,1,9,99.0,0.0,1.0,1.0,-99.0,12.0,1.0,42.0,35.0,4.0,23.0,1.0,1.0,4.0,20.0,7.0,8.0,0.0,1.0,130.0,7.0,12.0,1.0,42.0,1.0,0.0,1N4BL4BV6KC2,2019.0,478.0,1904.0,13.0,35.0,Nissan/Datsun,47.0,4.0,1.0,0.0,0.0,98.0,7.0,0.0,0.0,7.0,6.0,42.0,0.0,1.0,1.0,12.0,32066.0,1.0,6.0,3.0,Valid license for this class vehicle,0.0,72.0,999.0,0.0,1.0,0.0,6.0,June,2019.0,1.0,2020.0,3.0,1.0,2.0,55.0,1.0,1.0,8.0,2.0,0.0,1.0,6.0,99.0,3.0,4.0,102.0,12.0,1.0,1.0,0.0,202304911088.0,12.0,6.0,3.0,0.0,1.0,1.0,4.0,27.0,1.0,0.0,1.0,20.0,0.0,35.0,1.0,0.0
121571,1,0,0.0,38.0,1.0,9999.0,-99.0,12.0,57.0,12.0,55.0,14.0,59.0,1.0,1.0,0.0,3.0,0.0,20.0,7.0,0.0,995.0,0.0,12.0,2.0,12.0,1.0,0.0,KM8J3CALXLU2,2020.0,498.0,2058.0,7.0,55.0,Hyundai,402.0,14.0,1.0,0.0,0.0,55.0,7.0,0.0,0.0,5.0,2.0,12.0,0.0,0.0,1.0,12.0,34606.0,1.0,6.0,3.0,Valid license for this class vehicle,0.0,71.0,999.0,0.0,0.0,0.0,0.0,No Record,0.0,0.0,0.0,0.0,4.0,4.0,55.0,1.0,1.0,8.0,1.0,0.0,15.0,11.0,99.0,1.0,2.0,207.0,12.0,0.0,1.0,0.0,202304816863.0,12.0,1.0,3.0,0.0,1.0,1.0,14.0,31.0,1.0,0.0,1.0,20.0,0.0,55.0,2.0,0.0
121581,1,0,0.0,38.0,1.0,0.0,-99.0,12.0,9.0,12.0,49.0,4.0,44.0,2.0,1.0,0.0,3.0,0.0,20.0,0.0,0.0,996.0,0.0,12.0,2.0,12.0,1.0,0.0,4T1C11AK4NU6,2022.0,448.0,2469.0,13.0,49.0,Toyota,40.0,4.0,1.0,0.0,0.0,10.0,7.0,0.0,0.0,7.0,2.0,12.0,0.0,0.0,1.0,12.0,32926.0,1.0,6.0,3.0,Valid license for this class vehicle,0.0,66.0,999.0,0.0,0.0,0.0,0.0,No Record,0.0,0.0,0.0,0.0,1.0,2.0,25.0,1.0,6.0,8.0,2.0,20.0,11.0,15.0,99.0,1.0,1.0,414.0,12.0,0.0,1.0,0.0,202304885985.0,12.0,7.0,4.0,0.0,10.0,1.0,4.0,42.0,2.0,0.0,1.0,20.0,0.0,49.0,1.0,0.0
121581,2,99,99.0,0.0,1.0,9998.0,-99.0,12.0,9.0,12.0,72.0,80.0,57.0,1.0,1.0,4.0,20.0,7.0,20.0,8.0,9.0,0.0,7.0,12.0,2.0,12.0,1.0,0.0,1HD1FCM16DB6,2013.0,3888.0,8509.0,81.0,72.0,Harley-Davidson,706.0,80.0,1.0,0.0,0.0,55.0,7.0,8.0,8.0,1.0,6.0,12.0,0.0,0.0,1.0,12.0,32935.0,1.0,6.0,3.0,Valid license for this class vehicle,0.0,69.0,999.0,0.0,0.0,0.0,0.0,No Record,0.0,0.0,0.0,0.0,2.0,2.0,55.0,1.0,1.0,8.0,2.0,0.0,1.0,67.0,99.0,1.0,1.0,415.0,12.0,1.0,1.0,0.0,202305515557.0,11.0,7.0,12.0,3.0,1.0,1.0,80.0,57.0,1.0,3.0,1.0,20.0,8.0,72.0,1.0,0.0
121585,1,0,99.0,0.0,1.0,9999.0,-99.0,12.0,97.0,12.0,51.0,66.0,24.0,1.0,1.0,4.0,98.0,7.0,99.0,0.0,0.0,995.0,7.0,12.0,2.0,12.0,1.0,0.0,4V4NC9EH8PN3,2023.0,487.0,1967.0,66.0,51.0,Volvo,881.0,66.0,1.0,0.0,0.0,70.0,0.0,0.0,0.0,12.0,6.0,12.0,1.0,0.0,1.0,51.0,20105.0,0.0,0.0,0.0,Not licensed,0.0,74.0,999.0,0.0,1.0,0.0,5.0,May,2021.0,10.0,2022.0,0.0,3.0,2.0,70.0,1.0,1.0,8.0,2.0,0.0,1.0,51.0,1.0,1.0,1.0,202.0,12.0,99.0,1.0,0.0,202305129992.0,24.0,2.0,5.0,0.0,1.0,1.0,66.0,72.0,1.0,0.0,1.0,20.0,0.0,51.0,1.0,98.0
121593,1,0,0.0,48.0,1.0,9995.0,-99.0,12.0,71.0,12.0,20.0,4.0,43.0,1.0,1.0,0.0,3.0,0.0,20.0,0.0,0.0,995.0,0.0,12.0,2.0,12.0,1.0,0.0,2G1WG5E34C12,2012.0,467.0,1833.0,13.0,20.0,Chevrolet,2.0,4.0,1.0,0.0,0.0,5.0,7.0,0.0,0.0,6.0,6.0,12.0,0.0,0.0,1.0,12.0,33971.0,1.0,6.0,3.0,Valid license for this class vehicle,0.0,69.0,999.0,0.0,0.0,0.0,7.0,July,2019.0,12.0,2021.0,0.0,2.0,2.0,45.0,1.0,1.0,8.0,1.0,3.0,12.0,21.0,99.0,1.0,1.0,998.0,12.0,0.0,1.0,0.0,202305142171.0,12.0,5.0,6.0,0.0,1.0,1.0,4.0,28.0,1.0,0.0,1.0,20.0,0.0,20.0,1.0,0.0
121601,2,0,0.0,0.0,1.0,0.0,-99.0,12.0,53.0,12.0,49.0,5.0,47.0,1.0,1.0,2.0,3.0,0.0,2.0,0.0,0.0,996.0,0.0,12.0,2.0,12.0,3.0,0.0,JTDKN3DU8D17,2013.0,448.0,2209.0,5.0,49.0,Toyota,46.0,5.0,1.0,0.0,0.0,45.0,0.0,0.0,0.0,4.0,6.0,12.0,0.0,0.0,1.0,12.0,33647.0,1.0,6.0,3.0,Valid license for this class vehicle,0.0,72.0,999.0,0.0,0.0,0.0,0.0,No Record,0.0,0.0,0.0,0.0,1.0,2.0,55.0,1.0,1.0,8.0,1.0,0.0,1.0,66.0,99.0,1.0,1.0,502.0,12.0,0.0,1.0,0.0,202305557313.0,8.0,3.0,12.0,3.0,10.0,1.0,5.0,40.0,2.0,0.0,1.0,20.0,0.0,49.0,1.0,98.0
121606,1,0,99.0,0.0,1.0,9999.0,-99.0,12.0,11.0,12.0,37.0,4.0,41.0,1.0,1.0,4.0,20.0,7.0,1.0,0.0,0.0,995.0,7.0,12.0,2.0,12.0,1.0,0.0,1HGFA16826L0,2006.0,474.0,1863.0,13.0,37.0,Honda,31.0,4.0,1.0,0.0,0.0,15.0,0.0,0.0,0.0,6.0,6.0,12.0,0.0,0.0,1.0,12.0,33169.0,1.0,6.0,3.0,Valid license for this class vehicle,0.0,71.0,999.0,0.0,0.0,0.0,0.0,No Record,0.0,0.0,0.0,0.0,3.0,5.0,65.0,1.0,1.0,8.0,1.0,0.0,15.0,10.0,99.0,1.0,2.0,203.0,12.0,2.0,1.0,0.0,202305539003.0,12.0,6.0,12.0,3.0,1.0,1.0,4.0,36.0,1.0,2.0,1.0,9.0,0.0,37.0,1.0,0.0
121614,1,0,99.0,39.0,1.0,9999.0,-99.0,12.0,71.0,12.0,37.0,4.0,19.0,2.0,1.0,4.0,20.0,7.0,2.0,0.0,0.0,995.0,1.0,12.0,2.0,12.0,2.0,0.0,1HGCP2F3XAA0,2010.0,474.0,1861.0,13.0,37.0,Honda,32.0,4.0,1.0,0.0,0.0,15.0,0.0,0.0,0.0,9.0,6.0,12.0,0.0,0.0,1.0,12.0,33905.0,1.0,6.0,3.0,Valid license for this class vehicle,0.0,63.0,999.0,0.0,3.0,2.0,3.0,March,2020.0,2.0,2023.0,0.0,1.0,3.0,45.0,1.0,1.0,8.0,1.0,20.0,11.0,15.0,1.0,1.0,1.0,414.0,12.0,1.0,1.0,0.0,202304950398.0,12.0,4.0,3.0,3.0,10.0,1.0,4.0,19.0,2.0,3.0,1.0,2.0,0.0,37.0,1.0,0.0
121617,1,99,99.0,28.0,1.0,2063.0,-99.0,12.0,81.0,12.0,12.0,4.0,42.0,2.0,1.0,4.0,20.0,7.0,8.0,0.0,0.0,200.0,7.0,12.0,2.0,12.0,1.0,0.0,3FADP4BJXBM1,2011.0,460.0,3267.0,13.0,12.0,Ford,32.0,4.0,1.0,0.0,0.0,55.0,0.0,3.0,5.0,12.0,6.0,2.0,1.0,1.0,1.0,12.0,34237.0,1.0,6.0,3.0,Valid license for this class vehicle,0.0,63.0,999.0,0.0,1.0,0.0,6.0,June,2021.0,6.0,2021.0,0.0,1.0,2.0,60.0,1.0,1.0,8.0,1.0,0.0,1.0,10.0,99.0,1.0,2.0,301.0,12.0,1.0,1.0,0.0,202304710491.0,12.0,1.0,1.0,0.0,4.0,1.0,4.0,30.0,1.0,0.0,1.0,20.0,0.0,12.0,1.0,0.0
121618,1,99,99.0,36.0,1.0,9999.0,-99.0,12.0,1.0,42.0,49.0,4.0,30.0,1.0,1.0,4.0,20.0,7.0,8.0,0.0,9.0,995.0,7.0,12.0,1.0,42.0,2.0,0.0,4T1G11AK8PU8,2023.0,448.0,2469.0,13.0,49.0,Toyota,40.0,4.0,1.0,0.0,0.0,100.0,7.0,0.0,0.0,12.0,6.0,42.0,0.0,0.0,1.0,12.0,32609.0,1.0,6.0,3.0,Valid license for this class vehicle,0.0,71.0,999.0,0.0,0.0,1.0,11.0,November,2021.0,11.0,2021.0,0.0,1.0,2.0,55.0,1.0,1.0,8.0,1.0,0.0,1.0,12.0,99.0,1.0,4.0,102.0,12.0,2.0,1.0,0.0,202305703909.0,12.0,4.0,12.0,0.0,1.0,1.0,4.0,25.0,2.0,0.0,1.0,20.0,0.0,49.0,2.0,0.0
121619,1,9,0.0,51.0,1.0,3019.0,0.58,12.0,9.0,12.0,63.0,4.0,31.0,2.0,1.0,3.0,3.0,0.0,8.0,0.0,1.0,0.0,0.0,12.0,2.0,12.0,4.0,0.0,3KPF24AD4PE5,2023.0,499.0,2462.0,13.0,63.0,KIA,38.0,4.0,1.0,0.0,0.0,89.0,0.0,0.0,0.0,12.0,6.0,12.0,0.0,1.0,1.0,13.0,31525.0,1.0,6.0,3.0,Valid license for this class vehicle,0.0,999.0,999.0,0.0,0.0,1.0,4.0,April,2023.0,4.0,2023.0,0.0,2.0,4.0,65.0,3.0,1.0,8.0,1.0,0.0,14.0,54.0,99.0,1.0,1.0,303.0,12.0,0.0,1.0,0.0,202304721351.0,12.0,6.0,2.0,0.0,1.0,1.0,4.0,36.0,2.0,0.0,1.0,20.0,0.0,63.0,2.0,0.0
121620,1,0,99.0,6.0,1.0,9999.0,-99.0,12.0,71.0,33.0,63.0,4.0,18.0,1.0,1.0,4.0,3.0,0.0,8.0,0.0,0.0,995.0,7.0,12.0,1.0,33.0,5.0,0.0,3KPF24AD5ME3,2021.0,499.0,2462.0,13.0,63.0,KIA,38.0,4.0,1.0,0.0,0.0,70.0,7.0,0.0,0.0,12.0,6.0,3.0,0.0,0.0,1.0,12.0,33936.0,1.0,6.0,3.0,Valid license for this class vehicle,0.0,67.0,999.0,0.0,0.0,0.0,0.0,No Record,0.0,0.0,0.0,3.0,1.0,2.0,25.0,3.0,1.0,8.0,1.0,0.0,14.0,13.0,99.0,1.0,4.0,101.0,12.0,1.0,1.0,0.0,202304714211.0,12.0,6.0,1.0,0.0,10.0,1.0,4.0,68.0,2.0,0.0,1.0,20.0,0.0,63.0,1.0,0.0