ST_CASE,VEH_NO_x,DRIMPAIR_x,DRDISTRACT,DRIVERRF,PER_NO_x,DRUGRES,DRUGACTQTY,STATE_x,COUNTY,HARM_EV_x,MAKE_x,BODY_TYP_x,AGE,SEX,PER_TYP_x,INJ_SEV,REST_USE,REST_MIS,AIR_BAG_x,EJECTION,DRINKING,ALC_RES,HISPANIC,STATE_y,VE_FORMS,HARM_EV_y,NUMOCCS,HIT_RUN,VIN,MOD_YEAR,VPICMAKE,VPICMODEL,VPICBODYCLASS,MAKE_y,MAKENAME,MODEL,BODY_TYP_y,HAZ_INV,HAZ_PLAC,HAZ_ID,TRAV_SP,UNDEROVERRIDE,ROLLOVER,ROLINLOC,IMPACT1,DEFORMED,M_HARM,FIRE_EXP,DR_DRINK,DR_PRES,L_STATE,DR_ZIP,L_TYPE,L_STATUS,L_COMPL,L_COMPLNAME,L_RESTRI,DR_HGT,DR_WGT,PREV_DWI,PREV_SPD,PREV_OTH,FIRST_MO,FIRST_MONAME,FIRST_YR,LAST_MO,LAST_YR,SPEEDREL,VTRAFWAY,VNUM_LAN,VSPD_LIM,VALIGN,VPROFILE,VPAVETYP,VSURCOND,VTRAFCON,P_CRASH1,P_CRASH2,P_CRASH3,PCRASH4,PCRASH5,ACC_CONFIG,STATE,RACE,ORDER,MULTRACE,CASENUM,HARM_EV,DAY_WEEK,MONTH,MAXSEV_IM,WEATHR_IM,PER_NO_y,BODY_TYP,AGE_IM,SEX_IM,INJSEV_IM,PER_TYP_y,AIR_BAG_y,EJECT_IM,MAKE,VEH_NO_y,DRIMPAIR_y
121626,1,99,99.0,36.0,1.0,1.0,-99.0,12.0,95.0,33.0,72.0,80.0,53.0,1.0,1.0,4.0,20.0,7.0,20.0,8.0,9.0,138.0,7.0,12.0,1.0,33.0,1.0,0.0,1HD1KBM18DB6,2013.0,3888.0,8515.0,81.0,72.0,Harley-Davidson,706.0,80.0,1.0,0.0,0.0,40.0,7.0,8.0,8.0,12.0,6.0,33.0,0.0,1.0,1.0,12.0,32837.0,1.0,1.0,2.0,No valid license for this class vehicle,3.0,72.0,999.0,1.0,0.0,0.0,2.0,February,2019.0,4.0,2019.0,0.0,3.0,4.0,40.0,2.0,1.0,8.0,1.0,3.0,14.0,10.0,99.0,1.0,4.0,102.0,12.0,1.0,1.0,0.0,202304878609.0,12.0,6.0,3.0,3.0,1.0,1.0,80.0,30.0,1.0,3.0,1.0,20.0,8.0,72.0,1.0,98.0
121630,1,0,99.0,0.0,1.0,9998.0,-99.0,12.0,31.0,42.0,18.0,14.0,45.0,2.0,1.0,4.0,20.0,7.0,8.0,0.0,0.0,0.0,7.0,12.0,1.0,42.0,2.0,0.0,KL4CJASB2EB7,2014.0,468.0,1842.0,7.0,18.0,Buick / Opel,404.0,14.0,1.0,0.0,0.0,60.0,7.0,0.0,0.0,12.0,6.0,42.0,0.0,0.0,1.0,12.0,32254.0,1.0,6.0,3.0,Valid license for this class vehicle,0.0,62.0,999.0,0.0,0.0,0.0,0.0,No Record,0.0,0.0,0.0,0.0,3.0,3.0,60.0,1.0,5.0,8.0,1.0,0.0,1.0,13.0,99.0,1.0,4.0,101.0,12.0,2.0,1.0,0.0,202304857057.0,12.0,4.0,4.0,3.0,10.0,1.0,14.0,60.0,2.0,3.0,1.0,9.0,0.0,18.0,2.0,0.0
121631,1,99,0.0,38.0,1.0,0.0,-99.0,12.0,17.0,12.0,35.0,6.0,48.0,1.0,1.0,0.0,20.0,7.0,20.0,0.0,0.0,996.0,0.0,12.0,2.0,12.0,1.0,0.0,5N1AT2MT2FC8,2015.0,478.0,1913.0,8.0,35.0,Nissan/Datsun,51.0,6.0,1.0,0.0,0.0,35.0,7.0,0.0,0.0,12.0,4.0,12.0,0.0,0.0,1.0,12.0,34465.0,1.0,6.0,3.0,Valid license for this class vehicle,0.0,72.0,999.0,0.0,0.0,0.0,0.0,No Record,0.0,0.0,0.0,0.0,1.0,2.0,35.0,1.0,6.0,8.0,1.0,0.0,11.0,15.0,99.0,1.0,1.0,405.0,12.0,0.0,1.0,0.0,202305561051.0,12.0,7.0,12.0,1.0,1.0,1.0,6.0,66.0,1.0,0.0,1.0,9.0,0.0,35.0,1.0,9.0
121634,1,0,99.0,6.0,1.0,9999.0,-99.0,12.0,127.0,12.0,37.0,2.0,18.0,1.0,1.0,4.0,3.0,0.0,8.0,0.0,0.0,995.0,7.0,12.0,2.0,12.0,1.0,0.0,2HGFC4B02GH3,2016.0,474.0,1863.0,3.0,37.0,Honda,31.0,2.0,1.0,0.0,0.0,90.0,0.0,3.0,5.0,5.0,6.0,12.0,0.0,0.0,1.0,12.0,34787.0,1.0,6.0,3.0,Valid license for this class vehicle,0.0,69.0,999.0,0.0,0.0,0.0,0.0,No Record,0.0,0.0,0.0,3.0,3.0,3.0,70.0,1.0,1.0,8.0,1.0,0.0,15.0,11.0,99.0,1.0,2.0,207.0,12.0,1.0,1.0,0.0,202305016025.0,9.0,4.0,4.0,2.0,1.0,1.0,2.0,26.0,1.0,0.0,1.0,20.0,0.0,37.0,1.0,0.0
121642,1,99,0.0,51.0,1.0,1.0,-99.0,12.0,31.0,12.0,49.0,4.0,43.0,1.0,1.0,4.0,20.0,7.0,8.0,0.0,9.0,0.0,7.0,12.0,3.0,12.0,1.0,0.0,4T1BE46K47U1,2007.0,448.0,2469.0,13.0,49.0,Toyota,40.0,4.0,1.0,0.0,0.0,70.0,0.0,0.0,0.0,12.0,6.0,12.0,0.0,0.0,1.0,12.0,32955.0,1.0,6.0,3.0,Valid license for this class vehicle,0.0,68.0,999.0,0.0,1.0,0.0,6.0,June,2019.0,6.0,2019.0,0.0,2.0,2.0,70.0,1.0,1.0,8.0,1.0,0.0,1.0,54.0,99.0,1.0,1.0,303.0,12.0,97.0,1.0,0.0,202305001965.0,12.0,6.0,3.0,1.0,1.0,1.0,4.0,27.0,2.0,0.0,1.0,20.0,0.0,49.0,2.0,0.0
121663,1,0,0.0,6.0,1.0,0.0,-99.0,12.0,101.0,12.0,35.0,4.0,34.0,2.0,1.0,0.0,3.0,0.0,1.0,0.0,0.0,996.0,0.0,12.0,2.0,12.0,1.0,0.0,1N4AL3AP9FC2,2015.0,478.0,1904.0,13.0,35.0,Nissan/Datsun,47.0,4.0,1.0,0.0,0.0,55.0,7.0,0.0,0.0,12.0,6.0,12.0,0.0,0.0,1.0,12.0,33540.0,1.0,6.0,3.0,Valid license for this class vehicle,3.0,64.0,999.0,0.0,0.0,0.0,0.0,No Record,0.0,0.0,0.0,0.0,1.0,2.0,55.0,1.0,1.0,8.0,1.0,0.0,1.0,51.0,99.0,1.0,1.0,202.0,12.0,0.0,1.0,0.0,202304820728.0,12.0,2.0,3.0,1.0,1.0,1.0,4.0,47.0,2.0,1.0,1.0,20.0,0.0,35.0,1.0,0.0
121696,1,99,99.0,0.0,1.0,1.0,-99.0,12.0,31.0,42.0,29.0,4.0,38.0,1.0,1.0,4.0,20.0,7.0,8.0,0.0,1.0,213.0,7.0,12.0,1.0,42.0,1.0,0.0,5YJ3E1EB5NF1,2022.0,441.0,17834.0,13.0,29.0,Other Domestic Manufacturers,5.0,4.0,1.0,0.0,0.0,70.0,7.0,0.0,0.0,3.0,6.0,42.0,0.0,1.0,1.0,12.0,32065.0,1.0,6.0,3.0,Valid license for this class vehicle,3.0,69.0,999.0,0.0,0.0,0.0,0.0,No Record,0.0,0.0,0.0,0.0,6.0,1.0,65.0,2.0,5.0,8.0,1.0,0.0,14.0,12.0,99.0,1.0,4.0,102.0,12.0,2.0,1.0,0.0,202305455254.0,9.0,3.0,9.0,3.0,1.0,1.0,4.0,37.0,2.0,0.0,1.0,20.0,0.0,29.0,1.0,0.0
121698,3,0,0.0,0.0,1.0,9999.0,-99.0,12.0,115.0,12.0,12.0,4.0,32.0,1.0,1.0,4.0,3.0,0.0,8.0,0.0,0.0,995.0,7.0,12.0,3.0,12.0,1.0,0.0,3FA6P0H75ER1,2014.0,460.0,1780.0,13.0,12.0,Ford,23.0,4.0,1.0,0.0,0.0,45.0,0.0,0.0,0.0,12.0,6.0,12.0,0.0,0.0,1.0,12.0,34223.0,1.0,6.0,3.0,Valid license for this class vehicle,3.0,70.0,999.0,0.0,1.0,0.0,1.0,January,2023.0,1.0,2023.0,0.0,5.0,5.0,45.0,1.0,1.0,8.0,1.0,0.0,1.0,54.0,99.0,1.0,1.0,998.0,12.0,1.0,1.0,0.0,202305108272.0,12.0,7.0,7.0,0.0,1.0,1.0,4.0,45.0,2.0,0.0,1.0,20.0,0.0,12.0,2.0,0.0
121706,1,99,99.0,36.0,1.0,9999.0,-99.0,12.0,57.0,12.0,12.0,2.0,39.0,2.0,1.0,4.0,3.0,0.0,8.0,0.0,9.0,995.0,6.0,12.0,2.0,12.0,1.0,0.0,1FA6P8AM9F53,2015.0,460.0,1781.0,3.0,12.0,Ford,3.0,2.0,1.0,0.0,0.0,60.0,0.0,0.0,0.0,7.0,6.0,12.0,0.0,0.0,1.0,12.0,33545.0,0.0,0.0,0.0,Not licensed,0.0,999.0,999.0,0.0,0.0,0.0,0.0,No Record,0.0,0.0,0.0,0.0,2.0,2.0,60.0,1.0,1.0,8.0,2.0,0.0,15.0,10.0,99.0,4.0,2.0,303.0,12.0,1.0,1.0,0.0,202305291360.0,12.0,1.0,10.0,0.0,1.0,1.0,2.0,26.0,2.0,0.0,1.0,20.0,0.0,12.0,1.0,9.0
121707,2,0,0.0,0.0,1.0,0.0,-99.0,12.0,75.0,12.0,35.0,14.0,27.0,1.0,1.0,2.0,3.0,0.0,1.0,0.0,0.0,996.0,0.0,12.0,2.0,12.0,1.0,0.0,JN1BJ1CR5KW3,2019.0,478.0,17214.0,5.0,35.0,Nissan/Datsun,404.0,14.0,1.0,0.0,0.0,65.0,0.0,0.0,0.0,12.0,6.0,12.0,0.0,0.0,1.0,12.0,32626.0,1.0,6.0,3.0,Valid license for this class vehicle,0.0,74.0,999.0,0.0,0.0,0.0,0.0,No Record,0.0,0.0,0.0,0.0,2.0,3.0,65.0,1.0,1.0,8.0,1.0,0.0,1.0,72.0,99.0,1.0,1.0,503.0,12.0,0.0,1.0,0.0,202304994580.0,14.0,6.0,5.0,0.0,1.0,1.0,14.0,31.0,1.0,0.0,1.0,98.0,0.0,35.0,1.0,99.0
121715,2,0,0.0,0.0,1.0,0.0,-99.0,12.0,86.0,12.0,18.0,14.0,64.0,1.0,1.0,0.0,3.0,0.0,20.0,0.0,0.0,996.0,0.0,12.0,2.0,12.0,1.0,0.0,KL4CJASB1KB7,2019.0,468.0,1842.0,7.0,18.0,Buick / Opel,404.0,14.0,1.0,0.0,0.0,40.0,0.0,0.0,0.0,7.0,6.0,12.0,0.0,0.0,1.0,12.0,33009.0,1.0,6.0,3.0,Valid license for this class vehicle,3.0,65.0,999.0,0.0,0.0,0.0,0.0,No Record,0.0,0.0,0.0,0.0,3.0,4.0,55.0,1.0,1.0,8.0,1.0,0.0,1.0,60.0,99.0,1.0,1.0,208.0,12.0,0.0,1.0,0.0,202305073098.0,12.0,2.0,6.0,3.0,2.0,1.0,14.0,56.0,2.0,3.0,1.0,8.0,0.0,18.0,1.0,0.0
121718,2,0,0.0,0.0,1.0,9995.0,-99.0,12.0,11.0,12.0,35.0,4.0,18.0,1.0,1.0,2.0,3.0,0.0,8.0,0.0,0.0,995.0,0.0,12.0,2.0,12.0,1.0,0.0,1N4AA6CVXLC3,2020.0,478.0,2302.0,13.0,35.0,Nissan/Datsun,39.0,4.0,1.0,0.0,0.0,45.0,0.0,0.0,0.0,12.0,6.0,12.0,0.0,0.0,1.0,12.0,33321.0,1.0,6.0,3.0,Valid license for this class vehicle,0.0,74.0,999.0,0.0,0.0,0.0,0.0,No Record,0.0,0.0,0.0,0.0,3.0,6.0,45.0,1.0,1.0,8.0,1.0,0.0,1.0,17.0,99.0,1.0,1.0,407.0,12.0,0.0,1.0,0.0,202305051797.0,12.0,2.0,4.0,1.0,1.0,1.0,4.0,42.0,2.0,1.0,1.0,20.0,0.0,35.0,1.0,0.0
121721,1,99,99.0,51.0,1.0,9998.0,-99.0,12.0,57.0,12.0,32.0,4.0,36.0,1.0,1.0,4.0,20.0,7.0,1.0,0.0,9.0,0.0,7.0,12.0,2.0,12.0,1.0,0.0,WAUAFAFL9DA1,2013.0,582.0,3146.0,13.0,32.0,Audi,43.0,4.0,1.0,0.0,0.0,50.0,0.0,0.0,0.0,12.0,6.0,12.0,1.0,0.0,1.0,12.0,33614.0,1.0,1.0,2.0,No valid license for this class vehicle,0.0,72.0,999.0,1.0,0.0,1.0,10.0,October,2019.0,3.0,2021.0,0.0,6.0,2.0,70.0,2.0,1.0,8.0,1.0,40.0,14.0,54.0,99.0,1.0,1.0,303.0,12.0,1.0,1.0,0.0,202305700959.0,12.0,6.0,7.0,4.0,1.0,1.0,4.0,36.0,1.0,4.0,1.0,1.0,0.0,32.0,1.0,99.0
121721,2,0,0.0,0.0,1.0,0.0,-99.0,12.0,57.0,12.0,12.0,21.0,49.0,1.0,1.0,3.0,3.0,0.0,8.0,0.0,0.0,996.0,0.0,12.0,2.0,12.0,1.0,0.0,1FTYE1Y83PKB,2023.0,460.0,3608.0,95.0,12.0,Ford,462.0,21.0,1.0,0.0,0.0,60.0,0.0,0.0,0.0,12.0,6.0,12.0,0.0,0.0,1.0,12.0,33579.0,1.0,6.0,3.0,Valid license for this class vehicle,0.0,72.0,999.0,0.0,0.0,0.0,8.0,August,2020.0,8.0,2020.0,0.0,6.0,2.0,70.0,3.0,1.0,8.0,1.0,0.0,14.0,54.0,99.0,1.0,1.0,303.0,12.0,0.0,1.0,0.0,202305700959.0,12.0,6.0,7.0,4.0,1.0,1.0,21.0,49.0,1.0,3.0,1.0,8.0,0.0,12.0,2.0,0.0
121722,1,0,0.0,6.0,1.0,9999.0,-99.0,12.0,95.0,12.0,41.0,14.0,26.0,2.0,1.0,4.0,3.0,0.0,8.0,0.0,9.0,995.0,6.0,12.0,2.0,12.0,1.0,0.0,3MVDMABL6MM2,2021.0,473.0,26914.0,7.0,41.0,Mazda,498.0,14.0,1.0,0.0,0.0,35.0,0.0,0.0,0.0,12.0,6.0,12.0,0.0,0.0,1.0,12.0,32824.0,1.0,6.0,3.0,Valid license for this class vehicle,0.0,64.0,999.0,0.0,0.0,0.0,0.0,No Record,0.0,0.0,0.0,0.0,4.0,4.0,45.0,1.0,1.0,8.0,2.0,0.0,1.0,52.0,99.0,1.0,1.0,202.0,12.0,1.0,1.0,0.0,202305042945.0,12.0,3.0,6.0,0.0,10.0,1.0,14.0,73.0,1.0,0.0,1.0,20.0,0.0,41.0,1.0,0.0
121723,1,99,99.0,28.0,1.0,9999.0,-99.0,12.0,87.0,12.0,20.0,4.0,39.0,1.0,1.0,4.0,3.0,0.0,8.0,0.0,1.0,995.0,6.0,12.0,2.0,12.0,1.0,0.0,1G1ZD5ST1PF1,2023.0,467.0,1834.0,13.0,20.0,Chevrolet,37.0,4.0,1.0,0.0,0.0,55.0,0.0,0.0,0.0,12.0,6.0,12.0,0.0,1.0,1.0,12.0,33321.0,1.0,6.0,3.0,Valid license for this class vehicle,0.0,67.0,999.0,0.0,0.0,0.0,0.0,No Record,0.0,0.0,0.0,0.0,1.0,2.0,55.0,1.0,1.0,8.0,1.0,0.0,15.0,11.0,99.0,1.0,2.0,301.0,12.0,1.0,1.0,0.0,202305092951.0,12.0,1.0,7.0,0.0,1.0,1.0,4.0,65.0,1.0,0.0,1.0,20.0,0.0,20.0,2.0,0.0
121725,1,99,0.0,38.0,1.0,1.0,-99.0,12.0,97.0,12.0,49.0,4.0,31.0,1.0,1.0,4.0,20.0,7.0,8.0,0.0,9.0,0.0,7.0,12.0,2.0,12.0,1.0,0.0,2T1BURHE1GC6,2016.0,448.0,2208.0,13.0,49.0,Toyota,32.0,4.0,1.0,0.0,0.0,40.0,0.0,0.0,0.0,12.0,6.0,12.0,0.0,0.0,1.0,12.0,34746.0,1.0,6.0,3.0,Valid license for this class vehicle,0.0,67.0,999.0,0.0,0.0,0.0,0.0,No Record,0.0,0.0,0.0,0.0,3.0,4.0,50.0,1.0,1.0,8.0,1.0,3.0,11.0,15.0,99.0,1.0,2.0,401.0,12.0,2.0,1.0,0.0,202304969248.0,12.0,6.0,4.0,3.0,1.0,1.0,4.0,28.0,1.0,0.0,1.0,8.0,0.0,49.0,1.0,9.0
121725,2,0,0.0,0.0,1.0,0.0,-99.0,12.0,97.0,12.0,12.0,34.0,53.0,1.0,1.0,2.0,3.0,0.0,8.0,0.0,0.0,996.0,0.0,12.0,2.0,12.0,1.0,0.0,1FTYR44V93PA,2003.0,460.0,1803.0,60.0,12.0,Ford,471.0,34.0,1.0,0.0,0.0,45.0,0.0,0.0,0.0,12.0,6.0,12.0,0.0,0.0,1.0,12.0,34746.0,1.0,6.0,3.0,Valid license for this class vehicle,0.0,69.0,999.0,0.0,0.0,0.0,0.0,No Record,0.0,0.0,0.0,0.0,3.0,4.0,50.0,1.0,1.0,8.0,1.0,3.0,1.0,17.0,99.0,1.0,1.0,402.0,12.0,0.0,1.0,0.0,202304870046.0,12.0,5.0,3.0,0.0,1.0,1.0,34.0,58.0,2.0,0.0,1.0,20.0,0.0,12.0,1.0,0.0
121739,1,99,0.0,0.0,1.0,9999.0,-99.0,12.0,86.0,42.0,37.0,14.0,66.0,2.0,1.0,4.0,3.0,0.0,8.0,0.0,0.0,995.0,5.0,12.0,1.0,42.0,1.0,0.0,5J6RW1H58NA0,2022.0,474.0,1865.0,7.0,37.0,Honda,402.0,14.0,1.0,0.0,0.0,30.0,7.0,0.0,0.0,12.0,6.0,42.0,0.0,0.0,1.0,12.0,33185.0,1.0,6.0,3.0,Valid license for this class vehicle,3.0,62.0,999.0,0.0,0.0,0.0,0.0,No Record,0.0,0.0,0.0,0.0,2.0,2.0,30.0,1.0,1.0,8.0,1.0,0.0,1.0,12.0,99.0,1.0,4.0,102.0,12.0,1.0,1.0,0.0,202305669589.0,42.0,5.0,7.0,4.0,1.0,1.0,14.0,66.0,2.0,4.0,1.0,8.0,0.0,37.0,1.0,99.0
121740,1,0,0.0,38.0,1.0,9995.0,-99.0,12.0,86.0,12.0,20.0,15.0,50.0,1.0,1.0,0.0,3.0,0.0,20.0,0.0,0.0,995.0,0.0,12.0,2.0,12.0,1.0,0.0,1GNEC16Z16J1,2006.0,467.0,1851.0,7.0,20.0,Chevrolet,422.0,15.0,1.0,0.0,0.0,40.0,7.0,0.0,0.0,82.0,4.0,12.0,0.0,0.0,1.0,12.0,33147.0,1.0,6.0,3.0,Valid license for this class vehicle,3.0,74.0,999.0,0.0,0.0,0.0,0.0,No Record,0.0,0.0,0.0,0.0,2.0,4.0,45.0,1.0,1.0,8.0,1.0,3.0,11.0,15.0,99.0,1.0,1.0,401.0,12.0,0.0,1.0,0.0,202304876821.0,12.0,1.0,3.0,0.0,1.0,1.0,15.0,63.0,2.0,0.0,1.0,20.0,0.0,20.0,1.0,0.0
121742,2,0,0.0,0.0,1.0,1.0,-99.0,12.0,83.0,1.0,49.0,14.0,30.0,2.0,1.0,0.0,3.0,0.0,20.0,0.0,0.0,0.0,0.0,12.0,2.0,1.0,1.0,0.0,JTMWFREV7FD0,2015.0,448.0,2217.0,7.0,49.0,Toyota,402.0,14.0,1.0,0.0,0.0,50.0,7.0,0.0,0.0,12.0,2.0,18.0,0.0,0.0,1.0,12.0,34491.0,1.0,6.0,3.0,Valid license for this class vehicle,3.0,62.0,999.0,0.0,0.0,0.0,9.0,September,2022.0,3.0,2023.0,0.0,2.0,2.0,55.0,1.0,6.0,8.0,2.0,0.0,1.0,98.0,99.0,1.0,1.0,998.0,12.0,0.0,1.0,0.0,202305239985.0,9.0,1.0,9.0,1.0,1.0,1.0,14.0,71.0,2.0,0.0,1.0,20.0,0.0,49.0,1.0,98.0
121748,1,99,99.0,38.0,1.0,9999.0,-99.0,12.0,121.0,12.0,35.0,5.0,26.0,1.0,1.0,2.0,3.0,0.0,8.0,0.0,1.0,995.0,0.0,12.0,2.0,12.0,3.0,0.0,3N1BC13EX8L4,2008.0,478.0,1894.0,5.0,35.0,Nissan/Datsun,50.0,5.0,1.0,0.0,0.0,35.0,0.0,0.0,0.0,3.0,6.0,12.0,0.0,1.0,1.0,12.0,32064.0,0.0,0.0,0.0,Not licensed,0.0,999.0,999.0,0.0,0.0,0.0,0.0,No Record,0.0,0.0,0.0,0.0,1.0,3.0,60.0,1.0,1.0,8.0,1.0,0.0,11.0,15.0,99.0,1.0,1.0,401.0,12.0,0.0,1.0,0.0,202305064824.0,12.0,7.0,7.0,4.0,10.0,1.0,5.0,87.0,2.0,3.0,1.0,8.0,0.0,35.0,2.0,0.0
121751,1,8,99.0,6.0,1.0,9999.0,-99.0,12.0,109.0,42.0,49.0,4.0,26.0,2.0,1.0,4.0,20.0,7.0,8.0,0.0,9.0,995.0,7.0,12.0,1.0,42.0,1.0,0.0,JTDEPMAE7MJ1,2021.0,448.0,2208.0,13.0,49.0,Toyota,32.0,4.0,1.0,0.0,0.0,50.0,7.0,0.0,0.0,12.0,6.0,42.0,0.0,0.0,1.0,12.0,32065.0,1.0,6.0,3.0,Valid license for this class vehicle,0.0,64.0,999.0,0.0,0.0,0.0,0.0,No Record,0.0,0.0,0.0,0.0,2.0,2.0,45.0,1.0,1.0,8.0,1.0,0.0,1.0,12.0,1.0,1.0,4.0,102.0,12.0,1.0,1.0,0.0,202305172652.0,12.0,6.0,6.0,0.0,1.0,1.0,4.0,35.0,1.0,0.0,1.0,20.0,0.0,49.0,2.0,0.0
121753,1,0,99.0,6.0,1.0,9999.0,-99.0,12.0,99.0,30.0,29.0,14.0,45.0,1.0,1.0,4.0,3.0,0.0,8.0,0.0,9.0,995.0,6.0,12.0,1.0,30.0,1.0,0.0,7SAYGDEE6PF6,2023.0,441.0,27027.0,7.0,29.0,Other Domestic Manufacturers,5.0,14.0,1.0,0.0,0.0,85.0,7.0,0.0,0.0,12.0,6.0,30.0,0.0,0.0,1.0,12.0,33487.0,1.0,6.0,3.0,Valid license for this class vehicle,0.0,68.0,999.0,0.0,2.0,1.0,2.0,February,2019.0,5.0,2023.0,3.0,4.0,3.0,35.0,1.0,1.0,8.0,2.0,0.0,1.0,13.0,99.0,1.0,4.0,101.0,12.0,1.0,1.0,0.0,202304698380.0,12.0,3.0,1.0,1.0,1.0,1.0,14.0,62.0,1.0,1.0,1.0,20.0,0.0,29.0,2.0,98.0
121757,1,9,99.0,28.0,1.0,9999.0,-99.0,12.0,61.0,12.0,58.0,4.0,36.0,1.0,1.0,3.0,3.0,0.0,8.0,0.0,1.0,995.0,0.0,12.0,2.0,12.0,1.0,0.0,JN1BV7AP8EM6,2014.0,480.0,1901.0,13.0,58.0,Infiniti,41.0,4.0,1.0,0.0,0.0,45.0,0.0,0.0,0.0,12.0,6.0,12.0,0.0,1.0,1.0,12.0,32967.0,1.0,6.0,3.0,Valid license for this class vehicle,0.0,67.0,999.0,0.0,2.0,0.0,6.0,June,2021.0,7.0,2021.0,0.0,1.0,2.0,45.0,1.0,1.0,8.0,1.0,0.0,1.0,10.0,99.0,1.0,2.0,301.0,12.0,0.0,1.0,0.0,202305425194.0,12.0,3.0,11.0,0.0,2.0,1.0,4.0,21.0,2.0,0.0,1.0,20.0,0.0,58.0,2.0,0.0
121758,1,99,99.0,39.0,1.0,9999.0,-99.0,12.0,103.0,43.0,30.0,4.0,40.0,2.0,1.0,4.0,20.0,7.0,8.0,0.0,1.0,125.0,7.0,12.0,1.0,43.0,1.0,0.0,3VWC57BU4MM0,2021.0,482.0,3137.0,13.0,30.0,Volkswagen,40.0,4.0,1.0,0.0,0.0,40.0,7.0,0.0,0.0,12.0,6.0,43.0,0.0,1.0,1.0,12.0,33760.0,1.0,6.0,3.0,Valid license for this class vehicle,0.0,67.0,999.0,0.0,0.0,0.0,0.0,No Record,0.0,0.0,0.0,4.0,1.0,2.0,40.0,1.0,1.0,8.0,1.0,20.0,1.0,17.0,99.0,1.0,4.0,103.0,12.0,1.0,1.0,0.0,202305155811.0,12.0,3.0,7.0,0.0,2.0,1.0,4.0,39.0,2.0,0.0,1.0,20.0,0.0,30.0,2.0,0.0
121764,1,99,99.0,38.0,1.0,9999.0,-99.0,12.0,103.0,12.0,35.0,4.0,88.0,1.0,1.0,4.0,3.0,0.0,1.0,0.0,0.0,995.0,7.0,12.0,2.0,12.0,1.0,0.0,1N4AL2AP6BN4,2011.0,478.0,1904.0,13.0,35.0,Nissan/Datsun,47.0,4.0,1.0,0.0,0.0,30.0,0.0,3.0,5.0,3.0,6.0,1.0,0.0,0.0,1.0,12.0,33778.0,1.0,6.0,3.0,Valid license for this class vehicle,0.0,70.0,999.0,0.0,0.0,0.0,0.0,No Record,0.0,0.0,0.0,0.0,2.0,4.0,40.0,1.0,1.0,8.0,1.0,0.0,11.0,15.0,99.0,1.0,1.0,401.0,12.0,1.0,1.0,0.0,202304655121.0,12.0,2.0,1.0,0.0,1.0,1.0,4.0,38.0,1.0,0.0,1.0,20.0,0.0,35.0,2.0,0.0
121768,1,10,0.0,6.0,1.0,9999.0,-99.0,12.0,9.0,12.0,67.0,5.0,69.0,1.0,1.0,4.0,20.0,7.0,1.0,0.0,1.0,995.0,99.0,12.0,2.0,12.0,1.0,0.0,JTKKU4B45C10,2012.0,448.0,2933.0,5.0,67.0,Scion,33.0,5.0,1.0,0.0,0.0,55.0,0.0,0.0,0.0,12.0,6.0,12.0,0.0,1.0,1.0,55.0,53151.0,1.0,6.0,3.0,Valid license for this class vehicle,0.0,70.0,170.0,0.0,1.0,2.0,1.0,January,2020.0,7.0,2022.0,0.0,2.0,2.0,55.0,1.0,1.0,8.0,1.0,0.0,1.0,50.0,99.0,1.0,1.0,202.0,12.0,99.0,1.0,0.0,202305350739.0,11.0,6.0,10.0,0.0,1.0,1.0,5.0,65.0,2.0,0.0,1.0,98.0,0.0,67.0,1.0,98.0
121775,1,99,99.0,6.0,1.0,9999.0,-99.0,12.0,11.0,12.0,35.0,14.0,29.0,1.0,1.0,4.0,20.0,7.0,8.0,0.0,0.0,995.0,6.0,12.0,2.0,12.0,1.0,0.0,5N1AR2MN4DC6,2013.0,478.0,1911.0,8.0,35.0,Nissan/Datsun,401.0,14.0,1.0,0.0,0.0,65.0,0.0,0.0,0.0,12.0,6.0,12.0,0.0,0.0,1.0,12.0,33311.0,1.0,6.0,3.0,Valid license for this class vehicle,0.0,65.0,999.0,0.0,1.0,0.0,11.0,November,2018.0,7.0,2022.0,0.0,3.0,8.0,65.0,1.0,1.0,8.0,2.0,0.0,1.0,51.0,1.0,1.0,1.0,202.0,12.0,1.0,1.0,0.0,202304819515.0,12.0,7.0,3.0,2.0,1.0,1.0,14.0,33.0,2.0,0.0,1.0,20.0,0.0,35.0,3.0,0.0
121776,1,99,99.0,0.0,1.0,9999.0,-99.0,12.0,89.0,12.0,49.0,4.0,24.0,1.0,1.0,2.0,3.0,0.0,8.0,0.0,0.0,995.0,0.0,12.0,2.0,12.0,6.0,0.0,5YFEPMAE4MP2,2021.0,448.0,2208.0,13.0,49.0,Toyota,32.0,4.0,1.0,0.0,0.0,5.0,0.0,0.0,0.0,6.0,6.0,12.0,0.0,0.0,1.0,36.0,11706.0,1.0,2.0,2.0,No valid license for this class vehicle,0.0,66.0,999.0,0.0,1.0,0.0,9.0,September,2018.0,1.0,2021.0,0.0,2.0,3.0,65.0,1.0,1.0,8.0,1.0,0.0,1.0,53.0,99.0,1.0,1.0,201.0,12.0,0.0,1.0,0.0,202304667131.0,12.0,6.0,1.0,0.0,10.0,1.0,4.0,25.0,2.0,0.0,1.0,20.0,0.0,49.0,1.0,0.0