ST_CASE,VEH_NO_x,DRIMPAIR_x,DRDISTRACT,DRIVERRF,PER_NO_x,DRUGRES,DRUGACTQTY,STATE_x,COUNTY,HARM_EV_x,MAKE_x,BODY_TYP_x,AGE,SEX,PER_TYP_x,INJ_SEV,REST_USE,REST_MIS,AIR_BAG_x,EJECTION,DRINKING,ALC_RES,HISPANIC,STATE_y,VE_FORMS,HARM_EV_y,NUMOCCS,HIT_RUN,VIN,MOD_YEAR,VPICMAKE,VPICMODEL,VPICBODYCLASS,MAKE_y,MAKENAME,MODEL,BODY_TYP_y,HAZ_INV,HAZ_PLAC,HAZ_ID,TRAV_SP,UNDEROVERRIDE,ROLLOVER,ROLINLOC,IMPACT1,DEFORMED,M_HARM,FIRE_EXP,DR_DRINK,DR_PRES,L_STATE,DR_ZIP,L_TYPE,L_STATUS,L_COMPL,L_COMPLNAME,L_RESTRI,DR_HGT,DR_WGT,PREV_DWI,PREV_SPD,PREV_OTH,FIRST_MO,FIRST_MONAME,FIRST_YR,LAST_MO,LAST_YR,SPEEDREL,VTRAFWAY,VNUM_LAN,VSPD_LIM,VALIGN,VPROFILE,VPAVETYP,VSURCOND,VTRAFCON,P_CRASH1,P_CRASH2,P_CRASH3,PCRASH4,PCRASH5,ACC_CONFIG,STATE,RACE,ORDER,MULTRACE,CASENUM,HARM_EV,DAY_WEEK,MONTH,MAXSEV_IM,WEATHR_IM,PER_NO_y,BODY_TYP,AGE_IM,SEX_IM,INJSEV_IM,PER_TYP_y,AIR_BAG_y,EJECT_IM,MAKE,VEH_NO_y,DRIMPAIR_y
121777,1,0,99.0,0.0,1.0,1.0,-99.0,12.0,31.0,1.0,72.0,80.0,39.0,1.0,1.0,4.0,20.0,7.0,20.0,8.0,0.0,0.0,7.0,12.0,1.0,1.0,2.0,0.0,1HD1KB4147Y7,2007.0,3888.0,8515.0,81.0,72.0,Harley-Davidson,706.0,80.0,1.0,0.0,0.0,45.0,7.0,8.0,8.0,0.0,4.0,1.0,0.0,0.0,1.0,13.0,31419.0,1.0,1.0,2.0,No valid license for this class vehicle,0.0,999.0,999.0,0.0,0.0,1.0,3.0,March,2021.0,1.0,2023.0,0.0,3.0,3.0,55.0,3.0,1.0,8.0,2.0,0.0,14.0,9.0,1.0,1.0,1.0,998.0,12.0,2.0,1.0,0.0,202304972867.0,1.0,4.0,5.0,3.0,1.0,1.0,80.0,62.0,1.0,3.0,1.0,20.0,8.0,72.0,1.0,99.0
121778,1,0,0.0,0.0,1.0,1.0,-99.0,12.0,79.0,12.0,7.0,2.0,21.0,1.0,1.0,2.0,3.0,0.0,8.0,0.0,0.0,0.0,0.0,12.0,2.0,12.0,2.0,0.0,2C3CDZAG2KH5,2019.0,476.0,1893.0,13.0,7.0,Dodge,28.0,2.0,1.0,0.0,0.0,70.0,0.0,3.0,5.0,12.0,6.0,1.0,0.0,0.0,1.0,12.0,32347.0,1.0,6.0,3.0,Valid license for this class vehicle,0.0,69.0,999.0,0.0,0.0,0.0,0.0,No Record,0.0,0.0,0.0,4.0,2.0,2.0,65.0,1.0,1.0,8.0,2.0,0.0,15.0,51.0,99.0,3.0,2.0,202.0,12.0,0.0,1.0,0.0,202305196535.0,33.0,4.0,8.0,3.0,1.0,1.0,2.0,24.0,1.0,3.0,1.0,20.0,0.0,7.0,1.0,99.0
121791,1,9,99.0,6.0,1.0,9998.0,-99.0,12.0,105.0,12.0,20.0,4.0,31.0,2.0,1.0,0.0,3.0,0.0,1.0,0.0,1.0,110.0,0.0,12.0,2.0,12.0,1.0,0.0,1G1PC5SB2E74,2014.0,467.0,1832.0,13.0,20.0,Chevrolet,25.0,4.0,1.0,0.0,0.0,67.0,0.0,0.0,0.0,12.0,6.0,12.0,0.0,1.0,1.0,12.0,33812.0,1.0,1.0,2.0,No valid license for this class vehicle,0.0,63.0,999.0,0.0,0.0,0.0,1.0,January,2019.0,2.0,2023.0,0.0,2.0,3.0,70.0,1.0,1.0,8.0,1.0,0.0,1.0,51.0,6.0,1.0,1.0,202.0,12.0,0.0,1.0,0.0,202305056373.0,53.0,1.0,6.0,4.0,1.0,1.0,4.0,70.0,2.0,4.0,1.0,8.0,0.0,20.0,1.0,0.0
121803,2,0,0.0,0.0,1.0,9999.0,-99.0,12.0,57.0,12.0,30.0,14.0,52.0,1.0,1.0,4.0,3.0,0.0,8.0,0.0,0.0,995.0,7.0,12.0,5.0,12.0,2.0,0.0,3VV3B7AX6LM1,2020.0,482.0,8151.0,7.0,30.0,Volkswagen,402.0,14.0,1.0,0.0,0.0,5.0,0.0,3.0,5.0,6.0,6.0,12.0,0.0,0.0,1.0,12.0,34747.0,1.0,6.0,3.0,Valid license for this class vehicle,0.0,73.0,999.0,0.0,0.0,1.0,12.0,December,2019.0,2.0,2020.0,0.0,3.0,3.0,70.0,1.0,1.0,8.0,1.0,0.0,1.0,53.0,99.0,1.0,1.0,201.0,12.0,1.0,1.0,0.0,202305317645.0,12.0,2.0,8.0,0.0,1.0,1.0,14.0,62.0,2.0,0.0,1.0,20.0,0.0,30.0,2.0,0.0
121823,1,0,0.0,38.0,1.0,9999.0,-99.0,12.0,57.0,12.0,49.0,14.0,74.0,1.0,1.0,4.0,3.0,0.0,8.0,0.0,0.0,995.0,2.0,12.0,2.0,12.0,2.0,0.0,5TDGZRAH4NS5,2022.0,448.0,2213.0,7.0,49.0,Toyota,403.0,14.0,1.0,0.0,0.0,10.0,0.0,0.0,0.0,9.0,6.0,12.0,0.0,0.0,1.0,12.0,33647.0,1.0,6.0,3.0,Valid license for this class vehicle,0.0,71.0,999.0,0.0,0.0,0.0,0.0,No Record,0.0,0.0,0.0,0.0,0.0,0.0,0.0,0.0,0.0,0.0,0.0,20.0,1.0,17.0,99.0,1.0,1.0,504.0,12.0,1.0,1.0,0.0,202305466196.0,12.0,3.0,11.0,0.0,1.0,1.0,14.0,46.0,2.0,0.0,1.0,20.0,0.0,49.0,1.0,0.0
121828,1,0,0.0,31.0,1.0,9995.0,-99.0,12.0,111.0,12.0,37.0,4.0,26.0,1.0,1.0,0.0,3.0,0.0,3.0,0.0,0.0,995.0,0.0,12.0,2.0,12.0,1.0,0.0,2HGFC2F85LH5,2020.0,474.0,1863.0,13.0,37.0,Honda,31.0,4.0,1.0,0.0,0.0,5.0,7.0,0.0,0.0,3.0,6.0,12.0,0.0,0.0,1.0,12.0,34957.0,1.0,6.0,3.0,Valid license for this class vehicle,0.0,69.0,999.0,0.0,0.0,1.0,8.0,August,2021.0,8.0,2021.0,0.0,0.0,0.0,0.0,0.0,0.0,0.0,0.0,0.0,13.0,20.0,99.0,1.0,7.0,992.0,12.0,0.0,1.0,0.0,202304934740.0,12.0,4.0,5.0,1.0,10.0,1.0,4.0,61.0,2.0,1.0,1.0,20.0,0.0,37.0,1.0,0.0
121829,2,99,0.0,0.0,1.0,9999.0,-99.0,12.0,86.0,12.0,42.0,14.0,75.0,1.0,1.0,4.0,20.0,7.0,3.0,0.0,0.0,995.0,3.0,12.0,3.0,12.0,1.0,0.0,4JGDA5JB2HA8,2017.0,449.0,5886.0,7.0,42.0,Mercedes-Benz,404.0,14.0,1.0,0.0,0.0,0.0,0.0,0.0,0.0,9.0,6.0,12.0,0.0,0.0,1.0,12.0,33175.0,1.0,6.0,3.0,Valid license for this class vehicle,0.0,71.0,999.0,0.0,0.0,0.0,1.0,January,2021.0,1.0,2021.0,0.0,2.0,2.0,30.0,1.0,1.0,8.0,1.0,20.0,5.0,66.0,1.0,1.0,1.0,504.0,12.0,1.0,1.0,0.0,202305388040.0,12.0,3.0,11.0,0.0,1.0,1.0,14.0,34.0,2.0,0.0,1.0,20.0,0.0,42.0,2.0,0.0
121829,3,0,0.0,0.0,1.0,0.0,-99.0,12.0,86.0,12.0,55.0,14.0,55.0,1.0,1.0,0.0,3.0,0.0,20.0,0.0,0.0,996.0,0.0,12.0,3.0,12.0,1.0,0.0,KMHRC8A38NU1,2022.0,498.0,26441.0,15.0,55.0,Hyundai,406.0,14.0,1.0,0.0,0.0,40.0,0.0,0.0,0.0,4.0,4.0,12.0,0.0,0.0,1.0,12.0,33184.0,1.0,6.0,3.0,Valid license for this class vehicle,0.0,68.0,999.0,0.0,0.0,0.0,0.0,No Record,0.0,0.0,0.0,0.0,2.0,3.0,45.0,1.0,1.0,8.0,1.0,0.0,1.0,61.0,99.0,1.0,1.0,998.0,12.0,0.0,1.0,0.0,202305355313.0,12.0,6.0,9.0,1.0,1.0,1.0,14.0,19.0,2.0,0.0,1.0,3.0,0.0,55.0,1.0,0.0
121833,1,0,0.0,39.0,1.0,9995.0,-99.0,12.0,86.0,12.0,35.0,6.0,16.0,1.0,1.0,2.0,20.0,7.0,8.0,0.0,0.0,995.0,0.0,12.0,2.0,12.0,1.0,0.0,5N1AZ2MG9GN1,2016.0,478.0,1914.0,8.0,35.0,Nissan/Datsun,49.0,6.0,1.0,0.0,0.0,102.0,0.0,0.0,0.0,12.0,6.0,30.0,0.0,0.0,1.0,12.0,33169.0,0.0,0.0,0.0,Not licensed,0.0,999.0,999.0,0.0,0.0,0.0,0.0,No Record,0.0,0.0,0.0,0.0,2.0,6.0,40.0,1.0,1.0,8.0,1.0,3.0,1.0,17.0,99.0,1.0,1.0,501.0,12.0,0.0,1.0,0.0,202305265848.0,15.0,5.0,9.0,2.0,10.0,1.0,6.0,78.0,2.0,0.0,1.0,20.0,0.0,35.0,1.0,99.0
121833,2,0,0.0,0.0,1.0,9999.0,-99.0,12.0,86.0,12.0,20.0,4.0,17.0,2.0,1.0,4.0,3.0,0.0,8.0,0.0,0.0,995.0,7.0,12.0,2.0,12.0,1.0,0.0,2G1WB5E30E11,2014.0,467.0,13634.0,13.0,20.0,Chevrolet,2.0,4.0,1.0,0.0,0.0,40.0,0.0,0.0,0.0,3.0,6.0,12.0,0.0,0.0,1.0,12.0,33020.0,7.0,6.0,3.0,Valid license for this class vehicle,0.0,64.0,999.0,0.0,0.0,0.0,0.0,No Record,0.0,0.0,0.0,0.0,3.0,5.0,40.0,1.0,1.0,8.0,1.0,3.0,1.0,66.0,99.0,1.0,1.0,502.0,12.0,2.0,1.0,0.0,202305077812.0,12.0,6.0,6.0,1.0,1.0,1.0,4.0,19.0,1.0,0.0,1.0,20.0,0.0,20.0,1.0,98.0
121834,1,0,0.0,6.0,1.0,0.0,-99.0,12.0,86.0,12.0,29.0,4.0,25.0,1.0,1.0,0.0,3.0,0.0,20.0,0.0,0.0,996.0,0.0,12.0,3.0,12.0,1.0,0.0,5YJ3E1EA9NF2,2022.0,441.0,17834.0,13.0,29.0,Other Domestic Manufacturers,5.0,4.0,1.0,0.0,0.0,90.0,0.0,0.0,0.0,12.0,6.0,12.0,0.0,0.0,1.0,12.0,33179.0,1.0,6.0,3.0,Valid license for this class vehicle,0.0,72.0,999.0,0.0,0.0,0.0,10.0,October,2021.0,10.0,2021.0,0.0,2.0,4.0,55.0,1.0,1.0,8.0,1.0,0.0,1.0,51.0,6.0,1.0,1.0,202.0,12.0,0.0,1.0,0.0,202304997800.0,12.0,4.0,5.0,3.0,1.0,1.0,4.0,30.0,1.0,0.0,1.0,20.0,0.0,29.0,1.0,0.0
121834,2,0,0.0,0.0,1.0,0.0,-99.0,12.0,86.0,12.0,2.0,34.0,38.0,1.0,1.0,2.0,20.0,7.0,2.0,1.0,0.0,996.0,0.0,12.0,3.0,12.0,4.0,0.0,1C6HJTAG3PL5,2023.0,483.0,25919.0,60.0,2.0,Jeep / Kaiser-Jeep / Willys- Jeep,483.0,34.0,1.0,0.0,0.0,65.0,0.0,3.0,1.0,6.0,6.0,1.0,0.0,0.0,1.0,37.0,28027.0,1.0,6.0,3.0,Valid license for this class vehicle,0.0,75.0,999.0,0.0,0.0,3.0,6.0,June,2020.0,5.0,2023.0,0.0,2.0,4.0,55.0,1.0,1.0,8.0,1.0,0.0,1.0,53.0,99.0,1.0,1.0,201.0,12.0,0.0,1.0,0.0,202305008740.0,12.0,6.0,3.0,0.0,1.0,1.0,34.0,41.0,1.0,0.0,1.0,20.0,0.0,2.0,1.0,0.0
121836,3,0,0.0,0.0,1.0,0.0,-99.0,12.0,27.0,12.0,35.0,6.0,36.0,1.0,1.0,0.0,3.0,0.0,2.0,0.0,0.0,996.0,0.0,12.0,3.0,12.0,1.0,0.0,5N1AT2MT3JC7,2018.0,478.0,1913.0,8.0,35.0,Nissan/Datsun,51.0,6.0,1.0,0.0,0.0,50.0,0.0,0.0,0.0,12.0,6.0,12.0,0.0,0.0,1.0,12.0,34288.0,1.0,6.0,3.0,Valid license for this class vehicle,0.0,67.0,999.0,0.0,0.0,0.0,0.0,No Record,0.0,0.0,0.0,0.0,1.0,2.0,55.0,1.0,1.0,8.0,1.0,0.0,1.0,62.0,99.0,1.0,1.0,998.0,12.0,0.0,1.0,0.0,202305259645.0,12.0,1.0,9.0,0.0,1.0,1.0,6.0,34.0,1.0,0.0,1.0,20.0,0.0,35.0,1.0,98.0
121841,1,99,99.0,0.0,1.0,9999.0,-99.0,12.0,57.0,30.0,49.0,14.0,51.0,2.0,1.0,4.0,20.0,7.0,8.0,0.0,1.0,200.0,99.0,12.0,1.0,30.0,1.0,0.0,NMTKHMBX8MR1,2021.0,448.0,17213.0,8.0,49.0,Toyota,405.0,14.0,1.0,0.0,0.0,77.0,7.0,0.0,0.0,12.0,6.0,43.0,1.0,1.0,1.0,12.0,33755.0,1.0,6.0,3.0,Valid license for this class vehicle,3.0,67.0,999.0,1.0,0.0,0.0,5.0,May,2019.0,4.0,2021.0,3.0,4.0,3.0,35.0,3.0,1.0,8.0,1.0,0.0,1.0,13.0,99.0,1.0,4.0,101.0,12.0,1.0,1.0,0.0,202305169646.0,12.0,4.0,8.0,0.0,2.0,1.0,14.0,69.0,2.0,0.0,1.0,20.0,0.0,49.0,1.0,0.0
121844,1,99,99.0,0.0,1.0,0.0,-99.0,12.0,31.0,12.0,20.0,4.0,21.0,1.0,1.0,3.0,20.0,7.0,8.0,0.0,0.0,996.0,0.0,12.0,2.0,12.0,4.0,0.0,2G1WG5EK2B13,2011.0,467.0,1833.0,13.0,20.0,Chevrolet,2.0,4.0,1.0,0.0,0.0,55.0,8.0,0.0,0.0,12.0,6.0,12.0,0.0,0.0,1.0,12.0,32205.0,1.0,6.0,3.0,Valid license for this class vehicle,0.0,66.0,999.0,0.0,0.0,0.0,12.0,December,2021.0,12.0,2021.0,0.0,1.0,4.0,40.0,1.0,1.0,2.0,1.0,3.0,1.0,62.0,99.0,1.0,1.0,402.0,12.0,0.0,1.0,0.0,202304982845.0,12.0,2.0,5.0,1.0,1.0,1.0,4.0,18.0,2.0,0.0,1.0,20.0,0.0,20.0,1.0,98.0
121855,1,0,0.0,6.0,1.0,9999.0,-99.0,12.0,86.0,12.0,53.0,80.0,22.0,1.0,1.0,4.0,20.0,7.0,20.0,8.0,0.0,995.0,3.0,12.0,2.0,12.0,1.0,0.0,JS1GT76A7621,2006.0,509.0,13179.0,80.0,53.0,Suzuki,706.0,80.0,1.0,0.0,0.0,70.0,7.0,8.0,8.0,12.0,6.0,12.0,0.0,0.0,1.0,12.0,33016.0,1.0,6.0,2.0,No valid license for this class vehicle,0.0,69.0,999.0,0.0,0.0,0.0,5.0,May,2019.0,1.0,2023.0,3.0,2.0,4.0,40.0,1.0,1.0,8.0,1.0,0.0,1.0,17.0,99.0,1.0,1.0,503.0,12.0,1.0,1.0,0.0,202305316931.0,12.0,7.0,7.0,4.0,1.0,1.0,80.0,22.0,1.0,4.0,1.0,20.0,8.0,53.0,1.0,0.0
121855,2,0,0.0,0.0,1.0,9995.0,-99.0,12.0,86.0,12.0,20.0,34.0,44.0,1.0,1.0,1.0,3.0,0.0,2.0,0.0,0.0,995.0,0.0,12.0,2.0,12.0,2.0,0.0,1GCRWBEH5LZ2,2020.0,467.0,1850.0,60.0,20.0,Chevrolet,481.0,34.0,1.0,0.0,0.0,15.0,7.0,0.0,0.0,9.0,6.0,12.0,0.0,0.0,1.0,12.0,33142.0,1.0,6.0,3.0,Valid license for this class vehicle,3.0,69.0,999.0,0.0,0.0,0.0,0.0,No Record,0.0,0.0,0.0,0.0,1.0,2.0,30.0,1.0,1.0,8.0,1.0,20.0,1.0,66.0,99.0,1.0,1.0,504.0,12.0,0.0,1.0,0.0,202305316931.0,12.0,7.0,7.0,4.0,1.0,1.0,34.0,44.0,1.0,1.0,1.0,2.0,0.0,20.0,2.0,0.0
121860,1,99,99.0,0.0,1.0,9999.0,-99.0,12.0,23.0,12.0,55.0,4.0,28.0,2.0,1.0,4.0,3.0,0.0,8.0,0.0,9.0,995.0,7.0,12.0,3.0,12.0,4.0,0.0,KMHDU46D18U4,2008.0,498.0,2735.0,13.0,55.0,Hyundai,35.0,4.0,1.0,0.0,0.0,70.0,0.0,3.0,1.0,3.0,6.0,12.0,0.0,0.0,1.0,12.0,32055.0,1.0,6.0,3.0,Valid license for this class vehicle,0.0,65.0,999.0,0.0,0.0,0.0,1.0,January,2020.0,1.0,2020.0,4.0,2.0,3.0,70.0,1.0,1.0,8.0,2.0,0.0,1.0,12.0,1.0,1.0,4.0,301.0,12.0,1.0,1.0,0.0,202305084642.0,12.0,2.0,5.0,0.0,10.0,1.0,4.0,38.0,2.0,0.0,1.0,20.0,0.0,55.0,1.0,98.0
121864,1,99,0.0,0.0,1.0,9999.0,-99.0,12.0,119.0,12.0,49.0,4.0,999.0,9.0,1.0,9.0,20.0,7.0,8.0,0.0,9.0,995.0,0.0,12.0,2.0,12.0,2.0,1.0,4T1G11AK7LU3,2020.0,448.0,2469.0,13.0,49.0,Toyota,40.0,4.0,1.0,0.0,0.0,80.0,0.0,3.0,1.0,12.0,6.0,12.0,0.0,0.0,1.0,99.0,99999.0,9.0,9.0,9.0,Unknown,9.0,999.0,999.0,99.0,99.0,99.0,99.0,Unknown,9999.0,99.0,9999.0,3.0,3.0,6.0,40.0,1.0,1.0,8.0,1.0,0.0,1.0,17.0,99.0,1.0,1.0,402.0,12.0,0.0,1.0,0.0,202305030321.0,12.0,4.0,4.0,0.0,1.0,1.0,4.0,44.0,2.0,0.0,1.0,20.0,0.0,49.0,2.0,0.0
121866,1,0,0.0,51.0,1.0,0.0,-99.0,12.0,9.0,12.0,35.0,6.0,18.0,2.0,1.0,1.0,3.0,0.0,8.0,0.0,0.0,996.0,0.0,12.0,2.0,12.0,2.0,0.0,JN8AZ1MU9AW0,2010.0,478.0,1914.0,7.0,35.0,Nissan/Datsun,49.0,6.0,1.0,0.0,0.0,30.0,0.0,0.0,0.0,11.0,6.0,12.0,0.0,0.0,1.0,12.0,32952.0,1.0,6.0,3.0,Valid license for this class vehicle,0.0,67.0,999.0,0.0,0.0,0.0,0.0,No Record,0.0,0.0,0.0,0.0,1.0,2.0,25.0,1.0,1.0,8.0,1.0,0.0,1.0,66.0,99.0,1.0,1.0,504.0,12.0,0.0,1.0,0.0,202305047145.0,12.0,1.0,6.0,0.0,10.0,1.0,6.0,73.0,2.0,0.0,1.0,20.0,0.0,35.0,2.0,0.0
121867,1,0,0.0,6.0,1.0,9999.0,-99.0,12.0,119.0,12.0,49.0,4.0,88.0,1.0,1.0,4.0,20.0,7.0,20.0,0.0,0.0,995.0,7.0,12.0,2.0,12.0,1.0,0.0,4T1BF1FK7EU8,2014.0,448.0,2469.0,13.0,49.0,Toyota,40.0,4.0,1.0,0.0,0.0,35.0,0.0,3.0,5.0,12.0,6.0,1.0,0.0,0.0,1.0,12.0,32159.0,1.0,6.0,3.0,Valid license for this class vehicle,3.0,68.0,999.0,0.0,0.0,0.0,0.0,No Record,0.0,0.0,0.0,0.0,1.0,2.0,35.0,2.0,1.0,8.0,1.0,0.0,14.0,52.0,99.0,1.0,1.0,202.0,12.0,1.0,1.0,0.0,202304831422.0,12.0,7.0,3.0,0.0,1.0,1.0,4.0,68.0,2.0,0.0,1.0,20.0,0.0,49.0,1.0,0.0
121874,2,0,99.0,0.0,1.0,9999.0,-99.0,12.0,53.0,12.0,35.0,4.0,29.0,1.0,1.0,4.0,20.0,7.0,8.0,0.0,9.0,995.0,2.0,12.0,3.0,12.0,1.0,0.0,3N1CN7AP8GL8,2016.0,478.0,1894.0,13.0,35.0,Nissan/Datsun,50.0,4.0,1.0,0.0,0.0,60.0,0.0,0.0,0.0,12.0,6.0,12.0,0.0,0.0,1.0,12.0,33647.0,1.0,6.0,3.0,Valid license for this class vehicle,0.0,69.0,999.0,0.0,0.0,0.0,0.0,No Record,0.0,0.0,0.0,0.0,1.0,2.0,60.0,1.0,1.0,8.0,1.0,0.0,1.0,62.0,1.0,1.0,1.0,302.0,12.0,1.0,1.0,0.0,202305040241.0,12.0,5.0,6.0,0.0,10.0,1.0,4.0,18.0,1.0,0.0,1.0,20.0,0.0,35.0,2.0,98.0
121879,1,0,0.0,38.0,1.0,0.0,-99.0,12.0,103.0,12.0,63.0,4.0,22.0,2.0,1.0,1.0,20.0,7.0,2.0,0.0,0.0,996.0,0.0,12.0,2.0,12.0,1.0,0.0,5XXGR4A61CG0,2012.0,499.0,2739.0,13.0,63.0,KIA,34.0,4.0,1.0,0.0,0.0,50.0,7.0,0.0,0.0,82.0,4.0,12.0,0.0,0.0,1.0,12.0,33774.0,1.0,6.0,3.0,Valid license for this class vehicle,0.0,64.0,999.0,0.0,0.0,0.0,5.0,May,2023.0,5.0,2023.0,0.0,3.0,6.0,45.0,1.0,1.0,8.0,1.0,3.0,11.0,15.0,16.0,1.0,2.0,401.0,12.0,0.0,1.0,0.0,202305108900.0,12.0,1.0,7.0,0.0,1.0,1.0,4.0,37.0,1.0,0.0,1.0,20.0,0.0,63.0,1.0,0.0
121884,1,99,0.0,38.0,1.0,1.0,-99.0,12.0,115.0,12.0,49.0,4.0,81.0,1.0,1.0,4.0,20.0,7.0,20.0,2.0,0.0,0.0,7.0,12.0,2.0,12.0,1.0,0.0,4T1BE46K57U5,2007.0,448.0,2469.0,13.0,49.0,Toyota,40.0,4.0,1.0,0.0,0.0,15.0,0.0,0.0,0.0,2.0,6.0,12.0,0.0,0.0,1.0,12.0,34241.0,1.0,6.0,3.0,Valid license for this class vehicle,3.0,73.0,999.0,0.0,0.0,0.0,0.0,No Record,0.0,0.0,0.0,0.0,2.0,3.0,35.0,1.0,1.0,8.0,1.0,3.0,11.0,15.0,99.0,1.0,1.0,401.0,12.0,1.0,1.0,0.0,202304766555.0,12.0,2.0,2.0,2.0,10.0,1.0,4.0,20.0,1.0,0.0,1.0,20.0,0.0,49.0,2.0,0.0
121885,1,0,0.0,38.0,1.0,9999.0,-99.0,12.0,9.0,12.0,35.0,4.0,85.0,2.0,1.0,4.0,3.0,0.0,8.0,0.0,0.0,995.0,6.0,12.0,2.0,12.0,1.0,0.0,3N1BC11E17L4,2007.0,478.0,1894.0,13.0,35.0,Nissan/Datsun,50.0,4.0,1.0,0.0,0.0,20.0,0.0,0.0,0.0,10.0,6.0,12.0,0.0,0.0,1.0,12.0,32927.0,1.0,6.0,3.0,Valid license for this class vehicle,0.0,62.0,999.0,0.0,0.0,0.0,0.0,No Record,0.0,0.0,0.0,0.0,1.0,2.0,25.0,1.0,1.0,8.0,1.0,20.0,11.0,15.0,99.0,1.0,1.0,414.0,12.0,1.0,1.0,0.0,202305166950.0,12.0,5.0,2.0,2.0,1.0,1.0,4.0,50.0,1.0,2.0,1.0,20.0,0.0,35.0,2.0,0.0
121891,1,0,99.0,51.0,1.0,1.0,-99.0,12.0,109.0,12.0,29.0,4.0,16.0,1.0,1.0,4.0,3.0,0.0,8.0,0.0,0.0,0.0,7.0,12.0,2.0,12.0,1.0,0.0,5YJ3E1EA3PF5,2023.0,441.0,17834.0,13.0,29.0,Other Domestic Manufacturers,5.0,4.0,1.0,0.0,0.0,50.0,0.0,0.0,0.0,12.0,6.0,12.0,0.0,0.0,1.0,12.0,32084.0,1.0,6.0,3.0,Valid license for this class vehicle,0.0,69.0,999.0,0.0,0.0,0.0,0.0,No Record,0.0,0.0,0.0,0.0,1.0,2.0,50.0,1.0,1.0,8.0,1.0,0.0,1.0,10.0,99.0,1.0,2.0,301.0,12.0,1.0,1.0,0.0,202305128683.0,12.0,4.0,5.0,1.0,1.0,1.0,4.0,33.0,2.0,1.0,1.0,20.0,0.0,29.0,2.0,98.0
121894,1,99,0.0,36.0,1.0,9999.0,-99.0,12.0,105.0,12.0,35.0,4.0,16.0,2.0,1.0,4.0,3.0,0.0,20.0,0.0,9.0,995.0,7.0,12.0,3.0,12.0,3.0,0.0,3N1CN7APXCL9,2012.0,478.0,1894.0,13.0,35.0,Nissan/Datsun,50.0,4.0,1.0,0.0,0.0,95.0,0.0,0.0,0.0,12.0,6.0,12.0,0.0,0.0,1.0,12.0,33805.0,1.0,6.0,3.0,Valid license for this class vehicle,3.0,64.0,999.0,0.0,0.0,0.0,0.0,No Record,0.0,0.0,0.0,3.0,3.0,6.0,45.0,1.0,1.0,8.0,1.0,0.0,1.0,17.0,99.0,1.0,1.0,998.0,12.0,1.0,1.0,0.0,202304871875.0,12.0,6.0,3.0,0.0,10.0,1.0,4.0,22.0,1.0,0.0,1.0,20.0,0.0,35.0,1.0,0.0
121898,1,0,99.0,0.0,1.0,3026.0,-99.0,12.0,31.0,12.0,63.0,4.0,21.0,1.0,1.0,4.0,3.0,0.0,8.0,0.0,0.0,250.0,7.0,12.0,2.0,12.0,1.0,0.0,3KPFK4A78HE1,2017.0,499.0,2462.0,13.0,63.0,KIA,38.0,4.0,1.0,0.0,0.0,30.0,0.0,0.0,0.0,4.0,6.0,12.0,0.0,1.0,1.0,12.0,32219.0,1.0,6.0,3.0,Valid license for this class vehicle,0.0,68.0,999.0,0.0,0.0,0.0,0.0,No Record,0.0,0.0,0.0,0.0,2.0,2.0,30.0,1.0,1.0,8.0,1.0,0.0,11.0,15.0,1.0,1.0,1.0,401.0,12.0,2.0,1.0,0.0,202304987195.0,12.0,6.0,3.0,0.0,1.0,1.0,4.0,53.0,2.0,0.0,1.0,20.0,0.0,63.0,1.0,2.0
121902,1,99,0.0,51.0,1.0,9999.0,-99.0,12.0,99.0,12.0,20.0,14.0,36.0,2.0,1.0,3.0,3.0,0.0,1.0,0.0,9.0,995.0,0.0,12.0,2.0,12.0,1.0,0.0,3GNKBCRS1MS5,2021.0,467.0,11502.0,7.0,20.0,Chevrolet,498.0,14.0,1.0,0.0,0.0,45.0,0.0,0.0,0.0,12.0,6.0,12.0,0.0,0.0,1.0,12.0,33406.0,1.0,6.0,3.0,Valid license for this class vehicle,0.0,63.0,999.0,0.0,0.0,0.0,0.0,No Record,0.0,0.0,0.0,0.0,2.0,2.0,30.0,1.0,1.0,8.0,2.0,0.0,1.0,54.0,99.0,1.0,1.0,303.0,12.0,0.0,1.0,0.0,202305200894.0,59.0,4.0,8.0,2.0,1.0,1.0,14.0,57.0,1.0,2.0,1.0,8.0,0.0,20.0,1.0,0.0
121913,1,99,0.0,58.0,1.0,9996.0,-99.0,12.0,111.0,46.0,41.0,4.0,29.0,1.0,1.0,4.0,20.0,7.0,1.0,0.0,9.0,0.0,7.0,12.0,1.0,46.0,1.0,0.0,1YVHZ8CH5A5M,2010.0,473.0,2078.0,13.0,41.0,Mazda,50.0,4.0,1.0,0.0,0.0,55.0,7.0,0.0,0.0,12.0,6.0,46.0,0.0,0.0,1.0,12.0,34994.0,1.0,1.0,2.0,No valid license for this class vehicle,0.0,70.0,999.0,0.0,0.0,0.0,6.0,June,2019.0,6.0,2023.0,0.0,2.0,3.0,45.0,1.0,1.0,8.0,1.0,3.0,1.0,13.0,99.0,1.0,4.0,101.0,12.0,1.0,1.0,0.0,202305232031.0,12.0,4.0,8.0,3.0,10.0,1.0,4.0,42.0,1.0,0.0,1.0,20.0,0.0,41.0,1.0,0.0