ST_CASE,VEH_NO_x,DRIMPAIR_x,DRDISTRACT,DRIVERRF,PER_NO_x,DRUGRES,DRUGACTQTY,STATE_x,COUNTY,HARM_EV_x,MAKE_x,BODY_TYP_x,AGE,SEX,PER_TYP_x,INJ_SEV,REST_USE,REST_MIS,AIR_BAG_x,EJECTION,DRINKING,ALC_RES,HISPANIC,STATE_y,VE_FORMS,HARM_EV_y,NUMOCCS,HIT_RUN,VIN,MOD_YEAR,VPICMAKE,VPICMODEL,VPICBODYCLASS,MAKE_y,MAKENAME,MODEL,BODY_TYP_y,HAZ_INV,HAZ_PLAC,HAZ_ID,TRAV_SP,UNDEROVERRIDE,ROLLOVER,ROLINLOC,IMPACT1,DEFORMED,M_HARM,FIRE_EXP,DR_DRINK,DR_PRES,L_STATE,DR_ZIP,L_TYPE,L_STATUS,L_COMPL,L_COMPLNAME,L_RESTRI,DR_HGT,DR_WGT,PREV_DWI,PREV_SPD,PREV_OTH,FIRST_MO,FIRST_MONAME,FIRST_YR,LAST_MO,LAST_YR,SPEEDREL,VTRAFWAY,VNUM_LAN,VSPD_LIM,VALIGN,VPROFILE,VPAVETYP,VSURCOND,VTRAFCON,P_CRASH1,P_CRASH2,P_CRASH3,PCRASH4,PCRASH5,ACC_CONFIG,STATE,RACE,ORDER,MULTRACE,CASENUM,HARM_EV,DAY_WEEK,MONTH,MAXSEV_IM,WEATHR_IM,PER_NO_y,BODY_TYP,AGE_IM,SEX_IM,INJSEV_IM,PER_TYP_y,AIR_BAG_y,EJECT_IM,MAKE,VEH_NO_y,DRIMPAIR_y
122168,1,0,96.0,38.0,1.0,9999.0,-99.0,12.0,113.0,12.0,49.0,6.0,71.0,2.0,1.0,4.0,3.0,0.0,8.0,0.0,9.0,995.0,7.0,12.0,3.0,12.0,2.0,0.0,JTDZN3EU2FJ0,2015.0,448.0,13822.0,15.0,49.0,Toyota,46.0,6.0,1.0,0.0,0.0,25.0,0.0,0.0,0.0,6.0,6.0,12.0,0.0,0.0,1.0,12.0,32578.0,1.0,6.0,3.0,Valid license for this class vehicle,0.0,68.0,999.0,0.0,0.0,0.0,0.0,No Record,0.0,0.0,0.0,0.0,2.0,2.0,70.0,1.0,1.0,8.0,1.0,0.0,1.0,10.0,1.0,1.0,2.0,201.0,12.0,1.0,1.0,0.0,202305320355.0,8.0,2.0,9.0,1.0,1.0,1.0,6.0,60.0,1.0,0.0,1.0,20.0,0.0,49.0,1.0,98.0
122175,1,10,92.0,6.0,1.0,0.0,-99.0,12.0,31.0,33.0,49.0,4.0,39.0,2.0,1.0,3.0,3.0,0.0,1.0,0.0,9.0,996.0,0.0,12.0,1.0,33.0,3.0,0.0,JTDBE32K4200,2002.0,448.0,2469.0,13.0,49.0,Toyota,40.0,4.0,1.0,0.0,0.0,85.0,7.0,0.0,0.0,12.0,6.0,42.0,0.0,0.0,1.0,12.0,32254.0,0.0,0.0,0.0,Not licensed,0.0,67.0,999.0,0.0,0.0,2.0,6.0,June,2019.0,9.0,2022.0,3.0,2.0,2.0,40.0,1.0,1.0,2.0,1.0,0.0,1.0,12.0,99.0,1.0,4.0,102.0,12.0,0.0,1.0,0.0,202305396847.0,12.0,3.0,10.0,2.0,1.0,1.0,4.0,68.0,2.0,0.0,1.0,20.0,0.0,49.0,1.0,0.0
122178,1,0,99.0,38.0,1.0,1.0,-99.0,12.0,95.0,12.0,49.0,4.0,28.0,2.0,1.0,2.0,3.0,0.0,20.0,0.0,0.0,0.0,0.0,12.0,2.0,12.0,4.0,0.0,4T1BK46K67U5,2007.0,448.0,2469.0,13.0,49.0,Toyota,40.0,4.0,1.0,0.0,0.0,20.0,7.0,0.0,0.0,3.0,6.0,12.0,0.0,0.0,1.0,12.0,32810.0,0.0,0.0,0.0,Not licensed,0.0,999.0,999.0,0.0,0.0,0.0,0.0,No Record,0.0,0.0,0.0,0.0,2.0,2.0,45.0,1.0,1.0,8.0,1.0,0.0,11.0,15.0,99.0,1.0,1.0,401.0,12.0,0.0,1.0,0.0,202305127212.0,12.0,4.0,5.0,0.0,1.0,1.0,4.0,19.0,2.0,0.0,1.0,20.0,0.0,49.0,1.0,0.0
122183,1,99,99.0,36.0,1.0,9999.0,-99.0,12.0,86.0,42.0,49.0,4.0,26.0,1.0,1.0,4.0,3.0,0.0,1.0,2.0,9.0,995.0,7.0,12.0,1.0,42.0,1.0,0.0,4T1BF1FK6GU5,2016.0,448.0,2469.0,13.0,49.0,Toyota,40.0,4.0,1.0,0.0,0.0,50.0,7.0,0.0,0.0,9.0,6.0,42.0,0.0,0.0,1.0,12.0,33127.0,1.0,6.0,3.0,Valid license for this class vehicle,0.0,69.0,999.0,0.0,0.0,0.0,0.0,No Record,0.0,0.0,0.0,4.0,1.0,2.0,30.0,1.0,1.0,8.0,2.0,0.0,1.0,13.0,99.0,1.0,4.0,101.0,12.0,2.0,1.0,0.0,202305211794.0,12.0,3.0,8.0,0.0,1.0,1.0,4.0,19.0,2.0,0.0,1.0,20.0,0.0,49.0,1.0,0.0
122186,1,0,0.0,39.0,1.0,9999.0,-99.0,12.0,86.0,12.0,49.0,14.0,32.0,1.0,1.0,4.0,3.0,0.0,1.0,0.0,0.0,995.0,3.0,12.0,2.0,12.0,1.0,0.0,JTMZF4DV9AD0,2010.0,448.0,2217.0,7.0,49.0,Toyota,402.0,14.0,1.0,0.0,0.0,30.0,0.0,0.0,0.0,4.0,6.0,12.0,0.0,0.0,1.0,12.0,33013.0,1.0,6.0,3.0,Valid license for this class vehicle,0.0,68.0,999.0,0.0,0.0,0.0,8.0,August,2018.0,8.0,2018.0,0.0,1.0,5.0,30.0,1.0,1.0,8.0,1.0,20.0,1.0,17.0,1.0,1.0,1.0,502.0,12.0,1.0,1.0,0.0,202304925315.0,12.0,3.0,5.0,0.0,10.0,1.0,14.0,43.0,1.0,0.0,1.0,20.0,0.0,49.0,2.0,98.0
122186,2,0,0.0,0.0,1.0,0.0,-99.0,12.0,86.0,12.0,35.0,3.0,20.0,1.0,1.0,0.0,3.0,0.0,20.0,0.0,0.0,996.0,0.0,12.0,2.0,12.0,1.0,0.0,JN1AZ34D35M6,2005.0,478.0,2303.0,3.0,35.0,Nissan/Datsun,48.0,3.0,1.0,0.0,0.0,30.0,0.0,0.0,0.0,12.0,6.0,12.0,0.0,0.0,1.0,12.0,33967.0,1.0,6.0,3.0,Valid license for this class vehicle,0.0,72.0,999.0,0.0,0.0,0.0,4.0,April,2022.0,4.0,2022.0,0.0,1.0,5.0,30.0,1.0,1.0,8.0,1.0,0.0,1.0,66.0,1.0,1.0,1.0,501.0,12.0,0.0,1.0,0.0,202304775747.0,30.0,3.0,2.0,3.0,10.0,1.0,3.0,17.0,1.0,3.0,1.0,1.0,0.0,35.0,1.0,0.0
122187,1,0,99.0,6.0,1.0,9997.0,-99.0,12.0,11.0,12.0,35.0,6.0,36.0,1.0,1.0,0.0,20.0,7.0,1.0,0.0,0.0,997.0,0.0,12.0,2.0,12.0,1.0,0.0,JN8AS5MT6DW0,2013.0,478.0,1913.0,8.0,35.0,Nissan/Datsun,51.0,6.0,1.0,0.0,0.0,70.0,7.0,0.0,0.0,12.0,6.0,12.0,0.0,0.0,1.0,12.0,33193.0,1.0,6.0,3.0,Valid license for this class vehicle,0.0,72.0,999.0,0.0,0.0,0.0,12.0,December,2019.0,6.0,2023.0,0.0,2.0,3.0,60.0,1.0,1.0,8.0,1.0,0.0,1.0,51.0,99.0,1.0,1.0,202.0,12.0,0.0,1.0,0.0,202305359556.0,12.0,1.0,10.0,4.0,10.0,1.0,6.0,46.0,1.0,4.0,1.0,8.0,0.0,35.0,2.0,9.0
122190,2,0,0.0,0.0,1.0,9999.0,-99.0,12.0,11.0,12.0,55.0,4.0,67.0,1.0,1.0,4.0,3.0,0.0,8.0,0.0,0.0,995.0,7.0,12.0,2.0,12.0,1.0,0.0,5NPD84LF8LH5,2020.0,498.0,2735.0,13.0,55.0,Hyundai,35.0,4.0,1.0,0.0,0.0,20.0,0.0,0.0,0.0,12.0,6.0,12.0,0.0,0.0,1.0,12.0,33313.0,1.0,6.0,3.0,Valid license for this class vehicle,3.0,71.0,999.0,0.0,0.0,0.0,1.0,January,2020.0,10.0,2020.0,0.0,2.0,4.0,45.0,1.0,1.0,8.0,1.0,0.0,11.0,63.0,99.0,1.0,1.0,401.0,12.0,2.0,1.0,0.0,202304821196.0,12.0,6.0,2.0,1.0,1.0,1.0,4.0,50.0,2.0,0.0,1.0,20.0,0.0,55.0,2.0,0.0
122199,1,99,99.0,0.0,1.0,9999.0,-99.0,12.0,53.0,42.0,49.0,4.0,39.0,1.0,1.0,4.0,20.0,7.0,8.0,0.0,9.0,995.0,3.0,12.0,1.0,42.0,3.0,0.0,4T1B11HK5KU7,2019.0,448.0,2469.0,13.0,49.0,Toyota,40.0,4.0,1.0,0.0,0.0,55.0,7.0,0.0,0.0,6.0,6.0,30.0,0.0,0.0,1.0,12.0,33619.0,1.0,6.0,3.0,Valid license for this class vehicle,0.0,68.0,999.0,0.0,0.0,0.0,0.0,No Record,0.0,0.0,0.0,0.0,2.0,2.0,55.0,3.0,1.0,8.0,2.0,0.0,14.0,13.0,99.0,1.0,4.0,101.0,12.0,1.0,1.0,0.0,202304919215.0,12.0,2.0,1.0,1.0,2.0,1.0,4.0,58.0,1.0,1.0,1.0,9.0,0.0,49.0,1.0,98.0
122204,1,0,99.0,6.0,1.0,9995.0,-99.0,12.0,31.0,42.0,2.0,14.0,19.0,1.0,1.0,3.0,20.0,7.0,1.0,0.0,8.0,995.0,0.0,12.0,1.0,42.0,3.0,0.0,1J4GR48KX5C5,2005.0,483.0,1949.0,7.0,2.0,Jeep / Kaiser-Jeep / Willys- Jeep,404.0,14.0,1.0,0.0,0.0,90.0,7.0,3.0,5.0,12.0,6.0,1.0,0.0,0.0,1.0,12.0,32254.0,1.0,6.0,3.0,Valid license for this class vehicle,0.0,68.0,999.0,0.0,1.0,0.0,3.0,March,2021.0,3.0,2021.0,0.0,6.0,1.0,45.0,1.0,6.0,8.0,1.0,0.0,1.0,13.0,99.0,1.0,4.0,101.0,12.0,0.0,1.0,0.0,202304979672.0,12.0,5.0,5.0,0.0,1.0,1.0,14.0,49.0,1.0,0.0,1.0,20.0,0.0,2.0,2.0,0.0
122205,1,0,99.0,38.0,1.0,9999.0,-99.0,12.0,117.0,12.0,49.0,14.0,86.0,1.0,1.0,4.0,3.0,0.0,1.0,0.0,0.0,995.0,7.0,12.0,2.0,12.0,2.0,0.0,2T3ZF4DV8CW1,2012.0,448.0,2217.0,7.0,49.0,Toyota,402.0,14.0,1.0,0.0,0.0,20.0,0.0,0.0,0.0,1.0,6.0,12.0,0.0,0.0,1.0,12.0,32798.0,1.0,6.0,3.0,Valid license for this class vehicle,3.0,70.0,999.0,0.0,0.0,0.0,0.0,No Record,0.0,0.0,0.0,0.0,2.0,3.0,45.0,1.0,1.0,8.0,1.0,0.0,12.0,21.0,99.0,1.0,1.0,998.0,12.0,1.0,1.0,0.0,202305092885.0,12.0,2.0,7.0,0.0,1.0,1.0,14.0,38.0,1.0,0.0,1.0,20.0,0.0,49.0,1.0,0.0
122208,1,99,99.0,0.0,1.0,9999.0,-99.0,12.0,11.0,12.0,76.0,80.0,31.0,1.0,1.0,4.0,20.0,7.0,20.0,8.0,9.0,995.0,7.0,12.0,2.0,12.0,1.0,0.0,JYARJ16E1CA0,2012.0,564.0,3211.0,80.0,76.0,Yamaha,705.0,80.0,1.0,0.0,0.0,90.0,7.0,8.0,8.0,12.0,6.0,12.0,1.0,0.0,1.0,12.0,33328.0,1.0,6.0,2.0,No valid license for this class vehicle,0.0,74.0,999.0,0.0,0.0,0.0,10.0,October,2019.0,10.0,2019.0,3.0,2.0,4.0,40.0,1.0,1.0,8.0,1.0,3.0,1.0,17.0,99.0,1.0,1.0,501.0,12.0,2.0,1.0,0.0,202304955442.0,12.0,1.0,5.0,2.0,1.0,1.0,80.0,28.0,1.0,2.0,1.0,20.0,8.0,76.0,1.0,0.0
122221,1,0,0.0,58.0,1.0,0.0,-99.0,12.0,57.0,12.0,53.0,80.0,35.0,1.0,1.0,0.0,20.0,7.0,20.0,8.0,0.0,996.0,0.0,12.0,2.0,12.0,2.0,0.0,JS1GN77A4T21,1996.0,509.0,10269.0,98.0,53.0,Suzuki,705.0,80.0,1.0,0.0,0.0,70.0,7.0,8.0,8.0,3.0,2.0,12.0,0.0,0.0,1.0,12.0,33705.0,1.0,6.0,3.0,Valid license for this class vehicle,0.0,67.0,999.0,0.0,0.0,1.0,3.0,March,2019.0,8.0,2023.0,0.0,3.0,4.0,60.0,3.0,1.0,8.0,1.0,0.0,14.0,11.0,99.0,1.0,2.0,207.0,12.0,0.0,1.0,0.0,202305390356.0,12.0,3.0,9.0,4.0,1.0,1.0,80.0,35.0,1.0,0.0,1.0,20.0,8.0,53.0,1.0,0.0
122222,2,0,0.0,0.0,1.0,0.0,-99.0,12.0,119.0,12.0,55.0,4.0,69.0,1.0,1.0,0.0,3.0,0.0,20.0,0.0,0.0,996.0,0.0,12.0,2.0,12.0,2.0,0.0,5NPE34AF2JH6,2018.0,498.0,2459.0,13.0,55.0,Hyundai,33.0,4.0,1.0,0.0,0.0,30.0,0.0,0.0,0.0,10.0,4.0,12.0,0.0,0.0,1.0,12.0,32159.0,1.0,6.0,3.0,Valid license for this class vehicle,3.0,71.0,999.0,0.0,0.0,0.0,0.0,No Record,0.0,0.0,0.0,0.0,1.0,2.0,30.0,3.0,1.0,8.0,1.0,0.0,14.0,17.0,7.0,1.0,1.0,402.0,12.0,0.0,1.0,0.0,202305459966.0,12.0,4.0,10.0,0.0,1.0,1.0,4.0,22.0,1.0,0.0,1.0,20.0,0.0,55.0,1.0,0.0
122228,1,0,99.0,28.0,1.0,9999.0,-99.0,12.0,93.0,12.0,49.0,34.0,17.0,2.0,1.0,4.0,20.0,7.0,1.0,0.0,0.0,995.0,1.0,12.0,2.0,12.0,2.0,0.0,5TENX22N36Z2,2006.0,448.0,2223.0,60.0,49.0,Toyota,472.0,34.0,1.0,0.0,0.0,60.0,0.0,0.0,0.0,3.0,6.0,12.0,0.0,0.0,1.0,12.0,34972.0,1.0,6.0,3.0,Valid license for this class vehicle,3.0,69.0,999.0,0.0,0.0,0.0,0.0,No Record,0.0,0.0,0.0,0.0,1.0,2.0,60.0,1.0,1.0,8.0,1.0,0.0,1.0,10.0,99.0,1.0,2.0,301.0,12.0,1.0,1.0,0.0,202305490638.0,12.0,2.0,10.0,0.0,1.0,1.0,34.0,53.0,1.0,0.0,1.0,20.0,0.0,49.0,1.0,0.0
122233,2,0,0.0,0.0,1.0,0.0,-99.0,12.0,57.0,12.0,49.0,4.0,21.0,2.0,1.0,1.0,3.0,0.0,20.0,0.0,0.0,996.0,0.0,12.0,3.0,12.0,1.0,0.0,4T1G11AK2LU5,2020.0,448.0,2469.0,13.0,49.0,Toyota,40.0,4.0,1.0,0.0,0.0,50.0,0.0,0.0,0.0,11.0,4.0,12.0,0.0,0.0,1.0,12.0,33579.0,1.0,6.0,3.0,Valid license for this class vehicle,3.0,67.0,999.0,0.0,0.0,0.0,0.0,No Record,0.0,0.0,0.0,0.0,2.0,3.0,50.0,1.0,1.0,8.0,1.0,0.0,1.0,60.0,99.0,1.0,1.0,208.0,12.0,0.0,1.0,0.0,202305328977.0,18.0,4.0,10.0,0.0,1.0,1.0,4.0,56.0,1.0,0.0,1.0,9.0,0.0,49.0,1.0,98.0
122233,3,0,0.0,0.0,1.0,0.0,-99.0,12.0,57.0,12.0,20.0,14.0,41.0,2.0,1.0,0.0,3.0,0.0,20.0,0.0,0.0,996.0,0.0,12.0,3.0,12.0,1.0,0.0,KL7CJLSB3KB9,2019.0,467.0,10988.0,7.0,20.0,Chevrolet,406.0,14.0,1.0,0.0,0.0,50.0,0.0,0.0,0.0,6.0,4.0,12.0,0.0,0.0,1.0,12.0,33578.0,1.0,6.0,3.0,Valid license for this class vehicle,0.0,62.0,999.0,0.0,0.0,0.0,0.0,No Record,0.0,0.0,0.0,0.0,2.0,3.0,50.0,1.0,1.0,8.0,1.0,0.0,1.0,60.0,99.0,1.0,1.0,998.0,12.0,0.0,1.0,0.0,202305401998.0,11.0,4.0,10.0,0.0,1.0,1.0,14.0,55.0,1.0,0.0,1.0,20.0,0.0,20.0,1.0,0.0
122234,1,0,0.0,0.0,1.0,9999.0,-99.0,12.0,86.0,12.0,72.0,80.0,57.0,1.0,1.0,4.0,20.0,7.0,20.0,8.0,0.0,999.0,7.0,12.0,2.0,12.0,1.0,0.0,1HD1KTP18NB6,2022.0,3888.0,12631.0,81.0,72.0,Harley-Davidson,706.0,80.0,1.0,0.0,0.0,65.0,7.0,8.0,8.0,82.0,6.0,12.0,0.0,0.0,1.0,21.0,40014.0,1.0,6.0,3.0,Valid license for this class vehicle,0.0,70.0,175.0,0.0,0.0,0.0,0.0,No Record,0.0,0.0,0.0,0.0,6.0,2.0,60.0,1.0,1.0,8.0,1.0,0.0,15.0,11.0,99.0,1.0,2.0,207.0,12.0,1.0,1.0,0.0,202305402531.0,12.0,1.0,8.0,4.0,10.0,1.0,80.0,57.0,1.0,4.0,1.0,20.0,8.0,72.0,1.0,0.0
122234,2,0,0.0,0.0,1.0,0.0,-99.0,12.0,86.0,12.0,30.0,4.0,27.0,2.0,1.0,0.0,3.0,0.0,20.0,0.0,0.0,996.0,0.0,12.0,2.0,12.0,1.0,0.0,3VW2B7AJ6HM4,2017.0,482.0,3137.0,13.0,30.0,Volkswagen,40.0,4.0,1.0,0.0,0.0,55.0,7.0,0.0,0.0,63.0,6.0,12.0,0.0,0.0,1.0,12.0,33186.0,1.0,6.0,3.0,Valid license for this class vehicle,0.0,65.0,999.0,0.0,0.0,0.0,0.0,No Record,0.0,0.0,0.0,0.0,6.0,2.0,60.0,1.0,1.0,8.0,1.0,0.0,1.0,60.0,99.0,1.0,1.0,208.0,12.0,0.0,1.0,0.0,202305402531.0,12.0,1.0,8.0,4.0,10.0,1.0,4.0,27.0,2.0,0.0,1.0,20.0,0.0,30.0,2.0,0.0
122242,1,99,0.0,38.0,1.0,9999.0,-99.0,12.0,69.0,12.0,99.0,95.0,74.0,1.0,1.0,4.0,20.0,7.0,20.0,1.0,9.0,995.0,99.0,12.0,2.0,12.0,2.0,0.0,0,2017.0,10005.0,25858.0,124.0,99.0,Unknown Make,998.0,95.0,1.0,0.0,0.0,20.0,0.0,0.0,0.0,10.0,2.0,12.0,0.0,0.0,1.0,12.0,32163.0,1.0,6.0,1.0,No license required for this class vehicle,0.0,72.0,999.0,0.0,0.0,0.0,0.0,No Record,0.0,0.0,0.0,0.0,1.0,2.0,30.0,1.0,1.0,8.0,1.0,0.0,11.0,15.0,1.0,1.0,7.0,405.0,12.0,99.0,1.0,0.0,202304636966.0,43.0,1.0,1.0,2.0,1.0,1.0,83.0,49.0,1.0,2.0,1.0,20.0,8.0,73.0,1.0,98.0
122249,1,99,99.0,28.0,1.0,9999.0,-99.0,12.0,73.0,30.0,12.0,2.0,34.0,1.0,1.0,4.0,20.0,7.0,8.0,2.0,1.0,995.0,7.0,12.0,1.0,30.0,1.0,0.0,1FA6P8AM9H52,2017.0,460.0,1781.0,3.0,12.0,Ford,3.0,2.0,1.0,0.0,0.0,90.0,7.0,0.0,0.0,11.0,6.0,30.0,0.0,1.0,1.0,12.0,32310.0,1.0,6.0,3.0,Valid license for this class vehicle,0.0,72.0,999.0,0.0,0.0,1.0,5.0,May,2021.0,2.0,2023.0,3.0,2.0,2.0,45.0,1.0,1.0,8.0,1.0,0.0,1.0,12.0,99.0,1.0,4.0,102.0,12.0,2.0,1.0,0.0,202304875549.0,12.0,3.0,3.0,0.0,1.0,1.0,2.0,28.0,1.0,0.0,1.0,20.0,0.0,12.0,1.0,2.0
122258,1,0,0.0,38.0,1.0,9995.0,-99.0,12.0,21.0,12.0,12.0,21.0,25.0,1.0,1.0,0.0,3.0,0.0,20.0,0.0,0.0,995.0,0.0,12.0,2.0,12.0,2.0,0.0,1FBAX2CM8KKA,2019.0,460.0,3608.0,9.0,12.0,Ford,462.0,21.0,1.0,0.0,0.0,20.0,7.0,0.0,0.0,1.0,4.0,12.0,0.0,0.0,1.0,12.0,33990.0,1.0,6.0,3.0,Valid license for this class vehicle,3.0,67.0,999.0,0.0,1.0,1.0,4.0,April,2019.0,3.0,2023.0,0.0,2.0,4.0,45.0,1.0,1.0,8.0,2.0,3.0,11.0,15.0,99.0,1.0,1.0,401.0,12.0,0.0,1.0,0.0,202305020261.0,12.0,5.0,4.0,2.0,10.0,1.0,21.0,39.0,2.0,2.0,1.0,20.0,0.0,12.0,1.0,0.0
122261,1,99,99.0,0.0,1.0,9999.0,-99.0,12.0,9.0,12.0,35.0,4.0,23.0,2.0,1.0,4.0,20.0,7.0,8.0,1.0,9.0,995.0,7.0,12.0,3.0,12.0,1.0,0.0,1N4AL3AP3HC1,2017.0,478.0,1904.0,13.0,35.0,Nissan/Datsun,47.0,4.0,1.0,0.0,0.0,70.0,0.0,3.0,1.0,1.0,6.0,1.0,0.0,0.0,1.0,37.0,27576.0,1.0,6.0,3.0,Valid license for this class vehicle,0.0,66.0,999.0,0.0,0.0,0.0,0.0,No Record,0.0,0.0,0.0,0.0,2.0,3.0,70.0,1.0,1.0,8.0,1.0,0.0,1.0,11.0,99.0,1.0,2.0,207.0,12.0,2.0,1.0,0.0,202304773230.0,12.0,6.0,2.0,0.0,2.0,1.0,4.0,35.0,2.0,0.0,1.0,20.0,0.0,35.0,1.0,0.0
122264,1,0,93.0,26.0,1.0,9999.0,-99.0,12.0,71.0,12.0,52.0,4.0,81.0,1.0,1.0,4.0,3.0,0.0,1.0,0.0,0.0,995.0,7.0,12.0,3.0,12.0,1.0,0.0,ML32F3FJXHHF,2017.0,481.0,13842.0,13.0,52.0,Mitsubishi,48.0,4.0,1.0,0.0,0.0,55.0,0.0,0.0,0.0,12.0,6.0,12.0,0.0,0.0,1.0,12.0,33914.0,1.0,6.0,3.0,Valid license for this class vehicle,0.0,71.0,999.0,0.0,0.0,0.0,0.0,No Record,0.0,0.0,0.0,0.0,3.0,2.0,50.0,1.0,1.0,8.0,1.0,0.0,1.0,52.0,99.0,1.0,1.0,998.0,12.0,1.0,1.0,0.0,202304991635.0,8.0,5.0,6.0,2.0,1.0,1.0,4.0,37.0,1.0,0.0,1.0,20.0,0.0,52.0,1.0,0.0
122267,1,0,0.0,36.0,1.0,9995.0,-99.0,12.0,31.0,12.0,63.0,4.0,30.0,2.0,1.0,2.0,3.0,0.0,8.0,0.0,0.0,996.0,0.0,12.0,2.0,12.0,1.0,0.0,5XXGN4A75FG4,2015.0,499.0,2739.0,13.0,63.0,KIA,34.0,4.0,1.0,0.0,0.0,70.0,0.0,0.0,0.0,12.0,6.0,12.0,0.0,0.0,1.0,12.0,32207.0,0.0,0.0,0.0,Not licensed,0.0,65.0,999.0,0.0,0.0,1.0,9.0,September,2022.0,9.0,2022.0,0.0,2.0,4.0,45.0,1.0,1.0,8.0,1.0,0.0,1.0,17.0,99.0,1.0,1.0,402.0,12.0,0.0,1.0,0.0,202304805699.0,12.0,4.0,3.0,0.0,1.0,1.0,4.0,20.0,2.0,0.0,1.0,20.0,0.0,63.0,2.0,0.0
122269,2,0,0.0,0.0,1.0,9999.0,-99.0,12.0,57.0,12.0,35.0,4.0,54.0,2.0,1.0,4.0,3.0,0.0,20.0,0.0,0.0,995.0,2.0,12.0,3.0,12.0,1.0,0.0,1N4AL21E37C2,2007.0,478.0,1904.0,13.0,35.0,Nissan/Datsun,47.0,4.0,1.0,0.0,0.0,5.0,0.0,0.0,0.0,6.0,6.0,12.0,0.0,0.0,1.0,12.0,33579.0,1.0,6.0,3.0,Valid license for this class vehicle,0.0,64.0,999.0,0.0,0.0,0.0,0.0,No Record,0.0,0.0,0.0,0.0,3.0,3.0,70.0,1.0,1.0,8.0,1.0,0.0,2.0,53.0,99.0,1.0,1.0,201.0,12.0,1.0,1.0,0.0,202304832611.0,34.0,4.0,3.0,0.0,1.0,1.0,4.0,16.0,1.0,0.0,1.0,20.0,0.0,35.0,1.0,0.0
122271,1,0,93.0,38.0,1.0,9999.0,-99.0,12.0,57.0,12.0,37.0,4.0,80.0,1.0,1.0,4.0,3.0,0.0,2.0,0.0,0.0,995.0,7.0,12.0,2.0,12.0,3.0,0.0,2HGFC2F51JH5,2018.0,474.0,1863.0,13.0,37.0,Honda,31.0,4.0,1.0,0.0,0.0,10.0,0.0,0.0,0.0,9.0,6.0,12.0,0.0,0.0,1.0,12.0,33572.0,1.0,6.0,3.0,Valid license for this class vehicle,3.0,68.0,999.0,0.0,0.0,0.0,0.0,No Record,0.0,0.0,0.0,0.0,1.0,2.0,25.0,1.0,1.0,8.0,1.0,20.0,11.0,15.0,99.0,1.0,1.0,414.0,12.0,7.0,1.0,0.0,202305184581.0,12.0,7.0,6.0,0.0,1.0,1.0,4.0,61.0,2.0,0.0,1.0,20.0,0.0,37.0,1.0,98.0
122275,1,0,0.0,38.0,1.0,9999.0,-99.0,12.0,111.0,12.0,72.0,80.0,77.0,1.0,1.0,4.0,20.0,7.0,20.0,8.0,0.0,995.0,7.0,12.0,2.0,12.0,1.0,0.0,1HD4NBB11FC5,2015.0,3888.0,8544.0,94.0,72.0,Harley-Davidson,705.0,80.0,1.0,0.0,0.0,25.0,7.0,8.0,8.0,4.0,6.0,12.0,0.0,0.0,1.0,12.0,34982.0,1.0,6.0,3.0,Valid license for this class vehicle,3.0,71.0,999.0,0.0,0.0,0.0,0.0,No Record,0.0,0.0,0.0,0.0,2.0,5.0,45.0,1.0,1.0,8.0,1.0,3.0,11.0,15.0,99.0,1.0,1.0,401.0,12.0,1.0,1.0,0.0,202305192732.0,1.0,4.0,6.0,2.0,1.0,1.0,80.0,64.0,1.0,2.0,1.0,20.0,8.0,72.0,1.0,98.0
122285,2,99,99.0,0.0,1.0,9999.0,-99.0,12.0,1.0,12.0,12.0,2.0,42.0,2.0,1.0,4.0,3.0,0.0,8.0,0.0,0.0,995.0,5.0,12.0,2.0,12.0,1.0,0.0,1FA6P8TH6G52,2016.0,460.0,1781.0,3.0,12.0,Ford,3.0,2.0,1.0,0.0,0.0,60.0,0.0,0.0,0.0,12.0,6.0,12.0,0.0,0.0,1.0,12.0,32666.0,1.0,6.0,3.0,Valid license for this class vehicle,3.0,71.0,999.0,0.0,1.0,0.0,7.0,July,2022.0,7.0,2022.0,0.0,1.0,2.0,60.0,2.0,1.0,8.0,1.0,0.0,14.0,62.0,99.0,1.0,1.0,302.0,12.0,1.0,1.0,0.0,202304881346.0,9.0,5.0,4.0,2.0,1.0,1.0,2.0,17.0,1.0,0.0,1.0,20.0,0.0,12.0,1.0,0.0
122294,1,98,93.0,6.0,1.0,9999.0,-99.0,12.0,71.0,32.0,72.0,80.0,40.0,1.0,1.0,4.0,20.0,7.0,20.0,8.0,9.0,995.0,99.0,12.0,1.0,32.0,1.0,0.0,1HD1FF4177Y6,2007.0,3888.0,11137.0,81.0,72.0,Harley-Davidson,706.0,80.0,1.0,0.0,0.0,50.0,7.0,8.0,8.0,98.0,6.0,14.0,0.0,0.0,1.0,12.0,33993.0,1.0,6.0,2.0,No valid license for this class vehicle,0.0,73.0,999.0,0.0,0.0,0.0,0.0,No Record,0.0,0.0,0.0,5.0,1.0,2.0,35.0,1.0,1.0,8.0,1.0,0.0,1.0,13.0,99.0,1.0,4.0,101.0,12.0,99.0,1.0,0.0,202305163864.0,34.0,5.0,8.0,2.0,1.0,1.0,80.0,19.0,1.0,2.0,1.0,20.0,8.0,72.0,1.0,0.0