ST_CASE,VEH_NO_x,DRIMPAIR_x,DRDISTRACT,DRIVERRF,PER_NO_x,DRUGRES,DRUGACTQTY,STATE_x,COUNTY,HARM_EV_x,MAKE_x,BODY_TYP_x,AGE,SEX,PER_TYP_x,INJ_SEV,REST_USE,REST_MIS,AIR_BAG_x,EJECTION,DRINKING,ALC_RES,HISPANIC,STATE_y,VE_FORMS,HARM_EV_y,NUMOCCS,HIT_RUN,VIN,MOD_YEAR,VPICMAKE,VPICMODEL,VPICBODYCLASS,MAKE_y,MAKENAME,MODEL,BODY_TYP_y,HAZ_INV,HAZ_PLAC,HAZ_ID,TRAV_SP,UNDEROVERRIDE,ROLLOVER,ROLINLOC,IMPACT1,DEFORMED,M_HARM,FIRE_EXP,DR_DRINK,DR_PRES,L_STATE,DR_ZIP,L_TYPE,L_STATUS,L_COMPL,L_COMPLNAME,L_RESTRI,DR_HGT,DR_WGT,PREV_DWI,PREV_SPD,PREV_OTH,FIRST_MO,FIRST_MONAME,FIRST_YR,LAST_MO,LAST_YR,SPEEDREL,VTRAFWAY,VNUM_LAN,VSPD_LIM,VALIGN,VPROFILE,VPAVETYP,VSURCOND,VTRAFCON,P_CRASH1,P_CRASH2,P_CRASH3,PCRASH4,PCRASH5,ACC_CONFIG,STATE,RACE,ORDER,MULTRACE,CASENUM,HARM_EV,DAY_WEEK,MONTH,MAXSEV_IM,WEATHR_IM,PER_NO_y,BODY_TYP,AGE_IM,SEX_IM,INJSEV_IM,PER_TYP_y,AIR_BAG_y,EJECT_IM,MAKE,VEH_NO_y,DRIMPAIR_y
122315,1,0,0.0,0.0,1.0,9995.0,-99.0,12.0,9.0,12.0,82.0,50.0,60.0,2.0,1.0,1.0,3.0,0.0,20.0,0.0,0.0,995.0,0.0,12.0,2.0,12.0,1.0,0.0,4UZABRDT8FCG,2015.0,450.0,1989.0,71.0,82.0,Freightliner,981.0,50.0,1.0,0.0,0.0,20.0,7.0,0.0,0.0,5.0,6.0,12.0,0.0,0.0,1.0,12.0,32935.0,1.0,6.0,3.0,Valid license for this class vehicle,3.0,65.0,999.0,0.0,0.0,0.0,0.0,No Record,0.0,0.0,0.0,0.0,2.0,2.0,45.0,1.0,1.0,8.0,1.0,3.0,11.0,15.0,99.0,1.0,1.0,401.0,12.0,0.0,1.0,0.0,202304792949.0,49.0,3.0,3.0,3.0,1.0,1.0,50.0,58.0,1.0,0.0,1.0,20.0,0.0,82.0,1.0,0.0
122318,1,0,99.0,6.0,1.0,9999.0,-99.0,12.0,86.0,42.0,35.0,4.0,31.0,2.0,1.0,4.0,20.0,7.0,8.0,0.0,0.0,995.0,6.0,12.0,1.0,42.0,1.0,0.0,1N4AL3AP5GN3,2016.0,478.0,1904.0,13.0,35.0,Nissan/Datsun,47.0,4.0,1.0,0.0,0.0,35.0,7.0,0.0,0.0,12.0,6.0,42.0,0.0,0.0,1.0,12.0,33032.0,1.0,6.0,3.0,Valid license for this class vehicle,0.0,60.0,999.0,0.0,0.0,0.0,0.0,No Record,0.0,0.0,0.0,0.0,1.0,2.0,35.0,1.0,1.0,8.0,2.0,0.0,99.0,13.0,99.0,1.0,4.0,101.0,12.0,1.0,1.0,0.0,202305089994.0,12.0,4.0,5.0,3.0,1.0,1.0,4.0,36.0,2.0,2.0,1.0,2.0,0.0,35.0,2.0,0.0
122321,1,0,0.0,48.0,1.0,0.0,-99.0,12.0,21.0,12.0,49.0,4.0,60.0,1.0,1.0,0.0,3.0,0.0,20.0,0.0,0.0,996.0,0.0,12.0,2.0,12.0,1.0,0.0,2T1BURHEXKC2,2019.0,448.0,2208.0,13.0,49.0,Toyota,32.0,4.0,1.0,0.0,0.0,15.0,7.0,0.0,0.0,7.0,6.0,12.0,0.0,0.0,1.0,12.0,34109.0,1.0,6.0,3.0,Valid license for this class vehicle,0.0,65.0,999.0,0.0,0.0,0.0,0.0,No Record,0.0,0.0,0.0,0.0,4.0,1.0,15.0,1.0,1.0,8.0,1.0,0.0,10.0,16.0,1.0,1.0,1.0,410.0,12.0,0.0,1.0,0.0,202305061479.0,12.0,2.0,6.0,1.0,1.0,1.0,4.0,50.0,2.0,0.0,1.0,20.0,0.0,49.0,1.0,0.0
122324,1,99,0.0,0.0,1.0,3033.0,-99.0,12.0,71.0,33.0,49.0,34.0,43.0,1.0,1.0,4.0,3.0,0.0,1.0,0.0,1.0,21.0,3.0,12.0,1.0,33.0,1.0,0.0,5TBJN321X4S4,2004.0,448.0,2467.0,60.0,49.0,Toyota,482.0,34.0,1.0,0.0,0.0,60.0,7.0,0.0,0.0,12.0,6.0,46.0,0.0,1.0,1.0,12.0,33936.0,1.0,6.0,3.0,Valid license for this class vehicle,0.0,67.0,999.0,0.0,0.0,0.0,0.0,No Record,0.0,0.0,0.0,0.0,2.0,3.0,55.0,1.0,1.0,2.0,2.0,3.0,1.0,13.0,99.0,1.0,4.0,101.0,12.0,1.0,1.0,0.0,202305445126.0,33.0,3.0,9.0,4.0,10.0,1.0,34.0,43.0,1.0,4.0,1.0,1.0,0.0,49.0,1.0,99.0
122328,1,0,93.0,6.0,1.0,1.0,-99.0,12.0,73.0,12.0,85.0,66.0,58.0,1.0,1.0,0.0,3.0,0.0,20.0,0.0,0.0,0.0,0.0,12.0,2.0,12.0,1.0,0.0,1XKYD49X1HJ1,2017.0,532.0,2733.0,66.0,85.0,Kenworth,881.0,66.0,1.0,0.0,0.0,70.0,0.0,0.0,0.0,12.0,6.0,12.0,0.0,0.0,1.0,12.0,33157.0,1.0,6.0,3.0,Valid license for this class vehicle,0.0,74.0,999.0,0.0,0.0,0.0,0.0,No Record,0.0,0.0,0.0,0.0,3.0,2.0,70.0,1.0,6.0,8.0,1.0,0.0,1.0,51.0,99.0,1.0,1.0,202.0,12.0,0.0,1.0,0.0,202305370961.0,12.0,4.0,11.0,0.0,1.0,1.0,66.0,35.0,1.0,0.0,1.0,20.0,0.0,85.0,2.0,0.0
122340,2,0,0.0,0.0,1.0,0.0,-99.0,12.0,86.0,12.0,2.0,15.0,56.0,1.0,1.0,0.0,3.0,0.0,20.0,0.0,0.0,996.0,0.0,12.0,2.0,12.0,1.0,0.0,1C4RJEAG6JC4,2018.0,483.0,1949.0,7.0,2.0,Jeep / Kaiser-Jeep / Willys- Jeep,422.0,15.0,1.0,0.0,0.0,45.0,0.0,0.0,0.0,62.0,6.0,24.0,0.0,0.0,1.0,12.0,33716.0,1.0,6.0,3.0,Valid license for this class vehicle,0.0,70.0,999.0,0.0,0.0,0.0,0.0,No Record,0.0,0.0,0.0,0.0,3.0,6.0,65.0,1.0,1.0,8.0,1.0,0.0,1.0,60.0,99.0,1.0,1.0,208.0,12.0,0.0,1.0,0.0,202304701244.0,12.0,2.0,1.0,0.0,10.0,1.0,15.0,51.0,2.0,0.0,1.0,20.0,0.0,2.0,2.0,0.0
122345,1,0,0.0,36.0,1.0,0.0,-99.0,12.0,115.0,33.0,20.0,4.0,21.0,1.0,1.0,3.0,20.0,7.0,8.0,0.0,0.0,996.0,0.0,12.0,1.0,33.0,2.0,0.0,1G1ZD5ST4KF1,2019.0,467.0,1834.0,13.0,20.0,Chevrolet,37.0,4.0,1.0,0.0,0.0,80.0,7.0,0.0,0.0,12.0,6.0,2.0,1.0,0.0,1.0,12.0,34234.0,1.0,1.0,2.0,No valid license for this class vehicle,0.0,70.0,999.0,0.0,0.0,0.0,0.0,No Record,0.0,0.0,0.0,0.0,2.0,2.0,40.0,1.0,1.0,8.0,1.0,0.0,1.0,90.0,7.0,9.0,4.0,101.0,12.0,0.0,1.0,0.0,202304705481.0,30.0,5.0,1.0,1.0,1.0,1.0,4.0,30.0,2.0,1.0,1.0,99.0,0.0,20.0,1.0,98.0
122348,1,99,0.0,6.0,1.0,1.0,-99.0,12.0,31.0,12.0,59.0,4.0,88.0,1.0,1.0,4.0,3.0,0.0,8.0,0.0,0.0,0.0,7.0,12.0,3.0,12.0,1.0,0.0,58ABK1GG1JU1,2018.0,515.0,2475.0,13.0,59.0,Lexus,31.0,4.0,1.0,0.0,0.0,55.0,0.0,0.0,0.0,12.0,6.0,12.0,0.0,0.0,1.0,12.0,32208.0,1.0,6.0,3.0,Valid license for this class vehicle,3.0,70.0,999.0,0.0,0.0,0.0,0.0,No Record,0.0,0.0,0.0,0.0,3.0,3.0,55.0,1.0,1.0,8.0,2.0,0.0,1.0,50.0,99.0,1.0,1.0,202.0,12.0,1.0,1.0,0.0,202305070734.0,12.0,5.0,4.0,0.0,1.0,1.0,4.0,47.0,1.0,0.0,1.0,20.0,0.0,59.0,2.0,0.0
122348,3,0,0.0,0.0,1.0,0.0,-99.0,12.0,31.0,12.0,37.0,4.0,48.0,2.0,1.0,0.0,3.0,0.0,20.0,0.0,0.0,996.0,0.0,12.0,3.0,12.0,2.0,0.0,19XFB2F53CE0,2012.0,474.0,1863.0,13.0,37.0,Honda,31.0,4.0,1.0,0.0,0.0,0.0,0.0,0.0,0.0,6.0,2.0,12.0,0.0,0.0,1.0,12.0,32208.0,1.0,6.0,3.0,Valid license for this class vehicle,3.0,65.0,999.0,0.0,1.0,1.0,2.0,February,2020.0,6.0,2023.0,0.0,3.0,3.0,55.0,1.0,1.0,8.0,1.0,0.0,5.0,53.0,1.0,1.0,1.0,998.0,12.0,0.0,1.0,0.0,202305286796.0,12.0,4.0,10.0,1.0,1.0,1.0,4.0,20.0,1.0,1.0,1.0,20.0,0.0,37.0,2.0,0.0
122354,1,0,99.0,38.0,1.0,1.0,-99.0,12.0,21.0,12.0,20.0,14.0,34.0,1.0,1.0,0.0,3.0,0.0,8.0,0.0,0.0,0.0,0.0,12.0,2.0,12.0,2.0,0.0,2GNFLGE35D63,2013.0,467.0,1847.0,7.0,20.0,Chevrolet,404.0,14.0,1.0,0.0,0.0,20.0,7.0,0.0,0.0,12.0,6.0,12.0,0.0,0.0,1.0,12.0,34120.0,1.0,6.0,3.0,Valid license for this class vehicle,0.0,69.0,999.0,0.0,0.0,0.0,0.0,No Record,0.0,0.0,0.0,0.0,1.0,2.0,35.0,1.0,1.0,8.0,2.0,0.0,11.0,15.0,99.0,1.0,1.0,401.0,12.0,0.0,1.0,0.0,202305471533.0,12.0,1.0,10.0,4.0,2.0,1.0,14.0,34.0,1.0,0.0,1.0,8.0,0.0,20.0,1.0,0.0
122360,1,99,99.0,6.0,1.0,6001.0,-99.0,12.0,57.0,30.0,37.0,4.0,37.0,2.0,1.0,4.0,3.0,0.0,1.0,0.0,0.0,0.0,7.0,12.0,1.0,30.0,1.0,0.0,1HGCD5634VA1,1997.0,474.0,1861.0,13.0,37.0,Honda,32.0,4.0,1.0,0.0,0.0,44.0,7.0,0.0,0.0,12.0,6.0,30.0,0.0,0.0,1.0,12.0,33579.0,1.0,6.0,3.0,Valid license for this class vehicle,0.0,69.0,999.0,0.0,0.0,0.0,0.0,No Record,0.0,0.0,0.0,0.0,2.0,3.0,70.0,1.0,1.0,2.0,2.0,0.0,1.0,13.0,99.0,1.0,4.0,101.0,12.0,1.0,1.0,0.0,202305455499.0,30.0,7.0,9.0,4.0,10.0,1.0,4.0,37.0,2.0,4.0,1.0,1.0,0.0,37.0,1.0,99.0
122367,1,0,0.0,38.0,1.0,9999.0,-99.0,12.0,9.0,12.0,54.0,4.0,75.0,1.0,1.0,4.0,3.0,0.0,20.0,0.0,0.0,995.0,7.0,12.0,2.0,12.0,2.0,0.0,19UUA8F59CA0,2012.0,475.0,1873.0,13.0,54.0,Acura,35.0,4.0,1.0,0.0,0.0,25.0,0.0,0.0,0.0,10.0,6.0,12.0,0.0,0.0,1.0,12.0,32780.0,1.0,6.0,3.0,Valid license for this class vehicle,0.0,74.0,999.0,0.0,0.0,0.0,0.0,No Record,0.0,0.0,0.0,0.0,0.0,0.0,0.0,0.0,0.0,0.0,0.0,0.0,11.0,15.0,99.0,1.0,1.0,414.0,12.0,1.0,1.0,0.0,202305205853.0,12.0,1.0,8.0,1.0,1.0,1.0,4.0,21.0,2.0,0.0,1.0,2.0,0.0,54.0,1.0,0.0
122371,1,0,0.0,38.0,1.0,1.0,-99.0,12.0,51.0,12.0,86.0,63.0,46.0,1.0,1.0,0.0,3.0,0.0,20.0,0.0,0.0,0.0,0.0,12.0,2.0,12.0,1.0,0.0,1M2AG11C64M0,2004.0,490.0,9455.0,11.0,86.0,Mack,881.0,63.0,1.0,0.0,0.0,15.0,0.0,0.0,0.0,12.0,4.0,12.0,0.0,0.0,1.0,12.0,33935.0,1.0,6.0,3.0,Valid license for this class vehicle,3.0,68.0,999.0,0.0,0.0,1.0,9.0,September,2023.0,9.0,2023.0,0.0,1.0,2.0,55.0,1.0,1.0,8.0,1.0,0.0,11.0,15.0,99.0,1.0,1.0,401.0,12.0,0.0,1.0,0.0,202305231459.0,8.0,2.0,7.0,3.0,1.0,1.0,63.0,50.0,1.0,0.0,1.0,20.0,0.0,86.0,1.0,98.0
122388,1,99,99.0,0.0,1.0,1.0,-99.0,12.0,33.0,42.0,35.0,4.0,36.0,1.0,1.0,4.0,20.0,7.0,99.0,0.0,9.0,219.0,7.0,12.0,1.0,42.0,1.0,0.0,3N1AB7AP8GY2,2016.0,478.0,1907.0,13.0,35.0,Nissan/Datsun,43.0,4.0,1.0,0.0,0.0,55.0,7.0,0.0,0.0,12.0,6.0,42.0,1.0,1.0,1.0,12.0,32570.0,1.0,6.0,3.0,Valid license for this class vehicle,3.0,70.0,999.0,0.0,3.0,1.0,4.0,April,2019.0,6.0,2023.0,0.0,1.0,2.0,55.0,2.0,1.0,8.0,1.0,0.0,14.0,12.0,99.0,1.0,4.0,102.0,12.0,1.0,1.0,0.0,202304909752.0,12.0,6.0,2.0,0.0,1.0,1.0,4.0,23.0,1.0,0.0,1.0,20.0,0.0,35.0,2.0,98.0
122396,2,0,0.0,0.0,1.0,0.0,-99.0,12.0,31.0,12.0,86.0,63.0,57.0,1.0,1.0,0.0,3.0,0.0,20.0,0.0,0.0,996.0,0.0,12.0,2.0,12.0,1.0,0.0,1M2AV04C08M0,2008.0,490.0,2032.0,11.0,86.0,Mack,882.0,63.0,1.0,0.0,0.0,45.0,7.0,0.0,0.0,6.0,4.0,12.0,0.0,0.0,1.0,12.0,32210.0,1.0,6.0,3.0,Valid license for this class vehicle,0.0,75.0,999.0,0.0,0.0,0.0,7.0,July,2022.0,8.0,2022.0,0.0,2.0,2.0,45.0,1.0,1.0,8.0,1.0,0.0,1.0,53.0,99.0,1.0,1.0,201.0,12.0,0.0,1.0,0.0,202305183251.0,12.0,6.0,6.0,0.0,1.0,1.0,63.0,23.0,1.0,0.0,1.0,20.0,0.0,86.0,1.0,0.0
122403,1,99,0.0,0.0,1.0,9999.0,-99.0,12.0,86.0,30.0,35.0,6.0,64.0,1.0,1.0,4.0,20.0,7.0,8.0,0.0,9.0,995.0,3.0,12.0,1.0,30.0,1.0,0.0,JN8AZ28R79T1,2009.0,478.0,2341.0,7.0,35.0,Nissan/Datsun,52.0,6.0,1.0,0.0,0.0,998.0,0.0,0.0,0.0,98.0,6.0,39.0,0.0,0.0,1.0,12.0,33155.0,1.0,6.0,3.0,Valid license for this class vehicle,0.0,64.0,999.0,0.0,0.0,0.0,0.0,No Record,0.0,0.0,0.0,0.0,2.0,3.0,40.0,1.0,1.0,8.0,1.0,0.0,1.0,13.0,98.0,7.0,4.0,101.0,12.0,1.0,1.0,0.0,202304899769.0,42.0,3.0,4.0,1.0,1.0,1.0,6.0,25.0,1.0,1.0,1.0,9.0,0.0,35.0,1.0,2.0
122418,2,0,92.0,38.0,1.0,9995.0,-99.0,12.0,95.0,12.0,49.0,4.0,25.0,2.0,1.0,2.0,3.0,0.0,8.0,0.0,0.0,995.0,0.0,12.0,2.0,12.0,3.0,0.0,JTNB11HK0J30,2018.0,448.0,2469.0,13.0,49.0,Toyota,40.0,4.0,1.0,0.0,0.0,15.0,0.0,0.0,0.0,9.0,6.0,12.0,0.0,0.0,1.0,12.0,32712.0,0.0,0.0,0.0,Not licensed,0.0,999.0,999.0,0.0,0.0,0.0,0.0,No Record,0.0,0.0,0.0,0.0,1.0,2.0,25.0,1.0,1.0,8.0,1.0,20.0,1.0,66.0,99.0,1.0,1.0,504.0,12.0,0.0,1.0,0.0,202304970815.0,12.0,3.0,5.0,0.0,2.0,1.0,4.0,27.0,1.0,0.0,1.0,20.0,0.0,49.0,1.0,0.0
122421,1,99,99.0,38.0,1.0,9999.0,-99.0,12.0,71.0,12.0,13.0,4.0,41.0,1.0,1.0,4.0,3.0,0.0,1.0,0.0,0.0,995.0,7.0,12.0,2.0,12.0,1.0,0.0,1LNHM81W01Y6,2001.0,464.0,1791.0,13.0,13.0,Lincoln,1.0,4.0,1.0,0.0,0.0,10.0,0.0,0.0,0.0,12.0,6.0,12.0,0.0,0.0,1.0,12.0,33917.0,1.0,1.0,2.0,No valid license for this class vehicle,0.0,70.0,999.0,0.0,0.0,0.0,5.0,May,2023.0,7.0,2023.0,0.0,1.0,2.0,45.0,3.0,1.0,8.0,1.0,20.0,11.0,15.0,99.0,1.0,1.0,408.0,12.0,1.0,1.0,0.0,202305038450.0,12.0,7.0,6.0,3.0,10.0,1.0,4.0,67.0,1.0,0.0,1.0,20.0,0.0,13.0,3.0,0.0
122429,1,0,0.0,38.0,1.0,9999.0,-99.0,12.0,21.0,12.0,54.0,4.0,77.0,1.0,1.0,4.0,3.0,0.0,1.0,0.0,0.0,995.0,7.0,12.0,2.0,12.0,1.0,0.0,19UUB3F48LA0,2020.0,475.0,5354.0,13.0,54.0,Acura,44.0,4.0,1.0,0.0,0.0,30.0,0.0,0.0,0.0,2.0,6.0,12.0,0.0,0.0,1.0,12.0,34114.0,1.0,6.0,3.0,Valid license for this class vehicle,3.0,69.0,999.0,0.0,0.0,0.0,0.0,No Record,0.0,0.0,0.0,0.0,2.0,1.0,50.0,1.0,1.0,8.0,1.0,0.0,11.0,15.0,99.0,1.0,1.0,401.0,12.0,1.0,1.0,0.0,202305479764.0,12.0,1.0,10.0,4.0,10.0,1.0,4.0,77.0,1.0,4.0,1.0,1.0,0.0,54.0,1.0,0.0
122429,2,0,0.0,0.0,1.0,0.0,-99.0,12.0,21.0,12.0,35.0,4.0,20.0,2.0,1.0,3.0,3.0,0.0,1.0,0.0,0.0,996.0,0.0,12.0,2.0,12.0,4.0,0.0,3N1AB8DVXNY3,2022.0,478.0,1907.0,13.0,35.0,Nissan/Datsun,43.0,4.0,1.0,0.0,0.0,50.0,0.0,0.0,0.0,12.0,6.0,12.0,0.0,0.0,1.0,12.0,33909.0,1.0,6.0,3.0,Valid license for this class vehicle,3.0,62.0,999.0,0.0,0.0,0.0,0.0,No Record,0.0,0.0,0.0,0.0,2.0,3.0,50.0,1.0,1.0,8.0,1.0,0.0,1.0,62.0,99.0,1.0,1.0,402.0,12.0,0.0,1.0,0.0,202305479764.0,12.0,1.0,10.0,4.0,10.0,1.0,4.0,20.0,2.0,3.0,1.0,1.0,0.0,35.0,2.0,0.0
122440,3,0,0.0,0.0,1.0,9995.0,-99.0,12.0,11.0,12.0,49.0,4.0,61.0,2.0,1.0,2.0,3.0,0.0,2.0,0.0,0.0,995.0,0.0,12.0,4.0,12.0,2.0,0.0,JTDEPRAE4LJ0,2020.0,448.0,2208.0,13.0,49.0,Toyota,32.0,4.0,1.0,0.0,0.0,45.0,7.0,0.0,0.0,12.0,6.0,12.0,0.0,0.0,1.0,12.0,33446.0,1.0,6.0,3.0,Valid license for this class vehicle,0.0,62.0,999.0,0.0,0.0,0.0,5.0,May,2022.0,7.0,2022.0,0.0,2.0,3.0,45.0,1.0,1.0,8.0,2.0,3.0,1.0,62.0,99.0,1.0,1.0,998.0,12.0,0.0,1.0,0.0,202305026384.0,12.0,6.0,4.0,2.0,1.0,1.0,4.0,49.0,1.0,0.0,1.0,20.0,0.0,49.0,1.0,0.0
122443,1,0,0.0,28.0,1.0,9995.0,-99.0,12.0,11.0,12.0,37.0,4.0,65.0,1.0,1.0,0.0,3.0,0.0,20.0,0.0,0.0,995.0,0.0,12.0,2.0,12.0,2.0,0.0,1HGCP264X8A1,2008.0,474.0,1861.0,13.0,37.0,Honda,32.0,4.0,1.0,0.0,0.0,40.0,7.0,0.0,0.0,4.0,4.0,12.0,0.0,0.0,1.0,12.0,33024.0,1.0,6.0,3.0,Valid license for this class vehicle,3.0,68.0,999.0,0.0,0.0,0.0,7.0,July,2021.0,7.0,2021.0,0.0,2.0,4.0,45.0,1.0,1.0,8.0,1.0,0.0,15.0,11.0,99.0,1.0,2.0,207.0,12.0,0.0,1.0,0.0,202305047167.0,12.0,5.0,6.0,1.0,1.0,1.0,4.0,26.0,2.0,1.0,1.0,20.0,0.0,37.0,2.0,0.0
122448,1,0,0.0,0.0,1.0,9995.0,-99.0,12.0,86.0,12.0,35.0,6.0,50.0,2.0,1.0,0.0,3.0,0.0,2.0,0.0,0.0,995.0,0.0,12.0,2.0,12.0,1.0,0.0,KNMAT2MT3JP5,2018.0,478.0,1913.0,8.0,35.0,Nissan/Datsun,51.0,6.0,1.0,0.0,0.0,10.0,7.0,0.0,0.0,3.0,6.0,12.0,0.0,0.0,1.0,12.0,33176.0,1.0,6.0,3.0,Valid license for this class vehicle,0.0,65.0,999.0,0.0,0.0,0.0,0.0,No Record,0.0,0.0,0.0,0.0,2.0,2.0,40.0,1.0,1.0,8.0,1.0,3.0,11.0,15.0,99.0,1.0,1.0,401.0,12.0,0.0,1.0,0.0,202305058868.0,12.0,3.0,6.0,0.0,1.0,1.0,6.0,37.0,2.0,0.0,1.0,1.0,0.0,35.0,2.0,0.0
122450,1,99,99.0,36.0,1.0,9999.0,-99.0,12.0,99.0,42.0,49.0,4.0,28.0,1.0,1.0,3.0,20.0,7.0,1.0,0.0,1.0,995.0,0.0,12.0,1.0,42.0,3.0,0.0,2T1BURHE4FC2,2015.0,448.0,2208.0,13.0,49.0,Toyota,32.0,4.0,1.0,0.0,0.0,65.0,7.0,3.0,1.0,12.0,6.0,42.0,0.0,1.0,1.0,12.0,33609.0,0.0,0.0,0.0,Not licensed,0.0,69.0,999.0,0.0,0.0,1.0,2.0,February,2021.0,9.0,2023.0,0.0,3.0,5.0,65.0,1.0,1.0,8.0,2.0,0.0,1.0,13.0,99.0,1.0,4.0,998.0,12.0,0.0,1.0,0.0,202305046535.0,12.0,1.0,4.0,0.0,1.0,1.0,4.0,32.0,2.0,0.0,1.0,2.0,0.0,49.0,1.0,0.0
122453,2,0,0.0,0.0,1.0,9999.0,-99.0,12.0,103.0,12.0,63.0,6.0,72.0,2.0,1.0,4.0,3.0,0.0,1.0,0.0,0.0,995.0,7.0,12.0,2.0,12.0,1.0,0.0,KNDJT2A53C74,2012.0,499.0,2460.0,7.0,63.0,KIA,37.0,6.0,1.0,0.0,0.0,10.0,0.0,0.0,0.0,6.0,6.0,12.0,0.0,0.0,1.0,12.0,33772.0,1.0,6.0,3.0,Valid license for this class vehicle,3.0,64.0,999.0,0.0,0.0,0.0,0.0,No Record,0.0,0.0,0.0,0.0,2.0,4.0,45.0,1.0,1.0,8.0,1.0,0.0,2.0,53.0,99.0,1.0,1.0,201.0,12.0,1.0,1.0,0.0,202304854655.0,12.0,7.0,4.0,3.0,1.0,1.0,6.0,64.0,2.0,3.0,1.0,8.0,0.0,63.0,2.0,0.0
122454,2,0,99.0,0.0,1.0,9995.0,-99.0,12.0,86.0,12.0,37.0,14.0,54.0,2.0,1.0,0.0,3.0,0.0,1.0,0.0,0.0,995.0,0.0,12.0,2.0,12.0,1.0,0.0,3CZRU5H77KM7,2019.0,474.0,9212.0,7.0,37.0,Honda,404.0,14.0,1.0,0.0,0.0,30.0,7.0,0.0,0.0,12.0,6.0,12.0,0.0,0.0,1.0,12.0,33176.0,1.0,6.0,3.0,Valid license for this class vehicle,3.0,63.0,999.0,0.0,0.0,0.0,0.0,No Record,0.0,0.0,0.0,0.0,1.0,2.0,30.0,1.0,1.0,8.0,1.0,0.0,1.0,51.0,1.0,1.0,1.0,202.0,12.0,0.0,1.0,0.0,202305062453.0,12.0,6.0,4.0,1.0,1.0,1.0,14.0,67.0,2.0,1.0,1.0,20.0,0.0,37.0,2.0,0.0
122456,2,0,0.0,0.0,1.0,0.0,-99.0,12.0,101.0,12.0,55.0,14.0,84.0,1.0,1.0,1.0,3.0,0.0,8.0,0.0,0.0,996.0,0.0,12.0,2.0,12.0,2.0,0.0,5XYZW4LA4HG4,2017.0,498.0,2057.0,7.0,55.0,Hyundai,401.0,14.0,1.0,0.0,0.0,45.0,0.0,0.0,0.0,12.0,6.0,12.0,0.0,0.0,1.0,12.0,34667.0,1.0,6.0,3.0,Valid license for this class vehicle,0.0,71.0,999.0,0.0,0.0,0.0,0.0,No Record,0.0,0.0,0.0,0.0,2.0,3.0,45.0,1.0,1.0,8.0,1.0,3.0,1.0,62.0,1.0,1.0,1.0,402.0,12.0,0.0,1.0,0.0,202305488000.0,12.0,6.0,11.0,2.0,2.0,1.0,14.0,19.0,1.0,0.0,1.0,20.0,0.0,55.0,1.0,0.0
122457,1,99,99.0,36.0,1.0,9999.0,-99.0,12.0,29.0,42.0,63.0,4.0,31.0,1.0,1.0,4.0,20.0,7.0,20.0,0.0,9.0,995.0,7.0,12.0,1.0,42.0,1.0,0.0,KNAFX4A68F52,2015.0,499.0,2462.0,13.0,63.0,KIA,38.0,4.0,1.0,0.0,0.0,55.0,7.0,0.0,0.0,12.0,6.0,3.0,0.0,0.0,1.0,12.0,32626.0,1.0,6.0,3.0,Valid license for this class vehicle,0.0,68.0,999.0,0.0,3.0,0.0,1.0,January,2019.0,6.0,2022.0,0.0,2.0,4.0,55.0,2.0,1.0,8.0,1.0,0.0,14.0,13.0,99.0,1.0,4.0,101.0,12.0,1.0,1.0,0.0,202305149168.0,59.0,4.0,4.0,0.0,1.0,1.0,4.0,37.0,1.0,0.0,1.0,20.0,0.0,63.0,1.0,9.0
122471,1,0,0.0,6.0,1.0,9999.0,-99.0,12.0,39.0,12.0,35.0,4.0,50.0,2.0,1.0,4.0,20.0,7.0,8.0,0.0,9.0,995.0,7.0,12.0,2.0,12.0,1.0,0.0,3N1AB7AP4HY3,2017.0,478.0,1907.0,13.0,35.0,Nissan/Datsun,43.0,4.0,1.0,0.0,0.0,55.0,0.0,0.0,0.0,12.0,6.0,12.0,0.0,0.0,1.0,12.0,32301.0,1.0,6.0,3.0,Valid license for this class vehicle,3.0,62.0,999.0,0.0,0.0,0.0,0.0,No Record,0.0,0.0,0.0,0.0,3.0,2.0,55.0,1.0,1.0,8.0,1.0,50.0,1.0,50.0,1.0,1.0,1.0,202.0,12.0,2.0,1.0,0.0,202304730462.0,12.0,2.0,2.0,0.0,1.0,1.0,4.0,55.0,2.0,0.0,1.0,20.0,0.0,35.0,2.0,98.0
122476,1,9,0.0,28.0,1.0,9998.0,-99.0,12.0,127.0,12.0,20.0,4.0,20.0,2.0,1.0,4.0,3.0,0.0,8.0,0.0,9.0,0.0,99.0,12.0,3.0,12.0,1.0,0.0,1G1ZH57B5842,2008.0,467.0,1834.0,13.0,20.0,Chevrolet,37.0,4.0,1.0,0.0,0.0,75.0,0.0,0.0,0.0,12.0,6.0,12.0,0.0,0.0,1.0,12.0,32190.0,1.0,6.0,3.0,Valid license for this class vehicle,0.0,63.0,999.0,0.0,1.0,0.0,1.0,January,2023.0,1.0,2023.0,0.0,1.0,2.0,60.0,3.0,1.0,8.0,1.0,0.0,14.0,13.0,6.0,1.0,6.0,301.0,12.0,99.0,1.0,0.0,202305346885.0,12.0,7.0,10.0,0.0,1.0,1.0,4.0,18.0,1.0,0.0,1.0,20.0,0.0,20.0,1.0,0.0
122483,1,0,0.0,38.0,1.0,0.0,-99.0,12.0,57.0,12.0,35.0,6.0,38.0,2.0,1.0,1.0,3.0,0.0,20.0,0.0,0.0,996.0,0.0,12.0,2.0,12.0,1.0,0.0,KNMAT2MV5JP5,2018.0,478.0,1913.0,8.0,35.0,Nissan/Datsun,51.0,6.0,1.0,0.0,0.0,15.0,7.0,0.0,0.0,3.0,4.0,12.0,0.0,0.0,1.0,12.0,33619.0,0.0,0.0,0.0,Not licensed,0.0,999.0,999.0,0.0,0.0,0.0,0.0,No Record,0.0,0.0,0.0,0.0,2.0,3.0,45.0,1.0,1.0,8.0,1.0,3.0,11.0,15.0,1.0,1.0,1.0,401.0,12.0,0.0,1.0,0.0,202305203449.0,12.0,6.0,7.0,0.0,1.0,1.0,6.0,21.0,2.0,0.0,1.0,20.0,0.0,35.0,2.0,0.0