ST_CASE,VEH_NO_x,DRIMPAIR_x,DRDISTRACT,DRIVERRF,PER_NO_x,DRUGRES,DRUGACTQTY,STATE_x,COUNTY,HARM_EV_x,MAKE_x,BODY_TYP_x,AGE,SEX,PER_TYP_x,INJ_SEV,REST_USE,REST_MIS,AIR_BAG_x,EJECTION,DRINKING,ALC_RES,HISPANIC,STATE_y,VE_FORMS,HARM_EV_y,NUMOCCS,HIT_RUN,VIN,MOD_YEAR,VPICMAKE,VPICMODEL,VPICBODYCLASS,MAKE_y,MAKENAME,MODEL,BODY_TYP_y,HAZ_INV,HAZ_PLAC,HAZ_ID,TRAV_SP,UNDEROVERRIDE,ROLLOVER,ROLINLOC,IMPACT1,DEFORMED,M_HARM,FIRE_EXP,DR_DRINK,DR_PRES,L_STATE,DR_ZIP,L_TYPE,L_STATUS,L_COMPL,L_COMPLNAME,L_RESTRI,DR_HGT,DR_WGT,PREV_DWI,PREV_SPD,PREV_OTH,FIRST_MO,FIRST_MONAME,FIRST_YR,LAST_MO,LAST_YR,SPEEDREL,VTRAFWAY,VNUM_LAN,VSPD_LIM,VALIGN,VPROFILE,VPAVETYP,VSURCOND,VTRAFCON,P_CRASH1,P_CRASH2,P_CRASH3,PCRASH4,PCRASH5,ACC_CONFIG,STATE,RACE,ORDER,MULTRACE,CASENUM,HARM_EV,DAY_WEEK,MONTH,MAXSEV_IM,WEATHR_IM,PER_NO_y,BODY_TYP,AGE_IM,SEX_IM,INJSEV_IM,PER_TYP_y,AIR_BAG_y,EJECT_IM,MAKE,VEH_NO_y,DRIMPAIR_y
122484,2,0,0.0,0.0,1.0,9995.0,-99.0,12.0,71.0,12.0,20.0,4.0,66.0,2.0,1.0,2.0,3.0,0.0,8.0,0.0,0.0,995.0,0.0,12.0,2.0,12.0,2.0,0.0,1G11C5SL3FF2,2015.0,467.0,1834.0,13.0,20.0,Chevrolet,37.0,4.0,1.0,0.0,0.0,40.0,0.0,0.0,0.0,12.0,6.0,12.0,0.0,0.0,1.0,12.0,33904.0,1.0,6.0,3.0,Valid license for this class vehicle,0.0,68.0,999.0,0.0,0.0,0.0,0.0,No Record,0.0,0.0,0.0,0.0,2.0,2.0,40.0,1.0,1.0,8.0,1.0,0.0,1.0,66.0,99.0,1.0,1.0,503.0,12.0,0.0,1.0,0.0,202305485598.0,12.0,3.0,12.0,1.0,1.0,1.0,4.0,73.0,2.0,0.0,1.0,8.0,0.0,20.0,2.0,0.0
122485,1,99,93.0,6.0,1.0,9999.0,-99.0,12.0,15.0,12.0,37.0,4.0,91.0,1.0,1.0,4.0,3.0,0.0,2.0,0.0,0.0,995.0,7.0,12.0,2.0,12.0,1.0,0.0,1HGFA16506L0,2006.0,474.0,1863.0,13.0,37.0,Honda,31.0,4.0,1.0,0.0,0.0,35.0,0.0,0.0,0.0,3.0,6.0,12.0,0.0,0.0,1.0,12.0,33952.0,1.0,1.0,2.0,No valid license for this class vehicle,3.0,72.0,999.0,0.0,0.0,0.0,8.0,August,2022.0,8.0,2022.0,0.0,1.0,2.0,35.0,1.0,1.0,8.0,1.0,21.0,1.0,17.0,99.0,1.0,2.0,502.0,12.0,1.0,1.0,0.0,202304929909.0,8.0,5.0,5.0,2.0,1.0,1.0,4.0,17.0,1.0,0.0,1.0,98.0,0.0,37.0,1.0,98.0
122485,2,0,0.0,0.0,1.0,9995.0,-99.0,12.0,15.0,12.0,7.0,34.0,42.0,2.0,1.0,0.0,3.0,0.0,20.0,0.0,0.0,995.0,0.0,12.0,2.0,12.0,1.0,0.0,3C6UR5NL5GG2,2016.0,496.0,13621.0,60.0,7.0,Dodge,482.0,34.0,1.0,0.0,0.0,45.0,0.0,0.0,0.0,12.0,6.0,12.0,0.0,0.0,1.0,12.0,34293.0,1.0,6.0,3.0,Valid license for this class vehicle,0.0,69.0,999.0,0.0,0.0,0.0,0.0,No Record,0.0,0.0,0.0,0.0,3.0,6.0,45.0,1.0,1.0,8.0,1.0,0.0,1.0,66.0,99.0,1.0,1.0,501.0,12.0,0.0,1.0,0.0,202305191965.0,12.0,4.0,7.0,0.0,1.0,1.0,34.0,51.0,1.0,0.0,1.0,20.0,0.0,7.0,1.0,98.0
122503,1,99,99.0,36.0,1.0,9999.0,-99.0,12.0,117.0,42.0,37.0,4.0,33.0,1.0,1.0,4.0,8.0,0.0,8.0,2.0,9.0,995.0,7.0,12.0,1.0,42.0,1.0,0.0,1HGCR2F3XEA0,2014.0,474.0,1861.0,13.0,37.0,Honda,32.0,4.0,1.0,0.0,0.0,70.0,7.0,0.0,0.0,12.0,6.0,42.0,0.0,0.0,1.0,12.0,32444.0,1.0,6.0,3.0,Valid license for this class vehicle,0.0,67.0,999.0,0.0,0.0,0.0,0.0,No Record,0.0,0.0,0.0,3.0,1.0,2.0,25.0,2.0,1.0,8.0,1.0,0.0,14.0,12.0,99.0,1.0,4.0,102.0,12.0,2.0,1.0,0.0,202304840605.0,24.0,5.0,3.0,0.0,1.0,1.0,4.0,22.0,2.0,0.0,1.0,8.0,0.0,37.0,1.0,9.0
122504,2,99,0.0,0.0,1.0,1.0,-99.0,12.0,19.0,12.0,62.0,15.0,36.0,2.0,1.0,3.0,3.0,0.0,8.0,0.0,0.0,0.0,0.0,12.0,2.0,12.0,1.0,0.0,SAL1L9FU4PA1,2023.0,444.0,2246.0,7.0,62.0,Land Rover,421.0,15.0,1.0,0.0,0.0,10.0,7.0,0.0,0.0,9.0,6.0,12.0,0.0,0.0,1.0,12.0,32003.0,1.0,6.0,3.0,Valid license for this class vehicle,3.0,62.0,999.0,0.0,0.0,0.0,0.0,No Record,0.0,0.0,0.0,0.0,1.0,2.0,55.0,1.0,1.0,8.0,1.0,0.0,1.0,17.0,99.0,1.0,1.0,504.0,12.0,0.0,1.0,0.0,202305290055.0,12.0,1.0,7.0,1.0,10.0,1.0,15.0,74.0,2.0,1.0,1.0,20.0,0.0,62.0,1.0,0.0
122505,1,0,93.0,28.0,1.0,0.0,-99.0,12.0,43.0,12.0,49.0,14.0,31.0,1.0,1.0,2.0,3.0,0.0,99.0,0.0,0.0,996.0,0.0,12.0,2.0,12.0,1.0,0.0,2T3W1RFV9PW2,2023.0,448.0,2217.0,7.0,49.0,Toyota,402.0,14.0,1.0,0.0,0.0,60.0,0.0,0.0,0.0,12.0,6.0,2.0,1.0,0.0,1.0,12.0,33018.0,1.0,6.0,3.0,Valid license for this class vehicle,0.0,67.0,999.0,0.0,0.0,0.0,0.0,No Record,0.0,0.0,0.0,0.0,1.0,2.0,60.0,1.0,1.0,8.0,1.0,0.0,1.0,10.0,99.0,1.0,2.0,301.0,12.0,0.0,1.0,0.0,202305469492.0,12.0,7.0,10.0,1.0,1.0,1.0,14.0,19.0,1.0,0.0,1.0,20.0,0.0,49.0,1.0,0.0
122514,3,0,0.0,0.0,1.0,9995.0,-99.0,12.0,11.0,12.0,49.0,4.0,63.0,1.0,1.0,3.0,20.0,7.0,1.0,0.0,0.0,995.0,0.0,12.0,3.0,12.0,3.0,0.0,4T1BE32K62U0,2002.0,448.0,2469.0,13.0,49.0,Toyota,40.0,4.0,1.0,0.0,0.0,50.0,0.0,0.0,0.0,12.0,6.0,12.0,0.0,0.0,1.0,12.0,33130.0,1.0,6.0,3.0,Valid license for this class vehicle,0.0,68.0,999.0,0.0,0.0,1.0,1.0,January,2019.0,1.0,2019.0,0.0,2.0,2.0,55.0,1.0,1.0,8.0,1.0,0.0,1.0,54.0,99.0,1.0,1.0,998.0,12.0,0.0,1.0,0.0,202304713595.0,12.0,3.0,1.0,0.0,1.0,1.0,4.0,20.0,1.0,0.0,1.0,20.0,0.0,49.0,1.0,0.0
122520,1,0,0.0,38.0,1.0,9995.0,-99.0,12.0,1.0,12.0,37.0,4.0,34.0,1.0,1.0,1.0,3.0,0.0,1.0,0.0,0.0,995.0,0.0,12.0,2.0,12.0,1.0,0.0,2HGFB2F53DH5,2013.0,474.0,1863.0,13.0,37.0,Honda,31.0,4.0,1.0,0.0,0.0,5.0,7.0,0.0,0.0,12.0,6.0,12.0,0.0,0.0,1.0,12.0,32607.0,1.0,1.0,2.0,No valid license for this class vehicle,0.0,73.0,999.0,0.0,0.0,1.0,3.0,March,2022.0,5.0,2023.0,0.0,1.0,5.0,45.0,1.0,1.0,8.0,1.0,0.0,11.0,15.0,99.0,1.0,1.0,401.0,12.0,0.0,1.0,0.0,202305176276.0,12.0,5.0,8.0,3.0,1.0,1.0,4.0,18.0,2.0,0.0,1.0,9.0,0.0,37.0,3.0,98.0
122538,1,0,0.0,38.0,1.0,9995.0,-99.0,12.0,117.0,12.0,49.0,4.0,30.0,1.0,1.0,0.0,3.0,0.0,20.0,0.0,0.0,995.0,0.0,12.0,2.0,12.0,1.0,0.0,4T1BE32KX5U5,2005.0,448.0,2469.0,13.0,49.0,Toyota,40.0,4.0,1.0,0.0,0.0,5.0,7.0,0.0,0.0,5.0,6.0,12.0,0.0,0.0,1.0,12.0,32792.0,1.0,6.0,3.0,Valid license for this class vehicle,0.0,69.0,999.0,0.0,0.0,0.0,0.0,No Record,0.0,0.0,0.0,0.0,2.0,3.0,50.0,1.0,1.0,8.0,1.0,0.0,11.0,15.0,99.0,1.0,1.0,401.0,12.0,0.0,1.0,0.0,202305116394.0,12.0,1.0,5.0,4.0,1.0,1.0,4.0,40.0,1.0,4.0,1.0,9.0,0.0,49.0,1.0,99.0
122546,1,99,99.0,0.0,1.0,5002.0,-99.0,12.0,11.0,12.0,12.0,2.0,23.0,1.0,1.0,4.0,98.0,7.0,1.0,0.0,9.0,120.0,7.0,12.0,3.0,12.0,1.0,0.0,1FAFP42X22F1,2002.0,460.0,1781.0,3.0,12.0,Ford,3.0,2.0,1.0,0.0,0.0,80.0,0.0,3.0,9.0,12.0,6.0,1.0,0.0,1.0,1.0,12.0,33065.0,1.0,6.0,3.0,Valid license for this class vehicle,0.0,71.0,999.0,0.0,0.0,0.0,0.0,No Record,0.0,0.0,0.0,0.0,2.0,4.0,45.0,1.0,1.0,8.0,1.0,0.0,1.0,62.0,99.0,1.0,1.0,402.0,12.0,1.0,1.0,0.0,202305520204.0,12.0,4.0,10.0,4.0,1.0,1.0,2.0,23.0,1.0,4.0,1.0,1.0,0.0,12.0,1.0,99.0
122547,1,99,99.0,28.0,1.0,1.0,-99.0,12.0,101.0,34.0,12.0,34.0,64.0,1.0,1.0,4.0,3.0,0.0,20.0,0.0,0.0,0.0,99.0,12.0,1.0,34.0,1.0,0.0,1FT7W2B6XHED,2017.0,460.0,1805.0,60.0,12.0,Ford,481.0,34.0,1.0,0.0,0.0,20.0,7.0,0.0,0.0,12.0,2.0,38.0,0.0,0.0,1.0,12.0,33618.0,1.0,6.0,3.0,Valid license for this class vehicle,0.0,68.0,999.0,0.0,0.0,1.0,2.0,February,2022.0,2.0,2022.0,0.0,1.0,2.0,20.0,1.0,6.0,8.0,1.0,0.0,1.0,13.0,99.0,1.0,4.0,101.0,12.0,99.0,1.0,0.0,202305572323.0,8.0,4.0,11.0,2.0,1.0,1.0,34.0,44.0,1.0,0.0,1.0,20.0,0.0,12.0,1.0,0.0
122549,1,2,0.0,6.0,1.0,0.0,-99.0,12.0,109.0,24.0,63.0,20.0,83.0,1.0,1.0,0.0,3.0,0.0,8.0,0.0,0.0,996.0,0.0,12.0,1.0,24.0,2.0,0.0,KNDMB5C19H62,2017.0,499.0,2740.0,2.0,63.0,KIA,441.0,20.0,1.0,0.0,0.0,70.0,7.0,0.0,0.0,12.0,6.0,24.0,0.0,0.0,1.0,12.0,34203.0,1.0,6.0,3.0,Valid license for this class vehicle,3.0,67.0,999.0,0.0,0.0,0.0,0.0,No Record,0.0,0.0,0.0,0.0,2.0,3.0,70.0,1.0,1.0,8.0,1.0,0.0,1.0,12.0,99.0,1.0,4.0,102.0,12.0,0.0,1.0,0.0,202305291787.0,12.0,4.0,7.0,4.0,1.0,1.0,20.0,81.0,1.0,4.0,1.0,8.0,0.0,63.0,3.0,0.0
122551,1,99,99.0,0.0,1.0,9999.0,-99.0,12.0,86.0,12.0,35.0,4.0,30.0,1.0,1.0,4.0,20.0,7.0,8.0,0.0,0.0,995.0,6.0,12.0,2.0,12.0,2.0,0.0,1N4AL3AP0FC1,2015.0,478.0,1904.0,13.0,35.0,Nissan/Datsun,47.0,4.0,1.0,0.0,0.0,30.0,0.0,0.0,0.0,12.0,6.0,12.0,0.0,0.0,1.0,12.0,33162.0,1.0,6.0,3.0,Valid license for this class vehicle,0.0,71.0,999.0,0.0,0.0,0.0,0.0,No Record,0.0,0.0,0.0,0.0,2.0,2.0,30.0,1.0,1.0,8.0,1.0,0.0,1.0,12.0,99.0,1.0,4.0,301.0,12.0,1.0,1.0,0.0,202304720148.0,30.0,3.0,1.0,0.0,1.0,1.0,4.0,33.0,1.0,0.0,1.0,20.0,0.0,35.0,1.0,0.0
122552,1,99,99.0,28.0,1.0,9999.0,-99.0,12.0,127.0,30.0,49.0,4.0,92.0,1.0,1.0,4.0,20.0,7.0,8.0,0.0,0.0,995.0,7.0,12.0,1.0,30.0,1.0,0.0,4T1BK1EB7DU0,2013.0,448.0,2465.0,13.0,49.0,Toyota,43.0,4.0,1.0,0.0,0.0,30.0,7.0,0.0,0.0,12.0,6.0,30.0,0.0,0.0,1.0,12.0,32724.0,1.0,6.0,3.0,Valid license for this class vehicle,0.0,69.0,999.0,0.0,0.0,0.0,0.0,No Record,0.0,0.0,0.0,0.0,2.0,2.0,35.0,1.0,1.0,8.0,1.0,0.0,11.0,12.0,1.0,1.0,4.0,102.0,12.0,1.0,1.0,0.0,202305112722.0,12.0,2.0,7.0,3.0,1.0,1.0,4.0,64.0,2.0,0.0,1.0,1.0,0.0,49.0,1.0,0.0
122568,1,0,93.0,6.0,1.0,9999.0,-99.0,12.0,45.0,12.0,49.0,4.0,33.0,1.0,1.0,0.0,3.0,0.0,20.0,0.0,0.0,995.0,0.0,12.0,2.0,12.0,3.0,0.0,4T1BF1FK7GU1,2016.0,448.0,2469.0,13.0,49.0,Toyota,40.0,4.0,1.0,0.0,0.0,35.0,7.0,0.0,0.0,12.0,4.0,12.0,0.0,0.0,1.0,12.0,34769.0,1.0,6.0,3.0,Valid license for this class vehicle,0.0,63.0,999.0,0.0,0.0,0.0,0.0,No Record,0.0,0.0,0.0,0.0,1.0,2.0,35.0,1.0,1.0,8.0,1.0,0.0,1.0,52.0,99.0,1.0,1.0,202.0,12.0,0.0,1.0,0.0,202304923789.0,12.0,2.0,3.0,0.0,1.0,1.0,4.0,50.0,1.0,0.0,1.0,20.0,0.0,49.0,1.0,0.0
122569,1,0,0.0,38.0,1.0,9995.0,-99.0,12.0,127.0,12.0,49.0,4.0,19.0,2.0,1.0,0.0,3.0,0.0,20.0,0.0,0.0,995.0,0.0,12.0,2.0,12.0,1.0,0.0,5YFB4MDEXPP0,2023.0,448.0,2208.0,13.0,49.0,Toyota,32.0,4.0,1.0,0.0,0.0,30.0,0.0,0.0,0.0,12.0,6.0,12.0,0.0,0.0,1.0,12.0,32114.0,1.0,6.0,3.0,Valid license for this class vehicle,0.0,64.0,999.0,0.0,0.0,0.0,0.0,No Record,0.0,0.0,0.0,0.0,2.0,4.0,98.0,1.0,1.0,8.0,1.0,3.0,11.0,15.0,99.0,1.0,1.0,401.0,12.0,0.0,1.0,0.0,202305077101.0,12.0,3.0,5.0,0.0,1.0,1.0,4.0,23.0,1.0,0.0,1.0,20.0,0.0,49.0,1.0,0.0
122573,2,0,0.0,0.0,1.0,0.0,-99.0,12.0,83.0,12.0,6.0,20.0,53.0,2.0,1.0,2.0,3.0,0.0,1.0,0.0,0.0,996.0,0.0,12.0,2.0,12.0,1.0,0.0,2C4RC1BGXER3,2014.0,477.0,1936.0,2.0,6.0,Chrysler,441.0,20.0,1.0,0.0,0.0,55.0,0.0,0.0,0.0,12.0,6.0,12.0,0.0,0.0,1.0,12.0,34431.0,1.0,6.0,3.0,Valid license for this class vehicle,0.0,61.0,999.0,0.0,0.0,0.0,0.0,No Record,0.0,0.0,0.0,0.0,1.0,2.0,55.0,1.0,1.0,8.0,1.0,0.0,1.0,66.0,1.0,1.0,1.0,415.0,12.0,0.0,1.0,0.0,202305283111.0,12.0,7.0,7.0,0.0,1.0,1.0,20.0,38.0,1.0,0.0,1.0,20.0,0.0,6.0,2.0,0.0
122599,1,0,0.0,60.0,1.0,9995.0,-99.0,12.0,35.0,12.0,49.0,4.0,32.0,2.0,1.0,0.0,3.0,0.0,8.0,0.0,0.0,995.0,0.0,12.0,2.0,12.0,1.0,0.0,5YFS4MCE8MP0,2021.0,448.0,2208.0,13.0,49.0,Toyota,32.0,4.0,1.0,0.0,0.0,10.0,7.0,0.0,0.0,1.0,6.0,12.0,0.0,0.0,1.0,12.0,32137.0,1.0,6.0,3.0,Valid license for this class vehicle,3.0,64.0,999.0,0.0,1.0,0.0,10.0,October,2019.0,10.0,2019.0,0.0,2.0,2.0,60.0,1.0,1.0,8.0,1.0,0.0,11.0,15.0,99.0,1.0,1.0,401.0,12.0,0.0,1.0,0.0,202305023151.0,12.0,6.0,6.0,0.0,1.0,1.0,4.0,31.0,1.0,0.0,1.0,20.0,0.0,49.0,3.0,98.0
122600,1,99,99.0,36.0,1.0,5997.0,-99.0,12.0,21.0,38.0,49.0,14.0,21.0,2.0,1.0,4.0,20.0,7.0,20.0,0.0,1.0,220.0,7.0,12.0,1.0,38.0,1.0,0.0,NMTKHMBX7JR0,2018.0,448.0,17213.0,8.0,49.0,Toyota,405.0,14.0,1.0,0.0,0.0,96.0,7.0,3.0,5.0,12.0,6.0,3.0,0.0,1.0,1.0,17.0,34119.0,1.0,6.0,3.0,Valid license for this class vehicle,3.0,62.0,999.0,0.0,1.0,0.0,5.0,May,2021.0,5.0,2021.0,0.0,3.0,6.0,70.0,1.0,1.0,8.0,1.0,0.0,98.0,13.0,99.0,1.0,4.0,101.0,12.0,1.0,1.0,0.0,202305169584.0,12.0,4.0,8.0,0.0,1.0,1.0,14.0,19.0,1.0,0.0,1.0,20.0,0.0,49.0,1.0,0.0
122601,1,0,99.0,38.0,1.0,0.0,-99.0,12.0,79.0,12.0,63.0,14.0,58.0,1.0,1.0,0.0,3.0,0.0,1.0,0.0,0.0,996.0,0.0,12.0,2.0,12.0,1.0,0.0,KNDJ23AU1P78,2023.0,499.0,2460.0,7.0,63.0,KIA,498.0,14.0,1.0,0.0,0.0,15.0,7.0,0.0,0.0,12.0,6.0,12.0,0.0,0.0,1.0,6.0,94102.0,1.0,6.0,3.0,Valid license for this class vehicle,0.0,72.0,999.0,0.0,0.0,0.0,0.0,No Record,0.0,0.0,0.0,0.0,1.0,2.0,55.0,2.0,1.0,8.0,1.0,20.0,14.0,54.0,99.0,1.0,1.0,303.0,12.0,0.0,1.0,0.0,202305612525.0,12.0,5.0,9.0,4.0,1.0,1.0,14.0,43.0,1.0,4.0,1.0,9.0,0.0,63.0,1.0,9.0
122603,2,0,0.0,0.0,1.0,1.0,-99.0,12.0,57.0,12.0,53.0,80.0,26.0,1.0,1.0,4.0,20.0,7.0,20.0,8.0,0.0,0.0,7.0,12.0,2.0,12.0,1.0,0.0,JS1GT77A2721,2007.0,509.0,13179.0,80.0,53.0,Suzuki,706.0,80.0,1.0,0.0,0.0,67.0,7.0,8.0,8.0,12.0,6.0,12.0,0.0,0.0,1.0,12.0,33510.0,0.0,0.0,0.0,Not licensed,0.0,999.0,999.0,0.0,0.0,0.0,0.0,No Record,0.0,0.0,0.0,3.0,2.0,2.0,45.0,1.0,1.0,8.0,1.0,0.0,1.0,67.0,99.0,1.0,1.0,415.0,12.0,1.0,1.0,0.0,202304993287.0,12.0,3.0,5.0,2.0,1.0,1.0,80.0,39.0,1.0,2.0,1.0,20.0,8.0,53.0,2.0,98.0
122608,1,99,99.0,6.0,1.0,9999.0,-99.0,12.0,127.0,14.0,63.0,4.0,18.0,1.0,1.0,4.0,20.0,7.0,8.0,0.0,9.0,995.0,5.0,12.0,1.0,14.0,1.0,0.0,3KPFL4A71HE0,2017.0,499.0,2462.0,13.0,63.0,KIA,38.0,4.0,1.0,0.0,0.0,70.0,0.0,0.0,0.0,12.0,6.0,14.0,0.0,0.0,1.0,12.0,32117.0,1.0,6.0,3.0,Valid license for this class vehicle,0.0,65.0,999.0,0.0,0.0,0.0,0.0,No Record,0.0,0.0,0.0,0.0,3.0,3.0,70.0,1.0,6.0,8.0,1.0,0.0,1.0,13.0,99.0,1.0,4.0,103.0,12.0,1.0,1.0,0.0,202304987024.0,12.0,7.0,4.0,0.0,1.0,1.0,4.0,49.0,1.0,0.0,1.0,20.0,0.0,63.0,2.0,0.0
122612,1,0,0.0,0.0,1.0,9999.0,-99.0,12.0,115.0,12.0,35.0,4.0,78.0,2.0,1.0,4.0,3.0,0.0,8.0,0.0,0.0,995.0,7.0,12.0,2.0,12.0,1.0,0.0,1N4BL4BV3NN3,2022.0,478.0,1904.0,13.0,35.0,Nissan/Datsun,47.0,4.0,1.0,0.0,0.0,15.0,0.0,0.0,0.0,81.0,6.0,12.0,0.0,0.0,1.0,12.0,34293.0,1.0,6.0,3.0,Valid license for this class vehicle,3.0,66.0,999.0,0.0,0.0,0.0,0.0,No Record,0.0,0.0,0.0,0.0,2.0,4.0,35.0,1.0,1.0,8.0,1.0,3.0,11.0,15.0,99.0,1.0,1.0,401.0,12.0,1.0,1.0,0.0,202305114845.0,12.0,5.0,7.0,1.0,10.0,1.0,4.0,21.0,2.0,0.0,1.0,20.0,0.0,35.0,2.0,0.0
122614,1,0,0.0,28.0,1.0,9999.0,-99.0,12.0,53.0,59.0,72.0,80.0,65.0,1.0,1.0,4.0,20.0,7.0,20.0,8.0,0.0,995.0,7.0,12.0,1.0,59.0,1.0,0.0,1HD1FC41X9Y6,2009.0,3888.0,8509.0,81.0,72.0,Harley-Davidson,706.0,80.0,1.0,0.0,0.0,35.0,7.0,8.0,8.0,12.0,6.0,59.0,0.0,0.0,1.0,12.0,34602.0,1.0,6.0,3.0,Valid license for this class vehicle,3.0,71.0,999.0,0.0,0.0,2.0,10.0,October,2019.0,8.0,2021.0,0.0,1.0,2.0,55.0,3.0,1.0,8.0,1.0,0.0,14.0,13.0,99.0,1.0,4.0,101.0,12.0,1.0,1.0,0.0,202305294811.0,12.0,2.0,9.0,1.0,1.0,1.0,80.0,34.0,1.0,1.0,1.0,20.0,8.0,72.0,2.0,0.0
122620,1,99,0.0,28.0,1.0,9999.0,-99.0,12.0,1.0,12.0,49.0,4.0,22.0,1.0,1.0,3.0,3.0,0.0,8.0,0.0,1.0,995.0,0.0,12.0,2.0,12.0,1.0,0.0,2T1BURHE9FC3,2015.0,448.0,2208.0,13.0,49.0,Toyota,32.0,4.0,1.0,0.0,0.0,60.0,0.0,0.0,0.0,12.0,6.0,12.0,0.0,1.0,1.0,12.0,32054.0,1.0,6.0,3.0,Valid license for this class vehicle,0.0,73.0,999.0,0.0,2.0,0.0,3.0,March,2019.0,2.0,2023.0,0.0,1.0,2.0,60.0,1.0,1.0,8.0,1.0,0.0,1.0,10.0,1.0,1.0,2.0,301.0,12.0,0.0,1.0,0.0,202305017245.0,12.0,1.0,6.0,2.0,2.0,1.0,4.0,40.0,1.0,0.0,1.0,8.0,0.0,49.0,2.0,0.0
122622,1,0,0.0,38.0,1.0,9999.0,-99.0,12.0,21.0,12.0,49.0,14.0,88.0,2.0,1.0,4.0,3.0,0.0,8.0,0.0,0.0,995.0,7.0,12.0,2.0,12.0,1.0,0.0,2T3W1RFV7LW0,2020.0,448.0,2217.0,7.0,49.0,Toyota,402.0,14.0,1.0,0.0,0.0,20.0,8.0,0.0,0.0,8.0,6.0,12.0,0.0,0.0,1.0,12.0,34105.0,1.0,6.0,3.0,Valid license for this class vehicle,3.0,68.0,999.0,0.0,0.0,0.0,0.0,No Record,0.0,0.0,0.0,0.0,2.0,2.0,45.0,1.0,1.0,8.0,98.0,20.0,1.0,17.0,99.0,1.0,1.0,504.0,12.0,1.0,1.0,0.0,202305545834.0,12.0,3.0,10.0,4.0,1.0,1.0,14.0,88.0,2.0,4.0,1.0,8.0,0.0,49.0,1.0,0.0
122622,2,0,0.0,0.0,1.0,9995.0,-99.0,12.0,21.0,12.0,12.0,34.0,58.0,1.0,1.0,2.0,3.0,0.0,1.0,0.0,0.0,995.0,0.0,12.0,2.0,12.0,1.0,0.0,1FT7W2BT0NEC,2022.0,460.0,1805.0,60.0,12.0,Ford,481.0,34.0,1.0,0.0,0.0,45.0,8.0,0.0,0.0,12.0,6.0,12.0,0.0,0.0,1.0,12.0,33982.0,1.0,6.0,3.0,Valid license for this class vehicle,0.0,71.0,999.0,0.0,0.0,0.0,0.0,No Record,0.0,0.0,0.0,0.0,2.0,3.0,45.0,1.0,1.0,8.0,1.0,0.0,1.0,66.0,99.0,1.0,1.0,503.0,12.0,0.0,1.0,0.0,202305545834.0,12.0,3.0,10.0,4.0,1.0,1.0,34.0,58.0,1.0,2.0,1.0,1.0,0.0,12.0,2.0,0.0
122642,1,0,0.0,58.0,1.0,9998.0,-99.0,12.0,86.0,12.0,49.0,4.0,29.0,1.0,1.0,4.0,3.0,0.0,8.0,0.0,9.0,0.0,6.0,12.0,2.0,12.0,1.0,0.0,JTDBR32E4420,2004.0,448.0,2208.0,13.0,49.0,Toyota,32.0,4.0,1.0,0.0,0.0,55.0,0.0,0.0,0.0,9.0,6.0,12.0,0.0,0.0,1.0,12.0,33033.0,1.0,6.0,3.0,Valid license for this class vehicle,0.0,69.0,999.0,0.0,0.0,0.0,10.0,October,2022.0,10.0,2022.0,0.0,3.0,6.0,55.0,1.0,1.0,8.0,1.0,0.0,1.0,10.0,99.0,1.0,2.0,208.0,12.0,1.0,1.0,0.0,202305520613.0,12.0,2.0,8.0,0.0,1.0,1.0,4.0,54.0,1.0,0.0,1.0,20.0,0.0,49.0,1.0,0.0
122646,1,10,99.0,6.0,1.0,9999.0,-99.0,12.0,86.0,12.0,58.0,4.0,26.0,1.0,1.0,4.0,98.0,7.0,99.0,2.0,9.0,995.0,7.0,12.0,2.0,12.0,1.0,0.0,JN1EV7AP8KM5,2019.0,480.0,1901.0,13.0,58.0,Infiniti,41.0,4.0,1.0,0.0,0.0,80.0,0.0,0.0,0.0,9.0,6.0,2.0,1.0,0.0,1.0,12.0,33023.0,1.0,6.0,3.0,Valid license for this class vehicle,0.0,70.0,999.0,0.0,0.0,0.0,0.0,No Record,0.0,0.0,0.0,4.0,2.0,3.0,45.0,1.0,1.0,8.0,2.0,0.0,1.0,6.0,99.0,4.0,2.0,301.0,12.0,2.0,1.0,0.0,202304950649.0,12.0,2.0,5.0,1.0,1.0,1.0,4.0,49.0,1.0,0.0,1.0,98.0,0.0,58.0,1.0,99.0
122646,2,0,0.0,0.0,1.0,9995.0,-99.0,12.0,86.0,12.0,49.0,14.0,38.0,2.0,1.0,3.0,3.0,0.0,8.0,0.0,0.0,995.0,0.0,12.0,2.0,12.0,1.0,0.0,5TDCZRAH2LS0,2020.0,448.0,2213.0,7.0,49.0,Toyota,403.0,14.0,1.0,0.0,0.0,45.0,0.0,0.0,0.0,12.0,6.0,12.0,0.0,0.0,1.0,12.0,33023.0,1.0,6.0,3.0,Valid license for this class vehicle,0.0,63.0,999.0,0.0,0.0,0.0,0.0,No Record,0.0,0.0,0.0,0.0,2.0,3.0,45.0,1.0,1.0,8.0,2.0,0.0,1.0,62.0,99.0,1.0,1.0,302.0,12.0,0.0,1.0,0.0,202305550836.0,12.0,5.0,11.0,4.0,10.0,1.0,14.0,38.0,2.0,3.0,1.0,8.0,0.0,49.0,2.0,98.0