ST_CASE,VEH_NO_x,DRIMPAIR_x,DRDISTRACT,DRIVERRF,PER_NO_x,DRUGRES,DRUGACTQTY,STATE_x,COUNTY,HARM_EV_x,MAKE_x,BODY_TYP_x,AGE,SEX,PER_TYP_x,INJ_SEV,REST_USE,REST_MIS,AIR_BAG_x,EJECTION,DRINKING,ALC_RES,HISPANIC,STATE_y,VE_FORMS,HARM_EV_y,NUMOCCS,HIT_RUN,VIN,MOD_YEAR,VPICMAKE,VPICMODEL,VPICBODYCLASS,MAKE_y,MAKENAME,MODEL,BODY_TYP_y,HAZ_INV,HAZ_PLAC,HAZ_ID,TRAV_SP,UNDEROVERRIDE,ROLLOVER,ROLINLOC,IMPACT1,DEFORMED,M_HARM,FIRE_EXP,DR_DRINK,DR_PRES,L_STATE,DR_ZIP,L_TYPE,L_STATUS,L_COMPL,L_COMPLNAME,L_RESTRI,DR_HGT,DR_WGT,PREV_DWI,PREV_SPD,PREV_OTH,FIRST_MO,FIRST_MONAME,FIRST_YR,LAST_MO,LAST_YR,SPEEDREL,VTRAFWAY,VNUM_LAN,VSPD_LIM,VALIGN,VPROFILE,VPAVETYP,VSURCOND,VTRAFCON,P_CRASH1,P_CRASH2,P_CRASH3,PCRASH4,PCRASH5,ACC_CONFIG,STATE,RACE,ORDER,MULTRACE,CASENUM,HARM_EV,DAY_WEEK,MONTH,MAXSEV_IM,WEATHR_IM,PER_NO_y,BODY_TYP,AGE_IM,SEX_IM,INJSEV_IM,PER_TYP_y,AIR_BAG_y,EJECT_IM,MAKE,VEH_NO_y,DRIMPAIR_y
122654,2,0,0.0,0.0,1.0,9995.0,-99.0,12.0,99.0,12.0,7.0,20.0,54.0,2.0,1.0,2.0,3.0,0.0,8.0,0.0,0.0,995.0,0.0,12.0,2.0,12.0,4.0,0.0,2C4RDGBG0ER4,2014.0,476.0,14832.0,2.0,7.0,Dodge,442.0,20.0,1.0,0.0,0.0,10.0,0.0,0.0,0.0,3.0,6.0,12.0,0.0,0.0,1.0,12.0,33430.0,7.0,6.0,3.0,Valid license for this class vehicle,0.0,65.0,999.0,0.0,0.0,0.0,0.0,No Record,0.0,0.0,0.0,0.0,1.0,3.0,45.0,1.0,1.0,8.0,1.0,3.0,1.0,66.0,99.0,1.0,1.0,502.0,12.0,0.0,1.0,0.0,202305753083.0,12.0,4.0,11.0,0.0,10.0,1.0,20.0,65.0,2.0,0.0,1.0,20.0,0.0,7.0,1.0,0.0
122655,1,0,0.0,0.0,1.0,9999.0,-99.0,12.0,86.0,12.0,35.0,4.0,74.0,2.0,1.0,4.0,3.0,0.0,8.0,0.0,0.0,995.0,7.0,12.0,2.0,12.0,1.0,0.0,3N1AB8CV8MY2,2021.0,478.0,1907.0,13.0,35.0,Nissan/Datsun,43.0,4.0,1.0,0.0,0.0,30.0,0.0,0.0,0.0,82.0,6.0,12.0,0.0,0.0,1.0,12.0,33168.0,1.0,6.0,3.0,Valid license for this class vehicle,3.0,65.0,999.0,0.0,0.0,0.0,0.0,No Record,0.0,0.0,0.0,0.0,2.0,2.0,30.0,1.0,1.0,8.0,1.0,3.0,11.0,15.0,99.0,1.0,1.0,408.0,12.0,2.0,1.0,0.0,202304666669.0,12.0,7.0,1.0,1.0,1.0,1.0,4.0,56.0,2.0,1.0,1.0,20.0,0.0,35.0,2.0,98.0
122655,2,0,0.0,0.0,1.0,9995.0,-99.0,12.0,86.0,12.0,58.0,4.0,20.0,1.0,1.0,0.0,3.0,0.0,8.0,0.0,0.0,995.0,0.0,12.0,2.0,12.0,3.0,0.0,JN1CV6AR0CM9,2012.0,480.0,2337.0,13.0,58.0,Infiniti,37.0,4.0,1.0,0.0,0.0,30.0,0.0,0.0,0.0,12.0,6.0,12.0,0.0,0.0,1.0,12.0,33167.0,1.0,6.0,3.0,Valid license for this class vehicle,0.0,72.0,999.0,0.0,0.0,0.0,11.0,November,2021.0,4.0,2023.0,0.0,2.0,3.0,30.0,1.0,3.0,8.0,1.0,3.0,1.0,65.0,99.0,1.0,1.0,409.0,12.0,0.0,1.0,0.0,202304805963.0,12.0,7.0,1.0,4.0,1.0,1.0,4.0,33.0,1.0,1.0,1.0,20.0,0.0,58.0,4.0,0.0
122657,1,0,0.0,6.0,1.0,9999.0,-99.0,12.0,3.0,32.0,12.0,34.0,19.0,1.0,1.0,4.0,20.0,7.0,1.0,0.0,0.0,995.0,7.0,12.0,1.0,32.0,1.0,0.0,1FTFW1ET8EKF,2014.0,460.0,1801.0,60.0,12.0,Ford,481.0,34.0,1.0,0.0,0.0,45.0,7.0,3.0,5.0,12.0,6.0,1.0,0.0,0.0,1.0,12.0,32040.0,1.0,6.0,3.0,Valid license for this class vehicle,0.0,77.0,999.0,0.0,0.0,0.0,0.0,No Record,0.0,0.0,0.0,0.0,1.0,2.0,45.0,1.0,1.0,8.0,1.0,0.0,1.0,12.0,99.0,1.0,4.0,102.0,12.0,1.0,1.0,0.0,202305098520.0,12.0,4.0,7.0,0.0,1.0,1.0,34.0,54.0,1.0,0.0,1.0,20.0,2.0,12.0,2.0,0.0
122663,1,99,99.0,0.0,1.0,9999.0,-99.0,12.0,73.0,33.0,49.0,14.0,24.0,1.0,1.0,4.0,3.0,0.0,8.0,0.0,0.0,995.0,7.0,12.0,1.0,33.0,2.0,0.0,2T3H1RFV4MC1,2021.0,448.0,2217.0,7.0,49.0,Toyota,402.0,14.0,1.0,0.0,0.0,998.0,7.0,0.0,0.0,12.0,6.0,24.0,0.0,0.0,1.0,12.0,32303.0,1.0,6.0,3.0,Valid license for this class vehicle,0.0,62.0,999.0,0.0,1.0,0.0,3.0,March,2021.0,3.0,2021.0,0.0,6.0,2.0,45.0,1.0,1.0,8.0,1.0,3.0,1.0,13.0,99.0,1.0,4.0,101.0,12.0,1.0,1.0,0.0,202304705687.0,12.0,4.0,1.0,0.0,1.0,1.0,14.0,72.0,2.0,0.0,1.0,20.0,0.0,49.0,1.0,0.0
122672,1,0,0.0,48.0,1.0,9995.0,-99.0,12.0,86.0,12.0,35.0,14.0,75.0,1.0,1.0,1.0,3.0,0.0,20.0,0.0,0.0,995.0,0.0,12.0,2.0,12.0,2.0,0.0,5N1DR2MNXKC6,2019.0,478.0,1911.0,7.0,35.0,Nissan/Datsun,401.0,14.0,1.0,0.0,0.0,10.0,7.0,0.0,0.0,1.0,6.0,12.0,0.0,0.0,1.0,12.0,33140.0,1.0,3.0,2.0,No valid license for this class vehicle,0.0,74.0,999.0,0.0,0.0,0.0,0.0,No Record,0.0,0.0,0.0,0.0,2.0,3.0,30.0,1.0,1.0,8.0,1.0,0.0,11.0,15.0,99.0,1.0,1.0,401.0,12.0,0.0,1.0,0.0,202305607203.0,12.0,3.0,11.0,1.0,1.0,1.0,14.0,35.0,2.0,0.0,1.0,20.0,0.0,35.0,2.0,0.0
122673,1,0,99.0,0.0,1.0,9999.0,-99.0,12.0,57.0,34.0,49.0,34.0,59.0,1.0,1.0,4.0,8.0,0.0,20.0,0.0,9.0,995.0,7.0,12.0,1.0,34.0,1.0,0.0,5TBRN34132S2,2002.0,448.0,2467.0,60.0,49.0,Toyota,482.0,34.0,1.0,0.0,0.0,65.0,7.0,3.0,3.0,12.0,6.0,1.0,0.0,0.0,1.0,12.0,33570.0,1.0,6.0,3.0,Valid license for this class vehicle,3.0,68.0,999.0,0.0,0.0,2.0,2.0,February,2020.0,9.0,2022.0,0.0,2.0,2.0,65.0,1.0,1.0,8.0,1.0,0.0,1.0,13.0,6.0,9.0,4.0,102.0,12.0,1.0,1.0,0.0,202305309486.0,12.0,5.0,10.0,1.0,10.0,1.0,34.0,36.0,1.0,1.0,1.0,20.0,0.0,49.0,1.0,0.0
122684,2,0,0.0,0.0,1.0,0.0,-99.0,12.0,85.0,12.0,37.0,4.0,16.0,1.0,1.0,1.0,3.0,0.0,8.0,0.0,0.0,995.0,0.0,12.0,3.0,12.0,1.0,0.0,1HGCM66427A0,2007.0,474.0,1861.0,13.0,37.0,Honda,32.0,4.0,1.0,0.0,0.0,5.0,0.0,0.0,0.0,3.0,6.0,12.0,0.0,0.0,1.0,12.0,34997.0,1.0,6.0,3.0,Valid license for this class vehicle,0.0,68.0,999.0,0.0,0.0,0.0,0.0,No Record,0.0,0.0,0.0,0.0,2.0,3.0,35.0,1.0,1.0,8.0,1.0,0.0,11.0,15.0,1.0,1.0,1.0,401.0,12.0,0.0,1.0,0.0,202305075769.0,12.0,6.0,6.0,1.0,1.0,1.0,4.0,26.0,1.0,0.0,1.0,20.0,0.0,37.0,2.0,98.0
122689,1,9,0.0,6.0,1.0,1.0,-99.0,12.0,31.0,46.0,35.0,4.0,41.0,1.0,1.0,4.0,20.0,7.0,8.0,0.0,1.0,130.0,7.0,12.0,1.0,46.0,1.0,0.0,1N4BL4CVXLC1,2020.0,478.0,1904.0,13.0,35.0,Nissan/Datsun,47.0,4.0,1.0,0.0,0.0,45.0,7.0,0.0,0.0,12.0,6.0,46.0,0.0,1.0,1.0,12.0,32097.0,1.0,6.0,3.0,Valid license for this class vehicle,0.0,72.0,999.0,0.0,1.0,0.0,10.0,October,2020.0,10.0,2020.0,0.0,2.0,2.0,45.0,1.0,1.0,8.0,1.0,3.0,1.0,13.0,99.0,1.0,4.0,101.0,12.0,2.0,1.0,0.0,202304925169.0,59.0,7.0,4.0,0.0,1.0,1.0,4.0,46.0,1.0,0.0,1.0,20.0,0.0,35.0,1.0,98.0
122691,1,9,0.0,39.0,1.0,1.0,-99.0,12.0,83.0,12.0,72.0,80.0,55.0,1.0,1.0,1.0,20.0,7.0,20.0,8.0,1.0,90.0,0.0,12.0,2.0,12.0,1.0,0.0,1HD1KB41X8Y6,2008.0,3888.0,8515.0,81.0,72.0,Harley-Davidson,706.0,80.0,1.0,0.0,0.0,95.0,7.0,8.0,8.0,12.0,6.0,12.0,0.0,1.0,1.0,12.0,34420.0,1.0,6.0,3.0,Valid license for this class vehicle,0.0,68.0,999.0,0.0,0.0,0.0,0.0,No Record,0.0,0.0,0.0,3.0,2.0,2.0,45.0,1.0,1.0,8.0,1.0,3.0,1.0,67.0,99.0,1.0,1.0,415.0,12.0,0.0,1.0,0.0,202305065228.0,25.0,5.0,6.0,2.0,1.0,1.0,80.0,32.0,1.0,2.0,1.0,20.0,8.0,72.0,1.0,0.0
122694,1,0,99.0,38.0,1.0,9995.0,-99.0,12.0,105.0,54.0,12.0,15.0,48.0,1.0,1.0,0.0,3.0,0.0,20.0,0.0,0.0,995.0,0.0,12.0,2.0,54.0,2.0,0.0,1FMPU15565LB,2005.0,460.0,1799.0,7.0,12.0,Ford,422.0,15.0,1.0,0.0,0.0,998.0,7.0,0.0,0.0,12.0,6.0,54.0,0.0,0.0,1.0,12.0,33881.0,1.0,6.0,3.0,Valid license for this class vehicle,3.0,75.0,999.0,0.0,0.0,0.0,0.0,No Record,0.0,0.0,0.0,0.0,1.0,2.0,35.0,1.0,1.0,8.0,1.0,0.0,11.0,15.0,99.0,1.0,1.0,998.0,12.0,0.0,1.0,0.0,202305123822.0,12.0,3.0,5.0,0.0,1.0,1.0,15.0,20.0,2.0,0.0,1.0,20.0,0.0,12.0,1.0,0.0
122698,1,0,0.0,34.0,1.0,9999.0,-99.0,12.0,69.0,12.0,2.0,14.0,17.0,1.0,1.0,4.0,3.0,0.0,8.0,0.0,9.0,995.0,7.0,12.0,2.0,12.0,2.0,0.0,1C4BJWDG8GL3,2016.0,483.0,1943.0,7.0,2.0,Jeep / Kaiser-Jeep / Willys- Jeep,403.0,14.0,1.0,0.0,0.0,45.0,0.0,3.0,5.0,5.0,6.0,1.0,0.0,0.0,1.0,12.0,34788.0,1.0,6.0,3.0,Valid license for this class vehicle,0.0,65.0,999.0,0.0,0.0,0.0,0.0,No Record,0.0,0.0,0.0,0.0,1.0,2.0,45.0,1.0,1.0,8.0,1.0,0.0,6.0,10.0,7.0,1.0,2.0,207.0,12.0,1.0,1.0,0.0,202304647560.0,12.0,3.0,1.0,0.0,10.0,1.0,14.0,24.0,1.0,0.0,1.0,20.0,0.0,2.0,2.0,0.0
122707,1,99,99.0,36.0,1.0,9998.0,-99.0,12.0,35.0,12.0,49.0,4.0,30.0,1.0,1.0,4.0,3.0,0.0,8.0,0.0,0.0,0.0,7.0,12.0,2.0,12.0,1.0,0.0,4T1BF28B22U2,2002.0,448.0,2465.0,13.0,49.0,Toyota,43.0,4.0,1.0,0.0,0.0,100.0,0.0,0.0,0.0,12.0,6.0,12.0,0.0,0.0,1.0,12.0,32808.0,0.0,0.0,0.0,Not licensed,0.0,67.0,999.0,0.0,0.0,0.0,0.0,No Record,0.0,0.0,0.0,0.0,3.0,3.0,70.0,1.0,6.0,8.0,1.0,0.0,2.0,51.0,99.0,1.0,1.0,202.0,12.0,1.0,1.0,0.0,202305150392.0,12.0,7.0,7.0,2.0,1.0,1.0,4.0,19.0,1.0,2.0,1.0,9.0,0.0,49.0,3.0,98.0
122709,1,99,99.0,39.0,1.0,1.0,-99.0,12.0,57.0,12.0,7.0,4.0,30.0,1.0,1.0,4.0,20.0,7.0,1.0,1.0,9.0,20.0,1.0,12.0,2.0,12.0,2.0,0.0,2B3KA43R48H2,2008.0,476.0,1895.0,13.0,7.0,Dodge,24.0,4.0,1.0,0.0,0.0,20.0,8.0,0.0,0.0,9.0,6.0,12.0,0.0,1.0,1.0,13.0,31774.0,0.0,0.0,0.0,Not licensed,0.0,999.0,999.0,0.0,0.0,0.0,0.0,No Record,0.0,0.0,0.0,0.0,1.0,2.0,25.0,1.0,1.0,8.0,98.0,20.0,1.0,17.0,99.0,1.0,1.0,504.0,12.0,1.0,1.0,0.0,202305568675.0,12.0,7.0,11.0,4.0,1.0,1.0,4.0,30.0,1.0,4.0,1.0,1.0,1.0,7.0,1.0,99.0
122717,1,99,0.0,36.0,1.0,9997.0,-99.0,12.0,127.0,30.0,49.0,4.0,21.0,1.0,1.0,4.0,3.0,0.0,8.0,0.0,0.0,0.0,7.0,12.0,1.0,30.0,1.0,0.0,4T1BF1FKXDU7,2013.0,448.0,2469.0,13.0,49.0,Toyota,40.0,4.0,1.0,0.0,0.0,70.0,7.0,0.0,0.0,12.0,6.0,30.0,0.0,0.0,1.0,12.0,34952.0,1.0,1.0,2.0,No valid license for this class vehicle,0.0,69.0,999.0,0.0,0.0,0.0,1.0,January,2022.0,8.0,2023.0,0.0,3.0,6.0,70.0,1.0,1.0,8.0,1.0,0.0,1.0,13.0,99.0,1.0,4.0,101.0,12.0,1.0,1.0,0.0,202305381729.0,12.0,7.0,9.0,0.0,1.0,1.0,4.0,48.0,1.0,0.0,1.0,20.0,0.0,49.0,2.0,0.0
122718,1,99,93.0,6.0,1.0,9999.0,-99.0,12.0,71.0,42.0,20.0,4.0,88.0,1.0,1.0,4.0,20.0,7.0,20.0,0.0,0.0,995.0,99.0,12.0,1.0,42.0,2.0,0.0,2G1WC57M0912,2009.0,467.0,1833.0,13.0,20.0,Chevrolet,2.0,4.0,1.0,0.0,0.0,20.0,7.0,0.0,0.0,12.0,9.0,3.0,0.0,0.0,1.0,20.0,66049.0,1.0,6.0,3.0,Valid license for this class vehicle,3.0,70.0,999.0,0.0,0.0,0.0,0.0,No Record,0.0,0.0,0.0,0.0,2.0,2.0,30.0,1.0,1.0,8.0,1.0,0.0,1.0,13.0,99.0,1.0,4.0,101.0,12.0,99.0,1.0,0.0,202305568715.0,42.0,1.0,11.0,4.0,1.0,1.0,4.0,42.0,1.0,4.0,1.0,99.0,0.0,20.0,1.0,99.0
122727,1,0,0.0,38.0,1.0,0.0,-99.0,12.0,31.0,12.0,20.0,4.0,20.0,2.0,1.0,0.0,3.0,0.0,8.0,0.0,0.0,996.0,0.0,12.0,2.0,12.0,1.0,0.0,1G1ZD5ST2NF1,2022.0,467.0,1834.0,13.0,20.0,Chevrolet,37.0,4.0,1.0,0.0,0.0,15.0,7.0,0.0,0.0,1.0,6.0,12.0,0.0,0.0,1.0,12.0,32222.0,1.0,1.0,2.0,No valid license for this class vehicle,3.0,63.0,999.0,0.0,0.0,0.0,8.0,August,2021.0,11.0,2022.0,0.0,3.0,3.0,45.0,1.0,1.0,8.0,1.0,3.0,11.0,15.0,99.0,1.0,2.0,401.0,12.0,0.0,1.0,0.0,202305141815.0,12.0,3.0,5.0,0.0,2.0,1.0,4.0,27.0,1.0,0.0,1.0,20.0,0.0,20.0,1.0,0.0
122730,1,99,0.0,0.0,1.0,1.0,-99.0,12.0,57.0,12.0,12.0,14.0,53.0,2.0,1.0,4.0,3.0,0.0,8.0,0.0,0.0,0.0,7.0,12.0,2.0,12.0,1.0,0.0,1FMCU0EZ3NUB,2022.0,460.0,1798.0,7.0,12.0,Ford,402.0,14.0,1.0,0.0,0.0,25.0,8.0,0.0,0.0,3.0,6.0,12.0,0.0,0.0,1.0,15.0,96761.0,1.0,6.0,3.0,Valid license for this class vehicle,0.0,62.0,265.0,0.0,0.0,0.0,0.0,No Record,0.0,0.0,0.0,0.0,2.0,3.0,60.0,1.0,1.0,8.0,1.0,0.0,11.0,15.0,99.0,1.0,1.0,401.0,12.0,1.0,1.0,0.0,202305603180.0,12.0,1.0,10.0,4.0,1.0,1.0,14.0,53.0,2.0,4.0,1.0,8.0,0.0,12.0,1.0,99.0
122730,2,99,99.0,0.0,1.0,0.0,-99.0,12.0,57.0,12.0,7.0,15.0,27.0,2.0,1.0,3.0,3.0,0.0,99.0,0.0,0.0,996.0,0.0,12.0,2.0,12.0,2.0,0.0,1D8HB58D84F2,2004.0,476.0,3508.0,7.0,7.0,Dodge,422.0,15.0,1.0,0.0,0.0,60.0,8.0,0.0,0.0,12.0,6.0,12.0,0.0,0.0,1.0,12.0,33570.0,0.0,0.0,0.0,Not licensed,0.0,67.0,999.0,0.0,0.0,1.0,7.0,July,2019.0,10.0,2019.0,0.0,2.0,2.0,60.0,1.0,1.0,8.0,1.0,0.0,1.0,62.0,7.0,1.0,1.0,402.0,12.0,0.0,1.0,0.0,202305603180.0,12.0,1.0,10.0,4.0,1.0,1.0,15.0,27.0,2.0,3.0,1.0,99.0,0.0,7.0,2.0,99.0
122731,1,99,99.0,28.0,1.0,1.0,-99.0,12.0,57.0,12.0,49.0,34.0,29.0,1.0,1.0,4.0,1.0,0.0,1.0,0.0,9.0,0.0,1.0,12.0,3.0,12.0,4.0,0.0,3TMJU62N29M0,2009.0,448.0,2223.0,60.0,49.0,Toyota,472.0,34.0,1.0,0.0,0.0,60.0,0.0,0.0,0.0,12.0,6.0,12.0,0.0,0.0,1.0,12.0,33834.0,0.0,0.0,0.0,Not licensed,0.0,999.0,999.0,0.0,0.0,0.0,0.0,No Record,0.0,0.0,0.0,0.0,1.0,2.0,60.0,1.0,5.0,8.0,1.0,0.0,1.0,10.0,99.0,1.0,2.0,301.0,12.0,1.0,1.0,0.0,202305547481.0,8.0,3.0,12.0,1.0,1.0,1.0,34.0,30.0,1.0,0.0,1.0,20.0,0.0,49.0,2.0,0.0
122746,2,99,0.0,0.0,1.0,9999.0,-99.0,12.0,71.0,12.0,12.0,14.0,68.0,2.0,1.0,4.0,3.0,0.0,99.0,0.0,0.0,995.0,7.0,12.0,2.0,12.0,4.0,0.0,1FMCU0H65LUB,2020.0,460.0,1798.0,7.0,12.0,Ford,402.0,14.0,1.0,0.0,0.0,15.0,7.0,0.0,0.0,2.0,6.0,12.0,1.0,0.0,1.0,12.0,34135.0,1.0,6.0,3.0,Valid license for this class vehicle,3.0,64.0,999.0,0.0,0.0,0.0,0.0,No Record,0.0,0.0,0.0,0.0,2.0,3.0,50.0,1.0,1.0,8.0,1.0,0.0,11.0,15.0,99.0,1.0,1.0,401.0,12.0,1.0,1.0,0.0,202305054890.0,12.0,5.0,6.0,3.0,1.0,1.0,14.0,43.0,2.0,3.0,1.0,8.0,0.0,12.0,2.0,98.0
122760,1,99,99.0,28.0,1.0,9999.0,-99.0,12.0,99.0,35.0,34.0,14.0,28.0,1.0,1.0,4.0,3.0,0.0,20.0,0.0,9.0,995.0,6.0,12.0,1.0,35.0,1.0,0.0,WBXPC93487WF,2007.0,452.0,1719.0,7.0,34.0,BMW,402.0,14.0,1.0,0.0,0.0,998.0,7.0,3.0,5.0,12.0,6.0,1.0,0.0,0.0,1.0,12.0,33463.0,1.0,6.0,3.0,Valid license for this class vehicle,0.0,68.0,999.0,0.0,0.0,0.0,0.0,No Record,0.0,0.0,0.0,0.0,1.0,2.0,40.0,1.0,1.0,8.0,2.0,0.0,1.0,9.0,6.0,1.0,4.0,102.0,12.0,2.0,1.0,0.0,202304877179.0,12.0,7.0,1.0,1.0,1.0,1.0,14.0,64.0,2.0,1.0,1.0,20.0,0.0,34.0,2.0,98.0
122763,1,0,99.0,102.0,1.0,9999.0,-99.0,12.0,1.0,12.0,37.0,80.0,29.0,1.0,1.0,4.0,20.0,7.0,20.0,8.0,9.0,995.0,7.0,12.0,3.0,12.0,1.0,0.0,JH2SC59078M0,2008.0,474.0,11975.0,80.0,37.0,Honda,706.0,80.0,1.0,0.0,0.0,65.0,7.0,8.0,8.0,12.0,6.0,12.0,0.0,0.0,1.0,12.0,32605.0,1.0,6.0,3.0,Valid license for this class vehicle,0.0,68.0,999.0,0.0,0.0,0.0,0.0,No Record,0.0,0.0,0.0,3.0,2.0,3.0,45.0,1.0,6.0,8.0,1.0,0.0,1.0,62.0,99.0,1.0,1.0,402.0,12.0,1.0,1.0,0.0,202305142853.0,12.0,7.0,6.0,1.0,1.0,1.0,80.0,36.0,1.0,1.0,1.0,20.0,8.0,37.0,2.0,0.0
122771,1,99,99.0,0.0,1.0,9999.0,-99.0,12.0,1.0,12.0,12.0,34.0,23.0,1.0,1.0,4.0,3.0,0.0,1.0,0.0,9.0,995.0,7.0,12.0,2.0,12.0,1.0,0.0,1FMZU67E73UC,2003.0,460.0,1804.0,7.0,12.0,Ford,473.0,34.0,1.0,0.0,0.0,60.0,0.0,3.0,1.0,12.0,6.0,12.0,0.0,0.0,1.0,12.0,32605.0,1.0,6.0,3.0,Valid license for this class vehicle,3.0,72.0,999.0,0.0,0.0,0.0,0.0,No Record,0.0,0.0,0.0,0.0,2.0,2.0,60.0,1.0,1.0,8.0,1.0,0.0,1.0,12.0,1.0,1.0,2.0,301.0,12.0,1.0,1.0,0.0,202305069729.0,8.0,5.0,6.0,2.0,1.0,1.0,34.0,66.0,2.0,0.0,1.0,20.0,0.0,12.0,1.0,98.0
122771,2,0,0.0,0.0,1.0,0.0,-99.0,12.0,1.0,12.0,12.0,34.0,43.0,1.0,1.0,2.0,3.0,0.0,2.0,0.0,0.0,996.0,0.0,12.0,2.0,12.0,3.0,0.0,1FTFW1E50MFB,2021.0,460.0,1801.0,60.0,12.0,Ford,481.0,34.0,1.0,0.0,0.0,60.0,0.0,0.0,0.0,12.0,6.0,12.0,0.0,0.0,1.0,24.0,21625.0,1.0,6.0,3.0,Valid license for this class vehicle,0.0,70.0,200.0,0.0,0.0,0.0,0.0,No Record,0.0,0.0,0.0,0.0,2.0,2.0,60.0,1.0,1.0,8.0,1.0,0.0,1.0,62.0,1.0,1.0,1.0,302.0,12.0,0.0,1.0,0.0,202305331005.0,12.0,3.0,10.0,0.0,1.0,1.0,34.0,41.0,1.0,0.0,1.0,20.0,0.0,12.0,2.0,0.0
122784,1,0,0.0,38.0,1.0,9999.0,-99.0,12.0,17.0,12.0,6.0,4.0,72.0,2.0,1.0,4.0,3.0,0.0,8.0,0.0,0.0,995.0,7.0,12.0,2.0,12.0,1.0,0.0,2C3CCAAG7EH3,2014.0,477.0,1878.0,13.0,6.0,Chrysler,51.0,4.0,1.0,0.0,0.0,10.0,0.0,0.0,0.0,11.0,6.0,12.0,0.0,0.0,1.0,12.0,34428.0,1.0,6.0,3.0,Valid license for this class vehicle,0.0,67.0,999.0,0.0,1.0,0.0,10.0,October,2020.0,10.0,2020.0,0.0,1.0,2.0,25.0,1.0,1.0,8.0,1.0,20.0,11.0,15.0,99.0,1.0,1.0,414.0,12.0,1.0,1.0,0.0,202305252879.0,12.0,2.0,9.0,0.0,1.0,1.0,4.0,70.0,1.0,0.0,1.0,20.0,0.0,6.0,2.0,0.0
122786,1,0,0.0,36.0,1.0,9999.0,-99.0,12.0,86.0,30.0,37.0,5.0,74.0,1.0,1.0,4.0,3.0,0.0,8.0,0.0,0.0,995.0,2.0,12.0,1.0,30.0,2.0,0.0,JHMGE88479S0,2009.0,474.0,2127.0,5.0,37.0,Honda,39.0,5.0,1.0,0.0,0.0,35.0,7.0,0.0,0.0,12.0,6.0,30.0,0.0,0.0,1.0,12.0,33177.0,1.0,6.0,3.0,Valid license for this class vehicle,3.0,67.0,999.0,0.0,0.0,0.0,0.0,No Record,0.0,0.0,0.0,0.0,3.0,2.0,40.0,1.0,1.0,8.0,1.0,3.0,1.0,13.0,99.0,1.0,4.0,101.0,12.0,1.0,1.0,0.0,202304883455.0,12.0,4.0,3.0,1.0,1.0,1.0,5.0,36.0,2.0,1.0,1.0,1.0,0.0,37.0,1.0,0.0
122795,1,0,99.0,0.0,1.0,9999.0,-99.0,12.0,86.0,42.0,49.0,4.0,34.0,1.0,1.0,4.0,20.0,7.0,8.0,0.0,0.0,995.0,5.0,12.0,1.0,42.0,1.0,0.0,2T1BU4EE4AC3,2010.0,448.0,2208.0,13.0,49.0,Toyota,32.0,4.0,1.0,0.0,0.0,35.0,7.0,0.0,0.0,12.0,6.0,42.0,0.0,0.0,1.0,97.0,0.0,9.0,9.0,9.0,Unknown,9.0,999.0,999.0,99.0,99.0,99.0,99.0,Unknown,9999.0,99.0,9999.0,0.0,1.0,2.0,35.0,1.0,1.0,8.0,1.0,0.0,1.0,9.0,99.0,2.0,4.0,102.0,12.0,1.0,1.0,0.0,202305362257.0,12.0,4.0,8.0,0.0,1.0,1.0,4.0,53.0,1.0,0.0,1.0,20.0,0.0,49.0,2.0,0.0
122797,1,0,0.0,39.0,1.0,9995.0,-99.0,12.0,86.0,12.0,12.0,5.0,23.0,1.0,1.0,0.0,3.0,0.0,7.0,0.0,0.0,995.0,0.0,12.0,2.0,12.0,1.0,0.0,1FADP3K25JL3,2018.0,460.0,1779.0,5.0,12.0,Ford,37.0,5.0,1.0,0.0,0.0,30.0,0.0,0.0,0.0,1.0,6.0,12.0,0.0,0.0,1.0,12.0,33010.0,1.0,6.0,3.0,Valid license for this class vehicle,0.0,69.0,999.0,0.0,0.0,0.0,0.0,No Record,0.0,0.0,0.0,0.0,2.0,2.0,35.0,1.0,1.0,8.0,1.0,3.0,1.0,17.0,99.0,1.0,1.0,502.0,12.0,0.0,1.0,0.0,202304841205.0,12.0,1.0,4.0,0.0,1.0,1.0,5.0,30.0,1.0,0.0,1.0,20.0,0.0,12.0,1.0,0.0
122802,2,0,0.0,0.0,1.0,0.0,-99.0,12.0,9.0,12.0,7.0,6.0,32.0,1.0,1.0,2.0,3.0,0.0,8.0,0.0,0.0,996.0,0.0,12.0,2.0,12.0,1.0,0.0,3C4PDCBGXGT1,2016.0,476.0,1939.0,7.0,7.0,Dodge,27.0,6.0,1.0,0.0,0.0,55.0,0.0,3.0,2.0,12.0,6.0,12.0,0.0,0.0,1.0,12.0,32926.0,1.0,6.0,3.0,Valid license for this class vehicle,3.0,64.0,999.0,0.0,0.0,0.0,0.0,No Record,0.0,0.0,0.0,0.0,3.0,4.0,55.0,1.0,1.0,8.0,2.0,0.0,2.0,17.0,5.0,4.0,2.0,998.0,12.0,0.0,1.0,0.0,202305388304.0,12.0,3.0,9.0,0.0,1.0,1.0,6.0,30.0,2.0,0.0,1.0,9.0,0.0,7.0,2.0,0.0