ST_CASE,VEH_NO_x,DRIMPAIR_x,DRDISTRACT,DRIVERRF,PER_NO_x,DRUGRES,DRUGACTQTY,STATE_x,COUNTY,HARM_EV_x,MAKE_x,BODY_TYP_x,AGE,SEX,PER_TYP_x,INJ_SEV,REST_USE,REST_MIS,AIR_BAG_x,EJECTION,DRINKING,ALC_RES,HISPANIC,STATE_y,VE_FORMS,HARM_EV_y,NUMOCCS,HIT_RUN,VIN,MOD_YEAR,VPICMAKE,VPICMODEL,VPICBODYCLASS,MAKE_y,MAKENAME,MODEL,BODY_TYP_y,HAZ_INV,HAZ_PLAC,HAZ_ID,TRAV_SP,UNDEROVERRIDE,ROLLOVER,ROLINLOC,IMPACT1,DEFORMED,M_HARM,FIRE_EXP,DR_DRINK,DR_PRES,L_STATE,DR_ZIP,L_TYPE,L_STATUS,L_COMPL,L_COMPLNAME,L_RESTRI,DR_HGT,DR_WGT,PREV_DWI,PREV_SPD,PREV_OTH,FIRST_MO,FIRST_MONAME,FIRST_YR,LAST_MO,LAST_YR,SPEEDREL,VTRAFWAY,VNUM_LAN,VSPD_LIM,VALIGN,VPROFILE,VPAVETYP,VSURCOND,VTRAFCON,P_CRASH1,P_CRASH2,P_CRASH3,PCRASH4,PCRASH5,ACC_CONFIG,STATE,RACE,ORDER,MULTRACE,CASENUM,HARM_EV,DAY_WEEK,MONTH,MAXSEV_IM,WEATHR_IM,PER_NO_y,BODY_TYP,AGE_IM,SEX_IM,INJSEV_IM,PER_TYP_y,AIR_BAG_y,EJECT_IM,MAKE,VEH_NO_y,DRIMPAIR_y
122809,4,0,0.0,0.0,1.0,0.0,-99.0,12.0,99.0,12.0,20.0,4.0,41.0,2.0,1.0,0.0,20.0,7.0,20.0,0.0,0.0,996.0,0.0,12.0,7.0,12.0,2.0,0.0,1G1ZD5ST6PF1,2023.0,467.0,1834.0,13.0,20.0,Chevrolet,37.0,4.0,1.0,0.0,0.0,65.0,7.0,0.0,0.0,12.0,6.0,54.0,0.0,0.0,1.0,12.0,33169.0,1.0,6.0,3.0,Valid license for this class vehicle,3.0,70.0,999.0,0.0,0.0,0.0,0.0,No Record,0.0,0.0,0.0,0.0,3.0,7.0,65.0,1.0,1.0,8.0,1.0,0.0,1.0,98.0,99.0,1.0,1.0,998.0,12.0,0.0,1.0,0.0,202305482959.0,12.0,7.0,10.0,0.0,1.0,1.0,4.0,41.0,1.0,0.0,1.0,20.0,0.0,20.0,2.0,0.0
122819,1,0,0.0,6.0,1.0,9999.0,-99.0,12.0,95.0,33.0,12.0,4.0,31.0,1.0,1.0,4.0,20.0,7.0,1.0,0.0,9.0,995.0,2.0,12.0,1.0,33.0,1.0,0.0,1FADP3F28EL4,2014.0,460.0,1779.0,13.0,12.0,Ford,37.0,4.0,1.0,0.0,0.0,45.0,7.0,0.0,0.0,12.0,6.0,46.0,0.0,0.0,1.0,12.0,32824.0,1.0,1.0,2.0,No valid license for this class vehicle,0.0,71.0,999.0,0.0,0.0,0.0,11.0,November,2021.0,8.0,2022.0,0.0,2.0,3.0,45.0,1.0,1.0,8.0,1.0,3.0,1.0,13.0,99.0,1.0,4.0,101.0,12.0,1.0,1.0,0.0,202304914679.0,12.0,1.0,5.0,0.0,1.0,1.0,4.0,44.0,1.0,0.0,1.0,8.0,0.0,12.0,2.0,0.0
122827,2,0,0.0,0.0,1.0,0.0,-99.0,12.0,83.0,12.0,12.0,34.0,33.0,1.0,1.0,2.0,3.0,0.0,1.0,0.0,0.0,996.0,0.0,12.0,2.0,12.0,1.0,0.0,1FTEF15NXSNB,1995.0,460.0,1801.0,60.0,12.0,Ford,481.0,34.0,1.0,0.0,0.0,45.0,0.0,0.0,0.0,12.0,6.0,12.0,0.0,0.0,1.0,12.0,34488.0,1.0,6.0,3.0,Valid license for this class vehicle,0.0,71.0,999.0,0.0,0.0,0.0,11.0,November,2019.0,11.0,2019.0,0.0,2.0,2.0,45.0,1.0,1.0,8.0,1.0,3.0,1.0,62.0,99.0,1.0,1.0,402.0,12.0,0.0,1.0,0.0,202305543685.0,14.0,6.0,10.0,0.0,1.0,1.0,34.0,79.0,1.0,0.0,1.0,20.0,0.0,12.0,2.0,0.0
122870,1,99,0.0,0.0,1.0,9999.0,-99.0,12.0,57.0,12.0,12.0,14.0,68.0,2.0,1.0,4.0,8.0,0.0,8.0,0.0,9.0,995.0,7.0,12.0,2.0,12.0,1.0,0.0,1FMCU0G61NUB,2022.0,460.0,1798.0,7.0,12.0,Ford,402.0,14.0,1.0,0.0,0.0,70.0,0.0,0.0,0.0,2.0,6.0,2.0,1.0,0.0,1.0,12.0,33805.0,1.0,6.0,3.0,Valid license for this class vehicle,3.0,70.0,999.0,0.0,2.0,0.0,8.0,August,2019.0,6.0,2021.0,0.0,3.0,6.0,70.0,1.0,1.0,8.0,1.0,0.0,15.0,11.0,1.0,1.0,2.0,208.0,12.0,2.0,1.0,0.0,202305525496.0,12.0,7.0,12.0,0.0,1.0,1.0,14.0,60.0,2.0,0.0,1.0,20.0,0.0,12.0,2.0,98.0
122870,2,0,0.0,0.0,1.0,0.0,-99.0,12.0,57.0,12.0,37.0,2.0,22.0,1.0,1.0,0.0,3.0,0.0,20.0,0.0,0.0,996.0,0.0,12.0,2.0,12.0,1.0,0.0,1HGCT1B8XEA0,2014.0,474.0,1861.0,3.0,37.0,Honda,32.0,2.0,1.0,0.0,0.0,70.0,0.0,0.0,0.0,10.0,6.0,12.0,0.0,0.0,1.0,12.0,33578.0,1.0,6.0,3.0,Valid license for this class vehicle,0.0,67.0,999.0,0.0,0.0,0.0,0.0,No Record,0.0,0.0,0.0,0.0,3.0,6.0,70.0,1.0,1.0,8.0,1.0,0.0,1.0,61.0,1.0,1.0,1.0,207.0,12.0,0.0,1.0,0.0,202304664872.0,14.0,5.0,1.0,0.0,1.0,1.0,2.0,29.0,1.0,0.0,1.0,20.0,0.0,37.0,1.0,98.0
122881,1,9,99.0,51.0,1.0,1.0,-99.0,12.0,105.0,12.0,7.0,4.0,34.0,1.0,1.0,4.0,20.0,7.0,1.0,0.0,1.0,100.0,2.0,12.0,2.0,12.0,1.0,0.0,2B3CL3CG6BH5,2011.0,476.0,1895.0,13.0,7.0,Dodge,24.0,4.0,1.0,0.0,0.0,998.0,0.0,0.0,0.0,12.0,6.0,12.0,0.0,1.0,1.0,12.0,34758.0,1.0,6.0,3.0,Valid license for this class vehicle,0.0,71.0,999.0,0.0,1.0,0.0,7.0,July,2022.0,7.0,2022.0,0.0,1.0,2.0,55.0,1.0,1.0,8.0,1.0,0.0,1.0,10.0,99.0,1.0,2.0,301.0,12.0,1.0,1.0,0.0,202305645790.0,12.0,6.0,12.0,0.0,1.0,1.0,4.0,28.0,1.0,0.0,1.0,20.0,0.0,7.0,2.0,98.0
122898,1,0,0.0,38.0,1.0,9995.0,-99.0,12.0,86.0,12.0,18.0,14.0,56.0,2.0,1.0,0.0,3.0,0.0,20.0,0.0,0.0,995.0,0.0,12.0,2.0,12.0,3.0,0.0,KL4CJASB1EB6,2014.0,468.0,1842.0,7.0,18.0,Buick / Opel,404.0,14.0,1.0,0.0,0.0,998.0,7.0,0.0,0.0,11.0,2.0,12.0,0.0,0.0,1.0,12.0,33134.0,1.0,6.0,3.0,Valid license for this class vehicle,0.0,68.0,999.0,0.0,0.0,0.0,0.0,No Record,0.0,0.0,0.0,0.0,1.0,2.0,25.0,1.0,1.0,8.0,1.0,0.0,11.0,15.0,99.0,1.0,1.0,414.0,12.0,0.0,1.0,0.0,202305020145.0,12.0,1.0,4.0,1.0,10.0,1.0,14.0,52.0,1.0,0.0,1.0,99.0,0.0,18.0,1.0,99.0
122908,1,99,0.0,51.0,1.0,5997.0,-99.0,12.0,31.0,12.0,49.0,4.0,25.0,2.0,1.0,0.0,20.0,7.0,1.0,0.0,9.0,160.0,0.0,12.0,3.0,12.0,1.0,0.0,4T4BF3EK7BR1,2011.0,448.0,2469.0,13.0,49.0,Toyota,40.0,4.0,1.0,0.0,0.0,55.0,0.0,0.0,0.0,12.0,6.0,12.0,0.0,1.0,1.0,12.0,32209.0,1.0,6.0,3.0,Valid license for this class vehicle,3.0,64.0,999.0,0.0,1.0,0.0,4.0,April,2021.0,7.0,2021.0,0.0,3.0,3.0,55.0,2.0,1.0,8.0,1.0,0.0,14.0,54.0,1.0,1.0,1.0,303.0,12.0,0.0,1.0,0.0,202305246600.0,12.0,5.0,7.0,2.0,10.0,1.0,4.0,25.0,1.0,2.0,1.0,20.0,0.0,49.0,2.0,0.0
122918,1,99,99.0,0.0,1.0,9999.0,-99.0,12.0,11.0,12.0,19.0,4.0,20.0,2.0,1.0,3.0,20.0,7.0,20.0,0.0,9.0,999.0,0.0,12.0,2.0,12.0,1.0,0.0,1G6DB5RK5R01,2024.0,469.0,26602.0,13.0,19.0,Cadillac,398.0,4.0,1.0,0.0,0.0,998.0,8.0,0.0,0.0,12.0,6.0,12.0,0.0,0.0,1.0,12.0,33311.0,1.0,6.0,3.0,Valid license for this class vehicle,0.0,64.0,999.0,0.0,0.0,0.0,0.0,No Record,0.0,0.0,0.0,0.0,5.0,7.0,35.0,1.0,1.0,8.0,1.0,0.0,99.0,99.0,99.0,1.0,9.0,999.0,12.0,0.0,1.0,0.0,202305645112.0,12.0,3.0,12.0,4.0,1.0,1.0,4.0,20.0,2.0,3.0,1.0,99.0,0.0,19.0,1.0,99.0
122918,2,99,99.0,0.0,1.0,9999.0,-99.0,12.0,11.0,12.0,49.0,4.0,35.0,1.0,1.0,4.0,98.0,7.0,99.0,0.0,9.0,999.0,99.0,12.0,2.0,12.0,1.0,0.0,JTDBCMFEXP30,2023.0,448.0,2208.0,13.0,49.0,Toyota,32.0,4.0,1.0,0.0,0.0,998.0,8.0,0.0,0.0,10.0,6.0,12.0,0.0,0.0,1.0,12.0,33029.0,1.0,6.0,3.0,Valid license for this class vehicle,3.0,74.0,999.0,0.0,0.0,0.0,0.0,No Record,0.0,0.0,0.0,0.0,5.0,5.0,35.0,1.0,1.0,8.0,1.0,0.0,99.0,99.0,99.0,9.0,9.0,999.0,12.0,99.0,1.0,0.0,202305192360.0,12.0,4.0,5.0,1.0,1.0,1.0,4.0,25.0,2.0,1.0,1.0,9.0,0.0,49.0,2.0,98.0
122922,2,99,99.0,0.0,1.0,9999.0,-99.0,12.0,113.0,7.0,72.0,80.0,32.0,1.0,1.0,4.0,20.0,7.0,20.0,8.0,9.0,995.0,7.0,12.0,2.0,7.0,1.0,0.0,1HD1KBC14PB6,2023.0,3888.0,12628.0,81.0,72.0,Harley-Davidson,706.0,80.0,1.0,0.0,0.0,45.0,7.0,8.0,8.0,0.0,6.0,12.0,0.0,0.0,1.0,12.0,32572.0,1.0,6.0,3.0,Valid license for this class vehicle,3.0,68.0,999.0,0.0,0.0,0.0,0.0,No Record,0.0,0.0,0.0,0.0,5.0,3.0,45.0,1.0,1.0,8.0,1.0,0.0,1.0,98.0,6.0,1.0,2.0,0.0,12.0,1.0,1.0,0.0,202305526364.0,12.0,3.0,12.0,2.0,1.0,1.0,80.0,51.0,1.0,2.0,1.0,20.0,8.0,72.0,1.0,0.0
122923,1,0,99.0,0.0,1.0,0.0,-99.0,12.0,11.0,12.0,49.0,4.0,30.0,1.0,1.0,3.0,20.0,7.0,1.0,0.0,0.0,996.0,0.0,12.0,3.0,12.0,1.0,0.0,2T1BURHE7GC6,2016.0,448.0,2208.0,13.0,49.0,Toyota,32.0,4.0,1.0,0.0,0.0,93.0,0.0,0.0,0.0,12.0,6.0,12.0,0.0,0.0,1.0,12.0,33162.0,1.0,6.0,3.0,Valid license for this class vehicle,0.0,67.0,999.0,0.0,0.0,0.0,0.0,No Record,0.0,0.0,0.0,0.0,3.0,3.0,65.0,1.0,1.0,8.0,1.0,0.0,1.0,51.0,99.0,1.0,1.0,202.0,12.0,0.0,1.0,0.0,202304994022.0,12.0,4.0,4.0,0.0,1.0,1.0,4.0,41.0,2.0,0.0,1.0,20.0,0.0,49.0,2.0,0.0
122926,2,0,0.0,0.0,1.0,0.0,-99.0,12.0,71.0,12.0,82.0,66.0,47.0,1.0,1.0,0.0,3.0,0.0,20.0,0.0,0.0,996.0,0.0,12.0,2.0,12.0,2.0,0.0,3AKJHHDR4NSN,2022.0,450.0,2501.0,66.0,82.0,Freightliner,881.0,66.0,1.0,0.0,0.0,70.0,7.0,0.0,0.0,6.0,4.0,12.0,0.0,0.0,1.0,13.0,31635.0,1.0,6.0,3.0,Valid license for this class vehicle,3.0,999.0,999.0,0.0,0.0,0.0,0.0,No Record,0.0,0.0,0.0,0.0,3.0,3.0,70.0,1.0,1.0,8.0,1.0,0.0,1.0,53.0,99.0,1.0,1.0,201.0,12.0,0.0,1.0,0.0,202304784281.0,12.0,4.0,3.0,0.0,10.0,1.0,66.0,49.0,1.0,0.0,1.0,20.0,0.0,82.0,1.0,98.0
122936,1,0,0.0,0.0,1.0,1.0,-99.0,12.0,31.0,12.0,92.0,52.0,40.0,1.0,1.0,1.0,3.0,0.0,20.0,0.0,9.0,0.0,0.0,12.0,2.0,12.0,1.0,0.0,15GGD2716E11,2014.0,554.0,2867.0,16.0,92.0,Gillig,988.0,52.0,1.0,0.0,0.0,15.0,0.0,0.0,0.0,5.0,6.0,12.0,0.0,0.0,1.0,12.0,32210.0,1.0,6.0,3.0,Valid license for this class vehicle,3.0,74.0,999.0,0.0,0.0,0.0,9.0,September,2022.0,9.0,2022.0,0.0,3.0,2.0,60.0,1.0,1.0,8.0,1.0,0.0,11.0,15.0,99.0,1.0,2.0,401.0,12.0,0.0,1.0,0.0,202304787207.0,12.0,6.0,3.0,0.0,10.0,1.0,52.0,46.0,2.0,0.0,1.0,20.0,0.0,92.0,2.0,0.0
122937,1,99,99.0,38.0,1.0,1.0,-99.0,12.0,75.0,12.0,49.0,4.0,74.0,1.0,1.0,4.0,3.0,0.0,8.0,0.0,0.0,0.0,7.0,12.0,3.0,12.0,1.0,0.0,JTDEAMDEXMJ0,2021.0,448.0,2208.0,13.0,49.0,Toyota,32.0,4.0,1.0,0.0,0.0,35.0,0.0,0.0,0.0,9.0,6.0,12.0,0.0,0.0,1.0,12.0,32668.0,1.0,6.0,3.0,Valid license for this class vehicle,3.0,70.0,999.0,0.0,0.0,0.0,4.0,April,2023.0,4.0,2023.0,0.0,1.0,2.0,10.0,1.0,1.0,8.0,1.0,20.0,11.0,15.0,99.0,1.0,1.0,414.0,12.0,1.0,1.0,0.0,202305108926.0,43.0,2.0,7.0,2.0,10.0,1.0,4.0,26.0,2.0,2.0,1.0,20.0,0.0,49.0,1.0,0.0
122937,3,99,99.0,0.0,1.0,0.0,-99.0,12.0,75.0,12.0,35.0,14.0,65.0,2.0,1.0,2.0,3.0,0.0,8.0,0.0,0.0,996.0,0.0,12.0,3.0,12.0,1.0,0.0,JN8AF5MR0DT2,2013.0,478.0,1912.0,8.0,35.0,Nissan/Datsun,403.0,14.0,1.0,0.0,0.0,0.0,0.0,0.0,0.0,12.0,6.0,12.0,0.0,0.0,1.0,12.0,32668.0,1.0,6.0,3.0,Valid license for this class vehicle,0.0,68.0,999.0,0.0,0.0,0.0,0.0,No Record,0.0,0.0,0.0,0.0,1.0,3.0,60.0,1.0,1.0,8.0,1.0,0.0,5.0,62.0,1.0,1.0,1.0,998.0,12.0,0.0,1.0,0.0,202305143261.0,12.0,5.0,6.0,0.0,1.0,1.0,14.0,17.0,1.0,0.0,1.0,9.0,0.0,35.0,2.0,98.0
122938,1,99,0.0,6.0,1.0,9998.0,-99.0,12.0,7.0,33.0,63.0,4.0,59.0,1.0,1.0,4.0,20.0,7.0,8.0,0.0,9.0,0.0,7.0,12.0,1.0,33.0,1.0,0.0,3KPFK4A78HE0,2017.0,499.0,2462.0,13.0,63.0,KIA,38.0,4.0,1.0,0.0,0.0,55.0,7.0,3.0,5.0,12.0,6.0,1.0,0.0,0.0,1.0,12.0,32063.0,1.0,6.0,3.0,Valid license for this class vehicle,3.0,72.0,999.0,0.0,0.0,0.0,11.0,November,2020.0,10.0,2021.0,0.0,2.0,2.0,55.0,1.0,1.0,8.0,1.0,0.0,1.0,12.0,99.0,1.0,4.0,102.0,12.0,2.0,1.0,0.0,202304903151.0,12.0,1.0,2.0,0.0,1.0,1.0,4.0,23.0,1.0,0.0,1.0,20.0,0.0,63.0,1.0,98.0
122941,1,0,99.0,38.0,1.0,0.0,-99.0,12.0,57.0,12.0,49.0,4.0,19.0,2.0,1.0,2.0,3.0,0.0,20.0,0.0,0.0,996.0,0.0,12.0,2.0,12.0,2.0,0.0,4T1BK1FK8GU5,2016.0,448.0,2469.0,13.0,49.0,Toyota,40.0,4.0,1.0,0.0,0.0,10.0,0.0,0.0,0.0,2.0,6.0,12.0,0.0,0.0,1.0,12.0,33559.0,1.0,6.0,3.0,Valid license for this class vehicle,3.0,62.0,999.0,0.0,0.0,0.0,0.0,No Record,0.0,0.0,0.0,0.0,2.0,3.0,45.0,1.0,1.0,8.0,1.0,3.0,11.0,15.0,99.0,1.0,1.0,401.0,12.0,0.0,1.0,0.0,202305649111.0,12.0,5.0,12.0,4.0,1.0,1.0,4.0,19.0,2.0,2.0,1.0,20.0,0.0,49.0,1.0,0.0
122945,1,0,0.0,38.0,1.0,0.0,-99.0,12.0,69.0,12.0,55.0,4.0,91.0,1.0,1.0,0.0,3.0,0.0,20.0,0.0,0.0,996.0,0.0,12.0,2.0,12.0,2.0,0.0,5NPEB4AC9DH6,2013.0,498.0,2459.0,13.0,55.0,Hyundai,33.0,4.0,1.0,0.0,0.0,2.0,7.0,0.0,0.0,12.0,6.0,12.0,0.0,0.0,1.0,12.0,32703.0,1.0,6.0,3.0,Valid license for this class vehicle,0.0,71.0,999.0,0.0,0.0,0.0,0.0,No Record,0.0,0.0,0.0,0.0,1.0,2.0,45.0,1.0,6.0,8.0,1.0,0.0,11.0,15.0,99.0,1.0,1.0,401.0,12.0,0.0,1.0,0.0,202305213029.0,12.0,1.0,8.0,3.0,1.0,1.0,4.0,21.0,2.0,0.0,1.0,9.0,0.0,55.0,1.0,98.0
122946,2,0,0.0,0.0,1.0,9995.0,-99.0,12.0,99.0,12.0,55.0,4.0,60.0,1.0,1.0,2.0,3.0,0.0,8.0,0.0,0.0,995.0,0.0,12.0,2.0,12.0,3.0,0.0,KMHLP4AGXPU4,2023.0,498.0,2735.0,13.0,55.0,Hyundai,35.0,4.0,1.0,0.0,0.0,35.0,7.0,0.0,0.0,12.0,6.0,12.0,0.0,0.0,1.0,12.0,33444.0,1.0,6.0,3.0,Valid license for this class vehicle,3.0,68.0,999.0,0.0,0.0,0.0,9.0,September,2023.0,9.0,2023.0,0.0,1.0,2.0,35.0,1.0,1.0,8.0,1.0,0.0,1.0,62.0,99.0,1.0,1.0,302.0,12.0,0.0,1.0,0.0,202305383851.0,12.0,4.0,9.0,0.0,1.0,1.0,4.0,23.0,1.0,0.0,1.0,20.0,0.0,55.0,2.0,0.0
122951,2,0,0.0,0.0,1.0,9995.0,-99.0,12.0,99.0,12.0,35.0,6.0,21.0,2.0,1.0,2.0,3.0,0.0,8.0,0.0,0.0,995.0,0.0,12.0,2.0,12.0,1.0,0.0,KNMAT2MT1GP6,2016.0,478.0,1913.0,8.0,35.0,Nissan/Datsun,51.0,6.0,1.0,0.0,0.0,998.0,7.0,0.0,0.0,4.0,6.0,12.0,0.0,0.0,1.0,12.0,33417.0,1.0,6.0,3.0,Valid license for this class vehicle,0.0,70.0,999.0,0.0,0.0,0.0,0.0,No Record,0.0,0.0,0.0,0.0,2.0,2.0,45.0,1.0,1.0,8.0,1.0,20.0,11.0,15.0,99.0,1.0,1.0,401.0,12.0,0.0,1.0,0.0,202304889361.0,12.0,3.0,4.0,1.0,10.0,1.0,6.0,34.0,2.0,0.0,1.0,1.0,0.0,35.0,3.0,0.0
122953,1,8,93.0,38.0,1.0,3053.0,11.0,12.0,81.0,12.0,37.0,4.0,23.0,1.0,1.0,4.0,3.0,0.0,8.0,0.0,9.0,0.0,7.0,12.0,3.0,12.0,1.0,0.0,2HGFC2F53JH5,2018.0,474.0,1863.0,13.0,37.0,Honda,31.0,4.0,1.0,0.0,0.0,10.0,0.0,0.0,0.0,1.0,6.0,12.0,0.0,0.0,1.0,12.0,34232.0,1.0,6.0,3.0,Valid license for this class vehicle,0.0,71.0,999.0,0.0,2.0,0.0,2.0,February,2021.0,4.0,2022.0,0.0,2.0,5.0,45.0,1.0,1.0,8.0,1.0,3.0,11.0,15.0,99.0,1.0,1.0,401.0,12.0,1.0,1.0,0.0,202305059018.0,12.0,1.0,6.0,0.0,1.0,1.0,4.0,45.0,1.0,0.0,1.0,20.0,0.0,37.0,1.0,0.0
122954,1,99,99.0,0.0,1.0,9999.0,-99.0,12.0,86.0,30.0,35.0,4.0,23.0,1.0,1.0,4.0,99.0,7.0,99.0,0.0,9.0,995.0,6.0,12.0,1.0,30.0,1.0,0.0,1N4BL4BV1LN3,2020.0,478.0,1904.0,13.0,35.0,Nissan/Datsun,47.0,4.0,1.0,0.0,0.0,45.0,7.0,0.0,0.0,12.0,6.0,30.0,0.0,0.0,1.0,12.0,33162.0,1.0,1.0,2.0,No valid license for this class vehicle,0.0,73.0,999.0,0.0,0.0,0.0,3.0,March,2023.0,3.0,2023.0,0.0,2.0,3.0,45.0,1.0,6.0,8.0,2.0,0.0,1.0,13.0,99.0,1.0,4.0,101.0,12.0,2.0,1.0,0.0,202305023277.0,12.0,3.0,6.0,1.0,1.0,1.0,4.0,20.0,2.0,1.0,1.0,98.0,0.0,35.0,1.0,98.0
122955,1,99,99.0,36.0,1.0,1.0,-99.0,12.0,81.0,42.0,55.0,4.0,23.0,1.0,1.0,4.0,20.0,7.0,1.0,0.0,9.0,180.0,99.0,12.0,1.0,42.0,1.0,0.0,KMHDU4ADXAU1,2010.0,498.0,2735.0,13.0,55.0,Hyundai,35.0,4.0,1.0,0.0,0.0,40.0,7.0,0.0,0.0,12.0,6.0,42.0,0.0,1.0,1.0,12.0,34208.0,1.0,6.0,3.0,Valid license for this class vehicle,3.0,73.0,999.0,0.0,3.0,1.0,3.0,March,2021.0,3.0,2023.0,0.0,1.0,2.0,25.0,3.0,1.0,8.0,1.0,0.0,14.0,12.0,99.0,1.0,4.0,102.0,12.0,99.0,1.0,0.0,202304771086.0,39.0,5.0,2.0,0.0,10.0,1.0,4.0,41.0,2.0,0.0,1.0,20.0,0.0,55.0,1.0,0.0
122967,2,8,0.0,0.0,1.0,9995.0,-99.0,12.0,86.0,12.0,35.0,4.0,40.0,2.0,1.0,0.0,3.0,0.0,20.0,0.0,0.0,995.0,0.0,12.0,2.0,12.0,3.0,0.0,1N4AL3AP7GN3,2016.0,478.0,1904.0,13.0,35.0,Nissan/Datsun,47.0,4.0,1.0,0.0,0.0,10.0,7.0,0.0,0.0,3.0,6.0,12.0,0.0,0.0,1.0,26.0,33181.0,1.0,6.0,3.0,Valid license for this class vehicle,0.0,61.0,130.0,0.0,0.0,0.0,7.0,July,2021.0,7.0,2021.0,0.0,2.0,2.0,30.0,1.0,1.0,8.0,1.0,0.0,10.0,16.0,1.0,1.0,1.0,403.0,12.0,0.0,1.0,0.0,202305054051.0,12.0,6.0,6.0,0.0,10.0,1.0,4.0,34.0,2.0,0.0,1.0,20.0,0.0,35.0,2.0,0.0
122968,1,0,99.0,0.0,1.0,9999.0,-99.0,12.0,11.0,21.0,35.0,4.0,60.0,1.0,1.0,4.0,3.0,0.0,8.0,0.0,9.0,995.0,7.0,12.0,1.0,21.0,1.0,0.0,1N4AA6AP7JC3,2018.0,478.0,2302.0,13.0,35.0,Nissan/Datsun,39.0,4.0,1.0,0.0,0.0,70.0,7.0,0.0,0.0,12.0,6.0,24.0,0.0,0.0,1.0,12.0,33756.0,1.0,6.0,3.0,Valid license for this class vehicle,0.0,71.0,999.0,0.0,0.0,0.0,0.0,No Record,0.0,0.0,0.0,0.0,2.0,2.0,70.0,1.0,1.0,8.0,1.0,0.0,1.0,12.0,99.0,1.0,4.0,102.0,12.0,1.0,1.0,0.0,202305166695.0,12.0,1.0,7.0,0.0,1.0,1.0,4.0,44.0,1.0,0.0,1.0,98.0,0.0,35.0,2.0,0.0
122980,1,0,93.0,6.0,1.0,0.0,-99.0,12.0,73.0,12.0,12.0,4.0,63.0,1.0,1.0,4.0,1.0,0.0,1.0,0.0,0.0,996.0,99.0,12.0,2.0,12.0,1.0,0.0,2FAFP73WX3X1,2003.0,460.0,1778.0,13.0,12.0,Ford,16.0,4.0,1.0,0.0,0.0,45.0,0.0,0.0,0.0,12.0,6.0,12.0,0.0,0.0,1.0,12.0,32344.0,1.0,6.0,3.0,Valid license for this class vehicle,0.0,75.0,999.0,0.0,0.0,0.0,0.0,No Record,0.0,0.0,0.0,0.0,1.0,2.0,55.0,1.0,1.0,8.0,1.0,0.0,2.0,50.0,99.0,1.0,1.0,202.0,12.0,99.0,1.0,0.0,202304863437.0,12.0,1.0,3.0,1.0,10.0,1.0,4.0,71.0,1.0,0.0,1.0,20.0,0.0,12.0,1.0,0.0
122989,2,0,0.0,38.0,1.0,0.0,-99.0,12.0,27.0,12.0,20.0,79.0,45.0,1.0,1.0,2.0,2.0,0.0,20.0,0.0,0.0,996.0,0.0,12.0,2.0,12.0,1.0,0.0,0,1949.0,467.0,99999.0,60.0,20.0,Chevrolet,999.0,79.0,1.0,0.0,0.0,5.0,7.0,0.0,0.0,9.0,6.0,12.0,0.0,0.0,1.0,12.0,33701.0,1.0,6.0,3.0,Valid license for this class vehicle,0.0,68.0,999.0,0.0,0.0,0.0,0.0,No Record,0.0,0.0,0.0,0.0,1.0,2.0,55.0,1.0,1.0,8.0,1.0,0.0,11.0,15.0,99.0,1.0,1.0,405.0,12.0,0.0,1.0,0.0,202304636966.0,43.0,1.0,1.0,2.0,1.0,1.0,83.0,49.0,1.0,2.0,1.0,20.0,8.0,73.0,1.0,98.0
123000,1,99,0.0,6.0,1.0,9998.0,-99.0,12.0,19.0,33.0,37.0,4.0,17.0,2.0,1.0,4.0,20.0,7.0,8.0,0.0,9.0,0.0,7.0,12.0,1.0,33.0,2.0,0.0,1HGCR2F35GA0,2016.0,474.0,1861.0,13.0,37.0,Honda,32.0,4.0,1.0,0.0,0.0,45.0,7.0,3.0,5.0,1.0,6.0,1.0,0.0,0.0,1.0,12.0,32068.0,1.0,6.0,3.0,Valid license for this class vehicle,0.0,64.0,999.0,0.0,0.0,0.0,0.0,No Record,0.0,0.0,0.0,0.0,2.0,2.0,45.0,3.0,1.0,8.0,1.0,0.0,14.0,12.0,99.0,1.0,4.0,102.0,12.0,1.0,1.0,0.0,202304931406.0,12.0,5.0,2.0,3.0,1.0,1.0,4.0,18.0,2.0,0.0,1.0,20.0,0.0,37.0,1.0,0.0
123004,1,1,0.0,0.0,1.0,9999.0,-99.0,12.0,127.0,42.0,12.0,34.0,65.0,1.0,1.0,4.0,3.0,0.0,8.0,0.0,0.0,995.0,2.0,12.0,1.0,42.0,1.0,0.0,1FTFW1EF4DKE,2013.0,460.0,1801.0,60.0,12.0,Ford,481.0,34.0,1.0,0.0,0.0,35.0,7.0,3.0,2.0,12.0,6.0,1.0,0.0,0.0,1.0,12.0,32725.0,1.0,6.0,3.0,Valid license for this class vehicle,3.0,70.0,999.0,0.0,0.0,1.0,7.0,July,2022.0,8.0,2023.0,0.0,6.0,2.0,70.0,2.0,1.0,8.0,1.0,0.0,14.0,12.0,99.0,1.0,4.0,102.0,12.0,1.0,1.0,0.0,202304824336.0,12.0,4.0,3.0,0.0,1.0,1.0,34.0,52.0,1.0,0.0,1.0,1.0,0.0,12.0,2.0,0.0