ST_CASE,VEH_NO_x,DRIMPAIR_x,DRDISTRACT,DRIVERRF,PER_NO_x,DRUGRES,DRUGACTQTY,STATE_x,COUNTY,HARM_EV_x,MAKE_x,BODY_TYP_x,AGE,SEX,PER_TYP_x,INJ_SEV,REST_USE,REST_MIS,AIR_BAG_x,EJECTION,DRINKING,ALC_RES,HISPANIC,STATE_y,VE_FORMS,HARM_EV_y,NUMOCCS,HIT_RUN,VIN,MOD_YEAR,VPICMAKE,VPICMODEL,VPICBODYCLASS,MAKE_y,MAKENAME,MODEL,BODY_TYP_y,HAZ_INV,HAZ_PLAC,HAZ_ID,TRAV_SP,UNDEROVERRIDE,ROLLOVER,ROLINLOC,IMPACT1,DEFORMED,M_HARM,FIRE_EXP,DR_DRINK,DR_PRES,L_STATE,DR_ZIP,L_TYPE,L_STATUS,L_COMPL,L_COMPLNAME,L_RESTRI,DR_HGT,DR_WGT,PREV_DWI,PREV_SPD,PREV_OTH,FIRST_MO,FIRST_MONAME,FIRST_YR,LAST_MO,LAST_YR,SPEEDREL,VTRAFWAY,VNUM_LAN,VSPD_LIM,VALIGN,VPROFILE,VPAVETYP,VSURCOND,VTRAFCON,P_CRASH1,P_CRASH2,P_CRASH3,PCRASH4,PCRASH5,ACC_CONFIG,STATE,RACE,ORDER,MULTRACE,CASENUM,HARM_EV,DAY_WEEK,MONTH,MAXSEV_IM,WEATHR_IM,PER_NO_y,BODY_TYP,AGE_IM,SEX_IM,INJSEV_IM,PER_TYP_y,AIR_BAG_y,EJECT_IM,MAKE,VEH_NO_y,DRIMPAIR_y
123164,1,0,0.0,38.0,1.0,0.0,-99.0,12.0,31.0,12.0,20.0,4.0,32.0,2.0,1.0,0.0,20.0,7.0,8.0,0.0,0.0,996.0,0.0,12.0,2.0,12.0,5.0,0.0,1G1ZD5ST0NF1,2022.0,467.0,1834.0,13.0,20.0,Chevrolet,37.0,4.0,1.0,0.0,0.0,20.0,7.0,0.0,0.0,3.0,6.0,12.0,0.0,0.0,1.0,12.0,32208.0,1.0,1.0,2.0,No valid license for this class vehicle,0.0,63.0,999.0,0.0,0.0,0.0,11.0,November,2019.0,8.0,2023.0,0.0,1.0,5.0,35.0,1.0,1.0,2.0,1.0,3.0,11.0,15.0,99.0,1.0,1.0,401.0,12.0,0.0,1.0,0.0,202304884886.0,12.0,3.0,3.0,2.0,1.0,1.0,4.0,27.0,2.0,2.0,1.0,1.0,0.0,20.0,3.0,0.0
123166,1,9,99.0,0.0,1.0,9999.0,-99.0,12.0,9.0,12.0,7.0,4.0,36.0,1.0,1.0,2.0,98.0,7.0,8.0,0.0,1.0,233.0,0.0,12.0,2.0,12.0,2.0,0.0,2C3CDXGJ7MH5,2021.0,476.0,1895.0,13.0,7.0,Dodge,24.0,4.0,1.0,0.0,0.0,100.0,0.0,0.0,0.0,12.0,6.0,12.0,0.0,1.0,1.0,12.0,32952.0,1.0,6.0,3.0,Valid license for this class vehicle,0.0,71.0,999.0,0.0,0.0,0.0,7.0,July,2022.0,7.0,2022.0,3.0,4.0,2.0,55.0,1.0,1.0,8.0,1.0,0.0,6.0,51.0,99.0,1.0,2.0,202.0,12.0,0.0,1.0,0.0,202305163457.0,12.0,7.0,8.0,0.0,1.0,1.0,4.0,22.0,1.0,0.0,1.0,20.0,0.0,7.0,2.0,98.0
123170,2,0,0.0,0.0,1.0,9999.0,-99.0,12.0,86.0,12.0,35.0,4.0,36.0,2.0,1.0,4.0,3.0,0.0,8.0,0.0,0.0,995.0,2.0,12.0,3.0,12.0,1.0,0.0,1N4AL3AP8GC2,2016.0,478.0,1904.0,13.0,35.0,Nissan/Datsun,47.0,4.0,1.0,0.0,0.0,998.0,0.0,0.0,0.0,9.0,6.0,12.0,0.0,0.0,1.0,12.0,33157.0,1.0,6.0,3.0,Valid license for this class vehicle,0.0,66.0,999.0,0.0,0.0,0.0,11.0,November,2022.0,8.0,2023.0,0.0,2.0,3.0,35.0,1.0,1.0,8.0,1.0,3.0,11.0,15.0,99.0,1.0,1.0,414.0,12.0,1.0,1.0,0.0,202305122480.0,12.0,1.0,3.0,2.0,1.0,1.0,4.0,57.0,2.0,2.0,1.0,1.0,0.0,35.0,2.0,0.0
123190,1,99,99.0,0.0,1.0,1.0,-99.0,12.0,75.0,42.0,20.0,15.0,50.0,2.0,1.0,4.0,20.0,7.0,8.0,0.0,9.0,230.0,7.0,12.0,1.0,42.0,1.0,0.0,3GNFC160X7G1,2007.0,467.0,1851.0,7.0,20.0,Chevrolet,422.0,15.0,1.0,0.0,0.0,65.0,7.0,0.0,0.0,12.0,6.0,42.0,0.0,1.0,1.0,12.0,32626.0,1.0,6.0,3.0,Valid license for this class vehicle,3.0,64.0,999.0,0.0,0.0,0.0,0.0,No Record,0.0,0.0,0.0,0.0,1.0,2.0,55.0,1.0,1.0,8.0,1.0,0.0,1.0,12.0,99.0,1.0,4.0,102.0,12.0,1.0,1.0,0.0,202305011539.0,12.0,2.0,6.0,2.0,1.0,1.0,15.0,16.0,1.0,0.0,1.0,20.0,0.0,20.0,1.0,0.0
123191,1,99,99.0,39.0,1.0,9995.0,-99.0,12.0,86.0,12.0,35.0,34.0,998.0,8.0,1.0,1.0,20.0,7.0,8.0,0.0,9.0,995.0,0.0,12.0,2.0,12.0,3.0,0.0,1N6AD0ER5GN7,2016.0,478.0,1919.0,60.0,35.0,Nissan/Datsun,472.0,34.0,1.0,0.0,0.0,998.0,0.0,3.0,5.0,2.0,6.0,12.0,0.0,0.0,1.0,99.0,99999.0,9.0,9.0,9.0,Unknown,9.0,999.0,999.0,99.0,99.0,99.0,99.0,Unknown,9999.0,99.0,9999.0,0.0,1.0,2.0,30.0,1.0,1.0,8.0,1.0,20.0,1.0,17.0,99.0,1.0,1.0,502.0,12.0,0.0,1.0,0.0,202305384784.0,11.0,4.0,11.0,0.0,1.0,1.0,34.0,59.0,2.0,0.0,1.0,20.0,0.0,35.0,1.0,0.0
123197,1,0,99.0,0.0,1.0,9999.0,-99.0,12.0,111.0,33.0,49.0,15.0,79.0,1.0,1.0,4.0,20.0,7.0,1.0,0.0,9.0,995.0,99.0,12.0,1.0,33.0,1.0,0.0,5TDZT34A62S0,2002.0,448.0,2827.0,7.0,49.0,Toyota,422.0,15.0,1.0,0.0,0.0,70.0,7.0,0.0,0.0,12.0,6.0,30.0,0.0,0.0,1.0,12.0,34984.0,1.0,6.0,3.0,Valid license for this class vehicle,3.0,66.0,999.0,0.0,0.0,0.0,2.0,February,2020.0,2.0,2020.0,0.0,2.0,2.0,40.0,1.0,1.0,8.0,1.0,0.0,1.0,13.0,1.0,1.0,4.0,101.0,12.0,99.0,1.0,0.0,202305070950.0,12.0,4.0,4.0,0.0,1.0,1.0,15.0,19.0,1.0,0.0,1.0,20.0,0.0,49.0,2.0,0.0
123198,2,0,99.0,0.0,1.0,9999.0,-99.0,12.0,73.0,12.0,7.0,34.0,51.0,1.0,1.0,3.0,20.0,7.0,8.0,0.0,9.0,995.0,0.0,12.0,2.0,12.0,1.0,0.0,3B7HC13YXVG7,1997.0,476.0,1938.0,60.0,7.0,Dodge,482.0,34.0,1.0,0.0,0.0,45.0,0.0,0.0,0.0,12.0,6.0,12.0,0.0,0.0,1.0,12.0,32310.0,1.0,6.0,3.0,Valid license for this class vehicle,0.0,68.0,999.0,0.0,0.0,0.0,0.0,No Record,0.0,0.0,0.0,0.0,2.0,1.0,45.0,1.0,1.0,8.0,1.0,0.0,1.0,67.0,1.0,1.0,1.0,415.0,12.0,0.0,1.0,0.0,202304964288.0,12.0,2.0,2.0,2.0,10.0,1.0,34.0,33.0,1.0,0.0,1.0,20.0,0.0,7.0,1.0,0.0
123205,1,0,0.0,38.0,1.0,9995.0,-99.0,12.0,73.0,12.0,55.0,4.0,21.0,2.0,1.0,0.0,3.0,0.0,2.0,0.0,0.0,995.0,0.0,12.0,2.0,12.0,1.0,0.0,5NPD84LF4LH5,2020.0,498.0,2735.0,13.0,55.0,Hyundai,35.0,4.0,1.0,0.0,0.0,998.0,7.0,0.0,0.0,7.0,6.0,12.0,0.0,0.0,1.0,12.0,33414.0,1.0,6.0,3.0,Valid license for this class vehicle,0.0,66.0,999.0,0.0,0.0,0.0,0.0,No Record,0.0,0.0,0.0,0.0,0.0,0.0,0.0,0.0,0.0,0.0,0.0,3.0,10.0,16.0,99.0,1.0,1.0,410.0,12.0,0.0,1.0,0.0,202305654683.0,12.0,5.0,12.0,0.0,1.0,1.0,4.0,37.0,2.0,0.0,1.0,20.0,0.0,55.0,2.0,0.0
123209,1,0,12.0,38.0,1.0,9995.0,-99.0,12.0,86.0,12.0,98.0,52.0,41.0,2.0,1.0,2.0,2.0,0.0,20.0,0.0,0.0,995.0,0.0,12.0,2.0,12.0,4.0,0.0,5FYC8FB16KF0,2019.0,508.0,2154.0,16.0,98.0,Other Make,988.0,52.0,1.0,0.0,0.0,0.0,2.0,0.0,0.0,9.0,6.0,12.0,0.0,0.0,1.0,12.0,33056.0,1.0,6.0,3.0,Valid license for this class vehicle,3.0,69.0,999.0,0.0,0.0,0.0,11.0,November,2021.0,11.0,2021.0,0.0,1.0,2.0,30.0,1.0,1.0,8.0,1.0,20.0,5.0,15.0,1.0,1.0,1.0,416.0,12.0,0.0,1.0,0.0,202305736758.0,12.0,1.0,12.0,4.0,10.0,1.0,52.0,41.0,2.0,2.0,1.0,20.0,0.0,98.0,1.0,0.0
123210,1,98,99.0,0.0,1.0,1.0,-99.0,12.0,105.0,34.0,49.0,4.0,51.0,2.0,1.0,4.0,3.0,0.0,20.0,0.0,9.0,0.0,99.0,12.0,1.0,34.0,1.0,0.0,2T1BURHE6FC3,2015.0,448.0,2208.0,13.0,49.0,Toyota,32.0,4.0,1.0,0.0,0.0,998.0,7.0,0.0,0.0,12.0,6.0,34.0,0.0,0.0,1.0,12.0,33880.0,1.0,6.0,3.0,Valid license for this class vehicle,3.0,60.0,999.0,0.0,0.0,0.0,0.0,No Record,0.0,0.0,0.0,0.0,1.0,2.0,98.0,1.0,1.0,8.0,1.0,0.0,1.0,13.0,99.0,1.0,4.0,101.0,12.0,99.0,1.0,0.0,202304717958.0,25.0,1.0,1.0,1.0,4.0,1.0,4.0,29.0,2.0,1.0,1.0,2.0,0.0,49.0,1.0,0.0
123215,1,0,93.0,38.0,1.0,9999.0,-99.0,12.0,105.0,12.0,59.0,4.0,83.0,2.0,1.0,4.0,3.0,0.0,8.0,0.0,9.0,995.0,7.0,12.0,2.0,12.0,1.0,0.0,JTHBJ46G6822,2008.0,515.0,2475.0,13.0,59.0,Lexus,31.0,4.0,1.0,0.0,0.0,10.0,0.0,0.0,0.0,9.0,6.0,12.0,0.0,0.0,1.0,12.0,33850.0,0.0,0.0,0.0,Not licensed,0.0,60.0,999.0,0.0,0.0,0.0,8.0,August,2019.0,8.0,2019.0,0.0,1.0,2.0,35.0,1.0,1.0,8.0,1.0,20.0,11.0,15.0,99.0,1.0,2.0,414.0,12.0,1.0,1.0,0.0,202304800274.0,12.0,7.0,3.0,0.0,1.0,1.0,4.0,79.0,1.0,0.0,1.0,20.0,0.0,59.0,2.0,0.0
123219,1,0,0.0,38.0,1.0,0.0,-99.0,12.0,105.0,12.0,49.0,4.0,79.0,2.0,1.0,2.0,3.0,0.0,8.0,0.0,0.0,996.0,0.0,12.0,3.0,12.0,2.0,0.0,2T1BU4EE7BC7,2011.0,448.0,2208.0,13.0,49.0,Toyota,32.0,4.0,1.0,0.0,0.0,20.0,0.0,0.0,0.0,2.0,6.0,12.0,0.0,0.0,1.0,12.0,33844.0,1.0,6.0,3.0,Valid license for this class vehicle,3.0,67.0,999.0,0.0,0.0,0.0,0.0,No Record,0.0,0.0,0.0,0.0,2.0,2.0,45.0,3.0,1.0,8.0,1.0,3.0,11.0,15.0,99.0,1.0,1.0,401.0,12.0,0.0,1.0,0.0,202305291074.0,12.0,5.0,9.0,0.0,1.0,1.0,4.0,31.0,2.0,0.0,1.0,20.0,0.0,49.0,2.0,98.0
123223,1,0,0.0,38.0,1.0,9999.0,-99.0,12.0,81.0,12.0,55.0,4.0,79.0,1.0,1.0,4.0,3.0,0.0,8.0,0.0,0.0,995.0,7.0,12.0,3.0,12.0,1.0,0.0,KMHDH4AE9CU4,2012.0,498.0,2735.0,13.0,55.0,Hyundai,35.0,4.0,1.0,0.0,0.0,40.0,0.0,0.0,0.0,1.0,6.0,12.0,0.0,0.0,1.0,12.0,34221.0,1.0,1.0,2.0,No valid license for this class vehicle,3.0,70.0,999.0,0.0,0.0,0.0,7.0,July,2023.0,7.0,2023.0,0.0,1.0,2.0,40.0,1.0,1.0,8.0,1.0,0.0,11.0,15.0,99.0,1.0,1.0,401.0,12.0,1.0,1.0,0.0,202304809831.0,11.0,1.0,3.0,3.0,1.0,1.0,4.0,62.0,2.0,2.0,1.0,8.0,0.0,55.0,2.0,98.0
123228,2,0,0.0,6.0,1.0,0.0,-99.0,12.0,86.0,12.0,49.0,4.0,56.0,2.0,1.0,0.0,3.0,0.0,20.0,0.0,0.0,996.0,0.0,12.0,2.0,12.0,1.0,0.0,2T1BURHE7EC1,2014.0,448.0,2208.0,13.0,49.0,Toyota,32.0,4.0,1.0,0.0,0.0,50.0,7.0,0.0,0.0,7.0,2.0,12.0,0.0,0.0,1.0,12.0,33169.0,1.0,6.0,3.0,Valid license for this class vehicle,3.0,62.0,999.0,0.0,0.0,0.0,0.0,No Record,0.0,0.0,0.0,0.0,3.0,3.0,55.0,1.0,1.0,8.0,1.0,0.0,1.0,10.0,99.0,1.0,2.0,208.0,12.0,0.0,1.0,0.0,202304959821.0,34.0,5.0,4.0,0.0,1.0,1.0,4.0,67.0,2.0,0.0,1.0,20.0,0.0,49.0,1.0,0.0
123229,1,0,0.0,38.0,1.0,0.0,-99.0,12.0,119.0,12.0,35.0,6.0,68.0,2.0,1.0,2.0,3.0,0.0,8.0,0.0,0.0,996.0,0.0,12.0,2.0,12.0,1.0,0.0,KNMAT2MTXGP7,2016.0,478.0,1913.0,8.0,35.0,Nissan/Datsun,51.0,6.0,1.0,0.0,0.0,10.0,0.0,0.0,0.0,11.0,6.0,12.0,0.0,0.0,1.0,12.0,32163.0,1.0,6.0,3.0,Valid license for this class vehicle,0.0,63.0,999.0,0.0,0.0,0.0,0.0,No Record,0.0,0.0,0.0,0.0,2.0,2.0,35.0,1.0,1.0,8.0,1.0,3.0,1.0,17.0,99.0,1.0,1.0,504.0,12.0,0.0,1.0,0.0,202304805699.0,12.0,4.0,3.0,0.0,1.0,1.0,6.0,18.0,2.0,0.0,1.0,20.0,0.0,35.0,1.0,0.0
123229,2,0,0.0,0.0,1.0,0.0,-99.0,12.0,119.0,12.0,49.0,4.0,90.0,1.0,1.0,2.0,3.0,0.0,8.0,0.0,0.0,996.0,0.0,12.0,2.0,12.0,2.0,0.0,4T1BF1FK8HU7,2017.0,448.0,2469.0,13.0,49.0,Toyota,40.0,4.0,1.0,0.0,0.0,55.0,0.0,0.0,0.0,12.0,6.0,12.0,0.0,0.0,1.0,12.0,34785.0,1.0,6.0,3.0,Valid license for this class vehicle,3.0,71.0,999.0,0.0,0.0,0.0,0.0,No Record,0.0,0.0,0.0,0.0,5.0,5.0,55.0,1.0,1.0,8.0,1.0,3.0,1.0,66.0,99.0,1.0,1.0,503.0,12.0,0.0,1.0,0.0,202304715552.0,12.0,4.0,1.0,3.0,10.0,1.0,4.0,56.0,1.0,0.0,1.0,20.0,0.0,49.0,3.0,0.0
123240,2,0,0.0,0.0,1.0,0.0,-99.0,12.0,69.0,1.0,49.0,4.0,23.0,2.0,1.0,0.0,3.0,0.0,20.0,0.0,0.0,996.0,0.0,12.0,10.0,1.0,1.0,0.0,5YFEPMAE0NP3,2022.0,448.0,2208.0,13.0,49.0,Toyota,32.0,4.0,1.0,0.0,0.0,55.0,7.0,0.0,0.0,12.0,2.0,54.0,0.0,0.0,1.0,12.0,33844.0,1.0,6.0,3.0,Valid license for this class vehicle,3.0,65.0,999.0,0.0,1.0,0.0,9.0,September,2022.0,9.0,2022.0,0.0,2.0,3.0,55.0,1.0,1.0,8.0,1.0,0.0,1.0,98.0,99.0,1.0,1.0,998.0,12.0,0.0,1.0,0.0,202305084094.0,8.0,7.0,6.0,3.0,1.0,1.0,4.0,23.0,1.0,0.0,1.0,20.0,0.0,49.0,1.0,0.0
123241,2,99,99.0,0.0,1.0,9995.0,-99.0,12.0,86.0,12.0,20.0,34.0,28.0,1.0,1.0,3.0,3.0,0.0,8.0,0.0,0.0,995.0,0.0,12.0,2.0,12.0,1.0,0.0,3GCPCREC3EG4,2014.0,467.0,1850.0,60.0,20.0,Chevrolet,481.0,34.0,1.0,0.0,0.0,998.0,0.0,0.0,0.0,12.0,6.0,12.0,0.0,0.0,1.0,12.0,33186.0,1.0,6.0,3.0,Valid license for this class vehicle,0.0,68.0,999.0,0.0,0.0,0.0,0.0,No Record,0.0,0.0,0.0,0.0,2.0,2.0,45.0,1.0,1.0,8.0,1.0,99.0,1.0,66.0,99.0,1.0,1.0,503.0,12.0,0.0,1.0,0.0,202305274567.0,12.0,3.0,10.0,0.0,1.0,1.0,34.0,67.0,1.0,0.0,1.0,20.0,0.0,20.0,2.0,0.0
123243,1,0,99.0,38.0,1.0,9999.0,-99.0,12.0,71.0,12.0,49.0,4.0,92.0,2.0,1.0,4.0,3.0,0.0,8.0,0.0,0.0,995.0,7.0,12.0,2.0,12.0,1.0,0.0,4T1T11AK4NU6,2022.0,448.0,2469.0,13.0,49.0,Toyota,40.0,4.0,1.0,0.0,0.0,5.0,0.0,0.0,0.0,1.0,6.0,12.0,0.0,0.0,1.0,12.0,33908.0,1.0,6.0,3.0,Valid license for this class vehicle,3.0,64.0,999.0,0.0,0.0,0.0,0.0,No Record,0.0,0.0,0.0,0.0,2.0,2.0,45.0,1.0,1.0,8.0,1.0,0.0,11.0,15.0,99.0,1.0,1.0,401.0,12.0,1.0,1.0,0.0,202305196475.0,12.0,5.0,8.0,2.0,1.0,1.0,4.0,28.0,2.0,2.0,1.0,20.0,0.0,49.0,2.0,0.0
123243,2,0,99.0,0.0,1.0,0.0,-99.0,12.0,71.0,12.0,12.0,5.0,23.0,2.0,1.0,2.0,3.0,0.0,3.0,0.0,0.0,996.0,0.0,12.0,2.0,12.0,1.0,0.0,1FADP3K26JL2,2018.0,460.0,1779.0,5.0,12.0,Ford,37.0,5.0,1.0,0.0,0.0,45.0,0.0,0.0,0.0,12.0,6.0,12.0,0.0,0.0,1.0,12.0,34772.0,1.0,6.0,3.0,Valid license for this class vehicle,3.0,63.0,999.0,0.0,1.0,0.0,1.0,January,2020.0,3.0,2020.0,0.0,2.0,2.0,45.0,1.0,1.0,8.0,1.0,0.0,1.0,62.0,99.0,1.0,1.0,402.0,12.0,0.0,1.0,0.0,202304793608.0,12.0,6.0,3.0,0.0,2.0,1.0,5.0,22.0,2.0,0.0,1.0,20.0,0.0,12.0,2.0,0.0
123244,1,99,93.0,58.0,1.0,9997.0,-99.0,12.0,13.0,1.0,18.0,4.0,36.0,2.0,1.0,3.0,20.0,7.0,20.0,0.0,0.0,997.0,0.0,12.0,1.0,1.0,5.0,0.0,1G4HD57227U1,2007.0,468.0,4267.0,13.0,18.0,Buick / Opel,23.0,4.0,1.0,0.0,0.0,60.0,7.0,3.0,5.0,0.0,6.0,1.0,0.0,0.0,1.0,39.0,44430.0,1.0,1.0,2.0,No valid license for this class vehicle,0.0,67.0,999.0,0.0,1.0,0.0,1.0,January,2023.0,7.0,2023.0,0.0,1.0,2.0,60.0,3.0,1.0,8.0,1.0,0.0,14.0,9.0,6.0,3.0,4.0,101.0,12.0,0.0,1.0,0.0,202305421756.0,45.0,6.0,11.0,3.0,1.0,1.0,4.0,35.0,2.0,3.0,1.0,8.0,0.0,18.0,1.0,9.0
123263,1,0,0.0,0.0,1.0,9999.0,-99.0,12.0,11.0,12.0,37.0,4.0,32.0,2.0,1.0,4.0,3.0,0.0,8.0,0.0,0.0,995.0,7.0,12.0,2.0,12.0,1.0,0.0,19XFC2F62LE0,2020.0,474.0,1863.0,13.0,37.0,Honda,31.0,4.0,1.0,0.0,0.0,998.0,0.0,0.0,0.0,1.0,6.0,12.0,0.0,0.0,1.0,12.0,33324.0,1.0,1.0,2.0,No valid license for this class vehicle,0.0,66.0,999.0,0.0,0.0,0.0,2.0,February,2022.0,8.0,2022.0,0.0,5.0,3.0,98.0,1.0,1.0,8.0,1.0,20.0,99.0,17.0,99.0,1.0,1.0,502.0,12.0,2.0,1.0,0.0,202305310294.0,12.0,6.0,10.0,0.0,1.0,1.0,4.0,24.0,2.0,0.0,1.0,20.0,0.0,37.0,2.0,0.0
123263,2,0,0.0,0.0,1.0,9995.0,-99.0,12.0,11.0,12.0,20.0,4.0,16.0,1.0,1.0,0.0,3.0,0.0,1.0,0.0,0.0,995.0,0.0,12.0,2.0,12.0,1.0,0.0,1G1ZD5ST9KF1,2019.0,467.0,1834.0,13.0,20.0,Chevrolet,37.0,4.0,1.0,0.0,0.0,998.0,0.0,0.0,0.0,12.0,6.0,12.0,0.0,0.0,1.0,12.0,33060.0,0.0,0.0,0.0,Not licensed,0.0,999.0,999.0,0.0,0.0,0.0,0.0,No Record,0.0,0.0,0.0,0.0,4.0,1.0,98.0,1.0,1.0,8.0,1.0,0.0,1.0,66.0,99.0,1.0,1.0,501.0,12.0,0.0,1.0,0.0,202304738018.0,12.0,5.0,2.0,0.0,10.0,1.0,4.0,35.0,2.0,0.0,1.0,8.0,0.0,20.0,2.0,0.0
123270,2,0,0.0,0.0,1.0,9995.0,-99.0,12.0,86.0,12.0,63.0,14.0,54.0,1.0,1.0,1.0,3.0,0.0,1.0,0.0,0.0,995.0,0.0,12.0,4.0,12.0,1.0,0.0,5XYK33AF6PG0,2023.0,499.0,2770.0,7.0,63.0,KIA,401.0,14.0,1.0,0.0,0.0,0.0,0.0,0.0,0.0,6.0,6.0,12.0,0.0,0.0,1.0,12.0,33176.0,1.0,6.0,3.0,Valid license for this class vehicle,0.0,72.0,999.0,0.0,0.0,0.0,0.0,No Record,0.0,0.0,0.0,0.0,2.0,3.0,40.0,1.0,1.0,8.0,1.0,0.0,5.0,53.0,1.0,1.0,1.0,201.0,12.0,0.0,1.0,0.0,202305660651.0,42.0,4.0,6.0,3.0,1.0,1.0,14.0,14.0,1.0,3.0,1.0,8.0,0.0,63.0,1.0,0.0
123274,2,0,0.0,0.0,1.0,0.0,-99.0,12.0,103.0,12.0,63.0,4.0,63.0,2.0,1.0,2.0,3.0,0.0,8.0,0.0,0.0,996.0,0.0,12.0,2.0,12.0,1.0,0.0,5XXGN4A78CG0,2012.0,499.0,2739.0,13.0,63.0,KIA,34.0,4.0,1.0,0.0,0.0,20.0,0.0,0.0,0.0,1.0,6.0,12.0,0.0,0.0,1.0,12.0,34684.0,1.0,6.0,3.0,Valid license for this class vehicle,3.0,64.0,999.0,0.0,0.0,0.0,0.0,No Record,0.0,0.0,0.0,0.0,1.0,2.0,40.0,1.0,1.0,8.0,1.0,3.0,1.0,17.0,99.0,1.0,1.0,502.0,12.0,0.0,1.0,0.0,202305498591.0,12.0,3.0,12.0,2.0,1.0,1.0,4.0,36.0,1.0,0.0,1.0,20.0,0.0,63.0,3.0,0.0
123280,1,9,99.0,28.0,1.0,0.0,-99.0,12.0,105.0,12.0,37.0,4.0,22.0,2.0,1.0,3.0,3.0,0.0,8.0,0.0,1.0,208.0,0.0,12.0,2.0,12.0,1.0,0.0,19XFC2F52HE0,2017.0,474.0,1863.0,13.0,37.0,Honda,31.0,4.0,1.0,0.0,0.0,55.0,0.0,0.0,0.0,12.0,6.0,12.0,0.0,1.0,1.0,12.0,32113.0,1.0,6.0,3.0,Valid license for this class vehicle,0.0,65.0,999.0,0.0,0.0,1.0,3.0,March,2020.0,4.0,2023.0,0.0,2.0,2.0,45.0,2.0,1.0,8.0,2.0,0.0,14.0,10.0,99.0,1.0,2.0,301.0,12.0,0.0,1.0,0.0,202304848417.0,12.0,7.0,3.0,0.0,1.0,1.0,4.0,23.0,2.0,0.0,1.0,99.0,0.0,37.0,1.0,99.0
123288,1,9,0.0,28.0,1.0,9998.0,-99.0,12.0,127.0,30.0,12.0,21.0,58.0,1.0,1.0,4.0,3.0,0.0,8.0,0.0,0.0,0.0,99.0,12.0,1.0,30.0,1.0,0.0,1FTBR1C8XLKB,2020.0,460.0,3608.0,95.0,12.0,Ford,462.0,21.0,1.0,0.0,0.0,70.0,7.0,0.0,0.0,12.0,6.0,30.0,0.0,0.0,1.0,12.0,32168.0,1.0,6.0,3.0,Valid license for this class vehicle,0.0,73.0,999.0,0.0,0.0,0.0,0.0,No Record,0.0,0.0,0.0,0.0,2.0,3.0,70.0,1.0,1.0,8.0,1.0,0.0,1.0,13.0,99.0,1.0,4.0,101.0,12.0,99.0,1.0,0.0,202304822661.0,12.0,3.0,3.0,1.0,1.0,1.0,21.0,53.0,1.0,1.0,1.0,20.0,0.0,12.0,2.0,0.0
123289,2,0,0.0,0.0,1.0,9995.0,-99.0,12.0,86.0,12.0,55.0,4.0,21.0,2.0,1.0,0.0,20.0,7.0,8.0,0.0,0.0,995.0,0.0,12.0,3.0,12.0,2.0,0.0,5NPD84LF1LH5,2020.0,498.0,2735.0,13.0,55.0,Hyundai,35.0,4.0,1.0,0.0,0.0,40.0,0.0,0.0,0.0,12.0,6.0,12.0,0.0,0.0,1.0,12.0,33187.0,1.0,6.0,3.0,Valid license for this class vehicle,0.0,66.0,999.0,0.0,0.0,0.0,0.0,No Record,0.0,0.0,0.0,0.0,2.0,4.0,40.0,1.0,1.0,8.0,1.0,3.0,1.0,17.0,1.0,1.0,1.0,402.0,12.0,0.0,1.0,0.0,202305061268.0,9.0,1.0,6.0,2.0,1.0,1.0,4.0,25.0,2.0,0.0,1.0,20.0,0.0,55.0,1.0,0.0
123299,2,0,0.0,0.0,1.0,9995.0,-99.0,12.0,105.0,12.0,63.0,14.0,82.0,1.0,1.0,3.0,3.0,0.0,1.0,0.0,0.0,995.0,0.0,12.0,2.0,12.0,2.0,0.0,5XYPG4A32KG5,2019.0,499.0,2769.0,7.0,63.0,KIA,402.0,14.0,1.0,0.0,0.0,998.0,0.0,0.0,0.0,12.0,6.0,12.0,0.0,0.0,1.0,12.0,33898.0,1.0,6.0,3.0,Valid license for this class vehicle,0.0,69.0,999.0,0.0,0.0,0.0,0.0,No Record,0.0,0.0,0.0,0.0,1.0,2.0,55.0,3.0,1.0,8.0,1.0,0.0,14.0,62.0,99.0,1.0,1.0,302.0,12.0,0.0,1.0,0.0,202304741340.0,12.0,7.0,2.0,0.0,1.0,1.0,14.0,27.0,2.0,0.0,1.0,20.0,0.0,63.0,2.0,98.0
123321,1,0,0.0,0.0,1.0,9999.0,-99.0,12.0,86.0,33.0,35.0,34.0,37.0,1.0,1.0,4.0,3.0,0.0,8.0,0.0,0.0,995.0,7.0,12.0,1.0,33.0,1.0,0.0,1N6AA1R78HN5,2017.0,478.0,1920.0,60.0,35.0,Nissan/Datsun,481.0,34.0,1.0,0.0,0.0,35.0,7.0,0.0,0.0,12.0,6.0,33.0,0.0,0.0,1.0,12.0,33020.0,1.0,6.0,3.0,Valid license for this class vehicle,0.0,70.0,999.0,0.0,0.0,0.0,4.0,April,2022.0,4.0,2022.0,0.0,1.0,2.0,35.0,1.0,1.0,8.0,2.0,0.0,1.0,13.0,99.0,1.0,4.0,998.0,12.0,1.0,1.0,0.0,202305173562.0,12.0,7.0,5.0,0.0,1.0,1.0,34.0,65.0,1.0,0.0,1.0,20.0,0.0,35.0,1.0,0.0
123329,1,0,93.0,38.0,1.0,9999.0,-99.0,12.0,53.0,12.0,12.0,4.0,75.0,1.0,1.0,4.0,3.0,0.0,1.0,0.0,0.0,995.0,7.0,12.0,3.0,12.0,1.0,0.0,3FAHP0HA5AR4,2010.0,460.0,1780.0,13.0,12.0,Ford,23.0,4.0,1.0,0.0,0.0,10.0,0.0,0.0,0.0,3.0,6.0,12.0,0.0,0.0,1.0,12.0,34608.0,1.0,6.0,3.0,Valid license for this class vehicle,0.0,72.0,999.0,0.0,0.0,0.0,0.0,No Record,0.0,0.0,0.0,0.0,5.0,5.0,45.0,1.0,1.0,8.0,1.0,0.0,11.0,15.0,99.0,1.0,1.0,401.0,12.0,1.0,1.0,0.0,202305648029.0,12.0,4.0,12.0,2.0,1.0,1.0,4.0,21.0,2.0,2.0,1.0,3.0,0.0,12.0,1.0,0.0