ST_CASE,VEH_NO_x,DRIMPAIR_x,DRDISTRACT,DRIVERRF,PER_NO_x,DRUGRES,DRUGACTQTY,STATE_x,COUNTY,HARM_EV_x,MAKE_x,BODY_TYP_x,AGE,SEX,PER_TYP_x,INJ_SEV,REST_USE,REST_MIS,AIR_BAG_x,EJECTION,DRINKING,ALC_RES,HISPANIC,STATE_y,VE_FORMS,HARM_EV_y,NUMOCCS,HIT_RUN,VIN,MOD_YEAR,VPICMAKE,VPICMODEL,VPICBODYCLASS,MAKE_y,MAKENAME,MODEL,BODY_TYP_y,HAZ_INV,HAZ_PLAC,HAZ_ID,TRAV_SP,UNDEROVERRIDE,ROLLOVER,ROLINLOC,IMPACT1,DEFORMED,M_HARM,FIRE_EXP,DR_DRINK,DR_PRES,L_STATE,DR_ZIP,L_TYPE,L_STATUS,L_COMPL,L_COMPLNAME,L_RESTRI,DR_HGT,DR_WGT,PREV_DWI,PREV_SPD,PREV_OTH,FIRST_MO,FIRST_MONAME,FIRST_YR,LAST_MO,LAST_YR,SPEEDREL,VTRAFWAY,VNUM_LAN,VSPD_LIM,VALIGN,VPROFILE,VPAVETYP,VSURCOND,VTRAFCON,P_CRASH1,P_CRASH2,P_CRASH3,PCRASH4,PCRASH5,ACC_CONFIG,STATE,RACE,ORDER,MULTRACE,CASENUM,HARM_EV,DAY_WEEK,MONTH,MAXSEV_IM,WEATHR_IM,PER_NO_y,BODY_TYP,AGE_IM,SEX_IM,INJSEV_IM,PER_TYP_y,AIR_BAG_y,EJECT_IM,MAKE,VEH_NO_y,DRIMPAIR_y
130305,1,98,96.0,51.0,1.0,1.0,-99.0,13.0,317.0,12.0,35.0,4.0,38.0,1.0,1.0,4.0,20.0,7.0,9.0,1.0,0.0,0.0,7.0,13.0,2.0,12.0,1.0,0.0,1N4AL3AP2FC4,2015.0,478.0,1904.0,13.0,35.0,Nissan/Datsun,47.0,4.0,1.0,0.0,0.0,998.0,0.0,0.0,0.0,12.0,6.0,12.0,0.0,0.0,1.0,13.0,30817.0,1.0,6.0,3.0,Valid license for this class vehicle,3.0,999.0,999.0,0.0,1.0,0.0,8.0,August,2021.0,5.0,2022.0,0.0,1.0,2.0,55.0,2.0,2.0,2.0,1.0,0.0,14.0,10.0,99.0,1.0,2.0,301.0,13.0,1.0,1.0,0.0,202305082821.0,12.0,4.0,5.0,2.0,1.0,1.0,4.0,35.0,2.0,0.0,1.0,20.0,0.0,35.0,2.0,0.0
130309,2,98,0.0,0.0,1.0,1.0,-99.0,13.0,151.0,12.0,12.0,2.0,67.0,1.0,1.0,4.0,20.0,7.0,20.0,0.0,0.0,102.0,7.0,13.0,2.0,12.0,1.0,0.0,1FA6P8THXG52,2016.0,460.0,1781.0,3.0,12.0,Ford,3.0,2.0,1.0,0.0,0.0,998.0,8.0,0.0,0.0,6.0,6.0,12.0,0.0,1.0,1.0,13.0,30294.0,9.0,9.0,9.0,Unknown,9.0,999.0,999.0,99.0,99.0,99.0,99.0,Unknown,9999.0,99.0,9999.0,0.0,3.0,3.0,65.0,1.0,2.0,2.0,1.0,97.0,1.0,61.0,1.0,1.0,1.0,203.0,13.0,2.0,1.0,0.0,202305303122.0,12.0,6.0,7.0,1.0,10.0,1.0,2.0,21.0,1.0,0.0,1.0,20.0,0.0,12.0,1.0,0.0
130311,1,98,0.0,0.0,1.0,1.0,-99.0,13.0,321.0,34.0,59.0,4.0,35.0,1.0,1.0,4.0,20.0,7.0,9.0,0.0,8.0,213.0,7.0,13.0,1.0,34.0,1.0,0.0,JTHBJ46G8720,2007.0,515.0,2475.0,13.0,59.0,Lexus,31.0,4.0,1.0,0.0,0.0,998.0,7.0,3.0,5.0,12.0,6.0,1.0,0.0,1.0,1.0,13.0,31744.0,1.0,6.0,3.0,Valid license for this class vehicle,0.0,999.0,999.0,0.0,0.0,0.0,0.0,No Record,0.0,0.0,0.0,0.0,1.0,2.0,55.0,3.0,2.0,2.0,1.0,97.0,14.0,12.0,99.0,1.0,4.0,102.0,13.0,2.0,1.0,0.0,202304873872.0,12.0,6.0,4.0,2.0,1.0,1.0,4.0,69.0,2.0,0.0,1.0,20.0,0.0,59.0,1.0,98.0
130312,1,9,96.0,28.0,1.0,1.0,-99.0,13.0,105.0,12.0,20.0,34.0,33.0,1.0,1.0,3.0,3.0,0.0,8.0,0.0,1.0,138.0,0.0,13.0,2.0,12.0,1.0,0.0,3GCUKREC6GG1,2016.0,467.0,1850.0,60.0,20.0,Chevrolet,481.0,34.0,1.0,0.0,0.0,998.0,8.0,3.0,1.0,12.0,6.0,12.0,0.0,1.0,1.0,13.0,30635.0,0.0,0.0,0.0,Not licensed,0.0,999.0,999.0,0.0,0.0,0.0,0.0,No Record,0.0,0.0,0.0,0.0,1.0,2.0,55.0,1.0,1.0,2.0,2.0,97.0,1.0,10.0,99.0,2.0,2.0,301.0,13.0,0.0,1.0,0.0,202305502254.0,42.0,6.0,12.0,1.0,1.0,1.0,34.0,37.0,1.0,1.0,1.0,1.0,0.0,20.0,1.0,9.0
130312,2,98,0.0,0.0,1.0,0.0,-99.0,13.0,105.0,12.0,55.0,4.0,19.0,1.0,1.0,4.0,3.0,0.0,8.0,0.0,0.0,0.0,7.0,13.0,2.0,12.0,1.0,0.0,5NPDH4AE8GH7,2016.0,498.0,2735.0,13.0,55.0,Hyundai,35.0,4.0,1.0,0.0,0.0,998.0,8.0,0.0,0.0,12.0,6.0,12.0,0.0,0.0,1.0,13.0,30662.0,1.0,6.0,3.0,Valid license for this class vehicle,0.0,999.0,999.0,0.0,1.0,0.0,2.0,February,2023.0,2.0,2023.0,0.0,1.0,2.0,55.0,1.0,1.0,2.0,2.0,97.0,1.0,62.0,99.0,1.0,1.0,302.0,13.0,2.0,1.0,0.0,202304820698.0,12.0,2.0,3.0,1.0,1.0,1.0,4.0,52.0,2.0,1.0,1.0,8.0,0.0,55.0,2.0,0.0
130322,1,99,96.0,0.0,1.0,0.0,-99.0,13.0,89.0,53.0,23.0,15.0,60.0,1.0,1.0,4.0,20.0,7.0,9.0,0.0,0.0,996.0,7.0,13.0,1.0,53.0,1.0,0.0,1GKFK66UX6J1,2006.0,472.0,4579.0,7.0,23.0,GMC,422.0,15.0,1.0,0.0,0.0,998.0,7.0,0.0,0.0,12.0,6.0,53.0,0.0,0.0,1.0,13.0,30079.0,1.0,6.0,3.0,Valid license for this class vehicle,3.0,999.0,999.0,0.0,0.0,0.0,0.0,No Record,0.0,0.0,0.0,0.0,1.0,2.0,35.0,1.0,2.0,2.0,2.0,0.0,1.0,12.0,99.0,1.0,4.0,102.0,13.0,2.0,1.0,0.0,202305181738.0,12.0,5.0,7.0,2.0,1.0,1.0,15.0,23.0,1.0,0.0,1.0,9.0,0.0,23.0,2.0,0.0
130326,4,98,96.0,0.0,1.0,0.0,-99.0,13.0,139.0,12.0,49.0,34.0,20.0,1.0,1.0,1.0,3.0,0.0,20.0,0.0,0.0,996.0,0.0,13.0,4.0,12.0,1.0,0.0,5TBET341X6S5,2006.0,448.0,2467.0,60.0,49.0,Toyota,482.0,34.0,1.0,0.0,0.0,998.0,0.0,0.0,0.0,12.0,6.0,12.0,0.0,0.0,1.0,13.0,30542.0,1.0,6.0,3.0,Valid license for this class vehicle,0.0,999.0,999.0,0.0,2.0,1.0,10.0,October,2018.0,1.0,2023.0,0.0,1.0,2.0,45.0,1.0,1.0,2.0,1.0,28.0,1.0,62.0,99.0,1.0,1.0,998.0,13.0,0.0,1.0,0.0,202305654761.0,12.0,7.0,12.0,0.0,2.0,1.0,34.0,61.0,1.0,0.0,1.0,20.0,0.0,49.0,1.0,0.0
130336,2,0,96.0,0.0,1.0,0.0,-99.0,13.0,165.0,12.0,82.0,66.0,59.0,1.0,1.0,0.0,3.0,0.0,20.0,0.0,0.0,996.0,0.0,13.0,2.0,12.0,1.0,0.0,3AKJHHDR4NSN,2022.0,450.0,2501.0,66.0,82.0,Freightliner,881.0,66.0,1.0,0.0,0.0,998.0,0.0,0.0,0.0,12.0,6.0,12.0,0.0,0.0,1.0,37.0,28023.0,1.0,6.0,3.0,Valid license for this class vehicle,3.0,75.0,999.0,0.0,0.0,0.0,0.0,No Record,0.0,0.0,0.0,0.0,2.0,4.0,55.0,1.0,2.0,2.0,1.0,0.0,1.0,66.0,99.0,1.0,1.0,503.0,13.0,0.0,1.0,0.0,202304784281.0,12.0,4.0,3.0,0.0,10.0,1.0,66.0,49.0,1.0,0.0,1.0,20.0,0.0,82.0,1.0,98.0
130338,1,99,96.0,0.0,1.0,0.0,-99.0,13.0,115.0,34.0,18.0,14.0,30.0,2.0,1.0,4.0,3.0,0.0,9.0,0.0,0.0,996.0,7.0,13.0,1.0,34.0,1.0,0.0,KL4CJASB1KB7,2019.0,468.0,1842.0,7.0,18.0,Buick / Opel,404.0,14.0,1.0,0.0,0.0,998.0,7.0,3.0,5.0,14.0,6.0,34.0,0.0,0.0,1.0,13.0,30165.0,1.0,6.0,3.0,Valid license for this class vehicle,0.0,999.0,999.0,0.0,1.0,3.0,7.0,July,2020.0,4.0,2023.0,4.0,5.0,5.0,55.0,1.0,1.0,2.0,2.0,0.0,1.0,12.0,99.0,1.0,4.0,102.0,13.0,1.0,1.0,0.0,202305073098.0,12.0,2.0,6.0,3.0,2.0,1.0,14.0,56.0,2.0,3.0,1.0,8.0,0.0,18.0,1.0,0.0
130345,1,98,96.0,6.0,1.0,0.0,-99.0,13.0,135.0,12.0,35.0,4.0,17.0,1.0,1.0,4.0,20.0,7.0,9.0,0.0,0.0,0.0,7.0,13.0,2.0,12.0,1.0,0.0,1N4AL3AP5HC1,2017.0,478.0,1904.0,13.0,35.0,Nissan/Datsun,47.0,4.0,1.0,0.0,0.0,998.0,0.0,0.0,0.0,12.0,6.0,12.0,0.0,0.0,1.0,13.0,30518.0,1.0,6.0,3.0,Valid license for this class vehicle,0.0,999.0,999.0,0.0,0.0,0.0,0.0,No Record,0.0,0.0,0.0,0.0,1.0,2.0,35.0,4.0,1.0,2.0,1.0,0.0,14.0,10.0,99.0,1.0,2.0,301.0,13.0,2.0,1.0,0.0,202305046985.0,12.0,3.0,6.0,0.0,1.0,1.0,4.0,21.0,2.0,0.0,1.0,20.0,0.0,35.0,1.0,0.0
130351,1,99,96.0,0.0,1.0,0.0,-99.0,13.0,15.0,1.0,49.0,34.0,999.0,9.0,1.0,0.0,99.0,7.0,20.0,0.0,9.0,996.0,0.0,13.0,1.0,1.0,3.0,0.0,5TBET34196S5,2006.0,448.0,2467.0,60.0,49.0,Toyota,482.0,34.0,1.0,0.0,0.0,998.0,7.0,3.0,1.0,0.0,6.0,1.0,0.0,0.0,1.0,99.0,99999.0,9.0,9.0,9.0,Unknown,9.0,999.0,999.0,99.0,99.0,99.0,99.0,Unknown,9999.0,99.0,9999.0,0.0,3.0,3.0,70.0,2.0,1.0,2.0,1.0,97.0,14.0,12.0,1.0,1.0,6.0,998.0,13.0,0.0,1.0,0.0,202304850301.0,12.0,7.0,3.0,1.0,1.0,1.0,34.0,26.0,1.0,1.0,1.0,20.0,0.0,49.0,1.0,98.0
130362,1,98,96.0,0.0,1.0,0.0,-99.0,13.0,35.0,42.0,49.0,4.0,27.0,1.0,1.0,4.0,20.0,7.0,8.0,0.0,0.0,996.0,7.0,13.0,1.0,42.0,1.0,0.0,5YFBURHE3JP7,2018.0,448.0,2208.0,13.0,49.0,Toyota,32.0,4.0,1.0,0.0,0.0,998.0,7.0,0.0,0.0,12.0,6.0,42.0,0.0,0.0,1.0,13.0,30252.0,1.0,6.0,3.0,Valid license for this class vehicle,0.0,999.0,999.0,0.0,0.0,0.0,0.0,No Record,0.0,0.0,0.0,4.0,1.0,2.0,50.0,1.0,2.0,2.0,2.0,28.0,1.0,12.0,15.0,1.0,4.0,102.0,13.0,2.0,1.0,0.0,202305342451.0,12.0,2.0,8.0,3.0,1.0,1.0,4.0,24.0,2.0,3.0,1.0,1.0,0.0,49.0,2.0,0.0
130365,1,98,0.0,26.0,1.0,0.0,-99.0,13.0,89.0,5.0,35.0,4.0,62.0,1.0,1.0,0.0,3.0,0.0,9.0,0.0,0.0,996.0,0.0,13.0,2.0,5.0,1.0,0.0,1N4AL2AP8BC1,2011.0,478.0,1904.0,13.0,35.0,Nissan/Datsun,47.0,4.0,1.0,0.0,0.0,998.0,0.0,0.0,0.0,14.0,6.0,12.0,0.0,0.0,1.0,13.0,30047.0,1.0,6.0,3.0,Valid license for this class vehicle,0.0,999.0,999.0,0.0,0.0,0.0,0.0,No Record,0.0,0.0,0.0,0.0,3.0,6.0,65.0,1.0,1.0,2.0,1.0,97.0,1.0,50.0,1.0,1.0,1.0,998.0,13.0,0.0,1.0,0.0,202305385432.0,12.0,2.0,10.0,0.0,1.0,1.0,4.0,29.0,2.0,0.0,1.0,20.0,0.0,35.0,2.0,0.0
130365,2,98,0.0,0.0,1.0,0.0,-99.0,13.0,89.0,5.0,35.0,4.0,49.0,1.0,1.0,2.0,3.0,0.0,20.0,0.0,0.0,996.0,0.0,13.0,2.0,5.0,4.0,0.0,1N4AL3AP7FN9,2015.0,478.0,1904.0,13.0,35.0,Nissan/Datsun,47.0,4.0,1.0,0.0,0.0,0.0,0.0,0.0,0.0,0.0,6.0,5.0,0.0,0.0,1.0,13.0,30046.0,1.0,6.0,3.0,Valid license for this class vehicle,0.0,999.0,999.0,0.0,1.0,1.0,1.0,January,2022.0,11.0,2022.0,0.0,3.0,6.0,65.0,1.0,1.0,2.0,1.0,97.0,5.0,98.0,1.0,1.0,1.0,0.0,13.0,0.0,1.0,0.0,202305158399.0,12.0,4.0,8.0,1.0,1.0,1.0,4.0,21.0,2.0,0.0,1.0,8.0,0.0,35.0,1.0,0.0
130367,1,99,96.0,0.0,1.0,0.0,-99.0,13.0,221.0,12.0,12.0,34.0,67.0,1.0,1.0,4.0,2.0,0.0,9.0,0.0,0.0,996.0,7.0,13.0,2.0,12.0,1.0,0.0,1FTRX17233NA,2003.0,460.0,1801.0,60.0,12.0,Ford,481.0,34.0,1.0,0.0,0.0,998.0,0.0,0.0,0.0,12.0,6.0,12.0,0.0,0.0,1.0,13.0,30648.0,1.0,6.0,3.0,Valid license for this class vehicle,3.0,999.0,999.0,0.0,1.0,0.0,6.0,June,2018.0,6.0,2018.0,0.0,1.0,3.0,55.0,1.0,2.0,2.0,1.0,0.0,1.0,10.0,99.0,1.0,2.0,301.0,13.0,1.0,1.0,0.0,202304854180.0,12.0,4.0,3.0,0.0,1.0,1.0,34.0,90.0,1.0,0.0,1.0,20.0,0.0,12.0,1.0,0.0
130371,1,99,96.0,6.0,1.0,0.0,-99.0,13.0,187.0,18.0,37.0,4.0,47.0,1.0,1.0,4.0,20.0,7.0,8.0,0.0,9.0,996.0,7.0,13.0,1.0,18.0,1.0,0.0,1HGCR2F77DA1,2013.0,474.0,1861.0,13.0,37.0,Honda,32.0,4.0,1.0,0.0,0.0,998.0,7.0,3.0,5.0,12.0,6.0,1.0,0.0,0.0,1.0,13.0,30528.0,1.0,6.0,3.0,Valid license for this class vehicle,0.0,999.0,999.0,0.0,0.0,1.0,3.0,March,2019.0,3.0,2019.0,0.0,1.0,2.0,50.0,2.0,2.0,2.0,1.0,97.0,14.0,12.0,99.0,2.0,4.0,102.0,13.0,1.0,1.0,0.0,202304985541.0,12.0,4.0,5.0,2.0,1.0,1.0,4.0,60.0,1.0,0.0,1.0,20.0,0.0,37.0,2.0,0.0
130385,2,98,96.0,0.0,1.0,0.0,-99.0,13.0,217.0,12.0,6.0,20.0,26.0,2.0,1.0,4.0,20.0,7.0,2.0,1.0,0.0,996.0,7.0,13.0,2.0,12.0,5.0,0.0,2C4RC1BG2NR2,2022.0,477.0,3628.0,2.0,6.0,Chrysler,443.0,20.0,1.0,0.0,0.0,998.0,0.0,0.0,0.0,12.0,6.0,12.0,0.0,0.0,1.0,13.0,30606.0,1.0,6.0,3.0,Valid license for this class vehicle,0.0,999.0,999.0,0.0,0.0,0.0,0.0,No Record,0.0,0.0,0.0,0.0,1.0,2.0,55.0,1.0,1.0,2.0,2.0,97.0,1.0,54.0,1.0,1.0,1.0,302.0,13.0,2.0,1.0,0.0,202305149611.0,12.0,5.0,5.0,0.0,1.0,1.0,20.0,58.0,1.0,0.0,1.0,20.0,0.0,6.0,1.0,0.0
130388,1,99,0.0,34.0,1.0,9999.0,-99.0,13.0,161.0,32.0,37.0,4.0,22.0,1.0,1.0,4.0,3.0,0.0,2.0,0.0,9.0,995.0,7.0,13.0,1.0,32.0,1.0,0.0,1HGCG16591A0,2001.0,474.0,1861.0,13.0,37.0,Honda,32.0,4.0,1.0,0.0,0.0,998.0,7.0,3.0,6.0,12.0,6.0,32.0,0.0,0.0,1.0,13.0,31533.0,1.0,6.0,3.0,Valid license for this class vehicle,0.0,999.0,999.0,0.0,1.0,0.0,3.0,March,2023.0,3.0,2023.0,4.0,1.0,2.0,55.0,1.0,1.0,2.0,2.0,28.0,6.0,6.0,1.0,1.0,4.0,101.0,13.0,2.0,1.0,0.0,202305264532.0,12.0,3.0,9.0,0.0,1.0,1.0,4.0,20.0,1.0,0.0,1.0,20.0,0.0,37.0,2.0,0.0
130399,1,98,96.0,38.0,1.0,0.0,-99.0,13.0,15.0,12.0,49.0,4.0,44.0,1.0,1.0,4.0,3.0,0.0,9.0,0.0,0.0,996.0,7.0,13.0,2.0,12.0,1.0,0.0,1NXBU4EE4AZ2,2010.0,448.0,2208.0,13.0,49.0,Toyota,32.0,4.0,1.0,0.0,0.0,998.0,0.0,0.0,0.0,81.0,6.0,12.0,0.0,0.0,1.0,1.0,35146.0,1.0,6.0,3.0,Valid license for this class vehicle,0.0,74.0,230.0,0.0,2.0,0.0,3.0,March,2019.0,10.0,2019.0,0.0,3.0,4.0,55.0,1.0,2.0,2.0,1.0,3.0,12.0,21.0,1.0,1.0,1.0,998.0,13.0,1.0,1.0,0.0,202304804676.0,12.0,2.0,3.0,0.0,10.0,1.0,4.0,20.0,2.0,0.0,1.0,20.0,0.0,49.0,2.0,0.0
130399,2,98,0.0,0.0,1.0,0.0,-99.0,13.0,15.0,12.0,12.0,34.0,43.0,1.0,1.0,1.0,3.0,0.0,1.0,0.0,8.0,996.0,0.0,13.0,2.0,12.0,1.0,0.0,1FTFW1ET2CFC,2012.0,460.0,1801.0,60.0,12.0,Ford,481.0,34.0,1.0,0.0,0.0,998.0,0.0,0.0,0.0,12.0,6.0,12.0,0.0,0.0,1.0,13.0,30103.0,1.0,6.0,3.0,Valid license for this class vehicle,3.0,999.0,999.0,0.0,0.0,0.0,0.0,No Record,0.0,0.0,0.0,0.0,3.0,4.0,55.0,1.0,2.0,2.0,1.0,3.0,1.0,62.0,1.0,1.0,1.0,998.0,13.0,0.0,1.0,0.0,202305378291.0,12.0,7.0,9.0,0.0,1.0,1.0,34.0,71.0,1.0,0.0,1.0,20.0,0.0,12.0,1.0,98.0
130413,1,98,96.0,0.0,1.0,0.0,-99.0,13.0,143.0,32.0,14.0,4.0,21.0,1.0,1.0,4.0,20.0,7.0,20.0,1.0,0.0,996.0,7.0,13.0,1.0,32.0,1.0,0.0,2MEFM75W65X6,2005.0,465.0,1792.0,13.0,14.0,Mercury,6.0,4.0,1.0,0.0,0.0,998.0,7.0,3.0,3.0,14.0,6.0,1.0,0.0,0.0,1.0,13.0,30176.0,1.0,6.0,3.0,Valid license for this class vehicle,0.0,999.0,999.0,0.0,1.0,0.0,1.0,January,2020.0,1.0,2020.0,0.0,3.0,2.0,55.0,1.0,1.0,2.0,1.0,97.0,1.0,12.0,1.0,1.0,4.0,102.0,13.0,1.0,1.0,0.0,202305071534.0,45.0,2.0,6.0,4.0,1.0,1.0,4.0,35.0,1.0,4.0,1.0,20.0,0.0,14.0,2.0,9.0
130419,1,99,0.0,0.0,1.0,0.0,-99.0,13.0,187.0,42.0,49.0,34.0,76.0,1.0,1.0,4.0,3.0,0.0,9.0,0.0,0.0,996.0,7.0,13.0,1.0,42.0,1.0,0.0,3TMCZ5AN2KM2,2019.0,448.0,2223.0,60.0,49.0,Toyota,472.0,34.0,1.0,0.0,0.0,998.0,7.0,0.0,0.0,12.0,6.0,42.0,0.0,0.0,1.0,13.0,30533.0,1.0,6.0,3.0,Valid license for this class vehicle,3.0,999.0,999.0,0.0,0.0,0.0,0.0,No Record,0.0,0.0,0.0,0.0,1.0,2.0,55.0,1.0,2.0,2.0,1.0,28.0,1.0,13.0,1.0,1.0,4.0,101.0,13.0,1.0,1.0,0.0,202304692807.0,12.0,7.0,1.0,0.0,1.0,1.0,34.0,35.0,1.0,0.0,1.0,20.0,0.0,49.0,2.0,0.0
130420,1,99,96.0,51.0,1.0,1.0,-99.0,13.0,89.0,12.0,35.0,4.0,39.0,2.0,1.0,4.0,99.0,7.0,8.0,0.0,1.0,204.0,7.0,13.0,2.0,12.0,1.0,0.0,3N1CN7AP2JL8,2018.0,478.0,1894.0,13.0,35.0,Nissan/Datsun,50.0,4.0,1.0,0.0,0.0,998.0,0.0,0.0,0.0,12.0,6.0,12.0,0.0,1.0,1.0,13.0,30312.0,1.0,1.0,2.0,No valid license for this class vehicle,0.0,999.0,999.0,1.0,1.0,1.0,11.0,November,2018.0,2.0,2020.0,0.0,1.0,2.0,35.0,2.0,1.0,2.0,2.0,0.0,14.0,10.0,99.0,1.0,2.0,301.0,13.0,2.0,1.0,0.0,202304927116.0,12.0,3.0,4.0,1.0,1.0,1.0,4.0,21.0,2.0,1.0,1.0,20.0,0.0,35.0,2.0,98.0
130426,1,98,0.0,38.0,1.0,0.0,-99.0,13.0,121.0,12.0,49.0,4.0,37.0,1.0,1.0,4.0,3.0,0.0,9.0,0.0,0.0,996.0,7.0,13.0,2.0,12.0,1.0,0.0,4T1C11AK0PU1,2023.0,448.0,2469.0,13.0,49.0,Toyota,40.0,4.0,1.0,0.0,0.0,998.0,0.0,0.0,0.0,8.0,6.0,12.0,0.0,0.0,1.0,13.0,30296.0,1.0,6.0,3.0,Valid license for this class vehicle,0.0,999.0,999.0,0.0,0.0,2.0,10.0,October,2018.0,8.0,2022.0,0.0,2.0,4.0,55.0,1.0,2.0,2.0,1.0,0.0,10.0,16.0,6.0,1.0,2.0,410.0,13.0,2.0,1.0,0.0,202305702436.0,12.0,4.0,12.0,0.0,1.0,1.0,4.0,28.0,1.0,0.0,1.0,20.0,0.0,49.0,2.0,0.0
130436,1,98,96.0,0.0,1.0,0.0,-99.0,13.0,291.0,34.0,7.0,34.0,70.0,1.0,1.0,4.0,20.0,7.0,2.0,0.0,0.0,996.0,7.0,13.0,1.0,34.0,1.0,0.0,1C6RR6LG6MS5,2021.0,496.0,13620.0,60.0,7.0,Dodge,482.0,34.0,1.0,0.0,0.0,998.0,7.0,0.0,0.0,12.0,6.0,42.0,0.0,0.0,1.0,13.0,30512.0,1.0,6.0,3.0,Valid license for this class vehicle,0.0,999.0,999.0,0.0,0.0,0.0,0.0,No Record,0.0,0.0,0.0,0.0,1.0,2.0,35.0,1.0,2.0,2.0,1.0,97.0,1.0,13.0,1.0,1.0,4.0,101.0,13.0,1.0,1.0,0.0,202305182469.0,32.0,5.0,8.0,0.0,1.0,1.0,34.0,53.0,2.0,0.0,1.0,1.0,0.0,7.0,1.0,98.0
130441,1,9,96.0,0.0,1.0,2005.0,80.0,13.0,15.0,32.0,55.0,4.0,33.0,2.0,1.0,2.0,3.0,0.0,8.0,0.0,8.0,0.0,0.0,13.0,1.0,32.0,3.0,0.0,5NPEB4AC2CH3,2012.0,498.0,2459.0,13.0,55.0,Hyundai,33.0,4.0,1.0,0.0,0.0,998.0,7.0,3.0,5.0,12.0,6.0,1.0,0.0,0.0,1.0,13.0,30153.0,1.0,1.0,2.0,No valid license for this class vehicle,0.0,999.0,999.0,0.0,4.0,4.0,9.0,September,2018.0,1.0,2023.0,0.0,2.0,2.0,65.0,2.0,2.0,2.0,1.0,97.0,14.0,12.0,99.0,3.0,4.0,102.0,13.0,0.0,1.0,0.0,202305170447.0,12.0,1.0,6.0,2.0,1.0,1.0,4.0,61.0,1.0,2.0,1.0,8.0,0.0,55.0,1.0,0.0
130442,2,98,0.0,51.0,1.0,0.0,-99.0,13.0,121.0,12.0,35.0,4.0,28.0,2.0,1.0,4.0,3.0,0.0,20.0,0.0,0.0,996.0,7.0,13.0,2.0,12.0,1.0,0.0,1N4AL3AP6GC2,2016.0,478.0,1904.0,13.0,35.0,Nissan/Datsun,47.0,4.0,1.0,0.0,0.0,998.0,0.0,0.0,0.0,12.0,6.0,12.0,0.0,0.0,1.0,13.0,30012.0,1.0,6.0,3.0,Valid license for this class vehicle,3.0,999.0,999.0,0.0,0.0,0.0,0.0,No Record,0.0,0.0,0.0,0.0,3.0,6.0,55.0,1.0,1.0,2.0,1.0,97.0,1.0,54.0,1.0,1.0,1.0,303.0,13.0,2.0,1.0,0.0,202304955223.0,12.0,6.0,3.0,0.0,1.0,1.0,4.0,39.0,2.0,0.0,1.0,20.0,0.0,35.0,2.0,0.0
130451,1,9,96.0,28.0,1.0,9999.0,-99.0,13.0,313.0,33.0,19.0,6.0,49.0,2.0,1.0,2.0,3.0,0.0,9.0,0.0,8.0,995.0,0.0,13.0,1.0,33.0,2.0,0.0,1GYEE4374801,2008.0,469.0,1844.0,7.0,19.0,Cadillac,20.0,6.0,1.0,0.0,0.0,998.0,7.0,0.0,0.0,14.0,6.0,33.0,0.0,0.0,1.0,13.0,30721.0,1.0,6.0,3.0,Valid license for this class vehicle,0.0,999.0,999.0,0.0,0.0,2.0,2.0,February,2022.0,3.0,2023.0,0.0,1.0,2.0,25.0,1.0,1.0,2.0,1.0,0.0,1.0,13.0,99.0,1.0,4.0,101.0,13.0,0.0,1.0,0.0,202305526068.0,12.0,1.0,10.0,1.0,1.0,1.0,6.0,49.0,2.0,0.0,1.0,20.0,0.0,19.0,1.0,0.0
130456,1,9,96.0,6.0,1.0,5060.0,13.0,13.0,135.0,42.0,35.0,14.0,36.0,1.0,1.0,4.0,20.0,7.0,9.0,0.0,1.0,53.0,1.0,13.0,1.0,42.0,1.0,0.0,5N1AT2MT2KC7,2019.0,478.0,1913.0,7.0,35.0,Nissan/Datsun,404.0,14.0,1.0,0.0,0.0,998.0,7.0,0.0,0.0,12.0,6.0,42.0,0.0,1.0,1.0,13.0,30518.0,1.0,1.0,2.0,No valid license for this class vehicle,0.0,999.0,999.0,0.0,0.0,2.0,5.0,May,2018.0,12.0,2018.0,3.0,1.0,2.0,25.0,1.0,1.0,2.0,1.0,97.0,15.0,12.0,1.0,1.0,4.0,102.0,13.0,1.0,1.0,0.0,202305232596.0,12.0,7.0,9.0,1.0,1.0,1.0,14.0,25.0,1.0,1.0,1.0,9.0,0.0,35.0,1.0,98.0
130461,2,99,96.0,0.0,1.0,0.0,-99.0,13.0,113.0,12.0,20.0,4.0,40.0,2.0,1.0,2.0,3.0,0.0,2.0,0.0,9.0,996.0,0.0,13.0,2.0,12.0,1.0,0.0,1G1ZC5E03CF2,2012.0,467.0,1834.0,13.0,20.0,Chevrolet,37.0,4.0,1.0,0.0,0.0,998.0,0.0,0.0,0.0,12.0,6.0,12.0,0.0,0.0,1.0,13.0,30236.0,1.0,6.0,3.0,Valid license for this class vehicle,3.0,999.0,999.0,0.0,1.0,0.0,5.0,May,2022.0,9.0,2022.0,0.0,2.0,3.0,45.0,1.0,2.0,2.0,1.0,3.0,1.0,62.0,99.0,1.0,1.0,402.0,13.0,0.0,1.0,0.0,202304930008.0,11.0,2.0,5.0,0.0,10.0,1.0,4.0,17.0,1.0,0.0,1.0,20.0,0.0,20.0,1.0,0.0