ST_CASE,VEH_NO_x,DRIMPAIR_x,DRDISTRACT,DRIVERRF,PER_NO_x,DRUGRES,DRUGACTQTY,STATE_x,COUNTY,HARM_EV_x,MAKE_x,BODY_TYP_x,AGE,SEX,PER_TYP_x,INJ_SEV,REST_USE,REST_MIS,AIR_BAG_x,EJECTION,DRINKING,ALC_RES,HISPANIC,STATE_y,VE_FORMS,HARM_EV_y,NUMOCCS,HIT_RUN,VIN,MOD_YEAR,VPICMAKE,VPICMODEL,VPICBODYCLASS,MAKE_y,MAKENAME,MODEL,BODY_TYP_y,HAZ_INV,HAZ_PLAC,HAZ_ID,TRAV_SP,UNDEROVERRIDE,ROLLOVER,ROLINLOC,IMPACT1,DEFORMED,M_HARM,FIRE_EXP,DR_DRINK,DR_PRES,L_STATE,DR_ZIP,L_TYPE,L_STATUS,L_COMPL,L_COMPLNAME,L_RESTRI,DR_HGT,DR_WGT,PREV_DWI,PREV_SPD,PREV_OTH,FIRST_MO,FIRST_MONAME,FIRST_YR,LAST_MO,LAST_YR,SPEEDREL,VTRAFWAY,VNUM_LAN,VSPD_LIM,VALIGN,VPROFILE,VPAVETYP,VSURCOND,VTRAFCON,P_CRASH1,P_CRASH2,P_CRASH3,PCRASH4,PCRASH5,ACC_CONFIG,STATE,RACE,ORDER,MULTRACE,CASENUM,HARM_EV,DAY_WEEK,MONTH,MAXSEV_IM,WEATHR_IM,PER_NO_y,BODY_TYP,AGE_IM,SEX_IM,INJSEV_IM,PER_TYP_y,AIR_BAG_y,EJECT_IM,MAKE,VEH_NO_y,DRIMPAIR_y
130592,1,99,96.0,104.0,1.0,1133.0,-99.0,13.0,157.0,42.0,35.0,4.0,32.0,1.0,1.0,4.0,20.0,7.0,1.0,1.0,9.0,127.0,99.0,13.0,1.0,42.0,1.0,0.0,1N4AL3AP0EC1,2014.0,478.0,1904.0,13.0,35.0,Nissan/Datsun,47.0,4.0,1.0,0.0,0.0,998.0,7.0,0.0,0.0,82.0,6.0,42.0,0.0,1.0,1.0,13.0,30510.0,1.0,6.0,3.0,Valid license for this class vehicle,3.0,999.0,999.0,0.0,0.0,0.0,12.0,December,2021.0,12.0,2021.0,3.0,1.0,2.0,45.0,1.0,2.0,2.0,1.0,28.0,1.0,9.0,1.0,1.0,4.0,102.0,13.0,99.0,1.0,0.0,202305114032.0,12.0,2.0,5.0,0.0,1.0,1.0,4.0,27.0,2.0,0.0,1.0,20.0,0.0,35.0,1.0,0.0
130596,1,0,0.0,0.0,1.0,0.0,-99.0,13.0,51.0,1.0,37.0,34.0,56.0,1.0,1.0,4.0,20.0,7.0,20.0,0.0,8.0,996.0,7.0,13.0,1.0,1.0,1.0,0.0,5FPYK3F72KB0,2019.0,474.0,1866.0,60.0,37.0,Honda,471.0,34.0,1.0,0.0,0.0,998.0,7.0,3.0,5.0,0.0,6.0,1.0,0.0,0.0,1.0,13.0,31322.0,1.0,6.0,3.0,Valid license for this class vehicle,0.0,999.0,999.0,0.0,0.0,0.0,0.0,No Record,0.0,0.0,0.0,4.0,1.0,2.0,45.0,1.0,1.0,2.0,2.0,97.0,1.0,13.0,1.0,1.0,4.0,101.0,13.0,1.0,1.0,0.0,202304755207.0,12.0,3.0,2.0,0.0,1.0,1.0,34.0,80.0,1.0,0.0,1.0,1.0,0.0,37.0,2.0,0.0
130598,1,9,96.0,58.0,1.0,5060.0,1.1,13.0,303.0,7.0,20.0,4.0,17.0,2.0,1.0,2.0,3.0,0.0,8.0,0.0,1.0,147.0,0.0,13.0,1.0,7.0,2.0,0.0,1G1ZH57B69F2,2009.0,467.0,1834.0,13.0,20.0,Chevrolet,37.0,4.0,1.0,0.0,0.0,998.0,7.0,3.0,5.0,0.0,6.0,1.0,0.0,1.0,1.0,13.0,31096.0,0.0,0.0,0.0,Not licensed,0.0,999.0,999.0,99.0,99.0,99.0,99.0,Unknown,9999.0,99.0,9999.0,3.0,1.0,2.0,45.0,2.0,2.0,2.0,1.0,97.0,14.0,98.0,99.0,2.0,4.0,0.0,13.0,0.0,1.0,0.0,202305753175.0,12.0,4.0,10.0,2.0,1.0,1.0,4.0,68.0,2.0,2.0,1.0,20.0,0.0,20.0,1.0,0.0
130601,2,9,0.0,0.0,1.0,0.0,-99.0,13.0,103.0,12.0,30.0,4.0,19.0,1.0,1.0,2.0,20.0,7.0,8.0,0.0,9.0,996.0,0.0,13.0,4.0,12.0,3.0,0.0,WVWHN7AN7CE5,2012.0,482.0,8121.0,13.0,30.0,Volkswagen,52.0,4.0,1.0,0.0,0.0,998.0,7.0,0.0,0.0,62.0,6.0,12.0,0.0,0.0,1.0,13.0,31308.0,1.0,1.0,2.0,No valid license for this class vehicle,0.0,999.0,999.0,0.0,0.0,0.0,0.0,No Record,0.0,0.0,0.0,0.0,1.0,2.0,55.0,1.0,1.0,2.0,1.0,7.0,1.0,62.0,1.0,1.0,1.0,302.0,13.0,0.0,1.0,0.0,202305622894.0,12.0,2.0,12.0,0.0,10.0,1.0,4.0,46.0,1.0,0.0,1.0,20.0,0.0,30.0,2.0,0.0
130602,1,0,0.0,0.0,1.0,0.0,-99.0,13.0,121.0,12.0,58.0,4.0,34.0,1.0,1.0,4.0,20.0,7.0,8.0,0.0,8.0,996.0,4.0,13.0,2.0,12.0,1.0,0.0,JN1BV7AP0FM3,2015.0,480.0,1901.0,13.0,58.0,Infiniti,41.0,4.0,1.0,0.0,0.0,998.0,0.0,0.0,0.0,12.0,6.0,12.0,0.0,0.0,1.0,13.0,30137.0,0.0,0.0,0.0,Not licensed,0.0,999.0,999.0,0.0,0.0,0.0,0.0,No Record,0.0,0.0,0.0,4.0,1.0,2.0,55.0,1.0,5.0,2.0,1.0,97.0,1.0,54.0,8.0,7.0,2.0,301.0,13.0,1.0,1.0,0.0,202305007031.0,12.0,3.0,6.0,3.0,1.0,1.0,4.0,51.0,1.0,3.0,1.0,8.0,0.0,58.0,2.0,98.0
130607,1,9,0.0,6.0,1.0,0.0,-99.0,13.0,245.0,12.0,20.0,34.0,68.0,1.0,1.0,2.0,3.0,0.0,8.0,0.0,1.0,996.0,0.0,13.0,6.0,12.0,1.0,0.0,1GCHK23171F1,2001.0,467.0,1850.0,60.0,20.0,Chevrolet,481.0,34.0,1.0,0.0,0.0,998.0,0.0,0.0,0.0,12.0,6.0,12.0,0.0,1.0,1.0,13.0,30813.0,1.0,6.0,3.0,Valid license for this class vehicle,3.0,999.0,999.0,0.0,0.0,0.0,0.0,No Record,0.0,0.0,0.0,0.0,3.0,4.0,65.0,1.0,1.0,2.0,1.0,0.0,1.0,50.0,16.0,1.0,1.0,202.0,13.0,0.0,1.0,0.0,202305131916.0,12.0,5.0,7.0,1.0,1.0,1.0,34.0,21.0,1.0,0.0,1.0,20.0,0.0,20.0,2.0,0.0
130607,2,98,0.0,0.0,1.0,0.0,-99.0,13.0,245.0,12.0,42.0,4.0,32.0,2.0,1.0,4.0,3.0,0.0,8.0,0.0,8.0,0.0,7.0,13.0,6.0,12.0,2.0,0.0,55SWF8DB9KU3,2019.0,449.0,2085.0,13.0,42.0,Mercedes-Benz,42.0,4.0,1.0,0.0,0.0,0.0,0.0,0.0,0.0,6.0,6.0,12.0,0.0,0.0,1.0,13.0,30815.0,1.0,6.0,3.0,Valid license for this class vehicle,3.0,999.0,999.0,0.0,2.0,0.0,9.0,September,2021.0,12.0,2022.0,0.0,3.0,4.0,65.0,1.0,1.0,2.0,1.0,0.0,5.0,53.0,1.0,1.0,1.0,201.0,13.0,2.0,1.0,0.0,202304688419.0,12.0,4.0,1.0,1.0,2.0,1.0,4.0,28.0,2.0,0.0,1.0,20.0,0.0,42.0,2.0,98.0
130612,1,98,96.0,0.0,1.0,0.0,-99.0,13.0,121.0,17.0,19.0,4.0,61.0,2.0,1.0,1.0,3.0,0.0,9.0,0.0,8.0,996.0,0.0,13.0,1.0,17.0,2.0,0.0,1G6AA5RA2D01,2013.0,469.0,1824.0,13.0,19.0,Cadillac,24.0,4.0,1.0,0.0,0.0,998.0,7.0,3.0,5.0,12.0,6.0,17.0,0.0,0.0,1.0,13.0,30189.0,1.0,6.0,3.0,Valid license for this class vehicle,3.0,999.0,999.0,0.0,0.0,1.0,10.0,October,2018.0,10.0,2018.0,0.0,1.0,2.0,45.0,1.0,3.0,2.0,1.0,97.0,1.0,9.0,99.0,1.0,4.0,101.0,13.0,0.0,1.0,0.0,202305117455.0,12.0,7.0,7.0,0.0,1.0,1.0,4.0,66.0,2.0,0.0,1.0,20.0,0.0,19.0,1.0,0.0
130614,1,9,0.0,6.0,1.0,1.0,-99.0,13.0,115.0,12.0,72.0,80.0,26.0,1.0,1.0,4.0,20.0,7.0,20.0,8.0,1.0,154.0,7.0,13.0,2.0,12.0,1.0,0.0,1HD1KBM11CB6,2012.0,3888.0,11077.0,81.0,72.0,Harley-Davidson,706.0,80.0,1.0,0.0,0.0,998.0,7.0,8.0,8.0,12.0,6.0,12.0,0.0,1.0,1.0,13.0,30165.0,1.0,6.0,2.0,No valid license for this class vehicle,0.0,999.0,999.0,0.0,0.0,1.0,10.0,October,2022.0,10.0,2022.0,3.0,1.0,2.0,55.0,1.0,6.0,2.0,1.0,97.0,6.0,60.0,8.0,1.0,2.0,406.0,13.0,1.0,1.0,0.0,202305316163.0,12.0,7.0,9.0,3.0,1.0,1.0,80.0,48.0,1.0,3.0,1.0,20.0,8.0,72.0,2.0,0.0
130614,2,0,0.0,0.0,1.0,0.0,-99.0,13.0,115.0,12.0,85.0,66.0,53.0,1.0,1.0,0.0,3.0,0.0,20.0,0.0,8.0,996.0,0.0,13.0,2.0,12.0,1.0,0.0,1XKWD49XXPR2,2023.0,532.0,2732.0,66.0,85.0,Kenworth,881.0,66.0,1.0,0.0,0.0,998.0,7.0,0.0,0.0,63.0,6.0,12.0,0.0,0.0,1.0,13.0,30161.0,1.0,6.0,3.0,Valid license for this class vehicle,0.0,999.0,999.0,0.0,0.0,0.0,0.0,No Record,0.0,0.0,0.0,0.0,0.0,0.0,0.0,0.0,0.0,0.0,0.0,97.0,11.0,15.0,1.0,1.0,2.0,405.0,13.0,0.0,1.0,0.0,202305160449.0,12.0,1.0,8.0,0.0,1.0,1.0,66.0,38.0,1.0,0.0,1.0,20.0,0.0,85.0,2.0,0.0
130617,1,99,0.0,0.0,1.0,0.0,-99.0,13.0,149.0,42.0,37.0,4.0,27.0,1.0,1.0,4.0,20.0,7.0,8.0,0.0,9.0,996.0,7.0,13.0,1.0,42.0,1.0,0.0,19XFB2F56FE0,2015.0,474.0,1863.0,13.0,37.0,Honda,31.0,4.0,1.0,0.0,0.0,998.0,7.0,0.0,0.0,12.0,6.0,42.0,0.0,0.0,1.0,13.0,30276.0,1.0,6.0,3.0,Valid license for this class vehicle,3.0,999.0,999.0,0.0,0.0,2.0,10.0,October,2021.0,8.0,2022.0,4.0,1.0,2.0,45.0,3.0,2.0,2.0,1.0,97.0,14.0,13.0,99.0,1.0,4.0,101.0,13.0,1.0,1.0,0.0,202304694895.0,12.0,3.0,1.0,0.0,1.0,1.0,4.0,82.0,2.0,0.0,1.0,20.0,0.0,37.0,1.0,0.0
130622,1,99,96.0,27.0,1.0,0.0,-99.0,13.0,245.0,12.0,98.0,84.0,48.0,1.0,1.0,4.0,20.0,7.0,20.0,8.0,0.0,996.0,7.0,13.0,2.0,12.0,1.0,0.0,L9NTEACB1H10,2017.0,3350.0,7576.0,12.0,98.0,Other Make,701.0,84.0,1.0,0.0,0.0,998.0,7.0,8.0,8.0,6.0,6.0,12.0,0.0,0.0,1.0,13.0,30813.0,1.0,3.0,2.0,No valid license for this class vehicle,0.0,999.0,999.0,0.0,0.0,0.0,0.0,No Record,0.0,0.0,0.0,0.0,5.0,3.0,55.0,1.0,2.0,2.0,1.0,0.0,1.0,11.0,7.0,1.0,2.0,206.0,13.0,1.0,1.0,0.0,202305479281.0,12.0,4.0,10.0,1.0,1.0,1.0,84.0,26.0,1.0,1.0,1.0,20.0,8.0,98.0,2.0,0.0
130623,1,9,0.0,6.0,1.0,0.0,-99.0,13.0,45.0,12.0,35.0,4.0,26.0,2.0,1.0,0.0,3.0,0.0,20.0,0.0,0.0,0.0,0.0,13.0,2.0,12.0,1.0,0.0,1N4AA6APXGC4,2016.0,478.0,2302.0,13.0,35.0,Nissan/Datsun,39.0,4.0,1.0,0.0,0.0,998.0,7.0,0.0,0.0,2.0,6.0,12.0,0.0,0.0,1.0,13.0,30117.0,1.0,6.0,3.0,Valid license for this class vehicle,3.0,999.0,999.0,0.0,1.0,0.0,11.0,November,2019.0,11.0,2019.0,0.0,0.0,0.0,0.0,0.0,0.0,0.0,0.0,0.0,8.0,20.0,1.0,1.0,1.0,992.0,13.0,0.0,1.0,0.0,202305303941.0,12.0,5.0,8.0,1.0,1.0,1.0,4.0,18.0,1.0,1.0,1.0,8.0,0.0,35.0,2.0,0.0
130623,2,98,96.0,0.0,1.0,0.0,-99.0,13.0,45.0,12.0,73.0,80.0,33.0,1.0,1.0,4.0,20.0,7.0,20.0,8.0,0.0,0.0,7.0,13.0,2.0,12.0,1.0,0.0,JKAEXMJ15CDA,2012.0,510.0,3178.0,80.0,73.0,Kawasaki,703.0,80.0,1.0,0.0,0.0,998.0,7.0,8.0,8.0,12.0,6.0,12.0,0.0,0.0,1.0,13.0,30117.0,1.0,6.0,3.0,Valid license for this class vehicle,0.0,999.0,999.0,0.0,0.0,3.0,4.0,April,2019.0,9.0,2022.0,0.0,1.0,2.0,25.0,1.0,2.0,2.0,1.0,0.0,99.0,71.0,99.0,1.0,1.0,992.0,13.0,2.0,1.0,0.0,202304984494.0,12.0,6.0,3.0,3.0,1.0,1.0,80.0,65.0,1.0,3.0,1.0,20.0,8.0,73.0,2.0,0.0
130633,1,98,96.0,38.0,1.0,0.0,-99.0,13.0,135.0,12.0,35.0,6.0,38.0,2.0,1.0,2.0,3.0,0.0,8.0,0.0,0.0,996.0,0.0,13.0,2.0,12.0,4.0,0.0,KNMAT2MT9FP5,2015.0,478.0,1913.0,8.0,35.0,Nissan/Datsun,51.0,6.0,1.0,0.0,0.0,998.0,7.0,0.0,0.0,12.0,6.0,12.0,0.0,0.0,1.0,13.0,30044.0,1.0,6.0,3.0,Valid license for this class vehicle,0.0,999.0,999.0,0.0,0.0,1.0,3.0,March,2020.0,7.0,2020.0,0.0,1.0,4.0,45.0,1.0,2.0,2.0,1.0,2.0,11.0,15.0,99.0,1.0,1.0,407.0,13.0,0.0,1.0,0.0,202304646246.0,8.0,5.0,1.0,2.0,1.0,1.0,6.0,68.0,1.0,0.0,1.0,20.0,0.0,35.0,1.0,0.0
130638,1,99,0.0,0.0,1.0,0.0,-99.0,13.0,21.0,12.0,37.0,4.0,22.0,1.0,1.0,4.0,3.0,0.0,20.0,0.0,9.0,996.0,7.0,13.0,2.0,12.0,1.0,0.0,1HGCG16532A0,2002.0,474.0,1861.0,13.0,37.0,Honda,32.0,4.0,1.0,0.0,0.0,0.0,8.0,0.0,0.0,6.0,6.0,12.0,0.0,0.0,1.0,13.0,31210.0,1.0,6.0,3.0,Valid license for this class vehicle,0.0,999.0,999.0,0.0,1.0,0.0,9.0,September,2021.0,9.0,2021.0,0.0,3.0,3.0,70.0,1.0,1.0,2.0,1.0,97.0,5.0,53.0,1.0,1.0,1.0,201.0,13.0,1.0,1.0,0.0,202305341947.0,12.0,5.0,8.0,2.0,10.0,1.0,4.0,18.0,1.0,0.0,1.0,20.0,0.0,37.0,1.0,0.0
130648,2,98,0.0,0.0,1.0,0.0,-99.0,13.0,107.0,12.0,20.0,34.0,17.0,1.0,1.0,2.0,3.0,0.0,9.0,0.0,0.0,996.0,0.0,13.0,2.0,12.0,1.0,0.0,2GCEC19T1Y11,2000.0,467.0,1850.0,60.0,20.0,Chevrolet,481.0,34.0,1.0,0.0,0.0,998.0,0.0,0.0,0.0,12.0,6.0,12.0,0.0,0.0,1.0,13.0,30815.0,2.0,6.0,3.0,Valid license for this class vehicle,0.0,999.0,999.0,0.0,0.0,0.0,0.0,No Record,0.0,0.0,0.0,0.0,2.0,2.0,55.0,2.0,3.0,2.0,1.0,97.0,14.0,54.0,1.0,1.0,1.0,303.0,13.0,0.0,1.0,0.0,202305222750.0,12.0,5.0,8.0,0.0,1.0,1.0,34.0,18.0,1.0,0.0,1.0,20.0,0.0,20.0,2.0,0.0
130650,1,99,96.0,51.0,1.0,5060.0,2.3,13.0,219.0,12.0,63.0,4.0,26.0,2.0,1.0,4.0,3.0,0.0,9.0,0.0,9.0,44.0,7.0,13.0,2.0,12.0,1.0,0.0,5XXG64J20NG1,2022.0,499.0,27527.0,13.0,63.0,KIA,398.0,4.0,1.0,0.0,0.0,998.0,8.0,0.0,0.0,12.0,6.0,12.0,0.0,1.0,1.0,13.0,30607.0,1.0,6.0,3.0,Valid license for this class vehicle,0.0,999.0,999.0,0.0,3.0,5.0,8.0,August,2019.0,5.0,2023.0,0.0,1.0,2.0,55.0,1.0,2.0,2.0,1.0,97.0,1.0,54.0,7.0,1.0,1.0,303.0,13.0,2.0,1.0,0.0,202304995985.0,12.0,1.0,6.0,3.0,1.0,1.0,4.0,21.0,2.0,3.0,1.0,8.0,0.0,63.0,2.0,0.0
130662,1,98,96.0,0.0,1.0,0.0,-99.0,13.0,81.0,34.0,12.0,15.0,58.0,2.0,1.0,4.0,20.0,7.0,20.0,0.0,0.0,996.0,99.0,13.0,1.0,34.0,1.0,0.0,1FMPU15505LA,2005.0,460.0,1799.0,7.0,12.0,Ford,422.0,15.0,1.0,0.0,0.0,998.0,7.0,3.0,6.0,12.0,6.0,34.0,0.0,0.0,1.0,13.0,31015.0,1.0,6.0,3.0,Valid license for this class vehicle,0.0,999.0,999.0,0.0,0.0,0.0,0.0,No Record,0.0,0.0,0.0,0.0,2.0,2.0,65.0,3.0,1.0,2.0,1.0,0.0,14.0,13.0,15.0,2.0,4.0,101.0,13.0,99.0,1.0,0.0,202304751101.0,12.0,5.0,2.0,1.0,10.0,1.0,15.0,67.0,1.0,1.0,1.0,20.0,0.0,12.0,1.0,98.0
130664,1,99,96.0,27.0,1.0,1059.0,38.0,13.0,67.0,14.0,2.0,14.0,33.0,1.0,1.0,4.0,99.0,7.0,9.0,0.0,9.0,0.0,7.0,13.0,1.0,14.0,2.0,0.0,1J4GX48S13C5,2003.0,483.0,1949.0,7.0,2.0,Jeep / Kaiser-Jeep / Willys- Jeep,404.0,14.0,1.0,0.0,0.0,998.0,0.0,0.0,0.0,12.0,6.0,14.0,0.0,0.0,1.0,13.0,30121.0,1.0,1.0,2.0,No valid license for this class vehicle,0.0,999.0,999.0,0.0,0.0,0.0,10.0,October,2020.0,3.0,2021.0,0.0,3.0,3.0,65.0,1.0,1.0,1.0,1.0,97.0,15.0,13.0,1.0,1.0,4.0,103.0,13.0,1.0,1.0,0.0,202304730433.0,42.0,7.0,2.0,3.0,1.0,1.0,14.0,17.0,1.0,3.0,1.0,9.0,0.0,2.0,1.0,98.0
130665,2,98,96.0,0.0,1.0,0.0,-99.0,13.0,77.0,12.0,6.0,4.0,38.0,2.0,1.0,2.0,3.0,0.0,9.0,0.0,0.0,996.0,0.0,13.0,2.0,12.0,1.0,0.0,1C3CCCAB7FN7,2015.0,477.0,2053.0,13.0,6.0,Chrysler,18.0,4.0,1.0,0.0,0.0,998.0,0.0,0.0,0.0,12.0,6.0,12.0,0.0,0.0,1.0,13.0,30078.0,1.0,6.0,3.0,Valid license for this class vehicle,0.0,999.0,999.0,0.0,0.0,1.0,4.0,April,2021.0,4.0,2021.0,0.0,3.0,4.0,70.0,1.0,1.0,2.0,2.0,0.0,1.0,50.0,99.0,1.0,1.0,202.0,13.0,0.0,1.0,0.0,202305283212.0,12.0,3.0,7.0,0.0,1.0,1.0,4.0,88.0,2.0,0.0,1.0,20.0,0.0,6.0,2.0,0.0
130666,1,99,96.0,0.0,1.0,1.0,-99.0,13.0,135.0,25.0,63.0,6.0,56.0,2.0,1.0,4.0,3.0,0.0,8.0,0.0,9.0,0.0,2.0,13.0,2.0,25.0,1.0,0.0,KNDJT2A68C74,2012.0,499.0,2460.0,7.0,63.0,KIA,37.0,6.0,1.0,0.0,0.0,998.0,0.0,0.0,0.0,12.0,6.0,25.0,0.0,0.0,1.0,13.0,30093.0,1.0,6.0,3.0,Valid license for this class vehicle,0.0,999.0,999.0,0.0,3.0,3.0,5.0,May,2019.0,3.0,2023.0,0.0,3.0,4.0,70.0,1.0,1.0,2.0,2.0,0.0,1.0,99.0,99.0,1.0,4.0,102.0,13.0,1.0,1.0,0.0,202305020739.0,12.0,6.0,6.0,0.0,1.0,1.0,6.0,22.0,2.0,0.0,1.0,20.0,0.0,63.0,2.0,0.0
130667,1,98,0.0,38.0,1.0,0.0,-99.0,13.0,175.0,12.0,37.0,4.0,18.0,2.0,1.0,0.0,3.0,0.0,3.0,0.0,0.0,996.0,0.0,13.0,2.0,12.0,1.0,0.0,1HGCV1F43MA0,2021.0,474.0,1861.0,13.0,37.0,Honda,32.0,4.0,1.0,0.0,0.0,998.0,0.0,0.0,0.0,3.0,6.0,12.0,0.0,0.0,1.0,13.0,31520.0,1.0,6.0,3.0,Valid license for this class vehicle,3.0,999.0,999.0,0.0,0.0,0.0,0.0,No Record,0.0,0.0,0.0,0.0,1.0,2.0,45.0,1.0,1.0,2.0,1.0,20.0,1.0,66.0,1.0,1.0,1.0,502.0,13.0,0.0,1.0,0.0,202305189833.0,12.0,4.0,8.0,0.0,1.0,1.0,4.0,32.0,2.0,0.0,1.0,20.0,0.0,37.0,2.0,0.0
130677,2,98,0.0,0.0,1.0,0.0,-99.0,13.0,121.0,12.0,35.0,4.0,27.0,2.0,1.0,4.0,3.0,0.0,9.0,0.0,0.0,996.0,7.0,13.0,2.0,12.0,2.0,0.0,3N1AB7AP1KY3,2019.0,478.0,1907.0,13.0,35.0,Nissan/Datsun,43.0,4.0,1.0,0.0,0.0,998.0,0.0,0.0,0.0,12.0,6.0,12.0,0.0,0.0,1.0,13.0,30310.0,1.0,6.0,3.0,Valid license for this class vehicle,0.0,999.0,999.0,0.0,0.0,0.0,0.0,No Record,0.0,0.0,0.0,0.0,3.0,4.0,65.0,1.0,1.0,2.0,1.0,0.0,1.0,54.0,99.0,1.0,1.0,998.0,13.0,2.0,1.0,0.0,202304805052.0,12.0,6.0,3.0,0.0,10.0,1.0,4.0,23.0,1.0,0.0,1.0,20.0,0.0,35.0,1.0,9.0
130678,1,99,96.0,0.0,1.0,9999.0,-99.0,13.0,89.0,24.0,35.0,6.0,48.0,2.0,1.0,4.0,20.0,7.0,9.0,0.0,9.0,995.0,7.0,13.0,1.0,24.0,1.0,0.0,JN1BJ1CP7JW1,2018.0,478.0,17214.0,5.0,35.0,Nissan/Datsun,51.0,6.0,1.0,0.0,0.0,998.0,7.0,0.0,0.0,12.0,6.0,24.0,0.0,0.0,1.0,13.0,30083.0,1.0,6.0,3.0,Valid license for this class vehicle,0.0,999.0,999.0,0.0,1.0,0.0,6.0,June,2022.0,6.0,2022.0,0.0,1.0,2.0,45.0,1.0,1.0,2.0,1.0,0.0,1.0,12.0,99.0,1.0,4.0,102.0,13.0,2.0,1.0,0.0,202305020199.0,12.0,2.0,5.0,0.0,1.0,1.0,6.0,27.0,2.0,0.0,1.0,8.0,0.0,35.0,1.0,0.0
130680,1,99,96.0,0.0,1.0,0.0,-99.0,13.0,15.0,1.0,55.0,4.0,42.0,1.0,1.0,4.0,20.0,7.0,8.0,2.0,0.0,996.0,99.0,13.0,1.0,1.0,1.0,0.0,5NPDH4AE2DH4,2013.0,498.0,2735.0,13.0,55.0,Hyundai,35.0,4.0,1.0,0.0,0.0,998.0,7.0,3.0,5.0,0.0,6.0,1.0,0.0,0.0,1.0,13.0,30137.0,1.0,6.0,3.0,Valid license for this class vehicle,0.0,999.0,999.0,0.0,0.0,2.0,9.0,September,2022.0,11.0,2022.0,3.0,1.0,2.0,45.0,1.0,2.0,2.0,1.0,0.0,1.0,13.0,99.0,9.0,4.0,101.0,13.0,99.0,1.0,0.0,202304796605.0,12.0,7.0,2.0,0.0,1.0,1.0,4.0,40.0,1.0,0.0,1.0,20.0,0.0,55.0,1.0,98.0
130683,3,98,96.0,0.0,1.0,0.0,-99.0,13.0,153.0,1.0,2.0,6.0,25.0,2.0,1.0,0.0,3.0,0.0,20.0,0.0,0.0,996.0,0.0,13.0,3.0,1.0,2.0,0.0,3C4NJCBB3HT6,2017.0,483.0,1946.0,7.0,2.0,Jeep / Kaiser-Jeep / Willys- Jeep,1.0,6.0,1.0,0.0,0.0,998.0,7.0,0.0,0.0,12.0,2.0,12.0,0.0,0.0,1.0,13.0,31639.0,1.0,6.0,3.0,Valid license for this class vehicle,3.0,999.0,999.0,0.0,0.0,0.0,0.0,No Record,0.0,0.0,0.0,0.0,3.0,3.0,70.0,1.0,2.0,2.0,1.0,97.0,1.0,60.0,99.0,1.0,1.0,998.0,13.0,0.0,1.0,0.0,202305445486.0,12.0,3.0,11.0,0.0,1.0,1.0,6.0,34.0,2.0,0.0,1.0,20.0,0.0,2.0,1.0,98.0
130693,1,98,0.0,6.0,1.0,0.0,-99.0,13.0,127.0,5.0,99.0,96.0,25.0,1.0,1.0,4.0,20.0,7.0,20.0,0.0,8.0,996.0,7.0,13.0,1.0,5.0,1.0,0.0,0,2015.0,99999.0,99999.0,105.0,99.0,Unknown Make,739.0,96.0,1.0,0.0,0.0,998.0,7.0,0.0,0.0,0.0,4.0,5.0,0.0,0.0,1.0,13.0,31523.0,1.0,6.0,3.0,Valid license for this class vehicle,0.0,999.0,999.0,0.0,0.0,0.0,0.0,No Record,0.0,0.0,0.0,3.0,1.0,2.0,45.0,1.0,1.0,2.0,1.0,0.0,1.0,14.0,1.0,1.0,4.0,0.0,13.0,1.0,1.0,0.0,202304636966.0,43.0,1.0,1.0,2.0,1.0,1.0,83.0,49.0,1.0,2.0,1.0,20.0,8.0,73.0,1.0,98.0
130695,1,9,96.0,51.0,1.0,9995.0,-99.0,13.0,285.0,53.0,12.0,4.0,63.0,1.0,1.0,4.0,20.0,7.0,20.0,0.0,1.0,995.0,7.0,13.0,1.0,53.0,1.0,0.0,3FAHP0HA1CR4,2012.0,460.0,1780.0,13.0,12.0,Ford,23.0,4.0,1.0,0.0,0.0,998.0,7.0,0.0,0.0,12.0,6.0,34.0,0.0,1.0,1.0,13.0,30240.0,0.0,0.0,0.0,Not licensed,0.0,999.0,999.0,0.0,0.0,0.0,0.0,No Record,0.0,0.0,0.0,0.0,1.0,2.0,45.0,1.0,2.0,2.0,1.0,97.0,1.0,13.0,1.0,1.0,4.0,101.0,13.0,1.0,1.0,0.0,202304681154.0,12.0,3.0,1.0,1.0,1.0,1.0,4.0,53.0,1.0,1.0,1.0,20.0,0.0,12.0,2.0,0.0
130696,1,98,17.0,6.0,1.0,0.0,-99.0,13.0,95.0,12.0,20.0,4.0,21.0,1.0,1.0,2.0,3.0,0.0,8.0,0.0,0.0,996.0,0.0,13.0,2.0,12.0,1.0,0.0,2G1WF5E33D12,2013.0,467.0,1833.0,13.0,20.0,Chevrolet,2.0,4.0,1.0,0.0,0.0,998.0,0.0,0.0,0.0,12.0,6.0,12.0,0.0,0.0,1.0,13.0,31705.0,1.0,6.0,3.0,Valid license for this class vehicle,3.0,999.0,999.0,0.0,0.0,0.0,0.0,No Record,0.0,0.0,0.0,0.0,5.0,5.0,55.0,1.0,1.0,2.0,1.0,97.0,1.0,50.0,1.0,1.0,1.0,203.0,13.0,0.0,1.0,0.0,202304800385.0,12.0,5.0,3.0,0.0,2.0,1.0,4.0,20.0,1.0,0.0,1.0,20.0,0.0,20.0,1.0,0.0