ST_CASE,VEH_NO_x,DRIMPAIR_x,DRDISTRACT,DRIVERRF,PER_NO_x,DRUGRES,DRUGACTQTY,STATE_x,COUNTY,HARM_EV_x,MAKE_x,BODY_TYP_x,AGE,SEX,PER_TYP_x,INJ_SEV,REST_USE,REST_MIS,AIR_BAG_x,EJECTION,DRINKING,ALC_RES,HISPANIC,STATE_y,VE_FORMS,HARM_EV_y,NUMOCCS,HIT_RUN,VIN,MOD_YEAR,VPICMAKE,VPICMODEL,VPICBODYCLASS,MAKE_y,MAKENAME,MODEL,BODY_TYP_y,HAZ_INV,HAZ_PLAC,HAZ_ID,TRAV_SP,UNDEROVERRIDE,ROLLOVER,ROLINLOC,IMPACT1,DEFORMED,M_HARM,FIRE_EXP,DR_DRINK,DR_PRES,L_STATE,DR_ZIP,L_TYPE,L_STATUS,L_COMPL,L_COMPLNAME,L_RESTRI,DR_HGT,DR_WGT,PREV_DWI,PREV_SPD,PREV_OTH,FIRST_MO,FIRST_MONAME,FIRST_YR,LAST_MO,LAST_YR,SPEEDREL,VTRAFWAY,VNUM_LAN,VSPD_LIM,VALIGN,VPROFILE,VPAVETYP,VSURCOND,VTRAFCON,P_CRASH1,P_CRASH2,P_CRASH3,PCRASH4,PCRASH5,ACC_CONFIG,STATE,RACE,ORDER,MULTRACE,CASENUM,HARM_EV,DAY_WEEK,MONTH,MAXSEV_IM,WEATHR_IM,PER_NO_y,BODY_TYP,AGE_IM,SEX_IM,INJSEV_IM,PER_TYP_y,AIR_BAG_y,EJECT_IM,MAKE,VEH_NO_y,DRIMPAIR_y
130699,1,99,96.0,51.0,1.0,0.0,-99.0,13.0,121.0,12.0,35.0,4.0,33.0,1.0,1.0,4.0,20.0,7.0,9.0,0.0,8.0,996.0,7.0,13.0,2.0,12.0,1.0,0.0,3N1AB7AP0FY3,2015.0,478.0,1907.0,13.0,35.0,Nissan/Datsun,43.0,4.0,1.0,0.0,0.0,998.0,0.0,0.0,0.0,12.0,6.0,12.0,0.0,0.0,1.0,13.0,30344.0,1.0,2.0,2.0,No valid license for this class vehicle,0.0,999.0,999.0,1.0,1.0,0.0,7.0,July,2019.0,11.0,2021.0,0.0,3.0,4.0,60.0,1.0,1.0,2.0,1.0,97.0,1.0,54.0,1.0,1.0,1.0,303.0,13.0,2.0,1.0,0.0,202305144027.0,59.0,1.0,6.0,2.0,1.0,1.0,4.0,21.0,1.0,2.0,1.0,9.0,0.0,35.0,1.0,9.0
130702,2,98,0.0,0.0,1.0,0.0,-99.0,13.0,293.0,12.0,63.0,14.0,28.0,1.0,1.0,3.0,3.0,0.0,8.0,0.0,8.0,996.0,0.0,13.0,2.0,12.0,3.0,0.0,5XYK53AF5PG0,2023.0,499.0,2770.0,7.0,63.0,KIA,401.0,14.0,1.0,0.0,0.0,998.0,0.0,0.0,0.0,12.0,6.0,12.0,0.0,0.0,1.0,13.0,30286.0,1.0,6.0,3.0,Valid license for this class vehicle,0.0,999.0,999.0,0.0,1.0,2.0,8.0,August,2019.0,3.0,2022.0,0.0,1.0,2.0,55.0,2.0,1.0,2.0,1.0,97.0,14.0,62.0,1.0,1.0,1.0,302.0,13.0,0.0,1.0,0.0,202305732592.0,12.0,1.0,12.0,0.0,1.0,1.0,14.0,54.0,2.0,0.0,1.0,20.0,0.0,63.0,2.0,0.0
130705,1,98,0.0,0.0,1.0,0.0,-99.0,13.0,303.0,12.0,7.0,2.0,35.0,1.0,1.0,0.0,3.0,0.0,20.0,0.0,8.0,996.0,0.0,13.0,2.0,12.0,1.0,0.0,2C3CDZFJ2NH2,2022.0,476.0,1893.0,13.0,7.0,Dodge,28.0,2.0,1.0,0.0,0.0,998.0,0.0,0.0,0.0,12.0,4.0,12.0,0.0,0.0,1.0,13.0,31094.0,1.0,6.0,3.0,Valid license for this class vehicle,0.0,999.0,999.0,0.0,1.0,0.0,1.0,January,2019.0,1.0,2019.0,0.0,1.0,3.0,55.0,1.0,1.0,2.0,2.0,97.0,1.0,11.0,99.0,1.0,2.0,207.0,13.0,0.0,1.0,0.0,202305710103.0,12.0,6.0,12.0,0.0,1.0,1.0,2.0,41.0,1.0,0.0,1.0,20.0,0.0,7.0,2.0,0.0
130708,1,9,0.0,28.0,1.0,1059.0,0.88,13.0,117.0,12.0,7.0,34.0,24.0,2.0,1.0,2.0,3.0,0.0,8.0,0.0,8.0,996.0,0.0,13.0,2.0,12.0,1.0,0.0,3C6UR5CL9LG2,2020.0,496.0,13621.0,60.0,7.0,Dodge,482.0,34.0,1.0,0.0,0.0,998.0,0.0,0.0,0.0,12.0,6.0,12.0,0.0,0.0,1.0,13.0,30041.0,1.0,1.0,2.0,No valid license for this class vehicle,0.0,999.0,999.0,0.0,1.0,1.0,1.0,January,2019.0,5.0,2023.0,0.0,1.0,2.0,40.0,2.0,5.0,2.0,1.0,97.0,14.0,10.0,99.0,1.0,2.0,301.0,13.0,0.0,1.0,0.0,202305076088.0,12.0,3.0,5.0,0.0,1.0,1.0,34.0,46.0,1.0,0.0,1.0,20.0,0.0,7.0,2.0,0.0
130710,1,99,0.0,6.0,1.0,5060.0,24.0,13.0,57.0,12.0,73.0,80.0,28.0,1.0,1.0,4.0,20.0,7.0,20.0,8.0,8.0,0.0,7.0,13.0,2.0,12.0,1.0,0.0,JKAEX8A18EA0,2014.0,510.0,3392.0,80.0,73.0,Kawasaki,703.0,80.0,1.0,0.0,0.0,998.0,7.0,8.0,8.0,12.0,6.0,12.0,0.0,0.0,1.0,13.0,30331.0,1.0,1.0,2.0,No valid license for this class vehicle,0.0,999.0,999.0,0.0,2.0,1.0,4.0,April,2022.0,8.0,2022.0,3.0,2.0,4.0,45.0,1.0,1.0,2.0,1.0,97.0,1.0,72.0,1.0,1.0,1.0,415.0,13.0,1.0,1.0,0.0,202305284233.0,24.0,3.0,10.0,2.0,1.0,1.0,80.0,44.0,2.0,2.0,1.0,20.0,8.0,73.0,1.0,99.0
130737,1,98,96.0,0.0,1.0,0.0,-99.0,13.0,153.0,12.0,7.0,4.0,18.0,1.0,1.0,2.0,3.0,0.0,1.0,0.0,0.0,996.0,0.0,13.0,2.0,12.0,1.0,0.0,2C3CDXGJ2KH7,2019.0,476.0,1895.0,13.0,7.0,Dodge,24.0,4.0,1.0,0.0,0.0,998.0,0.0,0.0,0.0,12.0,6.0,12.0,0.0,0.0,1.0,13.0,31005.0,1.0,6.0,3.0,Valid license for this class vehicle,0.0,999.0,999.0,0.0,2.0,1.0,4.0,April,2022.0,3.0,2023.0,3.0,1.0,2.0,40.0,3.0,3.0,2.0,1.0,97.0,14.0,55.0,1.0,1.0,1.0,402.0,13.0,0.0,1.0,0.0,202305181443.0,34.0,1.0,8.0,0.0,1.0,1.0,4.0,34.0,1.0,0.0,1.0,20.0,0.0,7.0,1.0,0.0
130739,2,98,0.0,0.0,1.0,0.0,-99.0,13.0,215.0,12.0,35.0,4.0,27.0,2.0,1.0,4.0,3.0,0.0,8.0,0.0,8.0,0.0,7.0,13.0,2.0,12.0,1.0,0.0,1N4AL21E68N4,2008.0,478.0,1904.0,13.0,35.0,Nissan/Datsun,47.0,4.0,1.0,0.0,0.0,998.0,0.0,0.0,0.0,9.0,6.0,12.0,0.0,0.0,1.0,13.0,31820.0,1.0,6.0,3.0,Valid license for this class vehicle,0.0,999.0,999.0,0.0,0.0,0.0,0.0,No Record,0.0,0.0,0.0,0.0,1.0,2.0,35.0,1.0,2.0,2.0,1.0,97.0,1.0,66.0,1.0,1.0,1.0,504.0,13.0,2.0,1.0,0.0,202304848115.0,34.0,5.0,1.0,0.0,1.0,1.0,4.0,23.0,1.0,0.0,1.0,20.0,0.0,35.0,1.0,0.0
130740,1,98,0.0,0.0,1.0,0.0,-99.0,13.0,245.0,12.0,12.0,4.0,78.0,1.0,1.0,4.0,3.0,0.0,8.0,0.0,8.0,996.0,7.0,13.0,2.0,12.0,2.0,0.0,1FAHP36N09W1,2009.0,460.0,1779.0,13.0,12.0,Ford,37.0,4.0,1.0,0.0,0.0,998.0,0.0,0.0,0.0,81.0,6.0,12.0,0.0,0.0,1.0,13.0,30906.0,1.0,6.0,3.0,Valid license for this class vehicle,3.0,999.0,999.0,0.0,0.0,1.0,12.0,December,2020.0,12.0,2020.0,0.0,1.0,3.0,45.0,1.0,1.0,2.0,1.0,97.0,11.0,54.0,1.0,1.0,2.0,401.0,13.0,1.0,1.0,0.0,202304933331.0,12.0,4.0,5.0,0.0,1.0,1.0,4.0,33.0,1.0,0.0,1.0,1.0,0.0,12.0,2.0,0.0
130747,1,98,96.0,0.0,1.0,0.0,-99.0,13.0,223.0,32.0,35.0,4.0,23.0,1.0,1.0,4.0,3.0,0.0,9.0,0.0,8.0,996.0,7.0,13.0,1.0,32.0,1.0,0.0,1N4AA5AP2CC8,2012.0,478.0,2302.0,13.0,35.0,Nissan/Datsun,39.0,4.0,1.0,0.0,0.0,998.0,7.0,3.0,5.0,12.0,6.0,42.0,0.0,0.0,1.0,13.0,30132.0,1.0,6.0,3.0,Valid license for this class vehicle,0.0,999.0,999.0,0.0,2.0,0.0,4.0,April,2019.0,9.0,2019.0,0.0,1.0,2.0,45.0,3.0,1.0,2.0,1.0,97.0,14.0,13.0,99.0,1.0,4.0,101.0,13.0,2.0,1.0,0.0,202305116588.0,12.0,7.0,7.0,2.0,1.0,1.0,4.0,36.0,1.0,0.0,1.0,20.0,0.0,35.0,4.0,0.0
130749,1,99,0.0,0.0,1.0,1.0,-99.0,13.0,89.0,12.0,76.0,80.0,39.0,1.0,1.0,4.0,20.0,7.0,20.0,8.0,9.0,14.0,7.0,13.0,2.0,12.0,1.0,0.0,JYA3AWE02LA1,1990.0,564.0,12740.0,85.0,76.0,Yamaha,703.0,80.0,1.0,0.0,0.0,998.0,7.0,8.0,8.0,12.0,6.0,12.0,0.0,1.0,1.0,13.0,30047.0,1.0,6.0,2.0,No valid license for this class vehicle,3.0,999.0,999.0,0.0,1.0,1.0,5.0,May,2021.0,9.0,2022.0,0.0,1.0,2.0,45.0,1.0,1.0,2.0,1.0,0.0,11.0,15.0,1.0,1.0,1.0,414.0,13.0,1.0,1.0,0.0,202305328696.0,12.0,2.0,9.0,4.0,1.0,1.0,80.0,35.0,1.0,4.0,1.0,20.0,8.0,76.0,1.0,9.0
130752,2,99,0.0,0.0,1.0,0.0,-99.0,13.0,301.0,12.0,20.0,4.0,26.0,2.0,1.0,4.0,20.0,7.0,9.0,0.0,9.0,48.0,7.0,13.0,2.0,12.0,2.0,0.0,1G1ZE5ST8HF1,2017.0,467.0,1834.0,13.0,20.0,Chevrolet,37.0,4.0,1.0,0.0,0.0,998.0,8.0,0.0,0.0,6.0,6.0,12.0,0.0,1.0,1.0,13.0,30434.0,1.0,6.0,3.0,Valid license for this class vehicle,0.0,999.0,999.0,0.0,2.0,7.0,8.0,August,2018.0,2.0,2022.0,0.0,3.0,2.0,70.0,1.0,2.0,2.0,1.0,0.0,1.0,53.0,99.0,1.0,1.0,201.0,13.0,2.0,1.0,0.0,202304676763.0,12.0,3.0,1.0,0.0,5.0,1.0,4.0,17.0,2.0,0.0,1.0,20.0,0.0,20.0,2.0,98.0
130774,1,99,96.0,39.0,1.0,0.0,-99.0,13.0,217.0,35.0,55.0,4.0,66.0,1.0,1.0,4.0,20.0,7.0,20.0,0.0,0.0,996.0,7.0,13.0,1.0,35.0,1.0,0.0,5NPDH4AE2GH7,2016.0,498.0,2735.0,13.0,55.0,Hyundai,35.0,4.0,1.0,0.0,0.0,998.0,7.0,3.0,6.0,12.0,6.0,35.0,0.0,0.0,1.0,13.0,30650.0,1.0,6.0,3.0,Valid license for this class vehicle,3.0,999.0,999.0,0.0,0.0,1.0,6.0,June,2019.0,6.0,2019.0,0.0,1.0,2.0,35.0,1.0,3.0,2.0,1.0,20.0,1.0,14.0,1.0,1.0,4.0,103.0,13.0,1.0,1.0,0.0,202304875813.0,42.0,6.0,4.0,0.0,1.0,1.0,4.0,51.0,1.0,0.0,1.0,99.0,0.0,55.0,1.0,98.0
130777,1,98,96.0,38.0,1.0,0.0,-99.0,13.0,15.0,12.0,82.0,66.0,62.0,1.0,1.0,0.0,3.0,0.0,20.0,0.0,0.0,996.0,0.0,13.0,2.0,12.0,1.0,0.0,3AKJHHDR3RSU,2024.0,450.0,2501.0,66.0,82.0,Freightliner,881.0,66.0,1.0,0.0,0.0,998.0,7.0,0.0,0.0,4.0,2.0,12.0,0.0,0.0,1.0,47.0,37076.0,1.0,6.0,3.0,Valid license for this class vehicle,3.0,71.0,999.0,0.0,0.0,0.0,0.0,No Record,0.0,0.0,0.0,0.0,1.0,2.0,55.0,1.0,1.0,2.0,1.0,20.0,11.0,62.0,99.0,1.0,1.0,401.0,13.0,0.0,1.0,0.0,202305393316.0,12.0,4.0,11.0,0.0,10.0,1.0,66.0,26.0,1.0,0.0,1.0,20.0,0.0,82.0,1.0,98.0
130796,1,9,96.0,0.0,1.0,0.0,-99.0,13.0,77.0,24.0,58.0,4.0,20.0,1.0,1.0,3.0,3.0,0.0,2.0,0.0,0.0,996.0,0.0,13.0,1.0,24.0,5.0,0.0,JN1BV7AR9FM4,2015.0,480.0,1901.0,13.0,58.0,Infiniti,41.0,4.0,1.0,0.0,0.0,135.0,7.0,3.0,5.0,12.0,6.0,24.0,0.0,0.0,1.0,13.0,30263.0,1.0,6.0,3.0,Valid license for this class vehicle,0.0,999.0,999.0,0.0,0.0,1.0,1.0,January,2021.0,1.0,2021.0,3.0,3.0,4.0,70.0,1.0,2.0,2.0,1.0,0.0,1.0,13.0,99.0,1.0,4.0,101.0,13.0,0.0,1.0,0.0,202304913629.0,53.0,1.0,4.0,3.0,10.0,1.0,4.0,29.0,1.0,3.0,1.0,8.0,0.0,58.0,1.0,0.0
130799,1,9,96.0,0.0,1.0,0.0,-99.0,13.0,209.0,35.0,32.0,4.0,26.0,1.0,1.0,4.0,20.0,7.0,8.0,1.0,0.0,996.0,7.0,13.0,1.0,35.0,3.0,0.0,WAUD3BF27PN0,2023.0,582.0,3148.0,13.0,32.0,Audi,42.0,4.0,1.0,0.0,0.0,998.0,7.0,3.0,5.0,14.0,6.0,35.0,0.0,0.0,1.0,13.0,31055.0,1.0,1.0,2.0,No valid license for this class vehicle,0.0,999.0,999.0,0.0,0.0,1.0,12.0,December,2021.0,4.0,2023.0,4.0,1.0,2.0,55.0,3.0,2.0,2.0,1.0,28.0,14.0,13.0,1.0,1.0,4.0,101.0,13.0,2.0,1.0,0.0,202305084082.0,11.0,4.0,6.0,0.0,1.0,1.0,4.0,47.0,1.0,0.0,1.0,20.0,0.0,32.0,1.0,0.0
130801,1,9,96.0,28.0,1.0,5060.0,2.2,13.0,225.0,42.0,7.0,34.0,33.0,1.0,1.0,2.0,20.0,7.0,8.0,0.0,1.0,97.0,0.0,13.0,1.0,42.0,2.0,0.0,1C6SRFLT1PN5,2023.0,496.0,13620.0,60.0,7.0,Dodge,482.0,34.0,1.0,0.0,0.0,998.0,7.0,3.0,6.0,3.0,6.0,42.0,0.0,1.0,1.0,13.0,31030.0,1.0,6.0,3.0,Valid license for this class vehicle,0.0,999.0,999.0,0.0,2.0,1.0,4.0,April,2019.0,5.0,2023.0,0.0,1.0,2.0,50.0,3.0,1.0,2.0,1.0,0.0,14.0,13.0,99.0,1.0,4.0,101.0,13.0,0.0,1.0,0.0,202305025847.0,12.0,5.0,5.0,0.0,1.0,1.0,34.0,41.0,1.0,0.0,1.0,20.0,0.0,7.0,2.0,0.0
130807,1,9,96.0,0.0,1.0,0.0,-99.0,13.0,273.0,59.0,63.0,4.0,53.0,1.0,1.0,4.0,3.0,0.0,9.0,0.0,1.0,152.0,7.0,13.0,2.0,59.0,1.0,0.0,3KPF24AD8PE5,2023.0,499.0,2462.0,13.0,63.0,KIA,38.0,4.0,1.0,0.0,0.0,998.0,0.0,0.0,0.0,81.0,6.0,59.0,0.0,1.0,1.0,13.0,31721.0,1.0,6.0,3.0,Valid license for this class vehicle,0.0,999.0,999.0,0.0,1.0,0.0,4.0,April,2022.0,5.0,2022.0,0.0,1.0,4.0,65.0,3.0,1.0,2.0,1.0,0.0,14.0,6.0,99.0,9.0,4.0,101.0,13.0,2.0,1.0,0.0,202304873281.0,12.0,5.0,3.0,1.0,1.0,1.0,4.0,24.0,2.0,1.0,1.0,9.0,0.0,63.0,1.0,0.0
130807,2,98,99.0,0.0,1.0,0.0,-99.0,13.0,273.0,59.0,51.0,66.0,33.0,1.0,1.0,0.0,3.0,0.0,20.0,0.0,0.0,996.0,0.0,13.0,2.0,59.0,1.0,0.0,4V4NC9EHXLN2,2020.0,487.0,1967.0,66.0,51.0,Volvo,881.0,66.0,1.0,0.0,0.0,998.0,0.0,0.0,0.0,7.0,6.0,12.0,0.0,0.0,1.0,5.0,72758.0,1.0,6.0,3.0,Valid license for this class vehicle,0.0,66.0,149.0,0.0,0.0,0.0,0.0,No Record,0.0,0.0,0.0,0.0,1.0,4.0,65.0,2.0,1.0,2.0,1.0,0.0,14.0,62.0,99.0,1.0,1.0,998.0,13.0,0.0,1.0,0.0,202305331037.0,12.0,5.0,10.0,0.0,10.0,1.0,66.0,27.0,1.0,0.0,1.0,20.0,0.0,51.0,2.0,0.0
130809,2,98,96.0,0.0,1.0,0.0,-99.0,13.0,97.0,12.0,49.0,34.0,32.0,1.0,1.0,1.0,3.0,0.0,20.0,0.0,0.0,996.0,0.0,13.0,2.0,12.0,2.0,0.0,3TMAZ5CN4NM1,2022.0,448.0,2223.0,60.0,49.0,Toyota,472.0,34.0,1.0,0.0,0.0,998.0,0.0,0.0,0.0,63.0,4.0,12.0,0.0,0.0,1.0,13.0,31709.0,1.0,6.0,3.0,Valid license for this class vehicle,0.0,999.0,999.0,0.0,0.0,0.0,0.0,No Record,0.0,0.0,0.0,0.0,2.0,3.0,45.0,1.0,2.0,2.0,1.0,0.0,1.0,60.0,99.0,1.0,1.0,208.0,13.0,0.0,1.0,0.0,202304738031.0,12.0,6.0,2.0,1.0,1.0,1.0,34.0,24.0,1.0,0.0,1.0,20.0,0.0,49.0,2.0,0.0
130811,2,98,0.0,0.0,1.0,1.0,-99.0,13.0,285.0,12.0,49.0,4.0,19.0,2.0,1.0,4.0,3.0,0.0,8.0,0.0,0.0,0.0,7.0,13.0,2.0,12.0,1.0,0.0,4T1BF1FKXCU6,2012.0,448.0,2469.0,13.0,49.0,Toyota,40.0,4.0,1.0,0.0,0.0,998.0,0.0,0.0,0.0,61.0,6.0,12.0,0.0,0.0,1.0,1.0,36858.0,1.0,6.0,3.0,Valid license for this class vehicle,3.0,73.0,260.0,0.0,0.0,0.0,0.0,No Record,0.0,0.0,0.0,0.0,1.0,2.0,55.0,1.0,3.0,2.0,1.0,97.0,1.0,61.0,1.0,1.0,1.0,208.0,13.0,2.0,1.0,0.0,202305366213.0,12.0,1.0,8.0,1.0,1.0,1.0,4.0,29.0,1.0,0.0,1.0,20.0,0.0,49.0,2.0,0.0
130813,1,99,96.0,51.0,1.0,0.0,-99.0,13.0,305.0,33.0,7.0,4.0,40.0,2.0,1.0,4.0,20.0,7.0,3.0,0.0,0.0,0.0,7.0,13.0,1.0,33.0,1.0,0.0,1C3CDZAB2DN5,2013.0,476.0,1892.0,13.0,7.0,Dodge,26.0,4.0,1.0,0.0,0.0,998.0,7.0,0.0,0.0,14.0,6.0,33.0,0.0,0.0,1.0,13.0,31546.0,1.0,6.0,3.0,Valid license for this class vehicle,3.0,999.0,999.0,0.0,0.0,0.0,0.0,No Record,0.0,0.0,0.0,0.0,5.0,6.0,45.0,1.0,2.0,2.0,1.0,3.0,1.0,17.0,99.0,1.0,4.0,102.0,13.0,1.0,1.0,0.0,202304786190.0,12.0,6.0,3.0,0.0,1.0,1.0,4.0,16.0,1.0,0.0,1.0,20.0,0.0,7.0,1.0,0.0
130819,2,98,96.0,0.0,1.0,0.0,-99.0,13.0,121.0,12.0,63.0,4.0,44.0,1.0,1.0,0.0,3.0,0.0,20.0,0.0,0.0,996.0,0.0,13.0,2.0,12.0,1.0,0.0,5XXG24J26MG0,2021.0,499.0,27527.0,13.0,63.0,KIA,398.0,4.0,1.0,0.0,0.0,998.0,7.0,0.0,0.0,5.0,2.0,12.0,0.0,0.0,1.0,48.0,77399.0,1.0,6.0,3.0,Valid license for this class vehicle,0.0,999.0,999.0,0.0,0.0,0.0,0.0,No Record,0.0,0.0,0.0,0.0,1.0,4.0,35.0,3.0,1.0,2.0,1.0,3.0,11.0,15.0,99.0,1.0,1.0,401.0,13.0,0.0,1.0,0.0,202304943865.0,12.0,6.0,5.0,2.0,1.0,1.0,4.0,40.0,2.0,0.0,1.0,99.0,0.0,63.0,1.0,98.0
130832,1,99,9.0,51.0,1.0,0.0,-99.0,13.0,89.0,12.0,49.0,4.0,27.0,2.0,1.0,4.0,99.0,7.0,9.0,0.0,0.0,996.0,7.0,13.0,2.0,12.0,1.0,0.0,4T1BF1FK8GU5,2016.0,448.0,2469.0,13.0,49.0,Toyota,40.0,4.0,1.0,0.0,0.0,998.0,0.0,0.0,0.0,12.0,6.0,2.0,1.0,0.0,1.0,13.0,30078.0,1.0,6.0,3.0,Valid license for this class vehicle,3.0,999.0,999.0,0.0,1.0,0.0,10.0,October,2020.0,10.0,2020.0,0.0,5.0,5.0,45.0,1.0,1.0,2.0,1.0,0.0,1.0,54.0,99.0,1.0,2.0,303.0,13.0,2.0,1.0,0.0,202304668040.0,12.0,2.0,1.0,0.0,1.0,1.0,4.0,33.0,1.0,0.0,1.0,20.0,0.0,49.0,1.0,0.0
130842,1,99,0.0,38.0,1.0,1.0,-99.0,13.0,135.0,12.0,35.0,14.0,29.0,2.0,1.0,4.0,3.0,0.0,8.0,0.0,0.0,0.0,4.0,13.0,2.0,12.0,1.0,0.0,5N1DR2MN2HC6,2017.0,478.0,1911.0,7.0,35.0,Nissan/Datsun,401.0,14.0,1.0,0.0,0.0,998.0,0.0,0.0,0.0,81.0,6.0,12.0,0.0,0.0,1.0,13.0,30044.0,1.0,6.0,3.0,Valid license for this class vehicle,0.0,999.0,999.0,0.0,0.0,0.0,0.0,No Record,0.0,0.0,0.0,0.0,2.0,4.0,45.0,2.0,1.0,2.0,1.0,97.0,11.0,54.0,1.0,1.0,2.0,401.0,13.0,98.0,1.0,0.0,202305190591.0,12.0,6.0,6.0,2.0,1.0,1.0,14.0,33.0,1.0,2.0,1.0,20.0,0.0,35.0,2.0,0.0
130844,1,9,96.0,6.0,1.0,1.0,-99.0,13.0,255.0,31.0,35.0,4.0,46.0,1.0,1.0,4.0,20.0,7.0,9.0,2.0,1.0,181.0,7.0,13.0,1.0,31.0,1.0,0.0,1N4BL4BV1KC2,2019.0,478.0,1904.0,13.0,35.0,Nissan/Datsun,47.0,4.0,1.0,0.0,0.0,998.0,7.0,0.0,0.0,81.0,6.0,42.0,0.0,1.0,1.0,13.0,30223.0,1.0,6.0,3.0,Valid license for this class vehicle,0.0,999.0,999.0,0.0,0.0,0.0,0.0,No Record,0.0,0.0,0.0,4.0,1.0,2.0,45.0,3.0,1.0,2.0,1.0,0.0,14.0,13.0,99.0,1.0,4.0,101.0,13.0,2.0,1.0,0.0,202304864694.0,8.0,3.0,4.0,2.0,1.0,1.0,4.0,36.0,1.0,0.0,1.0,20.0,0.0,35.0,1.0,0.0
130858,2,0,0.0,0.0,1.0,0.0,-99.0,13.0,89.0,12.0,35.0,4.0,49.0,2.0,1.0,1.0,99.0,7.0,8.0,0.0,8.0,996.0,0.0,13.0,2.0,12.0,2.0,0.0,1N4AA51E79C8,2009.0,478.0,2302.0,13.0,35.0,Nissan/Datsun,39.0,4.0,1.0,0.0,0.0,998.0,0.0,0.0,0.0,12.0,6.0,12.0,0.0,0.0,1.0,13.0,30349.0,1.0,6.0,3.0,Valid license for this class vehicle,0.0,999.0,999.0,0.0,0.0,0.0,0.0,No Record,0.0,0.0,0.0,0.0,1.0,2.0,45.0,1.0,5.0,2.0,1.0,97.0,1.0,62.0,1.0,1.0,1.0,302.0,13.0,0.0,1.0,0.0,202305405682.0,12.0,3.0,9.0,0.0,1.0,1.0,4.0,36.0,1.0,0.0,1.0,20.0,0.0,35.0,1.0,0.0
130865,1,98,0.0,0.0,1.0,2005.0,37.0,13.0,89.0,12.0,20.0,14.0,57.0,1.0,1.0,4.0,20.0,7.0,8.0,0.0,1.0,78.0,7.0,13.0,3.0,12.0,1.0,0.0,2GNAXKEV6M61,2021.0,467.0,1847.0,7.0,20.0,Chevrolet,404.0,14.0,1.0,0.0,0.0,998.0,0.0,0.0,0.0,12.0,6.0,12.0,0.0,1.0,1.0,13.0,30058.0,1.0,6.0,3.0,Valid license for this class vehicle,0.0,999.0,999.0,0.0,0.0,0.0,0.0,No Record,0.0,0.0,0.0,0.0,2.0,4.0,45.0,1.0,1.0,2.0,1.0,97.0,1.0,10.0,1.0,1.0,2.0,301.0,13.0,2.0,1.0,0.0,202305170403.0,25.0,1.0,6.0,0.0,2.0,1.0,14.0,31.0,1.0,0.0,1.0,20.0,0.0,20.0,1.0,0.0
130870,1,98,96.0,38.0,1.0,9999.0,-99.0,13.0,247.0,12.0,20.0,4.0,20.0,2.0,1.0,4.0,99.0,7.0,20.0,0.0,0.0,996.0,7.0,13.0,2.0,12.0,1.0,0.0,1G11E5SA3GF1,2016.0,467.0,34272.0,13.0,20.0,Chevrolet,37.0,4.0,1.0,0.0,0.0,998.0,0.0,0.0,0.0,9.0,6.0,12.0,0.0,0.0,1.0,13.0,30016.0,1.0,6.0,3.0,Valid license for this class vehicle,0.0,999.0,999.0,0.0,0.0,1.0,1.0,January,2022.0,3.0,2022.0,0.0,1.0,2.0,45.0,1.0,2.0,2.0,1.0,0.0,11.0,15.0,1.0,1.0,1.0,414.0,13.0,2.0,1.0,0.0,202305295252.0,12.0,3.0,10.0,3.0,1.0,1.0,4.0,68.0,2.0,3.0,1.0,8.0,0.0,20.0,2.0,98.0
130872,1,98,96.0,51.0,1.0,0.0,-99.0,13.0,217.0,12.0,53.0,80.0,29.0,1.0,1.0,4.0,20.0,7.0,20.0,8.0,0.0,996.0,7.0,13.0,3.0,12.0,1.0,0.0,JS1GN7DA4621,2006.0,509.0,13162.0,80.0,53.0,Suzuki,705.0,80.0,1.0,0.0,0.0,998.0,7.0,8.0,8.0,1.0,6.0,12.0,0.0,0.0,1.0,13.0,30233.0,1.0,6.0,3.0,Valid license for this class vehicle,0.0,999.0,999.0,0.0,1.0,0.0,9.0,September,2018.0,9.0,2018.0,0.0,1.0,2.0,55.0,1.0,2.0,2.0,1.0,0.0,6.0,51.0,99.0,1.0,2.0,208.0,13.0,1.0,1.0,0.0,202305526488.0,12.0,5.0,12.0,1.0,1.0,1.0,80.0,28.0,1.0,1.0,1.0,20.0,8.0,53.0,2.0,0.0
130878,1,98,96.0,51.0,1.0,0.0,-99.0,13.0,57.0,12.0,20.0,2.0,20.0,1.0,1.0,4.0,20.0,7.0,8.0,0.0,0.0,996.0,7.0,13.0,3.0,12.0,1.0,0.0,1G1FB1RS0K01,2019.0,467.0,1829.0,3.0,20.0,Chevrolet,9.0,2.0,1.0,0.0,0.0,998.0,0.0,0.0,0.0,12.0,6.0,12.0,0.0,0.0,1.0,13.0,30115.0,1.0,6.0,3.0,Valid license for this class vehicle,0.0,999.0,999.0,0.0,0.0,0.0,0.0,No Record,0.0,0.0,0.0,0.0,1.0,2.0,50.0,3.0,1.0,2.0,1.0,97.0,14.0,54.0,1.0,1.0,1.0,303.0,13.0,1.0,1.0,0.0,202304761025.0,24.0,4.0,1.0,0.0,10.0,1.0,2.0,19.0,1.0,0.0,1.0,20.0,0.0,20.0,1.0,9.0