ST_CASE,VEH_NO_x,DRIMPAIR_x,DRDISTRACT,DRIVERRF,PER_NO_x,DRUGRES,DRUGACTQTY,STATE_x,COUNTY,HARM_EV_x,MAKE_x,BODY_TYP_x,AGE,SEX,PER_TYP_x,INJ_SEV,REST_USE,REST_MIS,AIR_BAG_x,EJECTION,DRINKING,ALC_RES,HISPANIC,STATE_y,VE_FORMS,HARM_EV_y,NUMOCCS,HIT_RUN,VIN,MOD_YEAR,VPICMAKE,VPICMODEL,VPICBODYCLASS,MAKE_y,MAKENAME,MODEL,BODY_TYP_y,HAZ_INV,HAZ_PLAC,HAZ_ID,TRAV_SP,UNDEROVERRIDE,ROLLOVER,ROLINLOC,IMPACT1,DEFORMED,M_HARM,FIRE_EXP,DR_DRINK,DR_PRES,L_STATE,DR_ZIP,L_TYPE,L_STATUS,L_COMPL,L_COMPLNAME,L_RESTRI,DR_HGT,DR_WGT,PREV_DWI,PREV_SPD,PREV_OTH,FIRST_MO,FIRST_MONAME,FIRST_YR,LAST_MO,LAST_YR,SPEEDREL,VTRAFWAY,VNUM_LAN,VSPD_LIM,VALIGN,VPROFILE,VPAVETYP,VSURCOND,VTRAFCON,P_CRASH1,P_CRASH2,P_CRASH3,PCRASH4,PCRASH5,ACC_CONFIG,STATE,RACE,ORDER,MULTRACE,CASENUM,HARM_EV,DAY_WEEK,MONTH,MAXSEV_IM,WEATHR_IM,PER_NO_y,BODY_TYP,AGE_IM,SEX_IM,INJSEV_IM,PER_TYP_y,AIR_BAG_y,EJECT_IM,MAKE,VEH_NO_y,DRIMPAIR_y
130882,1,9,0.0,6.0,1.0,5060.0,14.0,13.0,121.0,12.0,58.0,2.0,23.0,1.0,1.0,3.0,20.0,7.0,8.0,0.0,1.0,135.0,0.0,13.0,2.0,12.0,1.0,0.0,JNKCV54E36M7,2006.0,480.0,2305.0,3.0,58.0,Infiniti,37.0,2.0,1.0,0.0,0.0,998.0,0.0,0.0,0.0,12.0,6.0,12.0,0.0,1.0,1.0,13.0,30004.0,1.0,6.0,3.0,Valid license for this class vehicle,0.0,999.0,999.0,0.0,0.0,0.0,0.0,No Record,0.0,0.0,0.0,4.0,2.0,4.0,45.0,1.0,1.0,2.0,2.0,2.0,1.0,62.0,99.0,1.0,1.0,402.0,13.0,0.0,1.0,0.0,202305383717.0,12.0,4.0,9.0,0.0,1.0,1.0,2.0,42.0,1.0,0.0,1.0,20.0,0.0,58.0,3.0,0.0
130885,2,98,96.0,0.0,1.0,0.0,-99.0,13.0,133.0,12.0,87.0,66.0,62.0,1.0,1.0,2.0,3.0,0.0,20.0,0.0,0.0,996.0,0.0,13.0,2.0,12.0,1.0,0.0,1XPBDP9X8KD6,2019.0,495.0,2787.0,66.0,87.0,Peterbilt,881.0,66.0,1.0,0.0,0.0,998.0,8.0,0.0,0.0,6.0,6.0,12.0,0.0,0.0,1.0,45.0,29053.0,1.0,6.0,3.0,Valid license for this class vehicle,0.0,65.0,189.0,0.0,1.0,0.0,4.0,April,2019.0,12.0,2020.0,0.0,3.0,4.0,70.0,1.0,1.0,2.0,2.0,0.0,2.0,53.0,99.0,1.0,1.0,201.0,13.0,0.0,1.0,0.0,202305082390.0,43.0,6.0,7.0,0.0,1.0,1.0,66.0,66.0,1.0,0.0,1.0,20.0,0.0,87.0,1.0,0.0
130888,2,98,0.0,0.0,1.0,0.0,-99.0,13.0,115.0,12.0,82.0,66.0,47.0,1.0,1.0,2.0,3.0,0.0,20.0,0.0,8.0,996.0,0.0,13.0,2.0,12.0,1.0,0.0,3AKJHHDR0JSJ,2018.0,450.0,2501.0,66.0,82.0,Freightliner,881.0,66.0,1.0,0.0,0.0,998.0,0.0,0.0,0.0,12.0,6.0,12.0,0.0,0.0,1.0,1.0,36067.0,1.0,6.0,3.0,Valid license for this class vehicle,0.0,74.0,240.0,0.0,0.0,0.0,0.0,No Record,0.0,0.0,0.0,0.0,1.0,2.0,55.0,2.0,1.0,2.0,1.0,97.0,14.0,62.0,1.0,1.0,1.0,302.0,13.0,0.0,1.0,0.0,202304854334.0,1.0,4.0,4.0,1.0,1.0,1.0,66.0,59.0,1.0,1.0,1.0,20.0,0.0,82.0,1.0,0.0
130894,2,0,0.0,0.0,1.0,0.0,-99.0,13.0,15.0,12.0,12.0,34.0,57.0,1.0,1.0,2.0,3.0,0.0,8.0,0.0,8.0,996.0,0.0,13.0,2.0,12.0,1.0,0.0,1FTEW1E51LFB,2020.0,460.0,1801.0,60.0,12.0,Ford,481.0,34.0,1.0,0.0,0.0,998.0,7.0,0.0,0.0,12.0,6.0,12.0,0.0,0.0,1.0,13.0,30121.0,1.0,6.0,3.0,Valid license for this class vehicle,3.0,999.0,999.0,0.0,0.0,0.0,0.0,No Record,0.0,0.0,0.0,0.0,1.0,4.0,65.0,1.0,1.0,2.0,1.0,97.0,1.0,78.0,1.0,1.0,1.0,998.0,13.0,0.0,1.0,0.0,202305753199.0,12.0,5.0,10.0,2.0,1.0,1.0,34.0,27.0,1.0,0.0,1.0,99.0,0.0,12.0,4.0,0.0
130896,1,9,96.0,0.0,1.0,3019.0,0.17,13.0,185.0,32.0,63.0,14.0,55.0,1.0,1.0,4.0,20.0,7.0,8.0,1.0,0.0,0.0,7.0,13.0,1.0,32.0,1.0,0.0,5XYK33AFXPG0,2023.0,499.0,2770.0,7.0,63.0,KIA,401.0,14.0,1.0,0.0,0.0,998.0,7.0,3.0,5.0,12.0,6.0,1.0,0.0,0.0,1.0,13.0,31632.0,1.0,6.0,3.0,Valid license for this class vehicle,0.0,999.0,999.0,0.0,0.0,0.0,0.0,No Record,0.0,0.0,0.0,0.0,1.0,2.0,45.0,1.0,2.0,2.0,1.0,0.0,1.0,12.0,99.0,1.0,4.0,102.0,13.0,1.0,1.0,0.0,202305165892.0,12.0,3.0,8.0,0.0,1.0,1.0,14.0,63.0,2.0,0.0,1.0,20.0,0.0,63.0,1.0,0.0
130903,1,9,96.0,39.0,1.0,1.0,-99.0,13.0,11.0,32.0,2.0,34.0,42.0,2.0,1.0,4.0,20.0,7.0,9.0,1.0,1.0,289.0,7.0,13.0,1.0,32.0,1.0,0.0,1C6HJTFG0PL5,2023.0,483.0,25919.0,60.0,2.0,Jeep / Kaiser-Jeep / Willys- Jeep,483.0,34.0,1.0,0.0,0.0,998.0,7.0,3.0,5.0,12.0,6.0,1.0,0.0,1.0,1.0,13.0,30577.0,1.0,6.0,3.0,Valid license for this class vehicle,0.0,999.0,999.0,0.0,0.0,0.0,0.0,No Record,0.0,0.0,0.0,0.0,1.0,2.0,55.0,3.0,2.0,2.0,1.0,97.0,14.0,13.0,1.0,1.0,4.0,101.0,13.0,1.0,1.0,0.0,202304846562.0,12.0,2.0,4.0,0.0,1.0,1.0,34.0,22.0,1.0,0.0,1.0,20.0,0.0,2.0,1.0,0.0
130907,1,98,0.0,0.0,1.0,5060.0,4.1,13.0,151.0,12.0,37.0,4.0,20.0,2.0,1.0,0.0,3.0,0.0,20.0,0.0,8.0,996.0,0.0,13.0,2.0,12.0,1.0,1.0,1HGCV1F35KA0,2019.0,474.0,1861.0,13.0,37.0,Honda,32.0,4.0,1.0,0.0,0.0,998.0,7.0,0.0,0.0,81.0,6.0,12.0,0.0,0.0,1.0,13.0,30281.0,2.0,6.0,3.0,Valid license for this class vehicle,0.0,999.0,999.0,0.0,0.0,0.0,0.0,No Record,0.0,0.0,0.0,0.0,5.0,5.0,45.0,1.0,1.0,2.0,1.0,97.0,11.0,54.0,1.0,1.0,2.0,401.0,13.0,0.0,1.0,0.0,202305397789.0,12.0,5.0,10.0,0.0,1.0,1.0,4.0,17.0,1.0,0.0,1.0,9.0,0.0,37.0,1.0,98.0
130909,1,99,96.0,0.0,1.0,1.0,-99.0,13.0,287.0,35.0,12.0,2.0,80.0,1.0,1.0,4.0,20.0,7.0,9.0,0.0,9.0,0.0,7.0,13.0,1.0,35.0,2.0,0.0,1FA6P8CF4K51,2019.0,460.0,1781.0,3.0,12.0,Ford,3.0,2.0,1.0,0.0,0.0,998.0,7.0,0.0,0.0,14.0,6.0,42.0,0.0,0.0,1.0,13.0,31714.0,1.0,6.0,3.0,Valid license for this class vehicle,0.0,999.0,999.0,0.0,2.0,0.0,5.0,May,2020.0,4.0,2021.0,5.0,1.0,3.0,55.0,1.0,2.0,2.0,1.0,97.0,1.0,12.0,1.0,1.0,4.0,102.0,13.0,1.0,1.0,0.0,202304894443.0,12.0,3.0,4.0,2.0,1.0,1.0,2.0,23.0,1.0,2.0,1.0,8.0,0.0,12.0,1.0,9.0
130917,2,98,0.0,0.0,1.0,1.0,-99.0,13.0,225.0,12.0,12.0,34.0,57.0,2.0,1.0,4.0,3.0,0.0,9.0,0.0,0.0,0.0,7.0,13.0,7.0,12.0,1.0,0.0,3FTTW8F96NRA,2022.0,460.0,28967.0,60.0,12.0,Ford,498.0,34.0,1.0,0.0,0.0,0.0,8.0,0.0,0.0,6.0,6.0,12.0,0.0,0.0,1.0,13.0,30311.0,1.0,6.0,3.0,Valid license for this class vehicle,0.0,999.0,999.0,0.0,0.0,0.0,0.0,No Record,0.0,0.0,0.0,0.0,3.0,3.0,70.0,1.0,1.0,2.0,1.0,0.0,5.0,53.0,1.0,1.0,1.0,201.0,13.0,2.0,1.0,0.0,202305330544.0,11.0,7.0,10.0,3.0,10.0,1.0,34.0,63.0,1.0,3.0,1.0,98.0,0.0,12.0,1.0,98.0
130927,1,9,96.0,0.0,1.0,0.0,-99.0,13.0,257.0,42.0,20.0,15.0,23.0,1.0,1.0,4.0,20.0,7.0,20.0,0.0,1.0,996.0,7.0,13.0,1.0,42.0,1.0,0.0,1GNEK13T11R1,2001.0,467.0,1852.0,7.0,20.0,Chevrolet,421.0,15.0,1.0,0.0,0.0,998.0,7.0,3.0,5.0,3.0,6.0,42.0,0.0,1.0,1.0,13.0,30577.0,1.0,6.0,3.0,Valid license for this class vehicle,3.0,999.0,999.0,0.0,0.0,0.0,0.0,No Record,0.0,0.0,0.0,4.0,1.0,2.0,55.0,4.0,2.0,2.0,1.0,97.0,14.0,6.0,6.0,3.0,4.0,101.0,13.0,1.0,1.0,0.0,202305185903.0,12.0,4.0,8.0,0.0,1.0,1.0,15.0,76.0,2.0,0.0,1.0,20.0,0.0,20.0,1.0,0.0
130931,1,99,0.0,38.0,1.0,0.0,-99.0,13.0,31.0,12.0,35.0,4.0,35.0,2.0,1.0,4.0,20.0,7.0,8.0,0.0,9.0,996.0,7.0,13.0,2.0,12.0,3.0,0.0,3N1CN7AP8FL9,2015.0,478.0,1894.0,13.0,35.0,Nissan/Datsun,50.0,4.0,1.0,0.0,0.0,998.0,0.0,0.0,0.0,81.0,6.0,12.0,0.0,0.0,1.0,13.0,30458.0,1.0,6.0,3.0,Valid license for this class vehicle,0.0,999.0,999.0,0.0,0.0,5.0,2.0,February,2019.0,11.0,2022.0,0.0,2.0,4.0,45.0,1.0,1.0,2.0,1.0,20.0,1.0,17.0,16.0,1.0,1.0,502.0,13.0,2.0,1.0,0.0,202304912619.0,12.0,5.0,5.0,1.0,1.0,1.0,4.0,58.0,2.0,0.0,1.0,20.0,0.0,35.0,1.0,0.0
130940,1,98,0.0,0.0,1.0,0.0,-99.0,13.0,135.0,42.0,49.0,4.0,47.0,1.0,1.0,2.0,3.0,0.0,9.0,0.0,0.0,996.0,0.0,13.0,1.0,42.0,5.0,0.0,4T1BE32K54U8,2004.0,448.0,2469.0,13.0,49.0,Toyota,40.0,4.0,1.0,0.0,0.0,998.0,7.0,0.0,0.0,12.0,6.0,2.0,1.0,0.0,1.0,13.0,30097.0,1.0,6.0,3.0,Valid license for this class vehicle,3.0,999.0,999.0,0.0,0.0,1.0,8.0,August,2023.0,8.0,2023.0,0.0,1.0,2.0,45.0,1.0,1.0,2.0,1.0,0.0,1.0,13.0,99.0,1.0,4.0,101.0,13.0,0.0,1.0,0.0,202305446909.0,33.0,1.0,8.0,4.0,1.0,1.0,4.0,47.0,1.0,3.0,1.0,9.0,0.0,49.0,1.0,98.0
130942,3,98,96.0,0.0,1.0,0.0,-99.0,13.0,179.0,12.0,59.0,4.0,77.0,1.0,1.0,0.0,3.0,0.0,20.0,0.0,0.0,996.0,0.0,13.0,3.0,12.0,1.0,0.0,JTHBK1GGXD20,2013.0,515.0,2475.0,13.0,59.0,Lexus,31.0,4.0,1.0,0.0,0.0,0.0,7.0,0.0,0.0,62.0,6.0,12.0,0.0,0.0,1.0,13.0,31320.0,1.0,6.0,3.0,Valid license for this class vehicle,0.0,999.0,999.0,0.0,1.0,0.0,5.0,May,2019.0,5.0,2019.0,0.0,1.0,4.0,45.0,1.0,2.0,2.0,1.0,3.0,5.0,60.0,1.0,1.0,1.0,998.0,13.0,0.0,1.0,0.0,202305265774.0,12.0,5.0,9.0,1.0,1.0,1.0,4.0,37.0,1.0,1.0,1.0,8.0,0.0,59.0,2.0,0.0
130952,2,98,0.0,0.0,1.0,0.0,-99.0,13.0,139.0,12.0,49.0,4.0,18.0,1.0,1.0,0.0,20.0,7.0,8.0,0.0,8.0,996.0,0.0,13.0,2.0,12.0,2.0,0.0,5YFBURHEXGP5,2016.0,448.0,2208.0,13.0,49.0,Toyota,32.0,4.0,1.0,0.0,0.0,998.0,0.0,0.0,0.0,12.0,6.0,12.0,0.0,0.0,1.0,13.0,30504.0,2.0,6.0,3.0,Valid license for this class vehicle,0.0,999.0,999.0,0.0,0.0,0.0,0.0,No Record,0.0,0.0,0.0,0.0,1.0,4.0,45.0,1.0,1.0,2.0,1.0,2.0,1.0,62.0,1.0,1.0,1.0,402.0,13.0,0.0,1.0,0.0,202305638503.0,8.0,3.0,12.0,3.0,1.0,1.0,4.0,58.0,2.0,0.0,1.0,20.0,0.0,49.0,1.0,98.0
130965,1,98,96.0,48.0,1.0,0.0,-99.0,13.0,139.0,12.0,49.0,4.0,84.0,2.0,1.0,4.0,3.0,0.0,8.0,0.0,0.0,996.0,7.0,13.0,2.0,12.0,1.0,0.0,2T1BURHE1FC4,2015.0,448.0,2208.0,13.0,49.0,Toyota,32.0,4.0,1.0,0.0,0.0,998.0,0.0,0.0,0.0,3.0,6.0,12.0,0.0,0.0,1.0,13.0,30554.0,1.0,6.0,3.0,Valid license for this class vehicle,3.0,999.0,999.0,0.0,0.0,1.0,12.0,December,2020.0,2.0,2021.0,0.0,1.0,2.0,65.0,1.0,2.0,2.0,1.0,0.0,12.0,21.0,99.0,1.0,2.0,998.0,13.0,1.0,1.0,0.0,202305036393.0,12.0,6.0,6.0,2.0,1.0,1.0,4.0,17.0,1.0,2.0,1.0,8.0,0.0,49.0,1.0,0.0
130975,1,99,96.0,38.0,1.0,0.0,-99.0,13.0,185.0,12.0,63.0,14.0,58.0,2.0,1.0,4.0,20.0,7.0,3.0,0.0,0.0,996.0,7.0,13.0,3.0,12.0,1.0,0.0,5XYKT3A13BG1,2011.0,499.0,2769.0,7.0,63.0,KIA,402.0,14.0,1.0,0.0,0.0,998.0,0.0,0.0,0.0,7.0,6.0,12.0,0.0,0.0,1.0,13.0,31601.0,1.0,6.0,3.0,Valid license for this class vehicle,3.0,999.0,999.0,0.0,0.0,0.0,0.0,No Record,0.0,0.0,0.0,0.0,3.0,3.0,70.0,1.0,2.0,2.0,1.0,0.0,6.0,10.0,99.0,1.0,6.0,208.0,13.0,1.0,1.0,0.0,202305230724.0,12.0,3.0,9.0,0.0,1.0,1.0,14.0,60.0,1.0,0.0,1.0,20.0,0.0,63.0,1.0,0.0
130978,2,98,0.0,0.0,1.0,0.0,-99.0,13.0,223.0,12.0,55.0,4.0,26.0,2.0,1.0,2.0,3.0,0.0,8.0,0.0,8.0,996.0,0.0,13.0,2.0,12.0,1.0,0.0,KMHDH4AE6FU2,2015.0,498.0,2735.0,13.0,55.0,Hyundai,35.0,4.0,1.0,0.0,0.0,998.0,0.0,0.0,0.0,12.0,6.0,12.0,0.0,0.0,1.0,13.0,30157.0,1.0,6.0,3.0,Valid license for this class vehicle,0.0,999.0,999.0,0.0,0.0,0.0,0.0,No Record,0.0,0.0,0.0,0.0,1.0,2.0,50.0,1.0,5.0,2.0,2.0,97.0,1.0,62.0,1.0,1.0,1.0,402.0,13.0,0.0,1.0,0.0,202304758542.0,12.0,6.0,2.0,0.0,1.0,1.0,4.0,24.0,2.0,0.0,1.0,20.0,0.0,55.0,1.0,0.0
130980,2,98,0.0,0.0,1.0,0.0,-99.0,13.0,67.0,12.0,37.0,4.0,53.0,1.0,1.0,4.0,3.0,0.0,8.0,0.0,0.0,996.0,7.0,13.0,2.0,12.0,1.0,0.0,2HGES165X5H5,2005.0,474.0,1863.0,13.0,37.0,Honda,31.0,4.0,1.0,0.0,0.0,998.0,0.0,0.0,0.0,10.0,6.0,12.0,0.0,0.0,1.0,13.0,30127.0,1.0,6.0,3.0,Valid license for this class vehicle,0.0,999.0,999.0,0.0,0.0,0.0,0.0,No Record,0.0,0.0,0.0,0.0,1.0,2.0,45.0,1.0,1.0,2.0,1.0,3.0,11.0,15.0,99.0,1.0,1.0,414.0,13.0,68.0,1.0,0.0,202305485259.0,53.0,2.0,12.0,3.0,1.0,1.0,4.0,24.0,1.0,0.0,1.0,9.0,0.0,37.0,1.0,98.0
130983,1,98,96.0,48.0,1.0,0.0,-99.0,13.0,57.0,12.0,2.0,14.0,25.0,1.0,1.0,3.0,99.0,7.0,20.0,0.0,8.0,996.0,0.0,13.0,2.0,12.0,3.0,0.0,1J4FA39S34P7,2004.0,483.0,1943.0,7.0,2.0,Jeep / Kaiser-Jeep / Willys- Jeep,403.0,14.0,1.0,0.0,0.0,998.0,0.0,0.0,0.0,1.0,6.0,12.0,0.0,0.0,1.0,13.0,30114.0,0.0,0.0,0.0,Not licensed,0.0,999.0,999.0,0.0,0.0,0.0,0.0,No Record,0.0,0.0,0.0,0.0,6.0,2.0,35.0,1.0,1.0,2.0,1.0,2.0,11.0,15.0,99.0,1.0,1.0,408.0,13.0,0.0,1.0,0.0,202305385872.0,12.0,5.0,9.0,0.0,1.0,1.0,14.0,37.0,1.0,0.0,1.0,20.0,0.0,2.0,1.0,98.0
130984,1,98,96.0,36.0,1.0,0.0,-99.0,13.0,89.0,12.0,73.0,80.0,20.0,1.0,1.0,4.0,20.0,7.0,20.0,8.0,8.0,996.0,7.0,13.0,2.0,12.0,2.0,0.0,JKBZXJH12NA0,2022.0,510.0,12989.0,80.0,73.0,Kawasaki,705.0,80.0,1.0,0.0,0.0,998.0,7.0,8.0,8.0,12.0,6.0,12.0,1.0,0.0,1.0,13.0,30007.0,1.0,6.0,2.0,No valid license for this class vehicle,0.0,999.0,999.0,0.0,0.0,0.0,0.0,No Record,0.0,0.0,0.0,5.0,4.0,2.0,45.0,3.0,3.0,2.0,1.0,97.0,14.0,51.0,99.0,1.0,1.0,202.0,13.0,1.0,1.0,0.0,202304888099.0,33.0,2.0,4.0,3.0,1.0,1.0,80.0,19.0,1.0,3.0,1.0,20.0,8.0,73.0,1.0,98.0
130987,1,9,96.0,0.0,1.0,9995.0,-99.0,13.0,121.0,25.0,20.0,4.0,40.0,1.0,1.0,4.0,3.0,0.0,9.0,0.0,1.0,995.0,7.0,13.0,1.0,25.0,2.0,0.0,1G1ZD5ST4JF2,2018.0,467.0,1834.0,13.0,20.0,Chevrolet,37.0,4.0,1.0,0.0,0.0,998.0,7.0,3.0,1.0,12.0,6.0,1.0,0.0,1.0,1.0,13.0,30519.0,1.0,6.0,3.0,Valid license for this class vehicle,0.0,999.0,999.0,0.0,0.0,1.0,8.0,August,2023.0,8.0,2023.0,4.0,6.0,1.0,55.0,2.0,2.0,2.0,1.0,97.0,14.0,6.0,1.0,1.0,4.0,101.0,13.0,2.0,1.0,0.0,202305339479.0,12.0,3.0,10.0,1.0,2.0,1.0,4.0,21.0,1.0,0.0,1.0,8.0,0.0,20.0,1.0,98.0
130994,1,98,96.0,26.0,1.0,0.0,-99.0,13.0,89.0,12.0,18.0,15.0,35.0,1.0,1.0,4.0,3.0,0.0,8.0,2.0,8.0,996.0,7.0,13.0,2.0,12.0,1.0,0.0,5GAERDKW5KJ2,2019.0,468.0,1841.0,7.0,18.0,Buick / Opel,421.0,15.0,1.0,0.0,0.0,998.0,8.0,0.0,0.0,12.0,6.0,12.0,0.0,0.0,1.0,13.0,30016.0,1.0,1.0,2.0,No valid license for this class vehicle,0.0,999.0,999.0,0.0,0.0,1.0,11.0,November,2021.0,11.0,2021.0,0.0,2.0,2.0,70.0,1.0,1.0,2.0,1.0,97.0,1.0,50.0,99.0,1.0,1.0,202.0,13.0,2.0,1.0,0.0,202305318511.0,12.0,5.0,8.0,2.0,10.0,1.0,15.0,17.0,2.0,0.0,1.0,99.0,0.0,18.0,1.0,0.0
130995,2,98,0.0,0.0,1.0,0.0,-99.0,13.0,89.0,12.0,20.0,15.0,46.0,2.0,1.0,0.0,3.0,0.0,8.0,0.0,8.0,996.0,0.0,13.0,2.0,12.0,3.0,0.0,1GNERFKW3LJ1,2020.0,467.0,1853.0,7.0,20.0,Chevrolet,423.0,15.0,1.0,0.0,0.0,998.0,0.0,0.0,0.0,12.0,6.0,12.0,0.0,0.0,1.0,13.0,30012.0,1.0,6.0,3.0,Valid license for this class vehicle,3.0,999.0,999.0,0.0,0.0,0.0,0.0,No Record,0.0,0.0,0.0,0.0,1.0,4.0,45.0,1.0,1.0,2.0,1.0,97.0,1.0,67.0,1.0,1.0,1.0,415.0,13.0,0.0,1.0,0.0,202304993878.0,12.0,4.0,5.0,1.0,1.0,1.0,15.0,44.0,1.0,1.0,1.0,20.0,0.0,20.0,2.0,0.0
130998,1,98,0.0,6.0,1.0,0.0,-99.0,13.0,135.0,12.0,58.0,4.0,20.0,1.0,1.0,3.0,99.0,7.0,8.0,0.0,8.0,996.0,0.0,13.0,2.0,12.0,1.0,0.0,JNKBV61EX7M7,2007.0,480.0,2305.0,13.0,58.0,Infiniti,37.0,4.0,1.0,0.0,0.0,998.0,0.0,0.0,0.0,81.0,4.0,12.0,0.0,0.0,1.0,13.0,30141.0,9.0,9.0,9.0,Unknown,9.0,999.0,999.0,99.0,99.0,99.0,99.0,Unknown,9999.0,99.0,9999.0,2.0,6.0,2.0,55.0,3.0,5.0,1.0,1.0,97.0,14.0,6.0,9.0,1.0,2.0,207.0,13.0,0.0,1.0,0.0,202304820961.0,12.0,3.0,2.0,0.0,1.0,1.0,4.0,21.0,1.0,0.0,1.0,20.0,0.0,58.0,1.0,0.0
131000,1,99,96.0,0.0,1.0,1.0,-99.0,13.0,121.0,33.0,37.0,4.0,20.0,1.0,1.0,4.0,3.0,0.0,9.0,0.0,9.0,102.0,7.0,13.0,1.0,33.0,2.0,0.0,19XFC2F50GE0,2016.0,474.0,1863.0,13.0,37.0,Honda,31.0,4.0,1.0,0.0,0.0,998.0,7.0,3.0,1.0,83.0,6.0,1.0,0.0,1.0,1.0,39.0,43054.0,1.0,6.0,3.0,Valid license for this class vehicle,3.0,66.0,130.0,0.0,0.0,0.0,0.0,No Record,0.0,0.0,0.0,2.0,1.0,2.0,35.0,3.0,1.0,2.0,1.0,3.0,14.0,6.0,1.0,1.0,4.0,101.0,13.0,2.0,1.0,0.0,202305562397.0,12.0,7.0,12.0,0.0,2.0,1.0,4.0,21.0,1.0,0.0,1.0,20.0,0.0,37.0,1.0,0.0
131024,1,98,0.0,38.0,1.0,0.0,-99.0,13.0,115.0,12.0,20.0,34.0,37.0,1.0,1.0,0.0,3.0,0.0,20.0,0.0,8.0,996.0,0.0,13.0,2.0,12.0,1.0,0.0,1GCGTBEN6L11,2020.0,467.0,4086.0,60.0,20.0,Chevrolet,473.0,34.0,1.0,0.0,0.0,998.0,7.0,0.0,0.0,62.0,6.0,12.0,0.0,0.0,1.0,13.0,30161.0,1.0,6.0,3.0,Valid license for this class vehicle,0.0,999.0,999.0,0.0,0.0,0.0,0.0,No Record,0.0,0.0,0.0,0.0,2.0,4.0,65.0,3.0,1.0,2.0,1.0,20.0,11.0,55.0,1.0,1.0,2.0,414.0,13.0,0.0,1.0,0.0,202304818617.0,11.0,5.0,2.0,0.0,1.0,1.0,34.0,52.0,2.0,0.0,1.0,20.0,0.0,20.0,1.0,0.0
131045,1,99,96.0,58.0,1.0,1.0,-99.0,13.0,171.0,12.0,49.0,1.0,22.0,2.0,1.0,0.0,3.0,0.0,20.0,0.0,9.0,0.0,0.0,13.0,2.0,12.0,3.0,0.0,4T1FA38P85U0,2005.0,448.0,2803.0,1.0,49.0,Toyota,44.0,1.0,1.0,0.0,0.0,998.0,0.0,0.0,0.0,1.0,4.0,12.0,0.0,0.0,1.0,13.0,30135.0,1.0,6.0,3.0,Valid license for this class vehicle,0.0,999.0,999.0,0.0,0.0,0.0,0.0,No Record,0.0,0.0,0.0,0.0,3.0,3.0,70.0,1.0,1.0,2.0,1.0,97.0,1.0,11.0,1.0,2.0,2.0,208.0,13.0,0.0,1.0,0.0,202305634427.0,12.0,5.0,4.0,2.0,1.0,1.0,1.0,30.0,1.0,2.0,1.0,9.0,0.0,49.0,2.0,0.0
131066,1,9,96.0,0.0,1.0,1061.0,32.0,13.0,257.0,33.0,37.0,80.0,35.0,1.0,1.0,3.0,20.0,7.0,20.0,8.0,8.0,996.0,0.0,13.0,1.0,33.0,2.0,0.0,1HFSC526X7A4,2007.0,474.0,3478.0,82.0,37.0,Honda,706.0,80.0,1.0,0.0,0.0,998.0,7.0,8.0,8.0,12.0,6.0,33.0,0.0,0.0,1.0,13.0,30577.0,1.0,6.0,3.0,Valid license for this class vehicle,0.0,999.0,999.0,0.0,0.0,0.0,0.0,No Record,0.0,0.0,0.0,0.0,1.0,2.0,55.0,1.0,2.0,2.0,1.0,0.0,1.0,12.0,99.0,1.0,4.0,102.0,13.0,0.0,1.0,0.0,202305041768.0,91.0,5.0,5.0,3.0,1.0,1.0,80.0,25.0,1.0,3.0,1.0,20.0,8.0,37.0,1.0,0.0
131069,1,98,96.0,39.0,1.0,0.0,-99.0,13.0,13.0,12.0,7.0,4.0,40.0,1.0,1.0,2.0,3.0,0.0,2.0,0.0,0.0,996.0,0.0,13.0,3.0,12.0,5.0,0.0,1C3CDFBA2DD3,2013.0,476.0,2054.0,13.0,7.0,Dodge,29.0,4.0,1.0,0.0,0.0,998.0,0.0,3.0,1.0,9.0,6.0,12.0,0.0,0.0,1.0,13.0,30680.0,0.0,0.0,0.0,Not licensed,0.0,999.0,999.0,99.0,99.0,99.0,99.0,Unknown,9999.0,99.0,9999.0,0.0,5.0,3.0,55.0,1.0,2.0,2.0,1.0,3.0,1.0,17.0,1.0,1.0,1.0,504.0,13.0,0.0,1.0,0.0,202305310422.0,12.0,3.0,10.0,0.0,10.0,1.0,4.0,66.0,2.0,0.0,1.0,20.0,0.0,7.0,2.0,0.0
131079,2,98,0.0,0.0,1.0,0.0,-99.0,13.0,113.0,12.0,20.0,14.0,53.0,2.0,1.0,4.0,20.0,7.0,9.0,0.0,0.0,996.0,7.0,13.0,2.0,12.0,1.0,0.0,1GNDS13S1321,2003.0,467.0,4548.0,7.0,20.0,Chevrolet,403.0,14.0,1.0,0.0,0.0,998.0,0.0,0.0,0.0,12.0,6.0,12.0,0.0,0.0,1.0,13.0,30215.0,1.0,6.0,3.0,Valid license for this class vehicle,3.0,999.0,999.0,0.0,0.0,0.0,0.0,No Record,0.0,0.0,0.0,0.0,5.0,5.0,55.0,1.0,1.0,2.0,1.0,3.0,1.0,17.0,99.0,1.0,1.0,416.0,13.0,1.0,1.0,0.0,202304953974.0,12.0,6.0,5.0,1.0,1.0,1.0,14.0,22.0,2.0,0.0,1.0,20.0,0.0,20.0,1.0,0.0