ST_CASE,VEH_NO_x,DRIMPAIR_x,DRDISTRACT,DRIVERRF,PER_NO_x,DRUGRES,DRUGACTQTY,STATE_x,COUNTY,HARM_EV_x,MAKE_x,BODY_TYP_x,AGE,SEX,PER_TYP_x,INJ_SEV,REST_USE,REST_MIS,AIR_BAG_x,EJECTION,DRINKING,ALC_RES,HISPANIC,STATE_y,VE_FORMS,HARM_EV_y,NUMOCCS,HIT_RUN,VIN,MOD_YEAR,VPICMAKE,VPICMODEL,VPICBODYCLASS,MAKE_y,MAKENAME,MODEL,BODY_TYP_y,HAZ_INV,HAZ_PLAC,HAZ_ID,TRAV_SP,UNDEROVERRIDE,ROLLOVER,ROLINLOC,IMPACT1,DEFORMED,M_HARM,FIRE_EXP,DR_DRINK,DR_PRES,L_STATE,DR_ZIP,L_TYPE,L_STATUS,L_COMPL,L_COMPLNAME,L_RESTRI,DR_HGT,DR_WGT,PREV_DWI,PREV_SPD,PREV_OTH,FIRST_MO,FIRST_MONAME,FIRST_YR,LAST_MO,LAST_YR,SPEEDREL,VTRAFWAY,VNUM_LAN,VSPD_LIM,VALIGN,VPROFILE,VPAVETYP,VSURCOND,VTRAFCON,P_CRASH1,P_CRASH2,P_CRASH3,PCRASH4,PCRASH5,ACC_CONFIG,STATE,RACE,ORDER,MULTRACE,CASENUM,HARM_EV,DAY_WEEK,MONTH,MAXSEV_IM,WEATHR_IM,PER_NO_y,BODY_TYP,AGE_IM,SEX_IM,INJSEV_IM,PER_TYP_y,AIR_BAG_y,EJECT_IM,MAKE,VEH_NO_y,DRIMPAIR_y
150067,1,9,0.0,28.0,1.0,9995.0,-99.0,15.0,9.0,38.0,35.0,4.0,39.0,2.0,1.0,4.0,20.0,7.0,8.0,1.0,1.0,219.0,7.0,15.0,1.0,38.0,1.0,0.0,1N4AL3AP8FC1,2015.0,478.0,1904.0,13.0,35.0,Nissan/Datsun,47.0,4.0,1.0,0.0,0.0,999.0,7.0,3.0,5.0,12.0,6.0,1.0,0.0,1.0,1.0,15.0,96790.0,1.0,1.0,2.0,No valid license for this class vehicle,0.0,66.0,165.0,0.0,0.0,0.0,0.0,No Record,0.0,0.0,0.0,3.0,1.0,2.0,35.0,2.0,1.0,2.0,1.0,0.0,14.0,10.0,7.0,5.0,4.0,101.0,15.0,1.0,1.0,1.0,202305426297.0,12.0,6.0,9.0,1.0,1.0,1.0,4.0,23.0,2.0,1.0,1.0,2.0,0.0,35.0,2.0,0.0
150074,1,98,93.0,6.0,1.0,1.0,-99.0,15.0,3.0,42.0,49.0,14.0,25.0,2.0,1.0,4.0,3.0,0.0,8.0,0.0,1.0,155.0,7.0,15.0,1.0,42.0,2.0,0.0,JTEEU5JR7M52,2021.0,448.0,2216.0,7.0,49.0,Toyota,401.0,14.0,1.0,0.0,0.0,998.0,7.0,3.0,5.0,61.0,6.0,42.0,0.0,1.0,1.0,15.0,96792.0,0.0,0.0,0.0,Not licensed,0.0,63.0,140.0,0.0,0.0,0.0,0.0,No Record,0.0,0.0,0.0,5.0,6.0,1.0,25.0,2.0,5.0,2.0,1.0,0.0,1.0,12.0,99.0,1.0,4.0,102.0,15.0,68.0,1.0,0.0,202305577914.0,12.0,5.0,12.0,1.0,1.0,1.0,14.0,33.0,2.0,1.0,1.0,20.0,0.0,49.0,1.0,98.0
150075,1,0,0.0,0.0,1.0,0.0,-99.0,15.0,3.0,12.0,35.0,6.0,49.0,1.0,1.0,3.0,3.0,0.0,20.0,0.0,0.0,996.0,0.0,15.0,2.0,12.0,2.0,0.0,JN8AS5MTXBW1,2011.0,478.0,1913.0,8.0,35.0,Nissan/Datsun,51.0,6.0,1.0,0.0,0.0,998.0,0.0,0.0,0.0,81.0,6.0,12.0,0.0,0.0,1.0,15.0,96819.0,1.0,3.0,2.0,No valid license for this class vehicle,0.0,67.0,132.0,0.0,0.0,1.0,6.0,June,2022.0,6.0,2022.0,0.0,1.0,4.0,30.0,1.0,1.0,2.0,1.0,0.0,11.0,63.0,99.0,1.0,1.0,401.0,15.0,0.0,1.0,0.0,202304738137.0,38.0,3.0,1.0,2.0,1.0,1.0,6.0,64.0,1.0,2.0,1.0,8.0,0.0,35.0,1.0,98.0
150082,1,9,0.0,28.0,1.0,3026.0,-99.0,15.0,3.0,30.0,55.0,14.0,20.0,1.0,1.0,4.0,20.0,7.0,3.0,0.0,1.0,173.0,7.0,15.0,1.0,30.0,1.0,0.0,5NMSG13D79H2,2009.0,498.0,2057.0,7.0,55.0,Hyundai,401.0,14.0,1.0,0.0,0.0,998.0,7.0,0.0,0.0,12.0,6.0,30.0,0.0,1.0,1.0,15.0,96744.0,1.0,6.0,3.0,Valid license for this class vehicle,0.0,68.0,163.0,0.0,0.0,0.0,0.0,No Record,0.0,0.0,0.0,5.0,1.0,2.0,35.0,1.0,5.0,2.0,1.0,0.0,1.0,12.0,99.0,1.0,4.0,102.0,15.0,6.0,1.0,1.0,202304800200.0,12.0,5.0,3.0,4.0,2.0,1.0,14.0,41.0,1.0,4.0,1.0,8.0,2.0,55.0,2.0,0.0
150091,2,98,96.0,0.0,1.0,0.0,-99.0,15.0,3.0,12.0,12.0,34.0,998.0,2.0,1.0,0.0,98.0,7.0,98.0,0.0,8.0,996.0,0.0,15.0,3.0,12.0,1.0,0.0,1FTER4EH8MLD,2021.0,460.0,1803.0,60.0,12.0,Ford,471.0,34.0,1.0,0.0,0.0,998.0,8.0,0.0,0.0,6.0,8.0,12.0,0.0,0.0,1.0,15.0,96744.0,1.0,6.0,3.0,Valid license for this class vehicle,0.0,66.0,170.0,0.0,0.0,0.0,0.0,No Record,0.0,0.0,0.0,9.0,8.0,8.0,98.0,8.0,8.0,8.0,98.0,97.0,99.0,99.0,99.0,9.0,9.0,201.0,15.0,0.0,1.0,0.0,202305259088.0,14.0,5.0,8.0,3.0,1.0,1.0,34.0,28.0,1.0,3.0,1.0,9.0,0.0,12.0,1.0,2.0
160009,1,0,0.0,0.0,1.0,0.0,-99.0,16.0,47.0,1.0,12.0,21.0,73.0,1.0,1.0,4.0,3.0,0.0,20.0,0.0,0.0,996.0,7.0,16.0,1.0,1.0,1.0,0.0,1FDEE14H3THB,1996.0,460.0,1796.0,95.0,12.0,Ford,461.0,21.0,1.0,0.0,0.0,998.0,7.0,3.0,5.0,0.0,6.0,35.0,0.0,0.0,1.0,16.0,83338.0,1.0,6.0,3.0,Valid license for this class vehicle,3.0,75.0,230.0,0.0,0.0,0.0,0.0,No Record,0.0,0.0,0.0,0.0,1.0,2.0,25.0,3.0,2.0,5.0,1.0,0.0,14.0,6.0,99.0,9.0,4.0,102.0,16.0,1.0,1.0,0.0,202305241408.0,12.0,2.0,7.0,2.0,1.0,1.0,21.0,60.0,2.0,2.0,1.0,20.0,0.0,12.0,2.0,98.0
160010,1,0,6.0,0.0,1.0,1.0,-99.0,16.0,27.0,1.0,2.0,14.0,72.0,2.0,1.0,4.0,20.0,7.0,20.0,2.0,0.0,0.0,7.0,16.0,1.0,1.0,1.0,0.0,1J4FY19S9WP7,1998.0,483.0,1943.0,7.0,2.0,Jeep / Kaiser-Jeep / Willys- Jeep,403.0,14.0,1.0,0.0,0.0,998.0,7.0,3.0,5.0,0.0,6.0,1.0,0.0,0.0,1.0,16.0,83616.0,1.0,6.0,3.0,Valid license for this class vehicle,0.0,68.0,175.0,0.0,0.0,0.0,0.0,No Record,0.0,0.0,0.0,0.0,1.0,2.0,50.0,1.0,1.0,2.0,10.0,0.0,1.0,13.0,99.0,1.0,4.0,101.0,16.0,1.0,1.0,0.0,202305249333.0,12.0,5.0,9.0,2.0,1.0,1.0,14.0,50.0,1.0,2.0,1.0,20.0,0.0,2.0,2.0,98.0
160015,1,0,0.0,0.0,1.0,3026.0,-99.0,16.0,27.0,35.0,49.0,34.0,33.0,1.0,1.0,4.0,20.0,7.0,1.0,1.0,0.0,190.0,1.0,16.0,1.0,35.0,1.0,0.0,5TBET34136S5,2006.0,448.0,2467.0,60.0,49.0,Toyota,482.0,34.0,1.0,0.0,0.0,998.0,7.0,3.0,6.0,12.0,6.0,1.0,0.0,1.0,1.0,16.0,83617.0,1.0,6.0,3.0,Valid license for this class vehicle,0.0,71.0,180.0,0.0,1.0,0.0,8.0,August,2022.0,8.0,2022.0,5.0,1.0,2.0,55.0,1.0,1.0,2.0,1.0,0.0,6.0,6.0,99.0,3.0,4.0,101.0,16.0,1.0,1.0,0.0,202305225555.0,12.0,5.0,8.0,0.0,1.0,1.0,34.0,85.0,1.0,0.0,1.0,20.0,0.0,49.0,1.0,98.0
160020,1,0,0.0,0.0,1.0,9995.0,-99.0,16.0,65.0,12.0,49.0,4.0,25.0,2.0,1.0,2.0,3.0,0.0,8.0,0.0,0.0,995.0,0.0,16.0,2.0,12.0,1.0,0.0,2T1BURHE2FC3,2015.0,448.0,2208.0,13.0,49.0,Toyota,32.0,4.0,1.0,0.0,0.0,998.0,0.0,0.0,0.0,12.0,6.0,12.0,0.0,0.0,1.0,16.0,83451.0,1.0,6.0,3.0,Valid license for this class vehicle,1.0,68.0,207.0,0.0,0.0,0.0,0.0,No Record,0.0,0.0,0.0,0.0,1.0,5.0,65.0,1.0,1.0,2.0,2.0,4.0,1.0,66.0,99.0,1.0,1.0,503.0,16.0,0.0,1.0,0.0,202305200719.0,12.0,3.0,8.0,0.0,1.0,1.0,4.0,51.0,1.0,0.0,1.0,20.0,0.0,49.0,1.0,0.0
160021,1,0,0.0,38.0,1.0,9995.0,-99.0,16.0,43.0,12.0,49.0,4.0,72.0,2.0,1.0,4.0,20.0,7.0,8.0,0.0,0.0,995.0,7.0,16.0,2.0,12.0,1.0,0.0,1NXBU4EE5AZ2,2010.0,448.0,2208.0,13.0,49.0,Toyota,32.0,4.0,1.0,0.0,0.0,998.0,0.0,0.0,0.0,1.0,4.0,12.0,0.0,0.0,1.0,16.0,83445.0,1.0,6.0,3.0,Valid license for this class vehicle,3.0,64.0,272.0,0.0,1.0,0.0,10.0,October,2021.0,10.0,2021.0,0.0,1.0,2.0,65.0,1.0,1.0,2.0,1.0,97.0,11.0,54.0,99.0,1.0,2.0,401.0,16.0,1.0,1.0,0.0,202305421972.0,12.0,1.0,11.0,1.0,1.0,1.0,4.0,20.0,1.0,1.0,1.0,20.0,0.0,49.0,2.0,98.0
160022,2,9,0.0,0.0,1.0,1059.0,0.574,16.0,69.0,12.0,20.0,14.0,49.0,1.0,1.0,3.0,20.0,7.0,8.0,0.0,0.0,0.0,0.0,16.0,2.0,12.0,2.0,0.0,2CNFLEEC8B64,2011.0,467.0,1847.0,7.0,20.0,Chevrolet,404.0,14.0,1.0,0.0,0.0,998.0,0.0,0.0,0.0,12.0,6.0,12.0,0.0,0.0,1.0,16.0,83523.0,1.0,6.0,3.0,Valid license for this class vehicle,0.0,72.0,230.0,0.0,0.0,0.0,0.0,No Record,0.0,0.0,0.0,0.0,1.0,2.0,45.0,1.0,1.0,2.0,10.0,99.0,1.0,62.0,99.0,1.0,1.0,302.0,16.0,0.0,1.0,0.0,202305518418.0,12.0,6.0,12.0,0.0,1.0,1.0,14.0,62.0,2.0,0.0,1.0,20.0,0.0,20.0,1.0,0.0
160024,1,9,0.0,39.0,1.0,5997.0,-99.0,16.0,1.0,10.0,13.0,6.0,67.0,1.0,1.0,4.0,3.0,0.0,2.0,0.0,0.0,64.0,7.0,16.0,1.0,10.0,1.0,0.0,2LMDU88C67BJ,2007.0,464.0,1813.0,7.0,13.0,Lincoln,14.0,6.0,1.0,0.0,0.0,998.0,7.0,0.0,0.0,7.0,6.0,10.0,0.0,1.0,1.0,16.0,83642.0,1.0,6.0,3.0,Valid license for this class vehicle,1.0,70.0,225.0,0.0,0.0,0.0,0.0,No Record,0.0,0.0,0.0,0.0,1.0,2.0,45.0,1.0,1.0,2.0,1.0,65.0,1.0,91.0,99.0,1.0,1.0,103.0,16.0,1.0,1.0,0.0,202305534346.0,12.0,5.0,11.0,1.0,1.0,1.0,6.0,63.0,2.0,0.0,1.0,20.0,0.0,13.0,2.0,0.0
160033,1,0,0.0,0.0,1.0,1059.0,-99.0,16.0,39.0,1.0,55.0,4.0,34.0,2.0,1.0,4.0,20.0,7.0,8.0,1.0,0.0,995.0,7.0,16.0,1.0,1.0,1.0,0.0,5NPEU46F06H0,2006.0,498.0,2459.0,13.0,55.0,Hyundai,33.0,4.0,1.0,0.0,0.0,998.0,7.0,3.0,3.0,0.0,6.0,1.0,0.0,0.0,1.0,16.0,83647.0,1.0,6.0,3.0,Valid license for this class vehicle,3.0,64.0,120.0,1.0,0.0,0.0,10.0,October,2018.0,1.0,2023.0,0.0,2.0,2.0,80.0,1.0,1.0,2.0,1.0,0.0,1.0,12.0,99.0,4.0,4.0,102.0,16.0,1.0,1.0,0.0,202305565286.0,33.0,1.0,12.0,2.0,1.0,1.0,4.0,23.0,1.0,2.0,1.0,98.0,0.0,55.0,1.0,0.0
160037,1,9,0.0,34.0,1.0,0.0,-99.0,16.0,67.0,35.0,72.0,80.0,55.0,1.0,1.0,4.0,20.0,7.0,20.0,8.0,1.0,211.0,7.0,16.0,1.0,35.0,1.0,0.0,1HD1KBM11CB6,2012.0,3888.0,11077.0,81.0,72.0,Harley-Davidson,706.0,80.0,1.0,0.0,0.0,998.0,7.0,8.0,8.0,12.0,6.0,35.0,0.0,1.0,1.0,16.0,83323.0,1.0,6.0,3.0,Valid license for this class vehicle,0.0,70.0,195.0,0.0,0.0,0.0,0.0,No Record,0.0,0.0,0.0,0.0,6.0,1.0,80.0,2.0,1.0,2.0,1.0,0.0,14.0,6.0,99.0,4.0,4.0,102.0,16.0,1.0,1.0,0.0,202305316163.0,12.0,7.0,9.0,3.0,1.0,1.0,80.0,48.0,1.0,3.0,1.0,20.0,8.0,72.0,2.0,0.0
160038,2,2,0.0,73.0,1.0,9995.0,-99.0,16.0,27.0,12.0,30.0,4.0,20.0,1.0,1.0,3.0,20.0,7.0,8.0,0.0,0.0,999.0,0.0,16.0,2.0,12.0,1.0,0.0,3VWD67AJ1GM3,2016.0,482.0,3137.0,13.0,30.0,Volkswagen,40.0,4.0,1.0,0.0,0.0,998.0,0.0,0.0,0.0,12.0,6.0,12.0,0.0,0.0,1.0,41.0,97913.0,7.0,6.0,2.0,No valid license for this class vehicle,2.0,63.0,130.0,0.0,0.0,0.0,0.0,No Record,0.0,0.0,0.0,0.0,1.0,2.0,65.0,1.0,2.0,2.0,1.0,0.0,1.0,54.0,99.0,1.0,1.0,301.0,16.0,0.0,1.0,0.0,202305230794.0,12.0,6.0,9.0,0.0,1.0,1.0,4.0,46.0,2.0,0.0,1.0,20.0,0.0,30.0,2.0,0.0
160039,2,0,0.0,0.0,1.0,0.0,-99.0,16.0,1.0,12.0,12.0,34.0,19.0,1.0,1.0,0.0,3.0,0.0,20.0,0.0,0.0,996.0,0.0,16.0,2.0,12.0,1.0,0.0,1FTFW1ED9MFC,2021.0,460.0,1801.0,60.0,12.0,Ford,481.0,34.0,1.0,0.0,0.0,998.0,7.0,0.0,0.0,11.0,2.0,12.0,0.0,0.0,1.0,16.0,83616.0,1.0,6.0,3.0,Valid license for this class vehicle,0.0,72.0,160.0,0.0,0.0,0.0,0.0,No Record,0.0,0.0,0.0,0.0,1.0,2.0,25.0,1.0,1.0,2.0,1.0,99.0,11.0,15.0,99.0,1.0,1.0,998.0,16.0,0.0,1.0,0.0,202305188084.0,12.0,7.0,8.0,0.0,1.0,1.0,34.0,59.0,1.0,0.0,1.0,20.0,0.0,12.0,2.0,0.0
160041,1,0,0.0,38.0,1.0,1.0,-99.0,16.0,27.0,12.0,37.0,4.0,19.0,2.0,1.0,4.0,3.0,0.0,1.0,0.0,0.0,0.0,1.0,16.0,3.0,12.0,1.0,0.0,1HGEJ6676XL0,1999.0,474.0,1863.0,13.0,37.0,Honda,31.0,4.0,1.0,0.0,0.0,998.0,0.0,0.0,0.0,9.0,6.0,12.0,0.0,0.0,1.0,16.0,83660.0,1.0,6.0,3.0,Valid license for this class vehicle,3.0,62.0,110.0,0.0,0.0,0.0,0.0,No Record,0.0,0.0,0.0,0.0,8.0,2.0,50.0,1.0,8.0,2.0,1.0,20.0,1.0,17.0,99.0,1.0,1.0,504.0,16.0,1.0,1.0,0.0,202305023993.0,12.0,7.0,5.0,1.0,1.0,1.0,4.0,36.0,1.0,1.0,1.0,1.0,0.0,37.0,1.0,0.0
160043,1,9,0.0,28.0,1.0,0.0,-99.0,16.0,27.0,12.0,7.0,4.0,56.0,2.0,1.0,4.0,99.0,7.0,1.0,0.0,1.0,172.0,7.0,16.0,2.0,12.0,1.0,0.0,1B3ES56C94D5,2004.0,476.0,5880.0,13.0,7.0,Dodge,20.0,4.0,1.0,0.0,0.0,998.0,8.0,0.0,0.0,12.0,6.0,12.0,0.0,1.0,1.0,16.0,83687.0,1.0,3.0,2.0,No valid license for this class vehicle,0.0,69.0,165.0,0.0,0.0,0.0,0.0,No Record,0.0,0.0,0.0,0.0,1.0,4.0,98.0,3.0,1.0,2.0,1.0,0.0,14.0,10.0,99.0,1.0,2.0,301.0,16.0,1.0,1.0,0.0,202305205990.0,12.0,4.0,8.0,0.0,1.0,1.0,4.0,19.0,2.0,0.0,1.0,20.0,0.0,7.0,1.0,0.0
160051,2,0,0.0,0.0,1.0,0.0,-99.0,16.0,1.0,12.0,49.0,5.0,41.0,1.0,1.0,2.0,3.0,0.0,1.0,0.0,0.0,996.0,0.0,16.0,2.0,12.0,1.0,0.0,JTDKN3DU3A01,2010.0,448.0,2209.0,5.0,49.0,Toyota,46.0,5.0,1.0,0.0,0.0,998.0,0.0,0.0,0.0,12.0,4.0,12.0,0.0,0.0,1.0,16.0,83642.0,1.0,6.0,3.0,Valid license for this class vehicle,0.0,75.0,300.0,0.0,0.0,0.0,0.0,No Record,0.0,0.0,0.0,0.0,5.0,5.0,45.0,1.0,1.0,2.0,1.0,99.0,1.0,67.0,99.0,1.0,1.0,415.0,16.0,0.0,1.0,0.0,202304899438.0,12.0,4.0,4.0,1.0,1.0,1.0,5.0,38.0,1.0,0.0,1.0,8.0,0.0,49.0,1.0,0.0
160061,2,0,96.0,0.0,1.0,5997.0,-99.0,16.0,19.0,12.0,35.0,6.0,37.0,1.0,1.0,4.0,20.0,7.0,8.0,0.0,8.0,0.0,7.0,16.0,2.0,12.0,1.0,0.0,JN8AZ1MW5AW1,2010.0,478.0,1914.0,7.0,35.0,Nissan/Datsun,49.0,6.0,1.0,0.0,0.0,998.0,0.0,0.0,0.0,12.0,6.0,12.0,0.0,0.0,1.0,16.0,83274.0,1.0,6.0,3.0,Valid license for this class vehicle,3.0,69.0,160.0,0.0,0.0,0.0,12.0,December,2019.0,12.0,2019.0,0.0,5.0,5.0,55.0,1.0,1.0,2.0,1.0,0.0,1.0,62.0,99.0,9.0,1.0,302.0,16.0,1.0,1.0,0.0,202305129117.0,38.0,2.0,7.0,0.0,1.0,1.0,6.0,27.0,2.0,0.0,1.0,20.0,0.0,35.0,1.0,0.0
160083,2,0,0.0,0.0,1.0,0.0,-99.0,16.0,27.0,12.0,73.0,80.0,44.0,1.0,1.0,4.0,20.0,7.0,20.0,8.0,0.0,996.0,7.0,16.0,2.0,12.0,1.0,0.0,JKAEXKG13NDA,2022.0,510.0,20805.0,80.0,73.0,Kawasaki,704.0,80.0,1.0,0.0,0.0,998.0,7.0,8.0,8.0,12.0,6.0,12.0,0.0,0.0,1.0,16.0,83605.0,1.0,6.0,3.0,Valid license for this class vehicle,1.0,72.0,267.0,0.0,0.0,0.0,0.0,No Record,0.0,0.0,0.0,0.0,1.0,4.0,35.0,1.0,1.0,2.0,1.0,99.0,1.0,66.0,99.0,1.0,1.0,501.0,16.0,1.0,1.0,0.0,202305133730.0,1.0,1.0,7.0,2.0,1.0,1.0,80.0,21.0,1.0,2.0,1.0,20.0,8.0,73.0,1.0,0.0
160089,1,0,0.0,0.0,1.0,2132.0,-99.0,16.0,7.0,25.0,12.0,1.0,39.0,1.0,1.0,4.0,3.0,0.0,8.0,0.0,8.0,70.0,6.0,16.0,1.0,25.0,1.0,0.0,1FATP8UH8L51,2020.0,460.0,1781.0,1.0,12.0,Ford,3.0,1.0,1.0,0.0,0.0,998.0,7.0,3.0,1.0,2.0,6.0,1.0,0.0,1.0,1.0,16.0,83287.0,1.0,6.0,3.0,Valid license for this class vehicle,0.0,69.0,218.0,0.0,0.0,0.0,0.0,No Record,0.0,0.0,0.0,0.0,1.0,2.0,50.0,1.0,1.0,2.0,1.0,0.0,1.0,13.0,99.0,1.0,3.0,998.0,16.0,98.0,1.0,0.0,202304853891.0,12.0,3.0,4.0,1.0,1.0,1.0,1.0,17.0,2.0,1.0,1.0,20.0,0.0,12.0,2.0,0.0
160113,1,0,0.0,38.0,1.0,5997.0,-99.0,16.0,75.0,10.0,41.0,4.0,17.0,2.0,1.0,4.0,20.0,7.0,20.0,0.0,8.0,0.0,7.0,16.0,1.0,10.0,1.0,0.0,1YVHZ8BH0B5M,2011.0,473.0,2078.0,13.0,41.0,Mazda,50.0,4.0,1.0,0.0,0.0,998.0,7.0,0.0,0.0,3.0,6.0,10.0,0.0,0.0,1.0,16.0,83661.0,1.0,6.0,3.0,Valid license for this class vehicle,0.0,62.0,150.0,0.0,0.0,0.0,0.0,No Record,0.0,0.0,0.0,0.0,1.0,2.0,20.0,1.0,1.0,1.0,1.0,65.0,1.0,91.0,99.0,1.0,1.0,998.0,16.0,3.0,1.0,0.0,202305231686.0,12.0,4.0,8.0,2.0,1.0,1.0,4.0,21.0,1.0,0.0,1.0,20.0,0.0,41.0,1.0,0.0
160114,1,0,0.0,0.0,1.0,9995.0,-99.0,16.0,55.0,38.0,53.0,80.0,41.0,1.0,1.0,4.0,20.0,7.0,20.0,8.0,0.0,995.0,7.0,16.0,1.0,38.0,1.0,0.0,JS1GN7DA2721,2007.0,509.0,13162.0,80.0,53.0,Suzuki,705.0,80.0,1.0,0.0,0.0,998.0,7.0,8.0,8.0,1.0,6.0,59.0,0.0,0.0,1.0,16.0,83869.0,1.0,6.0,2.0,No valid license for this class vehicle,0.0,70.0,175.0,1.0,0.0,0.0,9.0,September,2020.0,9.0,2021.0,4.0,1.0,2.0,45.0,3.0,1.0,2.0,1.0,0.0,14.0,6.0,99.0,1.0,4.0,101.0,16.0,1.0,1.0,0.0,202305376307.0,33.0,3.0,10.0,2.0,1.0,1.0,80.0,21.0,1.0,2.0,1.0,20.0,8.0,53.0,1.0,98.0
160121,1,9,0.0,0.0,1.0,1082.0,11.31,16.0,51.0,12.0,37.0,4.0,19.0,1.0,1.0,3.0,3.0,0.0,8.0,0.0,0.0,0.0,0.0,16.0,2.0,12.0,1.0,0.0,1HGCP2F88CA1,2012.0,474.0,1861.0,13.0,37.0,Honda,32.0,4.0,1.0,0.0,0.0,998.0,0.0,3.0,5.0,12.0,6.0,12.0,0.0,0.0,1.0,53.0,99349.0,0.0,0.0,0.0,Not licensed,0.0,999.0,999.0,99.0,99.0,99.0,99.0,Unknown,9999.0,99.0,9999.0,0.0,7.0,2.0,70.0,1.0,1.0,2.0,1.0,0.0,15.0,54.0,99.0,4.0,2.0,301.0,16.0,0.0,1.0,0.0,202304772590.0,12.0,2.0,2.0,0.0,10.0,1.0,4.0,63.0,2.0,0.0,1.0,20.0,0.0,37.0,2.0,0.0
160122,2,0,0.0,0.0,1.0,0.0,-99.0,16.0,75.0,12.0,82.0,66.0,32.0,1.0,1.0,0.0,3.0,0.0,20.0,0.0,0.0,996.0,0.0,16.0,2.0,12.0,1.0,0.0,3AKJHHDR9MSM,2021.0,450.0,2501.0,66.0,82.0,Freightliner,881.0,66.0,1.0,0.0,0.0,998.0,8.0,0.0,0.0,12.0,6.0,12.0,0.0,0.0,1.0,6.0,90003.0,1.0,6.0,3.0,Valid license for this class vehicle,0.0,69.0,296.0,0.0,0.0,0.0,0.0,No Record,0.0,0.0,0.0,0.0,1.0,2.0,65.0,3.0,1.0,2.0,1.0,0.0,14.0,54.0,6.0,1.0,1.0,302.0,16.0,0.0,1.0,0.0,202305231167.0,12.0,7.0,9.0,3.0,1.0,1.0,66.0,26.0,1.0,0.0,1.0,20.0,0.0,82.0,2.0,0.0
160128,1,9,0.0,0.0,1.0,3019.0,-99.0,16.0,5.0,39.0,35.0,4.0,31.0,2.0,1.0,4.0,20.0,7.0,8.0,1.0,1.0,262.0,7.0,16.0,1.0,39.0,1.0,0.0,1N4AL21E68N4,2008.0,478.0,1904.0,13.0,35.0,Nissan/Datsun,47.0,4.0,1.0,0.0,0.0,998.0,7.0,3.0,5.0,11.0,6.0,1.0,0.0,1.0,1.0,16.0,83202.0,0.0,0.0,0.0,Not licensed,0.0,65.0,180.0,0.0,0.0,0.0,0.0,No Record,0.0,0.0,0.0,0.0,1.0,2.0,50.0,3.0,1.0,2.0,1.0,0.0,14.0,13.0,6.0,4.0,4.0,101.0,16.0,3.0,1.0,0.0,202304848115.0,34.0,5.0,1.0,0.0,1.0,1.0,4.0,23.0,1.0,0.0,1.0,20.0,0.0,35.0,1.0,0.0
160138,1,0,93.0,6.0,1.0,1.0,-99.0,16.0,1.0,12.0,82.0,62.0,35.0,1.0,1.0,0.0,3.0,0.0,20.0,0.0,0.0,0.0,0.0,16.0,5.0,12.0,1.0,0.0,3ALACWFC1PDN,2023.0,450.0,2499.0,11.0,82.0,Freightliner,898.0,62.0,1.0,0.0,0.0,998.0,8.0,0.0,0.0,2.0,2.0,12.0,0.0,0.0,1.0,53.0,98409.0,1.0,6.0,2.0,No valid license for this class vehicle,0.0,67.0,210.0,0.0,0.0,0.0,0.0,No Record,0.0,0.0,0.0,0.0,2.0,4.0,65.0,1.0,1.0,1.0,1.0,99.0,15.0,51.0,99.0,1.0,2.0,998.0,16.0,0.0,1.0,0.0,202304811575.0,12.0,7.0,3.0,0.0,1.0,1.0,62.0,23.0,1.0,0.0,1.0,20.0,0.0,82.0,2.0,0.0
160162,1,0,0.0,0.0,1.0,0.0,-99.0,16.0,39.0,12.0,82.0,66.0,40.0,1.0,1.0,4.0,3.0,0.0,99.0,0.0,0.0,996.0,7.0,16.0,2.0,12.0,1.0,0.0,3AKJHHDRXLSL,2020.0,450.0,2501.0,66.0,82.0,Freightliner,881.0,66.0,2.0,2.0,3.0,998.0,0.0,0.0,0.0,12.0,6.0,12.0,0.0,0.0,1.0,9.0,6108.0,1.0,6.0,3.0,Valid license for this class vehicle,0.0,69.0,999.0,0.0,0.0,0.0,0.0,No Record,0.0,0.0,0.0,0.0,7.0,2.0,80.0,2.0,2.0,1.0,1.0,0.0,14.0,12.0,99.0,4.0,2.0,301.0,16.0,2.0,1.0,0.0,202304710140.0,12.0,1.0,1.0,4.0,10.0,1.0,66.0,37.0,1.0,0.0,1.0,20.0,0.0,82.0,3.0,0.0
160165,2,0,0.0,0.0,1.0,0.0,-99.0,16.0,83.0,12.0,35.0,4.0,22.0,1.0,1.0,2.0,3.0,0.0,8.0,0.0,0.0,996.0,0.0,16.0,2.0,12.0,2.0,0.0,3N1CN7AP9GL8,2016.0,478.0,1894.0,13.0,35.0,Nissan/Datsun,50.0,4.0,1.0,0.0,0.0,998.0,0.0,0.0,0.0,3.0,6.0,12.0,0.0,0.0,1.0,99.0,83344.0,9.0,9.0,9.0,Unknown,9.0,999.0,999.0,99.0,99.0,99.0,99.0,Unknown,9999.0,99.0,9999.0,3.0,1.0,2.0,65.0,1.0,1.0,2.0,1.0,99.0,1.0,66.0,99.0,1.0,1.0,502.0,16.0,0.0,1.0,0.0,202304668223.0,12.0,3.0,1.0,0.0,1.0,1.0,4.0,60.0,1.0,0.0,1.0,1.0,0.0,35.0,1.0,0.0