ST_CASE,VEH_NO_x,DRIMPAIR_x,DRDISTRACT,DRIVERRF,PER_NO_x,DRUGRES,DRUGACTQTY,STATE_x,COUNTY,HARM_EV_x,MAKE_x,BODY_TYP_x,AGE,SEX,PER_TYP_x,INJ_SEV,REST_USE,REST_MIS,AIR_BAG_x,EJECTION,DRINKING,ALC_RES,HISPANIC,STATE_y,VE_FORMS,HARM_EV_y,NUMOCCS,HIT_RUN,VIN,MOD_YEAR,VPICMAKE,VPICMODEL,VPICBODYCLASS,MAKE_y,MAKENAME,MODEL,BODY_TYP_y,HAZ_INV,HAZ_PLAC,HAZ_ID,TRAV_SP,UNDEROVERRIDE,ROLLOVER,ROLINLOC,IMPACT1,DEFORMED,M_HARM,FIRE_EXP,DR_DRINK,DR_PRES,L_STATE,DR_ZIP,L_TYPE,L_STATUS,L_COMPL,L_COMPLNAME,L_RESTRI,DR_HGT,DR_WGT,PREV_DWI,PREV_SPD,PREV_OTH,FIRST_MO,FIRST_MONAME,FIRST_YR,LAST_MO,LAST_YR,SPEEDREL,VTRAFWAY,VNUM_LAN,VSPD_LIM,VALIGN,VPROFILE,VPAVETYP,VSURCOND,VTRAFCON,P_CRASH1,P_CRASH2,P_CRASH3,PCRASH4,PCRASH5,ACC_CONFIG,STATE,RACE,ORDER,MULTRACE,CASENUM,HARM_EV,DAY_WEEK,MONTH,MAXSEV_IM,WEATHR_IM,PER_NO_y,BODY_TYP,AGE_IM,SEX_IM,INJSEV_IM,PER_TYP_y,AIR_BAG_y,EJECT_IM,MAKE,VEH_NO_y,DRIMPAIR_y
170303,1,9,0.0,39.0,1.0,9995.0,-99.0,17.0,115.0,12.0,63.0,4.0,19.0,1.0,1.0,2.0,3.0,0.0,8.0,0.0,1.0,146.0,0.0,17.0,3.0,12.0,1.0,0.0,3KPF24AD2PE5,2023.0,499.0,2462.0,13.0,63.0,KIA,38.0,4.0,1.0,0.0,0.0,998.0,8.0,0.0,0.0,12.0,6.0,12.0,0.0,1.0,1.0,17.0,62521.0,1.0,6.0,3.0,Valid license for this class vehicle,0.0,68.0,215.0,0.0,0.0,0.0,0.0,No Record,0.0,0.0,0.0,3.0,2.0,3.0,35.0,1.0,1.0,1.0,1.0,3.0,1.0,17.0,99.0,1.0,1.0,503.0,17.0,0.0,1.0,0.0,202305087501.0,11.0,2.0,7.0,0.0,1.0,1.0,4.0,57.0,1.0,0.0,1.0,20.0,0.0,63.0,1.0,0.0
170306,1,99,0.0,51.0,1.0,3026.0,-99.0,17.0,141.0,12.0,37.0,14.0,79.0,1.0,1.0,4.0,20.0,7.0,8.0,0.0,9.0,0.0,7.0,17.0,3.0,12.0,1.0,0.0,5J6RE4H32AL0,2010.0,474.0,1865.0,7.0,37.0,Honda,402.0,14.0,1.0,0.0,0.0,998.0,8.0,0.0,0.0,12.0,6.0,12.0,0.0,0.0,1.0,17.0,60153.0,2.0,3.0,2.0,No valid license for this class vehicle,3.0,70.0,225.0,0.0,0.0,0.0,0.0,No Record,0.0,0.0,0.0,0.0,2.0,2.0,70.0,1.0,1.0,2.0,1.0,0.0,1.0,54.0,99.0,1.0,1.0,303.0,17.0,2.0,1.0,0.0,202305142081.0,12.0,7.0,7.0,2.0,1.0,1.0,14.0,30.0,2.0,0.0,1.0,20.0,0.0,37.0,1.0,0.0
170309,1,99,0.0,38.0,1.0,0.0,-99.0,17.0,37.0,12.0,20.0,4.0,23.0,2.0,1.0,4.0,20.0,7.0,8.0,0.0,9.0,0.0,7.0,17.0,2.0,12.0,2.0,0.0,2G1WB58KX813,2008.0,467.0,1833.0,13.0,20.0,Chevrolet,2.0,4.0,1.0,0.0,0.0,998.0,8.0,0.0,0.0,9.0,6.0,12.0,0.0,0.0,1.0,17.0,60115.0,1.0,6.0,3.0,Valid license for this class vehicle,0.0,68.0,241.0,0.0,1.0,0.0,1.0,January,2023.0,1.0,2023.0,0.0,1.0,2.0,55.0,1.0,1.0,8.0,98.0,20.0,1.0,17.0,99.0,1.0,1.0,504.0,17.0,2.0,1.0,0.0,202305448044.0,25.0,6.0,12.0,0.0,4.0,1.0,4.0,21.0,2.0,0.0,1.0,20.0,0.0,20.0,1.0,0.0
170311,1,98,0.0,0.0,1.0,1.0,-99.0,17.0,97.0,12.0,63.0,14.0,81.0,2.0,1.0,4.0,3.0,0.0,8.0,0.0,8.0,0.0,7.0,17.0,2.0,12.0,1.0,0.0,KNDPBCA22D73,2013.0,499.0,2770.0,7.0,63.0,KIA,401.0,14.0,1.0,0.0,0.0,998.0,8.0,0.0,0.0,12.0,6.0,12.0,0.0,0.0,1.0,17.0,60002.0,1.0,6.0,3.0,Valid license for this class vehicle,0.0,67.0,190.0,0.0,0.0,0.0,0.0,No Record,0.0,0.0,0.0,0.0,2.0,1.0,45.0,1.0,2.0,2.0,1.0,0.0,1.0,12.0,99.0,1.0,4.0,301.0,17.0,1.0,1.0,0.0,202305331378.0,12.0,2.0,10.0,0.0,10.0,1.0,14.0,78.0,2.0,0.0,1.0,20.0,0.0,63.0,1.0,98.0
170311,2,0,0.0,0.0,1.0,1.0,-99.0,17.0,97.0,12.0,12.0,67.0,58.0,1.0,1.0,2.0,3.0,0.0,8.0,0.0,0.0,0.0,0.0,17.0,2.0,12.0,1.0,0.0,1FT8W3BT0GEC,2016.0,460.0,1806.0,60.0,12.0,Ford,880.0,67.0,1.0,0.0,0.0,998.0,8.0,0.0,0.0,12.0,6.0,12.0,0.0,0.0,1.0,17.0,60046.0,1.0,6.0,3.0,Valid license for this class vehicle,0.0,76.0,245.0,0.0,0.0,0.0,0.0,No Record,0.0,0.0,0.0,0.0,2.0,1.0,45.0,1.0,2.0,2.0,1.0,0.0,1.0,62.0,7.0,1.0,1.0,302.0,17.0,0.0,1.0,0.0,202305345512.0,12.0,1.0,10.0,0.0,1.0,1.0,67.0,56.0,1.0,0.0,1.0,20.0,0.0,12.0,2.0,98.0
170316,1,99,5.0,39.0,1.0,3026.0,-99.0,17.0,197.0,12.0,12.0,5.0,65.0,2.0,1.0,4.0,3.0,0.0,9.0,0.0,9.0,0.0,7.0,17.0,2.0,12.0,1.0,0.0,1FADP3K27HL2,2017.0,460.0,1779.0,5.0,12.0,Ford,37.0,5.0,1.0,0.0,0.0,0.0,8.0,0.0,0.0,9.0,6.0,12.0,0.0,0.0,1.0,17.0,60803.0,1.0,6.0,3.0,Valid license for this class vehicle,0.0,54.0,122.0,0.0,0.0,0.0,0.0,No Record,0.0,0.0,0.0,0.0,1.0,2.0,55.0,1.0,1.0,8.0,1.0,20.0,5.0,53.0,1.0,1.0,1.0,504.0,17.0,1.0,1.0,0.0,202304988461.0,12.0,5.0,4.0,4.0,1.0,1.0,5.0,65.0,2.0,4.0,1.0,9.0,0.0,12.0,1.0,99.0
170327,1,99,0.0,51.0,1.0,1.0,-99.0,17.0,105.0,12.0,55.0,4.0,82.0,2.0,1.0,4.0,3.0,0.0,8.0,0.0,9.0,0.0,7.0,17.0,2.0,12.0,1.0,0.0,5NPD74LF1LH5,2020.0,498.0,2735.0,13.0,55.0,Hyundai,35.0,4.0,1.0,0.0,0.0,998.0,0.0,0.0,0.0,12.0,6.0,12.0,0.0,0.0,1.0,17.0,62025.0,1.0,6.0,3.0,Valid license for this class vehicle,0.0,66.0,135.0,0.0,0.0,0.0,0.0,No Record,0.0,0.0,0.0,9.0,2.0,1.0,70.0,1.0,1.0,2.0,1.0,97.0,1.0,54.0,99.0,1.0,1.0,303.0,17.0,1.0,1.0,0.0,202305099101.0,12.0,5.0,7.0,1.0,1.0,1.0,4.0,29.0,2.0,1.0,1.0,1.0,0.0,55.0,2.0,0.0
170328,1,0,98.0,38.0,1.0,0.0,-99.0,17.0,135.0,12.0,20.0,4.0,62.0,2.0,1.0,2.0,3.0,0.0,8.0,0.0,0.0,996.0,0.0,17.0,4.0,12.0,1.0,0.0,1G1ZD5ST2NF1,2022.0,467.0,1834.0,13.0,20.0,Chevrolet,37.0,4.0,1.0,0.0,0.0,998.0,8.0,0.0,0.0,12.0,6.0,12.0,0.0,0.0,1.0,48.0,62216.0,1.0,6.0,3.0,Valid license for this class vehicle,0.0,999.0,999.0,0.0,0.0,0.0,0.0,No Record,0.0,0.0,0.0,4.0,7.0,4.0,70.0,1.0,1.0,2.0,1.0,98.0,1.0,78.0,99.0,1.0,9.0,998.0,17.0,0.0,1.0,0.0,202305141815.0,12.0,3.0,5.0,0.0,2.0,1.0,4.0,27.0,1.0,0.0,1.0,20.0,0.0,20.0,1.0,0.0
170328,2,0,98.0,0.0,1.0,9999.0,-99.0,17.0,135.0,12.0,20.0,34.0,68.0,1.0,1.0,2.0,3.0,0.0,8.0,0.0,0.0,996.0,0.0,17.0,4.0,12.0,2.0,0.0,1GCVKREC0JZ3,2018.0,467.0,1850.0,60.0,20.0,Chevrolet,481.0,34.0,1.0,0.0,0.0,998.0,8.0,0.0,0.0,12.0,6.0,12.0,0.0,0.0,1.0,18.0,46385.0,1.0,6.0,3.0,Valid license for this class vehicle,3.0,76.0,245.0,0.0,0.0,0.0,0.0,No Record,0.0,0.0,0.0,0.0,7.0,4.0,70.0,1.0,1.0,2.0,1.0,98.0,1.0,59.0,99.0,1.0,9.0,998.0,17.0,0.0,1.0,0.0,202305053556.0,12.0,7.0,6.0,0.0,1.0,1.0,34.0,46.0,1.0,0.0,1.0,20.0,0.0,20.0,2.0,0.0
170329,2,95,16.0,0.0,1.0,0.0,-99.0,17.0,135.0,12.0,82.0,66.0,33.0,1.0,2.0,0.0,3.0,0.0,20.0,0.0,0.0,996.0,0.0,17.0,2.0,12.0,1.0,0.0,3AKJHHDR8RSU,2024.0,450.0,2501.0,66.0,82.0,Freightliner,881.0,66.0,1.0,0.0,0.0,0.0,8.0,0.0,0.0,98.0,6.0,12.0,0.0,0.0,9.0,0.0,99997.0,6.0,7.0,6.0,No Driver Present/Unknown if Driver Present,7.0,998.0,997.0,998.0,998.0,998.0,98.0,No Driver Present/Unknown if Driver Present,9998.0,98.0,9998.0,8.0,7.0,4.0,70.0,1.0,1.0,2.0,1.0,98.0,0.0,99.0,0.0,0.0,0.0,998.0,17.0,0.0,1.0,0.0,202305444230.0,12.0,6.0,11.0,0.0,1.0,1.0,66.0,30.0,1.0,0.0,1.0,20.0,0.0,82.0,1.0,98.0
170331,1,99,98.0,0.0,1.0,9029.0,-99.0,17.0,135.0,12.0,49.0,14.0,55.0,1.0,1.0,4.0,99.0,7.0,99.0,0.0,0.0,0.0,7.0,17.0,2.0,12.0,2.0,0.0,JTEAAAAH8MJ0,2021.0,448.0,3005.0,7.0,49.0,Toyota,498.0,14.0,1.0,0.0,0.0,998.0,8.0,0.0,0.0,12.0,6.0,2.0,1.0,0.0,1.0,17.0,61822.0,1.0,6.0,3.0,Valid license for this class vehicle,0.0,76.0,288.0,0.0,0.0,0.0,0.0,No Record,0.0,0.0,0.0,0.0,7.0,4.0,70.0,1.0,1.0,2.0,1.0,98.0,1.0,50.0,99.0,1.0,1.0,206.0,17.0,1.0,1.0,0.0,202304673906.0,12.0,5.0,1.0,1.0,2.0,1.0,14.0,72.0,2.0,0.0,1.0,9.0,0.0,49.0,2.0,98.0
170336,1,9,92.0,0.0,1.0,9995.0,-99.0,17.0,31.0,14.0,37.0,15.0,22.0,1.0,1.0,4.0,99.0,7.0,8.0,1.0,1.0,995.0,1.0,17.0,1.0,14.0,1.0,0.0,2HKYF18654H6,2004.0,474.0,1864.0,7.0,37.0,Honda,421.0,15.0,1.0,0.0,0.0,998.0,8.0,3.0,7.0,12.0,6.0,14.0,0.0,1.0,1.0,17.0,60623.0,1.0,6.0,3.0,Valid license for this class vehicle,3.0,66.0,140.0,0.0,0.0,0.0,0.0,No Record,0.0,0.0,0.0,3.0,2.0,2.0,35.0,1.0,1.0,2.0,1.0,0.0,1.0,11.0,99.0,1.0,4.0,103.0,17.0,1.0,1.0,0.0,202305241033.0,12.0,5.0,9.0,0.0,1.0,1.0,15.0,36.0,1.0,0.0,1.0,1.0,0.0,37.0,4.0,0.0
170348,1,99,0.0,0.0,1.0,9995.0,-99.0,17.0,31.0,1.0,20.0,15.0,28.0,1.0,1.0,4.0,20.0,7.0,8.0,2.0,9.0,995.0,1.0,17.0,1.0,1.0,2.0,0.0,1GNEK13ZX2J2,2002.0,467.0,1852.0,7.0,20.0,Chevrolet,421.0,15.0,1.0,0.0,0.0,998.0,7.0,3.0,5.0,0.0,6.0,1.0,0.0,0.0,1.0,17.0,60443.0,1.0,6.0,3.0,Valid license for this class vehicle,0.0,66.0,155.0,0.0,0.0,0.0,0.0,No Record,0.0,0.0,0.0,5.0,6.0,1.0,35.0,2.0,2.0,8.0,1.0,0.0,14.0,9.0,99.0,9.0,4.0,102.0,17.0,1.0,1.0,0.0,202304856391.0,9.0,7.0,4.0,2.0,1.0,1.0,15.0,27.0,2.0,0.0,1.0,20.0,0.0,20.0,1.0,0.0
170350,2,98,0.0,0.0,1.0,1.0,-99.0,17.0,89.0,12.0,76.0,80.0,61.0,1.0,1.0,4.0,20.0,7.0,20.0,8.0,8.0,0.0,7.0,17.0,2.0,12.0,1.0,0.0,JYARM38E1NA0,2022.0,564.0,29670.0,80.0,76.0,Yamaha,705.0,80.0,1.0,0.0,0.0,0.0,7.0,8.0,8.0,6.0,6.0,12.0,0.0,0.0,1.0,17.0,60185.0,1.0,6.0,3.0,Valid license for this class vehicle,3.0,70.0,220.0,0.0,0.0,0.0,0.0,No Record,0.0,0.0,0.0,0.0,1.0,2.0,40.0,1.0,1.0,8.0,1.0,0.0,5.0,53.0,1.0,1.0,1.0,201.0,17.0,1.0,1.0,0.0,202304763144.0,12.0,5.0,1.0,1.0,1.0,1.0,80.0,33.0,1.0,1.0,1.0,20.0,8.0,76.0,2.0,0.0
170353,1,9,4.0,60.0,1.0,0.0,-99.0,17.0,97.0,12.0,30.0,4.0,28.0,2.0,1.0,2.0,3.0,0.0,8.0,0.0,1.0,995.0,0.0,17.0,2.0,12.0,1.0,0.0,3VWCB7BU6LM0,2020.0,482.0,3137.0,13.0,30.0,Volkswagen,40.0,4.0,1.0,0.0,0.0,998.0,8.0,0.0,0.0,12.0,6.0,12.0,0.0,1.0,1.0,17.0,60004.0,1.0,6.0,3.0,Valid license for this class vehicle,3.0,65.0,125.0,0.0,0.0,0.0,7.0,July,2020.0,7.0,2020.0,4.0,2.0,4.0,45.0,1.0,2.0,1.0,2.0,3.0,1.0,50.0,99.0,1.0,1.0,202.0,17.0,0.0,1.0,0.0,202305036206.0,33.0,1.0,5.0,0.0,2.0,1.0,4.0,50.0,1.0,0.0,1.0,8.0,0.0,30.0,1.0,0.0
170356,1,0,0.0,26.0,1.0,9995.0,-99.0,17.0,31.0,12.0,12.0,14.0,49.0,2.0,1.0,2.0,3.0,0.0,8.0,0.0,0.0,995.0,0.0,17.0,3.0,12.0,1.0,0.0,1FMCU0HD6JUD,2018.0,460.0,1798.0,7.0,12.0,Ford,402.0,14.0,1.0,0.0,0.0,998.0,8.0,0.0,0.0,12.0,6.0,12.0,0.0,0.0,1.0,17.0,60430.0,1.0,6.0,3.0,Valid license for this class vehicle,0.0,66.0,235.0,0.0,0.0,0.0,0.0,No Record,0.0,0.0,0.0,4.0,3.0,5.0,55.0,1.0,1.0,1.0,1.0,0.0,1.0,52.0,99.0,1.0,1.0,202.0,17.0,0.0,1.0,0.0,202304668202.0,12.0,2.0,1.0,0.0,1.0,1.0,14.0,20.0,1.0,0.0,1.0,20.0,0.0,12.0,1.0,0.0
170357,1,99,92.0,0.0,1.0,5060.0,-99.0,17.0,81.0,42.0,63.0,14.0,60.0,1.0,1.0,4.0,20.0,7.0,20.0,0.0,9.0,0.0,7.0,17.0,1.0,42.0,1.0,0.0,KNDJF7241975,2009.0,499.0,2770.0,7.0,63.0,KIA,401.0,14.0,1.0,0.0,0.0,998.0,7.0,0.0,0.0,98.0,6.0,42.0,0.0,0.0,1.0,21.0,40299.0,1.0,6.0,3.0,Valid license for this class vehicle,0.0,68.0,200.0,0.0,0.0,0.0,0.0,No Record,0.0,0.0,0.0,9.0,2.0,2.0,70.0,2.0,8.0,2.0,1.0,28.0,14.0,13.0,99.0,1.0,4.0,101.0,17.0,1.0,1.0,0.0,202305210705.0,12.0,2.0,7.0,0.0,10.0,1.0,14.0,49.0,1.0,0.0,1.0,20.0,0.0,63.0,3.0,0.0
170364,1,99,0.0,0.0,1.0,5060.0,-99.0,17.0,23.0,42.0,20.0,34.0,36.0,1.0,1.0,4.0,99.0,7.0,8.0,0.0,9.0,860.0,7.0,17.0,1.0,42.0,1.0,0.0,2GCEC19T1111,2001.0,467.0,1850.0,60.0,20.0,Chevrolet,481.0,34.0,1.0,0.0,0.0,998.0,7.0,0.0,0.0,12.0,6.0,42.0,0.0,1.0,1.0,17.0,62441.0,1.0,6.0,3.0,Valid license for this class vehicle,0.0,70.0,170.0,0.0,0.0,0.0,0.0,No Record,0.0,0.0,0.0,5.0,1.0,2.0,55.0,1.0,1.0,8.0,1.0,0.0,1.0,99.0,99.0,9.0,4.0,101.0,17.0,1.0,1.0,0.0,202304994460.0,42.0,1.0,5.0,4.0,1.0,1.0,34.0,36.0,1.0,4.0,1.0,8.0,0.0,20.0,1.0,99.0
170367,2,99,0.0,0.0,1.0,0.0,-99.0,17.0,31.0,12.0,63.0,4.0,17.0,1.0,1.0,2.0,3.0,0.0,1.0,0.0,9.0,996.0,0.0,17.0,2.0,12.0,3.0,0.0,KNAGM4A73D53,2013.0,499.0,2739.0,13.0,63.0,KIA,34.0,4.0,1.0,0.0,0.0,998.0,7.0,0.0,0.0,12.0,6.0,12.0,0.0,0.0,1.0,17.0,60644.0,2.0,6.0,3.0,Valid license for this class vehicle,0.0,71.0,166.0,0.0,0.0,0.0,0.0,No Record,0.0,0.0,0.0,0.0,8.0,8.0,40.0,1.0,1.0,2.0,98.0,3.0,1.0,65.0,99.0,1.0,1.0,409.0,17.0,0.0,1.0,0.0,202305501607.0,14.0,3.0,12.0,0.0,1.0,1.0,4.0,44.0,1.0,0.0,1.0,1.0,0.0,63.0,1.0,0.0
170371,1,99,0.0,0.0,1.0,9029.0,-99.0,17.0,113.0,59.0,49.0,4.0,60.0,1.0,1.0,4.0,3.0,0.0,20.0,0.0,9.0,0.0,7.0,17.0,1.0,59.0,1.0,0.0,4T1BF22K3YU1,2000.0,448.0,2469.0,13.0,49.0,Toyota,40.0,4.0,1.0,0.0,0.0,998.0,7.0,0.0,0.0,10.0,6.0,3.0,0.0,0.0,1.0,17.0,61704.0,1.0,4.0,2.0,No valid license for this class vehicle,0.0,76.0,230.0,0.0,1.0,1.0,9.0,September,2019.0,2.0,2023.0,0.0,2.0,4.0,70.0,1.0,1.0,2.0,1.0,0.0,1.0,13.0,99.0,1.0,4.0,101.0,17.0,1.0,1.0,0.0,202305132417.0,12.0,7.0,5.0,0.0,1.0,1.0,4.0,29.0,1.0,0.0,1.0,20.0,0.0,49.0,1.0,0.0
170373,1,0,0.0,38.0,1.0,1.0,-99.0,17.0,89.0,12.0,19.0,6.0,52.0,1.0,1.0,0.0,3.0,0.0,8.0,0.0,0.0,0.0,0.0,17.0,2.0,12.0,2.0,0.0,3GYFNEE35ES6,2014.0,469.0,1844.0,7.0,19.0,Cadillac,20.0,6.0,1.0,0.0,0.0,998.0,7.0,0.0,0.0,10.0,6.0,12.0,0.0,0.0,1.0,17.0,60538.0,1.0,6.0,3.0,Valid license for this class vehicle,0.0,68.0,180.0,0.0,0.0,1.0,4.0,April,2021.0,4.0,2021.0,0.0,1.0,2.0,45.0,1.0,1.0,8.0,98.0,0.0,11.0,15.0,99.0,1.0,1.0,414.0,17.0,0.0,1.0,0.0,202305321460.0,35.0,6.0,9.0,5.0,1.0,1.0,6.0,52.0,2.0,5.0,1.0,20.0,0.0,19.0,1.0,0.0
170380,1,0,0.0,38.0,1.0,9995.0,-99.0,17.0,31.0,12.0,20.0,4.0,28.0,2.0,1.0,0.0,20.0,7.0,20.0,0.0,0.0,0.0,0.0,17.0,2.0,12.0,1.0,0.0,1G1PA5SH9E73,2014.0,467.0,1832.0,13.0,20.0,Chevrolet,25.0,4.0,1.0,0.0,0.0,998.0,7.0,0.0,0.0,2.0,6.0,12.0,0.0,0.0,1.0,17.0,60007.0,1.0,6.0,3.0,Valid license for this class vehicle,3.0,61.0,125.0,0.0,0.0,0.0,0.0,No Record,0.0,0.0,0.0,0.0,8.0,8.0,40.0,1.0,1.0,8.0,1.0,3.0,11.0,15.0,1.0,1.0,1.0,401.0,17.0,0.0,1.0,0.0,202305064659.0,12.0,6.0,6.0,0.0,1.0,1.0,4.0,28.0,2.0,0.0,1.0,20.0,0.0,20.0,1.0,0.0
170387,1,99,0.0,0.0,1.0,0.0,-99.0,17.0,75.0,32.0,6.0,20.0,54.0,1.0,1.0,4.0,3.0,0.0,8.0,0.0,9.0,996.0,7.0,17.0,1.0,32.0,1.0,0.0,2C4RC1BGXLR2,2020.0,477.0,3628.0,2.0,6.0,Chrysler,443.0,20.0,1.0,0.0,0.0,998.0,7.0,3.0,5.0,1.0,6.0,32.0,0.0,0.0,1.0,17.0,60974.0,1.0,6.0,3.0,Valid license for this class vehicle,3.0,74.0,260.0,0.0,0.0,0.0,0.0,No Record,0.0,0.0,0.0,9.0,1.0,2.0,55.0,1.0,2.0,8.0,1.0,97.0,1.0,12.0,99.0,9.0,4.0,102.0,17.0,1.0,1.0,0.0,202304833667.0,12.0,6.0,3.0,2.0,10.0,1.0,20.0,44.0,2.0,0.0,1.0,20.0,0.0,6.0,4.0,0.0
170389,1,98,0.0,28.0,1.0,9995.0,-99.0,17.0,61.0,12.0,20.0,4.0,37.0,1.0,1.0,3.0,3.0,0.0,1.0,0.0,8.0,995.0,0.0,17.0,3.0,12.0,1.0,0.0,1G1ZC5E01CF1,2012.0,467.0,1834.0,13.0,20.0,Chevrolet,37.0,4.0,1.0,0.0,0.0,998.0,8.0,0.0,0.0,11.0,6.0,12.0,0.0,0.0,1.0,19.0,52225.0,1.0,6.0,3.0,Valid license for this class vehicle,0.0,66.0,190.0,0.0,2.0,0.0,1.0,January,2021.0,7.0,2022.0,0.0,1.0,2.0,55.0,1.0,3.0,2.0,1.0,97.0,1.0,10.0,99.0,1.0,2.0,301.0,17.0,0.0,1.0,0.0,202305092924.0,11.0,3.0,7.0,0.0,1.0,1.0,4.0,64.0,1.0,0.0,1.0,20.0,0.0,20.0,1.0,0.0
170397,1,0,0.0,0.0,1.0,9995.0,-99.0,17.0,173.0,42.0,55.0,4.0,74.0,1.0,1.0,4.0,3.0,0.0,9.0,2.0,0.0,995.0,7.0,17.0,1.0,42.0,1.0,0.0,5NPDH4AEXBH0,2011.0,498.0,2735.0,13.0,55.0,Hyundai,35.0,4.0,1.0,0.0,0.0,998.0,7.0,3.0,5.0,3.0,6.0,42.0,0.0,0.0,1.0,17.0,62557.0,1.0,6.0,3.0,Valid license for this class vehicle,0.0,72.0,218.0,0.0,0.0,0.0,0.0,No Record,0.0,0.0,0.0,9.0,1.0,2.0,55.0,3.0,1.0,8.0,1.0,0.0,14.0,13.0,99.0,4.0,4.0,102.0,17.0,1.0,1.0,0.0,202305111752.0,12.0,3.0,7.0,0.0,1.0,1.0,4.0,47.0,2.0,0.0,1.0,9.0,0.0,55.0,2.0,98.0
170411,1,0,0.0,0.0,1.0,0.0,-99.0,17.0,53.0,30.0,7.0,34.0,17.0,1.0,1.0,4.0,20.0,7.0,1.0,1.0,0.0,0.0,7.0,17.0,1.0,30.0,1.0,0.0,3D7KS29C37G7,2007.0,476.0,1938.0,60.0,7.0,Dodge,482.0,34.0,1.0,0.0,0.0,998.0,7.0,3.0,5.0,2.0,6.0,1.0,0.0,0.0,1.0,17.0,60936.0,2.0,6.0,3.0,Valid license for this class vehicle,0.0,74.0,175.0,0.0,0.0,0.0,0.0,No Record,0.0,0.0,0.0,9.0,1.0,2.0,55.0,1.0,3.0,8.0,1.0,97.0,1.0,13.0,99.0,1.0,4.0,101.0,17.0,1.0,1.0,0.0,202305181414.0,53.0,6.0,8.0,3.0,1.0,1.0,34.0,29.0,1.0,3.0,1.0,1.0,0.0,7.0,1.0,99.0
170413,1,99,96.0,38.0,1.0,0.0,-99.0,17.0,119.0,12.0,2.0,14.0,34.0,2.0,1.0,0.0,99.0,7.0,20.0,0.0,9.0,996.0,0.0,17.0,2.0,12.0,1.0,1.0,1C4PJLCB0FW6,2015.0,483.0,1945.0,7.0,2.0,Jeep / Kaiser-Jeep / Willys- Jeep,404.0,14.0,1.0,0.0,0.0,998.0,7.0,0.0,0.0,11.0,7.0,12.0,0.0,0.0,1.0,17.0,62220.0,1.0,6.0,3.0,Valid license for this class vehicle,3.0,67.0,180.0,0.0,1.0,1.0,3.0,March,2021.0,6.0,2021.0,0.0,2.0,8.0,25.0,1.0,1.0,8.0,98.0,20.0,10.0,16.0,99.0,1.0,1.0,410.0,17.0,0.0,1.0,0.0,202305201521.0,12.0,5.0,8.0,0.0,1.0,1.0,14.0,35.0,2.0,0.0,1.0,20.0,0.0,2.0,2.0,0.0
170417,1,9,0.0,39.0,1.0,5060.0,-99.0,17.0,43.0,12.0,30.0,4.0,22.0,1.0,1.0,3.0,20.0,7.0,8.0,0.0,1.0,140.0,0.0,17.0,2.0,12.0,1.0,0.0,3VW7M7BUXNM0,2022.0,482.0,3137.0,13.0,30.0,Volkswagen,40.0,4.0,1.0,0.0,0.0,998.0,8.0,0.0,0.0,12.0,6.0,12.0,0.0,1.0,1.0,17.0,60630.0,1.0,6.0,3.0,Valid license for this class vehicle,0.0,72.0,160.0,0.0,0.0,0.0,0.0,No Record,0.0,0.0,0.0,3.0,3.0,8.0,30.0,1.0,1.0,1.0,1.0,3.0,1.0,17.0,99.0,1.0,1.0,503.0,17.0,0.0,1.0,0.0,202305055680.0,12.0,2.0,4.0,0.0,1.0,1.0,4.0,48.0,2.0,0.0,1.0,20.0,0.0,30.0,2.0,0.0
170429,1,0,4.0,28.0,1.0,0.0,-99.0,17.0,197.0,12.0,35.0,4.0,21.0,1.0,1.0,2.0,3.0,0.0,8.0,0.0,0.0,996.0,0.0,17.0,2.0,12.0,1.0,0.0,3N1AB7AP2GY3,2016.0,478.0,1907.0,13.0,35.0,Nissan/Datsun,43.0,4.0,1.0,0.0,0.0,998.0,8.0,0.0,0.0,12.0,6.0,12.0,0.0,0.0,1.0,17.0,60402.0,1.0,6.0,3.0,Valid license for this class vehicle,0.0,69.0,188.0,0.0,1.0,0.0,7.0,July,2021.0,7.0,2021.0,0.0,1.0,2.0,55.0,1.0,1.0,2.0,1.0,0.0,1.0,10.0,99.0,1.0,2.0,301.0,17.0,0.0,1.0,0.0,202305563692.0,12.0,1.0,11.0,0.0,1.0,1.0,4.0,22.0,1.0,0.0,1.0,2.0,0.0,35.0,2.0,0.0
170432,1,0,0.0,38.0,1.0,0.0,-99.0,17.0,163.0,12.0,35.0,4.0,61.0,2.0,1.0,0.0,99.0,7.0,20.0,0.0,0.0,996.0,0.0,17.0,2.0,12.0,1.0,0.0,1N4AL21E59N4,2009.0,478.0,1904.0,13.0,35.0,Nissan/Datsun,47.0,4.0,1.0,0.0,0.0,998.0,8.0,0.0,0.0,12.0,4.0,12.0,0.0,0.0,1.0,17.0,62226.0,1.0,6.0,3.0,Valid license for this class vehicle,3.0,59.0,145.0,0.0,1.0,0.0,12.0,December,2022.0,12.0,2022.0,0.0,8.0,8.0,40.0,1.0,1.0,2.0,1.0,3.0,11.0,15.0,1.0,1.0,1.0,401.0,17.0,0.0,1.0,0.0,202304771309.0,12.0,4.0,2.0,1.0,10.0,1.0,4.0,16.0,1.0,1.0,1.0,9.0,0.0,35.0,2.0,0.0