ST_CASE,VEH_NO_x,DRIMPAIR_x,DRDISTRACT,DRIVERRF,PER_NO_x,DRUGRES,DRUGACTQTY,STATE_x,COUNTY,HARM_EV_x,MAKE_x,BODY_TYP_x,AGE,SEX,PER_TYP_x,INJ_SEV,REST_USE,REST_MIS,AIR_BAG_x,EJECTION,DRINKING,ALC_RES,HISPANIC,STATE_y,VE_FORMS,HARM_EV_y,NUMOCCS,HIT_RUN,VIN,MOD_YEAR,VPICMAKE,VPICMODEL,VPICBODYCLASS,MAKE_y,MAKENAME,MODEL,BODY_TYP_y,HAZ_INV,HAZ_PLAC,HAZ_ID,TRAV_SP,UNDEROVERRIDE,ROLLOVER,ROLINLOC,IMPACT1,DEFORMED,M_HARM,FIRE_EXP,DR_DRINK,DR_PRES,L_STATE,DR_ZIP,L_TYPE,L_STATUS,L_COMPL,L_COMPLNAME,L_RESTRI,DR_HGT,DR_WGT,PREV_DWI,PREV_SPD,PREV_OTH,FIRST_MO,FIRST_MONAME,FIRST_YR,LAST_MO,LAST_YR,SPEEDREL,VTRAFWAY,VNUM_LAN,VSPD_LIM,VALIGN,VPROFILE,VPAVETYP,VSURCOND,VTRAFCON,P_CRASH1,P_CRASH2,P_CRASH3,PCRASH4,PCRASH5,ACC_CONFIG,STATE,RACE,ORDER,MULTRACE,CASENUM,HARM_EV,DAY_WEEK,MONTH,MAXSEV_IM,WEATHR_IM,PER_NO_y,BODY_TYP,AGE_IM,SEX_IM,INJSEV_IM,PER_TYP_y,AIR_BAG_y,EJECT_IM,MAKE,VEH_NO_y,DRIMPAIR_y
170590,1,0,0.0,38.0,1.0,0.0,-99.0,17.0,91.0,12.0,20.0,14.0,50.0,1.0,1.0,0.0,3.0,0.0,8.0,0.0,0.0,996.0,0.0,17.0,2.0,12.0,1.0,0.0,3GNAXKEV6KS6,2019.0,467.0,1847.0,7.0,20.0,Chevrolet,404.0,14.0,1.0,0.0,0.0,998.0,7.0,0.0,0.0,7.0,6.0,12.0,0.0,0.0,1.0,17.0,60901.0,1.0,6.0,3.0,Valid license for this class vehicle,3.0,69.0,230.0,0.0,0.0,2.0,9.0,September,2020.0,3.0,2023.0,0.0,1.0,2.0,55.0,1.0,1.0,8.0,98.0,20.0,11.0,15.0,99.0,1.0,1.0,414.0,17.0,0.0,1.0,0.0,202305202220.0,12.0,6.0,7.0,2.0,1.0,1.0,14.0,33.0,2.0,2.0,1.0,20.0,0.0,20.0,1.0,0.0
170592,1,99,0.0,6.0,1.0,3026.0,-99.0,17.0,131.0,33.0,37.0,4.0,22.0,1.0,1.0,4.0,99.0,7.0,98.0,0.0,9.0,74.0,1.0,17.0,1.0,33.0,2.0,0.0,2HGFE2F27NH5,2022.0,474.0,1863.0,13.0,37.0,Honda,31.0,4.0,1.0,0.0,0.0,998.0,7.0,0.0,0.0,12.0,6.0,42.0,1.0,1.0,1.0,17.0,61462.0,1.0,6.0,3.0,Valid license for this class vehicle,0.0,65.0,175.0,0.0,1.0,1.0,7.0,July,2021.0,11.0,2021.0,4.0,1.0,2.0,30.0,1.0,1.0,2.0,1.0,97.0,1.0,12.0,99.0,1.0,4.0,102.0,17.0,98.0,1.0,0.0,202305021500.0,12.0,6.0,5.0,3.0,1.0,1.0,4.0,24.0,1.0,0.0,1.0,8.0,0.0,37.0,1.0,0.0
170598,1,99,0.0,0.0,1.0,9995.0,-99.0,17.0,25.0,1.0,20.0,4.0,19.0,1.0,1.0,4.0,20.0,7.0,20.0,0.0,9.0,160.0,7.0,17.0,1.0,1.0,1.0,0.0,2G1WB5EK6B11,2011.0,467.0,1833.0,13.0,20.0,Chevrolet,2.0,4.0,1.0,0.0,0.0,998.0,7.0,3.0,5.0,0.0,6.0,1.0,0.0,1.0,1.0,17.0,62824.0,1.0,6.0,3.0,Valid license for this class vehicle,0.0,66.0,154.0,0.0,0.0,0.0,0.0,No Record,0.0,0.0,0.0,0.0,1.0,2.0,55.0,1.0,1.0,8.0,1.0,0.0,1.0,13.0,6.0,4.0,4.0,102.0,17.0,1.0,1.0,0.0,202304779505.0,12.0,7.0,2.0,0.0,1.0,1.0,4.0,19.0,1.0,0.0,1.0,98.0,0.0,20.0,1.0,98.0
170601,2,0,0.0,0.0,1.0,0.0,-99.0,17.0,143.0,12.0,20.0,34.0,57.0,1.0,1.0,0.0,3.0,0.0,20.0,0.0,0.0,996.0,0.0,17.0,2.0,12.0,1.0,0.0,1GCHK23K67F5,2007.0,467.0,1850.0,60.0,20.0,Chevrolet,481.0,34.0,1.0,0.0,0.0,998.0,7.0,0.0,0.0,12.0,4.0,12.0,0.0,0.0,1.0,17.0,61531.0,1.0,6.0,3.0,Valid license for this class vehicle,0.0,71.0,225.0,0.0,0.0,0.0,0.0,No Record,0.0,0.0,0.0,0.0,1.0,2.0,55.0,1.0,3.0,8.0,1.0,0.0,1.0,62.0,98.0,9.0,1.0,402.0,17.0,0.0,1.0,0.0,202305225261.0,15.0,2.0,8.0,3.0,1.0,1.0,34.0,40.0,1.0,0.0,1.0,20.0,0.0,20.0,1.0,0.0
170602,1,99,0.0,38.0,1.0,5060.0,15.0,17.0,183.0,12.0,34.0,80.0,35.0,1.0,1.0,4.0,20.0,7.0,20.0,8.0,9.0,0.0,7.0,17.0,2.0,12.0,2.0,0.0,WB1041802T04,1996.0,452.0,5110.0,6.0,34.0,BMW,706.0,80.0,1.0,0.0,0.0,998.0,7.0,8.0,8.0,12.0,6.0,12.0,0.0,0.0,1.0,17.0,61832.0,1.0,2.0,2.0,No valid license for this class vehicle,0.0,69.0,163.0,0.0,0.0,0.0,7.0,July,2020.0,10.0,2021.0,3.0,1.0,2.0,55.0,1.0,1.0,8.0,1.0,0.0,6.0,60.0,99.0,1.0,2.0,406.0,17.0,1.0,1.0,0.0,202305162342.0,12.0,1.0,7.0,4.0,1.0,1.0,80.0,35.0,1.0,4.0,1.0,20.0,8.0,34.0,1.0,99.0
170603,1,99,96.0,0.0,1.0,5060.0,1.4,17.0,183.0,35.0,73.0,80.0,63.0,1.0,1.0,4.0,20.0,7.0,20.0,8.0,9.0,0.0,7.0,17.0,1.0,35.0,1.0,0.0,JKBVNCA174B5,2004.0,510.0,3170.0,82.0,73.0,Kawasaki,706.0,80.0,1.0,0.0,0.0,998.0,7.0,8.0,8.0,12.0,2.0,35.0,0.0,0.0,1.0,17.0,61865.0,1.0,6.0,3.0,Valid license for this class vehicle,0.0,75.0,180.0,0.0,0.0,0.0,0.0,No Record,0.0,0.0,0.0,0.0,1.0,2.0,55.0,1.0,1.0,8.0,1.0,0.0,1.0,13.0,99.0,1.0,4.0,101.0,17.0,1.0,1.0,0.0,202305162340.0,35.0,1.0,7.0,4.0,1.0,1.0,80.0,63.0,1.0,4.0,1.0,20.0,8.0,73.0,1.0,99.0
170609,1,0,0.0,38.0,1.0,0.0,-99.0,17.0,113.0,12.0,82.0,66.0,39.0,1.0,1.0,0.0,3.0,0.0,20.0,0.0,0.0,995.0,0.0,17.0,2.0,12.0,2.0,0.0,3AKJHHDR4PSU,2023.0,450.0,2501.0,66.0,82.0,Freightliner,881.0,66.0,1.0,0.0,0.0,998.0,0.0,0.0,0.0,6.0,2.0,12.0,0.0,0.0,1.0,49.0,84103.0,1.0,6.0,3.0,Valid license for this class vehicle,0.0,64.0,150.0,0.0,0.0,0.0,0.0,No Record,0.0,0.0,0.0,0.0,2.0,2.0,70.0,1.0,1.0,2.0,1.0,0.0,3.0,53.0,1.0,1.0,1.0,201.0,17.0,0.0,1.0,0.0,202304813316.0,12.0,4.0,3.0,1.0,1.0,1.0,66.0,38.0,2.0,1.0,1.0,20.0,0.0,82.0,2.0,0.0
170612,1,0,96.0,52.0,1.0,0.0,-99.0,17.0,33.0,12.0,12.0,4.0,45.0,1.0,1.0,1.0,3.0,0.0,1.0,0.0,0.0,996.0,0.0,17.0,2.0,12.0,1.0,0.0,3FAHP07Z08R2,2008.0,460.0,1780.0,13.0,12.0,Ford,23.0,4.0,1.0,0.0,0.0,998.0,8.0,0.0,0.0,12.0,6.0,12.0,0.0,0.0,1.0,17.0,62454.0,1.0,6.0,3.0,Valid license for this class vehicle,3.0,76.0,290.0,0.0,0.0,0.0,0.0,No Record,0.0,0.0,0.0,0.0,1.0,2.0,55.0,1.0,1.0,8.0,1.0,0.0,1.0,51.0,99.0,1.0,1.0,202.0,17.0,0.0,1.0,0.0,202305159110.0,12.0,3.0,7.0,3.0,1.0,1.0,4.0,45.0,1.0,1.0,1.0,1.0,0.0,12.0,1.0,0.0
170612,2,0,96.0,0.0,1.0,0.0,-99.0,17.0,33.0,12.0,20.0,34.0,79.0,1.0,1.0,4.0,20.0,7.0,1.0,0.0,0.0,996.0,7.0,17.0,2.0,12.0,1.0,0.0,1GCEC14X95Z1,2005.0,467.0,1850.0,60.0,20.0,Chevrolet,481.0,34.0,1.0,0.0,0.0,998.0,8.0,0.0,0.0,6.0,6.0,35.0,0.0,0.0,1.0,17.0,62442.0,1.0,6.0,3.0,Valid license for this class vehicle,0.0,68.0,240.0,0.0,0.0,0.0,0.0,No Record,0.0,0.0,0.0,0.0,1.0,2.0,55.0,1.0,1.0,8.0,1.0,0.0,1.0,53.0,99.0,1.0,1.0,201.0,17.0,1.0,1.0,0.0,202305159110.0,12.0,3.0,7.0,3.0,1.0,1.0,34.0,79.0,1.0,3.0,1.0,1.0,0.0,20.0,2.0,0.0
170614,1,0,0.0,38.0,1.0,1.0,-99.0,17.0,77.0,12.0,12.0,4.0,18.0,1.0,1.0,3.0,3.0,0.0,1.0,0.0,0.0,0.0,0.0,17.0,2.0,12.0,2.0,0.0,3FA6P0HD8JR1,2018.0,460.0,1780.0,13.0,12.0,Ford,23.0,4.0,1.0,0.0,0.0,998.0,8.0,0.0,0.0,12.0,6.0,12.0,0.0,0.0,1.0,17.0,62881.0,1.0,6.0,3.0,Valid license for this class vehicle,3.0,72.0,140.0,0.0,0.0,0.0,0.0,No Record,0.0,0.0,0.0,0.0,1.0,2.0,40.0,1.0,1.0,8.0,98.0,97.0,11.0,15.0,1.0,1.0,1.0,408.0,17.0,0.0,1.0,0.0,202305213924.0,12.0,6.0,8.0,0.0,10.0,1.0,4.0,74.0,2.0,0.0,1.0,20.0,0.0,12.0,1.0,0.0
170615,1,99,0.0,104.0,1.0,1.0,-99.0,17.0,43.0,12.0,30.0,4.0,31.0,1.0,1.0,4.0,99.0,7.0,8.0,0.0,9.0,0.0,7.0,17.0,3.0,12.0,1.0,0.0,3VWDB7AJ9HM2,2017.0,482.0,3137.0,13.0,30.0,Volkswagen,40.0,4.0,1.0,0.0,0.0,998.0,0.0,0.0,0.0,10.0,6.0,12.0,0.0,0.0,1.0,17.0,60637.0,1.0,2.0,2.0,No valid license for this class vehicle,0.0,74.0,150.0,0.0,0.0,0.0,0.0,No Record,0.0,0.0,0.0,3.0,1.0,7.0,45.0,1.0,1.0,2.0,3.0,3.0,1.0,17.0,99.0,9.0,3.0,504.0,17.0,2.0,1.0,0.0,202305059103.0,12.0,6.0,5.0,0.0,10.0,1.0,4.0,37.0,1.0,0.0,1.0,20.0,0.0,30.0,1.0,0.0
170619,1,99,92.0,0.0,1.0,9995.0,-99.0,17.0,31.0,43.0,54.0,15.0,28.0,1.0,1.0,4.0,99.0,7.0,8.0,0.0,9.0,996.0,1.0,17.0,1.0,43.0,1.0,0.0,2HNYD28609H5,2009.0,475.0,2147.0,7.0,54.0,Acura,421.0,15.0,1.0,0.0,0.0,998.0,7.0,0.0,0.0,12.0,8.0,43.0,0.0,0.0,1.0,17.0,60402.0,1.0,6.0,3.0,Valid license for this class vehicle,0.0,75.0,320.0,0.0,0.0,1.0,9.0,September,2021.0,9.0,2021.0,9.0,1.0,7.0,98.0,1.0,1.0,2.0,1.0,3.0,1.0,99.0,99.0,9.0,4.0,101.0,17.0,1.0,1.0,0.0,202304953609.0,12.0,3.0,5.0,0.0,1.0,1.0,15.0,70.0,2.0,0.0,1.0,20.0,0.0,54.0,2.0,0.0
170620,2,99,0.0,0.0,1.0,9995.0,-99.0,17.0,167.0,12.0,37.0,4.0,31.0,1.0,1.0,2.0,99.0,7.0,8.0,0.0,9.0,995.0,0.0,17.0,2.0,12.0,2.0,0.0,1HGCV1F41NA0,2022.0,474.0,1861.0,13.0,37.0,Honda,32.0,4.0,1.0,0.0,0.0,998.0,0.0,0.0,0.0,12.0,6.0,12.0,0.0,0.0,1.0,17.0,62702.0,1.0,6.0,3.0,Valid license for this class vehicle,0.0,66.0,180.0,0.0,1.0,2.0,5.0,May,2021.0,7.0,2022.0,9.0,7.0,4.0,40.0,1.0,1.0,2.0,1.0,3.0,1.0,66.0,1.0,1.0,1.0,503.0,17.0,0.0,1.0,0.0,202304685965.0,12.0,5.0,1.0,1.0,1.0,1.0,4.0,61.0,2.0,0.0,1.0,20.0,0.0,37.0,2.0,0.0
170621,1,9,0.0,0.0,1.0,1.0,-99.0,17.0,163.0,12.0,35.0,6.0,65.0,1.0,1.0,4.0,20.0,7.0,1.0,2.0,1.0,209.0,7.0,17.0,2.0,12.0,1.0,0.0,KNMAT2MVXHP5,2017.0,478.0,1913.0,8.0,35.0,Nissan/Datsun,51.0,6.0,1.0,0.0,0.0,998.0,8.0,0.0,0.0,12.0,6.0,12.0,0.0,1.0,1.0,17.0,62223.0,1.0,6.0,3.0,Valid license for this class vehicle,0.0,72.0,225.0,0.0,0.0,0.0,0.0,No Record,0.0,0.0,0.0,5.0,1.0,2.0,50.0,1.0,1.0,2.0,1.0,0.0,1.0,67.0,99.0,1.0,1.0,415.0,17.0,1.0,1.0,0.0,202305289209.0,12.0,6.0,9.0,2.0,1.0,1.0,6.0,44.0,2.0,2.0,1.0,20.0,0.0,35.0,2.0,0.0
170632,1,0,0.0,58.0,1.0,0.0,-99.0,17.0,183.0,12.0,23.0,15.0,23.0,1.0,1.0,2.0,20.0,7.0,8.0,0.0,0.0,996.0,0.0,17.0,2.0,12.0,1.0,0.0,1GKKNLLS8HZ2,2017.0,472.0,1855.0,7.0,23.0,GMC,423.0,15.0,1.0,0.0,0.0,998.0,0.0,0.0,0.0,11.0,6.0,12.0,0.0,0.0,1.0,17.0,61832.0,1.0,6.0,3.0,Valid license for this class vehicle,0.0,70.0,200.0,0.0,1.0,0.0,9.0,September,2018.0,9.0,2018.0,3.0,1.0,2.0,55.0,1.0,1.0,2.0,1.0,0.0,1.0,6.0,7.0,2.0,2.0,301.0,17.0,0.0,1.0,0.0,202305119276.0,12.0,2.0,4.0,4.0,1.0,1.0,15.0,23.0,1.0,2.0,1.0,8.0,0.0,23.0,1.0,0.0
170632,2,99,0.0,0.0,1.0,1.0,-99.0,17.0,183.0,12.0,12.0,34.0,29.0,1.0,1.0,4.0,20.0,7.0,8.0,2.0,9.0,0.0,7.0,17.0,2.0,12.0,1.0,0.0,1FTEX1EM5DFC,2013.0,460.0,1801.0,60.0,12.0,Ford,481.0,34.0,1.0,0.0,0.0,998.0,0.0,0.0,0.0,11.0,6.0,12.0,0.0,0.0,1.0,18.0,47950.0,1.0,6.0,3.0,Valid license for this class vehicle,0.0,74.0,215.0,0.0,1.0,0.0,9.0,September,2018.0,9.0,2018.0,9.0,1.0,2.0,55.0,1.0,1.0,2.0,1.0,0.0,1.0,62.0,99.0,9.0,3.0,302.0,17.0,1.0,1.0,0.0,202305119276.0,12.0,2.0,4.0,4.0,1.0,1.0,34.0,29.0,1.0,4.0,1.0,8.0,2.0,12.0,2.0,99.0
170638,1,0,0.0,38.0,1.0,1.0,-99.0,17.0,179.0,12.0,35.0,6.0,29.0,2.0,1.0,2.0,3.0,0.0,8.0,0.0,0.0,0.0,0.0,17.0,2.0,12.0,1.0,0.0,KNMAT2MV9HP5,2017.0,478.0,1913.0,8.0,35.0,Nissan/Datsun,51.0,6.0,1.0,0.0,0.0,998.0,7.0,0.0,0.0,1.0,6.0,12.0,0.0,0.0,1.0,17.0,61550.0,1.0,6.0,3.0,Valid license for this class vehicle,0.0,63.0,127.0,0.0,0.0,0.0,0.0,No Record,0.0,0.0,0.0,0.0,1.0,2.0,55.0,1.0,1.0,8.0,1.0,0.0,11.0,15.0,99.0,1.0,1.0,401.0,17.0,0.0,1.0,0.0,202305220025.0,1.0,1.0,7.0,4.0,1.0,1.0,6.0,52.0,2.0,1.0,1.0,8.0,0.0,35.0,2.0,0.0
170645,1,98,0.0,0.0,1.0,0.0,-99.0,17.0,91.0,52.0,63.0,14.0,80.0,2.0,1.0,4.0,3.0,0.0,8.0,0.0,8.0,996.0,7.0,17.0,1.0,52.0,1.0,0.0,KNDJ23AU3P78,2023.0,499.0,2460.0,7.0,63.0,KIA,498.0,14.0,1.0,0.0,0.0,998.0,7.0,3.0,3.0,12.0,6.0,52.0,0.0,0.0,1.0,48.0,77372.0,1.0,6.0,3.0,Valid license for this class vehicle,0.0,999.0,999.0,0.0,0.0,0.0,0.0,No Record,0.0,0.0,0.0,5.0,2.0,2.0,70.0,1.0,1.0,2.0,1.0,97.0,1.0,12.0,99.0,1.0,4.0,102.0,17.0,1.0,1.0,0.0,202305152540.0,12.0,5.0,8.0,0.0,1.0,1.0,14.0,46.0,1.0,0.0,1.0,20.0,0.0,63.0,2.0,0.0
170647,1,98,0.0,51.0,1.0,1.0,-99.0,17.0,43.0,12.0,55.0,4.0,35.0,1.0,1.0,4.0,20.0,7.0,8.0,0.0,8.0,199.0,7.0,17.0,2.0,12.0,1.0,0.0,5NPD74LF6KH4,2019.0,498.0,2735.0,13.0,55.0,Hyundai,35.0,4.0,1.0,0.0,0.0,998.0,8.0,0.0,0.0,12.0,6.0,12.0,0.0,1.0,1.0,17.0,60624.0,1.0,6.0,3.0,Valid license for this class vehicle,0.0,71.0,150.0,0.0,0.0,1.0,11.0,November,2018.0,11.0,2018.0,9.0,3.0,3.0,45.0,1.0,1.0,1.0,1.0,0.0,1.0,54.0,99.0,1.0,1.0,303.0,17.0,2.0,1.0,0.0,202304972880.0,12.0,5.0,5.0,0.0,1.0,1.0,4.0,24.0,1.0,0.0,1.0,9.0,0.0,55.0,1.0,0.0
170652,1,0,0.0,39.0,1.0,1.0,-99.0,17.0,125.0,12.0,98.0,96.0,60.0,1.0,1.0,4.0,20.0,7.0,20.0,1.0,0.0,0.0,7.0,17.0,2.0,12.0,1.0,0.0,0,2023.0,7501.0,20366.0,105.0,98.0,Other Make,998.0,96.0,1.0,0.0,0.0,998.0,0.0,3.0,1.0,2.0,6.0,12.0,0.0,0.0,1.0,17.0,62664.0,1.0,6.0,1.0,No license required for this class vehicle,0.0,71.0,175.0,0.0,0.0,1.0,6.0,June,2020.0,6.0,2020.0,0.0,1.0,2.0,98.0,1.0,1.0,8.0,2.0,97.0,1.0,17.0,99.0,1.0,1.0,502.0,17.0,1.0,1.0,0.0,202304636966.0,43.0,1.0,1.0,2.0,1.0,1.0,83.0,49.0,1.0,2.0,1.0,20.0,8.0,73.0,1.0,98.0
170653,1,99,0.0,0.0,1.0,9995.0,-99.0,17.0,31.0,12.0,12.0,4.0,33.0,1.0,1.0,4.0,99.0,7.0,8.0,0.0,9.0,995.0,7.0,17.0,2.0,12.0,2.0,0.0,1FAHP35N38W1,2008.0,460.0,1779.0,13.0,12.0,Ford,37.0,4.0,1.0,0.0,0.0,998.0,8.0,0.0,0.0,3.0,6.0,12.0,0.0,0.0,1.0,17.0,60443.0,1.0,6.0,3.0,Valid license for this class vehicle,0.0,68.0,190.0,0.0,0.0,0.0,7.0,July,2023.0,7.0,2023.0,4.0,1.0,4.0,35.0,1.0,1.0,2.0,2.0,0.0,1.0,6.0,99.0,4.0,2.0,301.0,17.0,2.0,1.0,0.0,202304832866.0,12.0,3.0,3.0,0.0,10.0,1.0,4.0,20.0,2.0,0.0,1.0,20.0,0.0,12.0,2.0,98.0
170667,1,0,0.0,39.0,1.0,1.0,-99.0,17.0,97.0,12.0,55.0,4.0,45.0,2.0,1.0,2.0,3.0,0.0,8.0,0.0,0.0,0.0,0.0,17.0,2.0,12.0,4.0,0.0,5NPD84LF4JH2,2018.0,498.0,2735.0,13.0,55.0,Hyundai,35.0,4.0,1.0,0.0,0.0,998.0,0.0,0.0,0.0,8.0,6.0,12.0,0.0,0.0,1.0,55.0,53204.0,1.0,6.0,3.0,Valid license for this class vehicle,0.0,62.0,152.0,0.0,5.0,0.0,12.0,December,2019.0,12.0,2022.0,9.0,1.0,2.0,30.0,1.0,1.0,2.0,1.0,20.0,1.0,17.0,99.0,1.0,1.0,504.0,17.0,0.0,1.0,0.0,202304847423.0,34.0,7.0,3.0,0.0,1.0,1.0,4.0,20.0,1.0,0.0,1.0,8.0,0.0,55.0,1.0,0.0
170672,1,0,0.0,42.0,1.0,3019.0,-99.0,17.0,7.0,12.0,35.0,4.0,31.0,2.0,1.0,2.0,3.0,0.0,1.0,0.0,0.0,109.0,0.0,17.0,2.0,12.0,2.0,0.0,1N4AL2AP7AN4,2010.0,478.0,1904.0,13.0,35.0,Nissan/Datsun,47.0,4.0,1.0,0.0,0.0,998.0,7.0,0.0,0.0,12.0,6.0,12.0,0.0,1.0,1.0,17.0,61065.0,1.0,6.0,3.0,Valid license for this class vehicle,3.0,62.0,150.0,0.0,0.0,1.0,3.0,March,2023.0,3.0,2023.0,9.0,8.0,8.0,55.0,1.0,1.0,8.0,98.0,20.0,11.0,15.0,99.0,1.0,1.0,414.0,17.0,0.0,1.0,0.0,202304658992.0,12.0,1.0,1.0,1.0,1.0,1.0,4.0,32.0,1.0,1.0,1.0,9.0,0.0,35.0,1.0,98.0
170677,1,0,96.0,38.0,1.0,5062.0,-99.0,17.0,183.0,12.0,37.0,5.0,30.0,1.0,1.0,0.0,3.0,0.0,8.0,0.0,0.0,0.0,0.0,17.0,2.0,12.0,1.0,0.0,19XFL1H71PE0,2023.0,474.0,1863.0,5.0,37.0,Honda,31.0,5.0,1.0,0.0,0.0,998.0,7.0,0.0,0.0,12.0,6.0,12.0,0.0,0.0,1.0,17.0,61883.0,1.0,6.0,3.0,Valid license for this class vehicle,0.0,65.0,130.0,0.0,0.0,0.0,0.0,No Record,0.0,0.0,0.0,9.0,5.0,5.0,40.0,1.0,2.0,2.0,1.0,0.0,11.0,15.0,99.0,1.0,1.0,401.0,17.0,0.0,1.0,0.0,202305227201.0,12.0,6.0,8.0,4.0,1.0,1.0,5.0,30.0,1.0,0.0,1.0,8.0,0.0,37.0,1.0,0.0
170681,1,0,0.0,39.0,1.0,9995.0,-99.0,17.0,201.0,12.0,37.0,4.0,39.0,1.0,1.0,9.0,3.0,0.0,8.0,0.0,0.0,0.0,0.0,17.0,2.0,12.0,1.0,0.0,19XFC2F71HE0,2017.0,474.0,1863.0,13.0,37.0,Honda,31.0,4.0,1.0,0.0,0.0,998.0,8.0,0.0,0.0,12.0,6.0,12.0,0.0,0.0,1.0,29.0,65803.0,1.0,6.0,3.0,Valid license for this class vehicle,0.0,76.0,180.0,0.0,0.0,0.0,0.0,No Record,0.0,0.0,0.0,0.0,1.0,2.0,55.0,1.0,1.0,8.0,1.0,20.0,1.0,17.0,99.0,1.0,1.0,503.0,17.0,0.0,1.0,0.0,202305439560.0,12.0,2.0,11.0,0.0,1.0,1.0,4.0,23.0,1.0,0.0,1.0,20.0,0.0,37.0,2.0,98.0
170684,1,99,0.0,26.0,1.0,5997.0,-99.0,17.0,43.0,12.0,54.0,4.0,36.0,1.0,1.0,4.0,3.0,0.0,8.0,0.0,9.0,268.0,7.0,17.0,2.0,12.0,1.0,0.0,JH4CL96897C0,2007.0,475.0,1874.0,13.0,54.0,Acura,39.0,4.0,1.0,0.0,0.0,998.0,1.0,0.0,0.0,12.0,6.0,12.0,0.0,1.0,1.0,17.0,60435.0,1.0,6.0,3.0,Valid license for this class vehicle,0.0,67.0,160.0,0.0,1.0,2.0,10.0,October,2022.0,5.0,2023.0,5.0,3.0,4.0,60.0,1.0,1.0,2.0,1.0,97.0,1.0,51.0,99.0,1.0,1.0,202.0,17.0,2.0,1.0,0.0,202304894668.0,33.0,4.0,4.0,0.0,1.0,1.0,4.0,57.0,2.0,0.0,1.0,9.0,0.0,54.0,1.0,98.0
170688,1,99,99.0,0.0,1.0,1.0,-99.0,17.0,97.0,18.0,35.0,4.0,87.0,2.0,1.0,4.0,20.0,7.0,1.0,0.0,9.0,0.0,7.0,17.0,1.0,18.0,1.0,0.0,1N4AL2AP3CC1,2012.0,478.0,1904.0,13.0,35.0,Nissan/Datsun,47.0,4.0,1.0,0.0,0.0,998.0,7.0,0.0,0.0,12.0,6.0,42.0,0.0,0.0,1.0,17.0,60010.0,1.0,6.0,3.0,Valid license for this class vehicle,3.0,57.0,115.0,0.0,0.0,0.0,0.0,No Record,0.0,0.0,0.0,9.0,1.0,2.0,25.0,1.0,1.0,2.0,1.0,0.0,1.0,9.0,99.0,2.0,4.0,101.0,17.0,1.0,1.0,0.0,202304905791.0,12.0,4.0,2.0,1.0,1.0,1.0,4.0,26.0,2.0,0.0,1.0,20.0,0.0,35.0,1.0,98.0
170693,1,98,0.0,52.0,1.0,5063.0,-99.0,17.0,75.0,32.0,20.0,34.0,24.0,1.0,1.0,4.0,20.0,7.0,8.0,0.0,1.0,302.0,7.0,17.0,1.0,32.0,1.0,0.0,1GC1KYE85DF1,2013.0,467.0,1850.0,60.0,20.0,Chevrolet,481.0,34.0,1.0,0.0,0.0,998.0,7.0,3.0,5.0,98.0,6.0,1.0,0.0,1.0,1.0,17.0,60953.0,1.0,6.0,3.0,Valid license for this class vehicle,0.0,71.0,195.0,0.0,0.0,1.0,2.0,February,2021.0,2.0,2021.0,9.0,1.0,2.0,55.0,1.0,1.0,8.0,1.0,0.0,1.0,11.0,99.0,1.0,4.0,101.0,17.0,1.0,1.0,0.0,202304832734.0,11.0,6.0,3.0,0.0,1.0,1.0,34.0,36.0,1.0,0.0,1.0,20.0,0.0,20.0,1.0,0.0
170704,1,98,0.0,6.0,1.0,9995.0,-99.0,17.0,31.0,25.0,23.0,15.0,40.0,1.0,1.0,4.0,99.0,7.0,8.0,1.0,1.0,995.0,7.0,17.0,1.0,25.0,1.0,0.0,1GKS2EEF8BR1,2011.0,472.0,1859.0,7.0,23.0,GMC,421.0,15.0,1.0,0.0,0.0,998.0,7.0,3.0,1.0,1.0,6.0,1.0,0.0,1.0,1.0,17.0,60651.0,1.0,6.0,3.0,Valid license for this class vehicle,0.0,66.0,255.0,0.0,0.0,0.0,0.0,No Record,0.0,0.0,0.0,3.0,3.0,3.0,55.0,1.0,1.0,2.0,1.0,0.0,1.0,74.0,7.0,1.0,4.0,101.0,17.0,2.0,1.0,0.0,202305288425.0,38.0,5.0,9.0,3.0,1.0,1.0,15.0,36.0,1.0,0.0,1.0,1.0,0.0,23.0,1.0,9.0
170713,1,10,0.0,38.0,1.0,3019.0,-99.0,17.0,77.0,12.0,35.0,4.0,55.0,2.0,1.0,4.0,3.0,0.0,8.0,0.0,8.0,0.0,7.0,17.0,2.0,12.0,2.0,0.0,3N1CC11E89L4,2009.0,478.0,1894.0,13.0,35.0,Nissan/Datsun,50.0,4.0,1.0,0.0,0.0,998.0,8.0,0.0,0.0,11.0,6.0,12.0,0.0,0.0,1.0,17.0,62888.0,1.0,6.0,3.0,Valid license for this class vehicle,0.0,62.0,115.0,0.0,1.0,7.0,2.0,February,2019.0,11.0,2021.0,0.0,1.0,2.0,55.0,1.0,2.0,8.0,98.0,20.0,1.0,17.0,99.0,1.0,1.0,504.0,17.0,1.0,1.0,0.0,202305061181.0,12.0,4.0,6.0,0.0,1.0,1.0,4.0,55.0,1.0,0.0,1.0,20.0,0.0,35.0,1.0,0.0