ST_CASE,VEH_NO_x,DRIMPAIR_x,DRDISTRACT,DRIVERRF,PER_NO_x,DRUGRES,DRUGACTQTY,STATE_x,COUNTY,HARM_EV_x,MAKE_x,BODY_TYP_x,AGE,SEX,PER_TYP_x,INJ_SEV,REST_USE,REST_MIS,AIR_BAG_x,EJECTION,DRINKING,ALC_RES,HISPANIC,STATE_y,VE_FORMS,HARM_EV_y,NUMOCCS,HIT_RUN,VIN,MOD_YEAR,VPICMAKE,VPICMODEL,VPICBODYCLASS,MAKE_y,MAKENAME,MODEL,BODY_TYP_y,HAZ_INV,HAZ_PLAC,HAZ_ID,TRAV_SP,UNDEROVERRIDE,ROLLOVER,ROLINLOC,IMPACT1,DEFORMED,M_HARM,FIRE_EXP,DR_DRINK,DR_PRES,L_STATE,DR_ZIP,L_TYPE,L_STATUS,L_COMPL,L_COMPLNAME,L_RESTRI,DR_HGT,DR_WGT,PREV_DWI,PREV_SPD,PREV_OTH,FIRST_MO,FIRST_MONAME,FIRST_YR,LAST_MO,LAST_YR,SPEEDREL,VTRAFWAY,VNUM_LAN,VSPD_LIM,VALIGN,VPROFILE,VPAVETYP,VSURCOND,VTRAFCON,P_CRASH1,P_CRASH2,P_CRASH3,PCRASH4,PCRASH5,ACC_CONFIG,STATE,RACE,ORDER,MULTRACE,CASENUM,HARM_EV,DAY_WEEK,MONTH,MAXSEV_IM,WEATHR_IM,PER_NO_y,BODY_TYP,AGE_IM,SEX_IM,INJSEV_IM,PER_TYP_y,AIR_BAG_y,EJECT_IM,MAKE,VEH_NO_y,DRIMPAIR_y
170721,1,98,0.0,39.0,1.0,2088.0,-99.0,17.0,99.0,12.0,35.0,4.0,52.0,2.0,1.0,4.0,3.0,0.0,8.0,0.0,0.0,0.0,7.0,17.0,2.0,12.0,1.0,0.0,1N4AL2AP7BN4,2011.0,478.0,1904.0,13.0,35.0,Nissan/Datsun,47.0,4.0,1.0,0.0,0.0,998.0,8.0,0.0,0.0,3.0,6.0,12.0,0.0,0.0,1.0,17.0,60538.0,1.0,6.0,3.0,Valid license for this class vehicle,3.0,62.0,270.0,0.0,0.0,0.0,0.0,No Record,0.0,0.0,0.0,0.0,1.0,2.0,55.0,1.0,1.0,8.0,1.0,20.0,1.0,17.0,99.0,1.0,1.0,502.0,17.0,1.0,1.0,0.0,202304659530.0,12.0,2.0,1.0,1.0,1.0,1.0,4.0,31.0,2.0,0.0,1.0,20.0,0.0,35.0,1.0,0.0
170726,1,0,0.0,38.0,1.0,1.0,-99.0,17.0,97.0,12.0,6.0,4.0,25.0,1.0,1.0,0.0,3.0,0.0,20.0,0.0,0.0,0.0,0.0,17.0,2.0,12.0,1.0,0.0,2C3CA5CVXAH2,2010.0,477.0,1878.0,13.0,6.0,Chrysler,51.0,4.0,1.0,0.0,0.0,998.0,7.0,0.0,0.0,4.0,2.0,12.0,0.0,0.0,1.0,17.0,60073.0,1.0,6.0,3.0,Valid license for this class vehicle,0.0,70.0,150.0,0.0,0.0,0.0,0.0,No Record,0.0,0.0,0.0,0.0,1.0,3.0,55.0,2.0,2.0,8.0,1.0,0.0,11.0,15.0,99.0,1.0,1.0,401.0,17.0,0.0,1.0,0.0,202305260935.0,12.0,6.0,8.0,4.0,1.0,1.0,4.0,25.0,1.0,0.0,1.0,20.0,0.0,6.0,1.0,0.0
170726,2,98,0.0,0.0,1.0,1.0,-99.0,17.0,97.0,12.0,76.0,80.0,56.0,1.0,1.0,4.0,20.0,7.0,20.0,8.0,8.0,0.0,7.0,17.0,2.0,12.0,1.0,0.0,JYARJ18E3CA0,2012.0,564.0,3212.0,80.0,76.0,Yamaha,705.0,80.0,1.0,0.0,0.0,998.0,7.0,8.0,8.0,12.0,6.0,12.0,0.0,0.0,1.0,17.0,60051.0,1.0,6.0,3.0,Valid license for this class vehicle,3.0,75.0,250.0,0.0,0.0,0.0,0.0,No Record,0.0,0.0,0.0,0.0,1.0,3.0,55.0,2.0,2.0,8.0,1.0,0.0,14.0,62.0,99.0,1.0,1.0,402.0,17.0,1.0,1.0,0.0,202305260935.0,12.0,6.0,8.0,4.0,1.0,1.0,80.0,56.0,1.0,4.0,1.0,20.0,8.0,76.0,2.0,98.0
170734,1,0,0.0,30.0,1.0,0.0,-99.0,17.0,115.0,12.0,55.0,4.0,28.0,2.0,1.0,0.0,3.0,0.0,1.0,0.0,0.0,996.0,0.0,17.0,2.0,12.0,1.0,0.0,3KPC24A61NE1,2022.0,498.0,2773.0,13.0,55.0,Hyundai,36.0,4.0,1.0,0.0,0.0,998.0,7.0,0.0,0.0,12.0,6.0,12.0,0.0,0.0,1.0,17.0,62521.0,1.0,6.0,3.0,Valid license for this class vehicle,0.0,63.0,175.0,0.0,0.0,0.0,0.0,No Record,0.0,0.0,0.0,0.0,1.0,8.0,45.0,1.0,1.0,8.0,98.0,20.0,1.0,17.0,99.0,1.0,1.0,503.0,17.0,0.0,1.0,0.0,202304786422.0,12.0,4.0,3.0,0.0,1.0,1.0,4.0,26.0,1.0,0.0,1.0,20.0,0.0,55.0,2.0,0.0
170738,1,99,0.0,0.0,1.0,1.0,-99.0,17.0,35.0,12.0,82.0,66.0,41.0,1.0,1.0,4.0,99.0,7.0,9.0,1.0,9.0,26.0,7.0,17.0,3.0,12.0,1.0,0.0,3AKJHHDR2LSK,2020.0,450.0,2501.0,66.0,82.0,Freightliner,881.0,66.0,1.0,0.0,0.0,998.0,8.0,0.0,0.0,12.0,6.0,12.0,0.0,1.0,1.0,6.0,93722.0,1.0,6.0,3.0,Valid license for this class vehicle,0.0,74.0,190.0,0.0,0.0,1.0,7.0,July,2022.0,7.0,2022.0,9.0,2.0,2.0,70.0,1.0,1.0,2.0,1.0,0.0,1.0,50.0,99.0,1.0,1.0,202.0,17.0,78.0,1.0,0.0,202304646924.0,12.0,6.0,1.0,3.0,1.0,1.0,66.0,28.0,1.0,1.0,1.0,20.0,0.0,82.0,2.0,0.0
170740,1,99,0.0,0.0,1.0,3034.0,-99.0,17.0,91.0,11.0,72.0,80.0,34.0,1.0,1.0,4.0,20.0,7.0,20.0,8.0,9.0,144.0,7.0,17.0,1.0,11.0,2.0,0.0,1HD1KRP15MB6,2021.0,3888.0,12629.0,81.0,72.0,Harley-Davidson,706.0,80.0,1.0,0.0,0.0,998.0,7.0,8.0,8.0,12.0,6.0,24.0,0.0,1.0,1.0,18.0,46307.0,1.0,6.0,3.0,Valid license for this class vehicle,0.0,69.0,215.0,0.0,0.0,1.0,5.0,May,2021.0,5.0,2021.0,9.0,3.0,2.0,55.0,1.0,1.0,8.0,1.0,0.0,1.0,87.0,99.0,1.0,1.0,103.0,17.0,1.0,1.0,0.0,202304938603.0,12.0,5.0,4.0,5.0,1.0,1.0,80.0,65.0,1.0,5.0,1.0,20.0,8.0,72.0,2.0,99.0
170746,3,0,0.0,0.0,1.0,0.0,-99.0,17.0,31.0,12.0,49.0,4.0,45.0,1.0,1.0,0.0,3.0,0.0,20.0,0.0,0.0,996.0,0.0,17.0,3.0,12.0,2.0,0.0,5YFB4MDEXPP0,2023.0,448.0,2208.0,13.0,49.0,Toyota,32.0,4.0,1.0,0.0,0.0,0.0,7.0,0.0,0.0,12.0,7.0,12.0,0.0,0.0,1.0,17.0,60616.0,1.0,6.0,3.0,Valid license for this class vehicle,3.0,76.0,330.0,0.0,0.0,0.0,0.0,No Record,0.0,0.0,0.0,0.0,1.0,4.0,30.0,1.0,1.0,8.0,98.0,3.0,5.0,66.0,1.0,1.0,1.0,998.0,17.0,0.0,1.0,0.0,202305077101.0,12.0,3.0,5.0,0.0,1.0,1.0,4.0,23.0,1.0,0.0,1.0,20.0,0.0,49.0,1.0,0.0
170751,1,99,0.0,35.0,1.0,3026.0,-99.0,17.0,11.0,12.0,72.0,80.0,48.0,1.0,1.0,4.0,20.0,7.0,20.0,8.0,1.0,249.0,7.0,17.0,3.0,12.0,1.0,0.0,1HD1ACL1XNB6,2022.0,3888.0,29636.0,81.0,72.0,Harley-Davidson,706.0,80.0,1.0,0.0,0.0,998.0,7.0,8.0,8.0,12.0,6.0,12.0,0.0,1.0,1.0,17.0,61071.0,1.0,6.0,3.0,Valid license for this class vehicle,0.0,70.0,225.0,0.0,0.0,1.0,11.0,November,2022.0,11.0,2022.0,0.0,1.0,2.0,55.0,1.0,1.0,8.0,1.0,0.0,6.0,54.0,99.0,1.0,2.0,303.0,17.0,1.0,1.0,0.0,202304790082.0,12.0,4.0,2.0,1.0,1.0,1.0,80.0,33.0,1.0,1.0,1.0,20.0,8.0,72.0,1.0,0.0
170751,3,0,0.0,0.0,1.0,0.0,-99.0,17.0,11.0,12.0,49.0,4.0,54.0,1.0,1.0,0.0,3.0,0.0,20.0,0.0,0.0,996.0,0.0,17.0,3.0,12.0,2.0,0.0,4T1B11HK2JU5,2018.0,448.0,2469.0,13.0,49.0,Toyota,40.0,4.0,1.0,0.0,0.0,998.0,7.0,0.0,0.0,12.0,4.0,54.0,0.0,0.0,1.0,17.0,61081.0,1.0,6.0,3.0,Valid license for this class vehicle,0.0,69.0,165.0,0.0,0.0,0.0,0.0,No Record,0.0,0.0,0.0,0.0,1.0,2.0,55.0,1.0,1.0,8.0,1.0,0.0,1.0,98.0,99.0,1.0,1.0,998.0,17.0,0.0,1.0,0.0,202304875088.0,59.0,1.0,1.0,0.0,10.0,1.0,4.0,25.0,1.0,0.0,1.0,20.0,0.0,49.0,1.0,0.0
170753,1,0,0.0,38.0,1.0,5060.0,-99.0,17.0,37.0,12.0,98.0,99.0,35.0,1.0,1.0,0.0,20.0,7.0,20.0,0.0,0.0,0.0,0.0,17.0,2.0,12.0,1.0,0.0,0,9999.0,5431.0,99999.0,126.0,98.0,Other Make,999.0,99.0,1.0,0.0,0.0,998.0,7.0,0.0,0.0,4.0,7.0,12.0,0.0,0.0,1.0,17.0,61358.0,1.0,3.0,1.0,No license required for this class vehicle,0.0,69.0,215.0,0.0,0.0,0.0,0.0,No Record,0.0,0.0,0.0,0.0,1.0,2.0,35.0,1.0,1.0,8.0,98.0,20.0,1.0,17.0,99.0,1.0,1.0,502.0,17.0,0.0,1.0,0.0,202304636966.0,43.0,1.0,1.0,2.0,1.0,1.0,83.0,49.0,1.0,2.0,1.0,20.0,8.0,73.0,1.0,98.0
170756,1,99,0.0,28.0,1.0,9035.0,4.8,17.0,97.0,12.0,49.0,34.0,36.0,1.0,1.0,4.0,20.0,7.0,1.0,0.0,9.0,0.0,7.0,17.0,2.0,12.0,1.0,0.0,3TMLU4EN7AM0,2010.0,448.0,2223.0,60.0,49.0,Toyota,472.0,34.0,1.0,0.0,0.0,998.0,8.0,3.0,5.0,12.0,6.0,12.0,0.0,0.0,1.0,17.0,60083.0,1.0,6.0,3.0,Valid license for this class vehicle,0.0,69.0,170.0,0.0,0.0,0.0,0.0,No Record,0.0,0.0,0.0,0.0,1.0,4.0,35.0,1.0,1.0,8.0,1.0,0.0,1.0,10.0,99.0,1.0,2.0,301.0,17.0,1.0,1.0,0.0,202305365446.0,12.0,7.0,9.0,4.0,1.0,1.0,34.0,36.0,1.0,4.0,1.0,1.0,0.0,49.0,1.0,99.0
170757,3,0,99.0,0.0,1.0,0.0,-99.0,17.0,31.0,12.0,37.0,4.0,32.0,1.0,1.0,1.0,99.0,7.0,1.0,0.0,0.0,996.0,0.0,17.0,3.0,12.0,1.0,0.0,1HGCV1F51LA0,2020.0,474.0,1861.0,13.0,37.0,Honda,32.0,4.0,1.0,0.0,0.0,998.0,0.0,0.0,0.0,11.0,7.0,12.0,0.0,0.0,1.0,17.0,60654.0,1.0,6.0,3.0,Valid license for this class vehicle,0.0,66.0,160.0,0.0,1.0,0.0,9.0,September,2022.0,9.0,2022.0,3.0,1.0,2.0,25.0,1.0,1.0,8.0,1.0,0.0,1.0,62.0,99.0,1.0,1.0,998.0,17.0,0.0,1.0,0.0,202305583914.0,12.0,6.0,12.0,0.0,1.0,1.0,4.0,60.0,2.0,0.0,1.0,20.0,0.0,37.0,2.0,98.0
170759,1,99,92.0,54.0,1.0,1.0,-99.0,17.0,23.0,12.0,49.0,4.0,54.0,1.0,1.0,4.0,99.0,7.0,8.0,1.0,9.0,998.0,7.0,17.0,2.0,12.0,1.0,0.0,1NXBU4EE7AZ3,2010.0,448.0,2208.0,13.0,49.0,Toyota,32.0,4.0,1.0,0.0,0.0,0.0,1.0,0.0,0.0,6.0,6.0,12.0,0.0,0.0,1.0,18.0,46224.0,1.0,6.0,3.0,Valid license for this class vehicle,3.0,72.0,165.0,0.0,0.0,1.0,6.0,June,2023.0,6.0,2023.0,0.0,2.0,2.0,70.0,1.0,1.0,2.0,1.0,0.0,5.0,53.0,1.0,1.0,1.0,201.0,17.0,2.0,1.0,0.0,202304863297.0,12.0,7.0,1.0,0.0,1.0,1.0,4.0,56.0,1.0,0.0,1.0,1.0,0.0,49.0,1.0,0.0
170767,1,99,0.0,33.0,1.0,9995.0,-99.0,17.0,89.0,12.0,37.0,4.0,55.0,1.0,1.0,4.0,20.0,7.0,1.0,0.0,9.0,0.0,1.0,17.0,3.0,12.0,1.0,0.0,1HGES26704L0,2004.0,474.0,1863.0,13.0,37.0,Honda,31.0,4.0,1.0,0.0,0.0,63.0,8.0,3.0,1.0,12.0,6.0,12.0,0.0,0.0,1.0,17.0,60556.0,1.0,6.0,3.0,Valid license for this class vehicle,0.0,66.0,180.0,0.0,0.0,1.0,2.0,February,2021.0,8.0,2023.0,4.0,1.0,2.0,55.0,1.0,1.0,8.0,1.0,0.0,6.0,10.0,99.0,1.0,2.0,301.0,17.0,1.0,1.0,0.0,202304957469.0,12.0,4.0,5.0,0.0,1.0,1.0,4.0,20.0,2.0,0.0,1.0,20.0,0.0,37.0,1.0,0.0
170768,1,9,0.0,51.0,1.0,9995.0,-99.0,17.0,197.0,12.0,12.0,34.0,33.0,1.0,1.0,3.0,3.0,0.0,8.0,0.0,1.0,995.0,0.0,17.0,4.0,12.0,1.0,0.0,1FTFW1E40KFC,2019.0,460.0,1801.0,60.0,12.0,Ford,481.0,34.0,1.0,0.0,0.0,998.0,0.0,0.0,0.0,12.0,6.0,12.0,0.0,1.0,1.0,17.0,60481.0,1.0,6.0,3.0,Valid license for this class vehicle,0.0,71.0,200.0,0.0,0.0,0.0,12.0,December,2022.0,12.0,2022.0,9.0,2.0,2.0,70.0,3.0,1.0,2.0,1.0,0.0,14.0,54.0,99.0,9.0,3.0,303.0,17.0,0.0,1.0,0.0,202305334648.0,12.0,2.0,10.0,0.0,1.0,1.0,34.0,44.0,1.0,0.0,1.0,20.0,0.0,12.0,2.0,0.0
170769,1,99,0.0,0.0,1.0,9995.0,-99.0,17.0,31.0,42.0,49.0,4.0,23.0,2.0,1.0,4.0,3.0,0.0,8.0,0.0,9.0,995.0,1.0,17.0,1.0,42.0,1.0,0.0,2T1BURHEXKC2,2019.0,448.0,2208.0,13.0,49.0,Toyota,32.0,4.0,1.0,0.0,0.0,998.0,7.0,0.0,0.0,12.0,6.0,42.0,1.0,0.0,1.0,17.0,60641.0,1.0,6.0,3.0,Valid license for this class vehicle,0.0,62.0,155.0,0.0,0.0,0.0,0.0,No Record,0.0,0.0,0.0,9.0,1.0,2.0,35.0,1.0,1.0,2.0,1.0,0.0,6.0,6.0,99.0,9.0,4.0,101.0,17.0,1.0,1.0,0.0,202305061479.0,12.0,2.0,6.0,1.0,1.0,1.0,4.0,50.0,2.0,0.0,1.0,20.0,0.0,49.0,1.0,0.0
170773,1,0,0.0,38.0,1.0,0.0,-99.0,17.0,89.0,12.0,35.0,14.0,40.0,1.0,1.0,1.0,3.0,0.0,98.0,0.0,0.0,996.0,0.0,17.0,2.0,12.0,1.0,0.0,5N1AR2MN9FC6,2015.0,478.0,1911.0,8.0,35.0,Nissan/Datsun,401.0,14.0,1.0,0.0,0.0,998.0,8.0,0.0,0.0,12.0,6.0,12.0,0.0,0.0,1.0,55.0,54701.0,1.0,6.0,3.0,Valid license for this class vehicle,3.0,69.0,181.0,0.0,0.0,0.0,0.0,No Record,0.0,0.0,0.0,0.0,1.0,2.0,55.0,1.0,1.0,8.0,1.0,20.0,1.0,17.0,1.0,1.0,1.0,501.0,17.0,0.0,1.0,0.0,202305010176.0,12.0,4.0,5.0,0.0,1.0,1.0,14.0,35.0,2.0,0.0,1.0,20.0,0.0,35.0,1.0,98.0
170785,1,99,0.0,6.0,1.0,9995.0,-99.0,17.0,31.0,38.0,35.0,4.0,41.0,1.0,1.0,4.0,20.0,7.0,98.0,1.0,9.0,995.0,7.0,17.0,1.0,38.0,3.0,0.0,3N1BC11E48L3,2008.0,478.0,1894.0,13.0,35.0,Nissan/Datsun,50.0,4.0,1.0,0.0,0.0,998.0,7.0,3.0,6.0,12.0,6.0,1.0,0.0,0.0,1.0,17.0,60426.0,0.0,0.0,0.0,Not licensed,0.0,999.0,999.0,0.0,0.0,0.0,1.0,January,2019.0,1.0,2019.0,3.0,1.0,2.0,25.0,1.0,2.0,8.0,1.0,97.0,1.0,6.0,99.0,9.0,4.0,101.0,17.0,2.0,1.0,0.0,202304807289.0,12.0,7.0,3.0,0.0,1.0,1.0,4.0,16.0,2.0,0.0,1.0,98.0,0.0,35.0,2.0,0.0
170787,1,99,0.0,36.0,1.0,5060.0,-99.0,17.0,99.0,34.0,13.0,4.0,58.0,1.0,1.0,4.0,20.0,7.0,9.0,1.0,9.0,0.0,7.0,17.0,1.0,34.0,2.0,0.0,1LNFM97V6WY6,1998.0,464.0,5192.0,13.0,13.0,Lincoln,5.0,4.0,1.0,0.0,0.0,998.0,7.0,3.0,5.0,12.0,6.0,1.0,0.0,0.0,1.0,17.0,60803.0,1.0,6.0,3.0,Valid license for this class vehicle,0.0,70.0,350.0,0.0,0.0,0.0,0.0,No Record,0.0,0.0,0.0,4.0,1.0,2.0,55.0,2.0,1.0,8.0,98.0,0.0,14.0,6.0,99.0,1.0,4.0,101.0,17.0,1.0,1.0,0.0,202305011530.0,53.0,1.0,6.0,4.0,1.0,1.0,4.0,48.0,2.0,4.0,1.0,20.0,0.0,13.0,1.0,0.0
170789,1,99,0.0,38.0,1.0,9995.0,-99.0,17.0,31.0,12.0,59.0,5.0,74.0,2.0,1.0,4.0,3.0,0.0,8.0,0.0,9.0,995.0,7.0,17.0,3.0,12.0,1.0,0.0,JTHKD5BH5G22,2016.0,515.0,3154.0,5.0,59.0,Lexus,38.0,5.0,1.0,0.0,0.0,998.0,8.0,0.0,0.0,12.0,6.0,12.0,0.0,0.0,1.0,17.0,60021.0,1.0,6.0,3.0,Valid license for this class vehicle,3.0,61.0,130.0,0.0,0.0,0.0,0.0,No Record,0.0,0.0,0.0,0.0,1.0,2.0,35.0,1.0,1.0,8.0,98.0,20.0,1.0,17.0,99.0,1.0,1.0,503.0,17.0,1.0,1.0,0.0,202305390049.0,12.0,3.0,8.0,0.0,1.0,1.0,5.0,59.0,2.0,0.0,1.0,20.0,0.0,59.0,2.0,0.0
170796,1,98,96.0,38.0,1.0,1.0,-99.0,17.0,97.0,12.0,59.0,14.0,79.0,1.0,1.0,4.0,99.0,7.0,8.0,0.0,8.0,0.0,7.0,17.0,2.0,12.0,1.0,0.0,2T2HA31U44C0,2004.0,515.0,2214.0,7.0,59.0,Lexus,403.0,14.0,1.0,0.0,0.0,998.0,8.0,0.0,0.0,1.0,6.0,12.0,0.0,0.0,1.0,17.0,60021.0,1.0,6.0,3.0,Valid license for this class vehicle,0.0,75.0,260.0,0.0,0.0,0.0,0.0,No Record,0.0,0.0,0.0,9.0,8.0,8.0,45.0,1.0,1.0,2.0,1.0,3.0,11.0,15.0,99.0,1.0,1.0,401.0,17.0,1.0,1.0,0.0,202305163755.0,33.0,4.0,8.0,2.0,1.0,1.0,14.0,63.0,2.0,2.0,1.0,1.0,0.0,59.0,1.0,2.0
170800,1,0,0.0,38.0,1.0,0.0,-99.0,17.0,115.0,12.0,49.0,4.0,90.0,2.0,1.0,4.0,3.0,0.0,20.0,0.0,0.0,996.0,7.0,17.0,2.0,12.0,1.0,0.0,JT2SK12E9P01,1993.0,448.0,2469.0,13.0,49.0,Toyota,40.0,4.0,1.0,0.0,0.0,998.0,8.0,0.0,0.0,11.0,6.0,12.0,0.0,0.0,1.0,17.0,62521.0,1.0,6.0,3.0,Valid license for this class vehicle,3.0,63.0,140.0,0.0,0.0,0.0,0.0,No Record,0.0,0.0,0.0,0.0,1.0,2.0,35.0,1.0,1.0,8.0,98.0,20.0,11.0,15.0,99.0,1.0,1.0,414.0,17.0,1.0,1.0,0.0,202304768731.0,12.0,5.0,2.0,0.0,1.0,1.0,4.0,70.0,1.0,0.0,1.0,9.0,0.0,49.0,1.0,98.0
170802,2,99,0.0,0.0,1.0,9995.0,-99.0,17.0,161.0,12.0,73.0,80.0,33.0,1.0,1.0,4.0,20.0,7.0,20.0,8.0,9.0,0.0,7.0,17.0,2.0,12.0,1.0,0.0,JKAEXKG18PDA,2023.0,510.0,20805.0,80.0,73.0,Kawasaki,704.0,80.0,1.0,0.0,0.0,998.0,7.0,8.0,8.0,12.0,6.0,12.0,0.0,0.0,1.0,19.0,52802.0,9.0,9.0,9.0,Unknown,9.0,999.0,999.0,99.0,99.0,99.0,99.0,Unknown,9999.0,99.0,9999.0,9.0,4.0,4.0,30.0,1.0,1.0,2.0,1.0,97.0,1.0,66.0,99.0,1.0,1.0,503.0,17.0,1.0,1.0,0.0,202305446393.0,30.0,1.0,11.0,3.0,6.0,1.0,80.0,18.0,1.0,3.0,1.0,20.0,8.0,73.0,1.0,98.0
170813,1,99,0.0,38.0,1.0,0.0,-99.0,17.0,97.0,12.0,37.0,14.0,59.0,2.0,1.0,1.0,3.0,0.0,1.0,0.0,9.0,996.0,0.0,17.0,2.0,12.0,2.0,0.0,2HKRW1H52LH4,2020.0,474.0,1865.0,7.0,37.0,Honda,402.0,14.0,1.0,0.0,0.0,998.0,8.0,0.0,0.0,12.0,6.0,12.0,0.0,0.0,1.0,17.0,60087.0,1.0,6.0,3.0,Valid license for this class vehicle,0.0,66.0,140.0,0.0,0.0,0.0,0.0,No Record,0.0,0.0,0.0,4.0,1.0,5.0,40.0,1.0,1.0,2.0,1.0,3.0,11.0,15.0,99.0,1.0,1.0,401.0,17.0,0.0,1.0,0.0,202304754638.0,12.0,1.0,2.0,0.0,1.0,1.0,14.0,43.0,1.0,0.0,1.0,20.0,0.0,37.0,2.0,0.0
170828,2,0,0.0,0.0,1.0,1.0,-99.0,17.0,97.0,12.0,76.0,80.0,20.0,1.0,1.0,4.0,20.0,7.0,20.0,8.0,0.0,0.0,6.0,17.0,2.0,12.0,1.0,0.0,JYARJ06E78A0,2008.0,564.0,3211.0,80.0,76.0,Yamaha,705.0,80.0,1.0,0.0,0.0,998.0,7.0,8.0,8.0,12.0,6.0,12.0,0.0,0.0,1.0,17.0,60085.0,0.0,0.0,0.0,Not licensed,0.0,999.0,999.0,0.0,4.0,4.0,11.0,November,2021.0,9.0,2022.0,4.0,1.0,5.0,35.0,1.0,1.0,8.0,1.0,3.0,1.0,62.0,99.0,1.0,1.0,402.0,17.0,98.0,1.0,0.0,202305234061.0,59.0,7.0,7.0,3.0,1.0,1.0,80.0,22.0,1.0,3.0,1.0,20.0,8.0,76.0,1.0,98.0
170832,1,99,0.0,0.0,1.0,9035.0,3.0,17.0,201.0,98.0,2.0,14.0,17.0,1.0,1.0,4.0,99.0,7.0,98.0,0.0,1.0,124.0,6.0,17.0,1.0,98.0,1.0,0.0,1J4GL58K55W5,2005.0,483.0,1944.0,7.0,2.0,Jeep / Kaiser-Jeep / Willys- Jeep,405.0,14.0,1.0,0.0,0.0,107.0,7.0,0.0,0.0,99.0,6.0,2.0,1.0,1.0,1.0,17.0,61072.0,2.0,6.0,3.0,Valid license for this class vehicle,0.0,70.0,150.0,0.0,0.0,0.0,0.0,No Record,0.0,0.0,0.0,9.0,1.0,2.0,55.0,1.0,1.0,8.0,2.0,0.0,1.0,12.0,99.0,9.0,4.0,102.0,17.0,1.0,1.0,0.0,202304967562.0,12.0,6.0,1.0,1.0,1.0,1.0,14.0,16.0,1.0,0.0,1.0,20.0,0.0,2.0,1.0,98.0
170837,1,0,0.0,38.0,1.0,3033.0,-99.0,17.0,31.0,12.0,55.0,14.0,23.0,2.0,1.0,0.0,3.0,0.0,20.0,0.0,0.0,0.0,0.0,17.0,2.0,12.0,2.0,0.0,KMHRC8A39NU1,2022.0,498.0,26441.0,15.0,55.0,Hyundai,406.0,14.0,1.0,0.0,0.0,998.0,7.0,0.0,0.0,11.0,6.0,12.0,0.0,0.0,1.0,17.0,60448.0,1.0,6.0,3.0,Valid license for this class vehicle,3.0,65.0,195.0,0.0,1.0,0.0,9.0,September,2021.0,9.0,2021.0,9.0,1.0,2.0,40.0,1.0,1.0,8.0,98.0,20.0,11.0,15.0,99.0,1.0,1.0,414.0,17.0,0.0,1.0,0.0,202305113666.0,11.0,6.0,3.0,0.0,2.0,1.0,14.0,55.0,2.0,0.0,1.0,20.0,0.0,55.0,1.0,0.0
170839,1,99,0.0,6.0,1.0,9995.0,-99.0,17.0,191.0,32.0,73.0,80.0,42.0,1.0,1.0,4.0,20.0,7.0,20.0,8.0,9.0,996.0,7.0,17.0,1.0,32.0,1.0,0.0,JKBZXVM15PA0,2023.0,510.0,3197.0,80.0,73.0,Kawasaki,706.0,80.0,1.0,0.0,0.0,998.0,7.0,8.0,8.0,99.0,6.0,32.0,0.0,0.0,1.0,17.0,62837.0,1.0,6.0,3.0,Valid license for this class vehicle,3.0,73.0,200.0,0.0,0.0,0.0,0.0,No Record,0.0,0.0,0.0,5.0,1.0,2.0,55.0,1.0,1.0,2.0,1.0,0.0,6.0,13.0,99.0,9.0,4.0,101.0,17.0,1.0,1.0,0.0,202305327061.0,31.0,7.0,8.0,3.0,1.0,1.0,80.0,33.0,1.0,3.0,1.0,20.0,8.0,73.0,1.0,98.0
170844,1,0,0.0,0.0,1.0,0.0,-99.0,17.0,55.0,24.0,37.0,4.0,16.0,2.0,1.0,3.0,3.0,0.0,8.0,0.0,0.0,996.0,0.0,17.0,1.0,24.0,5.0,0.0,1HGCR2F58DA0,2013.0,474.0,1861.0,13.0,37.0,Honda,32.0,4.0,1.0,0.0,0.0,998.0,7.0,3.0,5.0,4.0,6.0,1.0,0.0,0.0,1.0,17.0,62896.0,2.0,6.0,3.0,Valid license for this class vehicle,0.0,63.0,118.0,0.0,0.0,0.0,0.0,No Record,0.0,0.0,0.0,3.0,1.0,2.0,55.0,1.0,3.0,8.0,1.0,0.0,1.0,6.0,99.0,5.0,4.0,101.0,17.0,0.0,1.0,0.0,202304702247.0,42.0,6.0,1.0,0.0,2.0,1.0,4.0,19.0,1.0,0.0,1.0,1.0,0.0,37.0,1.0,0.0
170849,1,99,99.0,0.0,1.0,0.0,-99.0,17.0,31.0,38.0,19.0,6.0,28.0,2.0,1.0,1.0,99.0,7.0,20.0,9.0,9.0,996.0,0.0,17.0,1.0,38.0,4.0,1.0,3GYFNAEY4BS6,2011.0,469.0,1844.0,7.0,19.0,Cadillac,20.0,6.0,1.0,0.0,0.0,998.0,7.0,0.0,0.0,12.0,7.0,38.0,0.0,0.0,1.0,17.0,60440.0,1.0,6.0,3.0,Valid license for this class vehicle,3.0,61.0,138.0,0.0,0.0,0.0,0.0,No Record,0.0,0.0,0.0,9.0,4.0,1.0,98.0,1.0,1.0,8.0,1.0,0.0,99.0,14.0,99.0,9.0,4.0,103.0,17.0,0.0,1.0,0.0,202304924557.0,12.0,3.0,5.0,1.0,1.0,1.0,6.0,21.0,2.0,0.0,1.0,20.0,0.0,19.0,4.0,0.0