ST_CASE,VEH_NO_x,DRIMPAIR_x,DRDISTRACT,DRIVERRF,PER_NO_x,DRUGRES,DRUGACTQTY,STATE_x,COUNTY,HARM_EV_x,MAKE_x,BODY_TYP_x,AGE,SEX,PER_TYP_x,INJ_SEV,REST_USE,REST_MIS,AIR_BAG_x,EJECTION,DRINKING,ALC_RES,HISPANIC,STATE_y,VE_FORMS,HARM_EV_y,NUMOCCS,HIT_RUN,VIN,MOD_YEAR,VPICMAKE,VPICMODEL,VPICBODYCLASS,MAKE_y,MAKENAME,MODEL,BODY_TYP_y,HAZ_INV,HAZ_PLAC,HAZ_ID,TRAV_SP,UNDEROVERRIDE,ROLLOVER,ROLINLOC,IMPACT1,DEFORMED,M_HARM,FIRE_EXP,DR_DRINK,DR_PRES,L_STATE,DR_ZIP,L_TYPE,L_STATUS,L_COMPL,L_COMPLNAME,L_RESTRI,DR_HGT,DR_WGT,PREV_DWI,PREV_SPD,PREV_OTH,FIRST_MO,FIRST_MONAME,FIRST_YR,LAST_MO,LAST_YR,SPEEDREL,VTRAFWAY,VNUM_LAN,VSPD_LIM,VALIGN,VPROFILE,VPAVETYP,VSURCOND,VTRAFCON,P_CRASH1,P_CRASH2,P_CRASH3,PCRASH4,PCRASH5,ACC_CONFIG,STATE,RACE,ORDER,MULTRACE,CASENUM,HARM_EV,DAY_WEEK,MONTH,MAXSEV_IM,WEATHR_IM,PER_NO_y,BODY_TYP,AGE_IM,SEX_IM,INJSEV_IM,PER_TYP_y,AIR_BAG_y,EJECT_IM,MAKE,VEH_NO_y,DRIMPAIR_y
171028,3,0,0.0,0.0,1.0,0.0,-99.0,17.0,99.0,12.0,19.0,6.0,67.0,1.0,1.0,2.0,3.0,0.0,20.0,0.0,0.0,996.0,0.0,17.0,3.0,12.0,1.0,0.0,3GYFNAEY1BS6,2011.0,469.0,1844.0,7.0,19.0,Cadillac,20.0,6.0,1.0,0.0,0.0,0.0,8.0,0.0,0.0,6.0,7.0,12.0,0.0,0.0,1.0,17.0,61350.0,1.0,6.0,3.0,Valid license for this class vehicle,3.0,70.0,185.0,0.0,0.0,0.0,0.0,No Record,0.0,0.0,0.0,0.0,1.0,4.0,30.0,1.0,1.0,8.0,3.0,0.0,5.0,53.0,1.0,1.0,1.0,998.0,17.0,0.0,1.0,0.0,202305354592.0,11.0,4.0,10.0,0.0,1.0,1.0,6.0,69.0,2.0,0.0,1.0,98.0,0.0,19.0,1.0,0.0
171038,1,0,0.0,38.0,1.0,9995.0,-99.0,17.0,113.0,12.0,7.0,15.0,36.0,1.0,1.0,0.0,3.0,0.0,20.0,0.0,0.0,996.0,0.0,17.0,2.0,12.0,2.0,0.0,1C4SDJCTXKC6,2019.0,476.0,3508.0,7.0,7.0,Dodge,422.0,15.0,1.0,0.0,0.0,998.0,0.0,0.0,0.0,5.0,4.0,12.0,0.0,0.0,1.0,26.0,48221.0,1.0,6.0,3.0,Valid license for this class vehicle,0.0,67.0,181.0,0.0,2.0,0.0,3.0,March,2020.0,5.0,2022.0,5.0,2.0,2.0,55.0,1.0,1.0,2.0,1.0,97.0,15.0,11.0,99.0,1.0,2.0,207.0,17.0,0.0,1.0,0.0,202304807285.0,12.0,5.0,3.0,1.0,10.0,1.0,15.0,31.0,2.0,1.0,1.0,9.0,0.0,7.0,2.0,0.0
171050,1,99,0.0,39.0,1.0,9999.0,-99.0,17.0,19.0,12.0,49.0,4.0,20.0,2.0,1.0,3.0,3.0,0.0,8.0,0.0,8.0,997.0,0.0,17.0,2.0,12.0,1.0,0.0,4T1B61HK2KU7,2019.0,448.0,2469.0,13.0,49.0,Toyota,40.0,4.0,1.0,0.0,0.0,998.0,8.0,0.0,0.0,12.0,6.0,12.0,0.0,0.0,1.0,17.0,61822.0,1.0,6.0,3.0,Valid license for this class vehicle,3.0,65.0,130.0,0.0,1.0,0.0,10.0,October,2021.0,10.0,2021.0,0.0,1.0,2.0,55.0,1.0,2.0,2.0,1.0,20.0,1.0,17.0,1.0,1.0,1.0,503.0,17.0,0.0,1.0,0.0,202305096448.0,12.0,7.0,7.0,0.0,1.0,1.0,4.0,31.0,1.0,0.0,1.0,20.0,0.0,49.0,2.0,98.0
171060,2,0,0.0,0.0,1.0,1.0,-99.0,17.0,143.0,12.0,49.0,4.0,67.0,1.0,1.0,4.0,3.0,0.0,8.0,0.0,0.0,0.0,7.0,17.0,2.0,12.0,1.0,0.0,4T1BD1FK0DU0,2013.0,448.0,2469.0,13.0,49.0,Toyota,40.0,4.0,1.0,0.0,0.0,998.0,8.0,0.0,0.0,12.0,6.0,12.0,0.0,0.0,1.0,17.0,61455.0,1.0,6.0,3.0,Valid license for this class vehicle,3.0,69.0,180.0,0.0,0.0,1.0,12.0,December,2022.0,12.0,2022.0,0.0,1.0,2.0,55.0,1.0,1.0,8.0,1.0,0.0,1.0,54.0,99.0,1.0,1.0,303.0,17.0,1.0,1.0,0.0,202304735188.0,12.0,7.0,2.0,0.0,1.0,1.0,4.0,30.0,1.0,0.0,1.0,20.0,0.0,49.0,1.0,0.0
171061,2,0,0.0,0.0,1.0,0.0,-99.0,17.0,49.0,12.0,82.0,66.0,39.0,1.0,1.0,0.0,3.0,0.0,20.0,0.0,0.0,996.0,0.0,17.0,2.0,12.0,1.0,0.0,3AKJHHDR2LSL,2020.0,450.0,2501.0,66.0,82.0,Freightliner,881.0,66.0,1.0,0.0,0.0,997.0,8.0,0.0,0.0,12.0,6.0,12.0,0.0,0.0,1.0,17.0,61938.0,1.0,6.0,3.0,Valid license for this class vehicle,0.0,73.0,190.0,0.0,0.0,0.0,0.0,No Record,0.0,0.0,0.0,0.0,2.0,2.0,70.0,1.0,1.0,2.0,2.0,97.0,1.0,62.0,99.0,1.0,1.0,302.0,17.0,0.0,1.0,0.0,202304872158.0,14.0,6.0,4.0,0.0,2.0,1.0,66.0,26.0,2.0,0.0,1.0,20.0,0.0,82.0,1.0,0.0
171065,1,99,0.0,0.0,1.0,0.0,-99.0,17.0,11.0,42.0,23.0,14.0,66.0,1.0,1.0,4.0,20.0,7.0,99.0,0.0,9.0,996.0,6.0,17.0,1.0,42.0,1.0,0.0,2GKALSEK9D63,2013.0,472.0,1858.0,7.0,23.0,GMC,402.0,14.0,1.0,0.0,0.0,998.0,7.0,0.0,0.0,12.0,6.0,2.0,1.0,0.0,1.0,17.0,61349.0,1.0,6.0,3.0,Valid license for this class vehicle,3.0,68.0,170.0,0.0,0.0,0.0,0.0,No Record,0.0,0.0,0.0,5.0,1.0,2.0,99.0,1.0,2.0,8.0,1.0,0.0,1.0,13.0,99.0,1.0,4.0,101.0,17.0,1.0,1.0,0.0,202305080344.0,11.0,6.0,6.0,2.0,1.0,1.0,14.0,67.0,1.0,2.0,1.0,9.0,0.0,23.0,1.0,0.0
171067,1,99,0.0,41.0,1.0,9995.0,-99.0,17.0,113.0,45.0,82.0,66.0,38.0,1.0,1.0,4.0,99.0,7.0,99.0,0.0,9.0,0.0,7.0,17.0,1.0,45.0,1.0,0.0,3AKJHHDRXKSK,2019.0,450.0,2501.0,66.0,82.0,Freightliner,881.0,66.0,1.0,0.0,0.0,998.0,8.0,3.0,5.0,12.0,6.0,2.0,1.0,0.0,1.0,12.0,33619.0,1.0,6.0,3.0,Valid license for this class vehicle,3.0,71.0,999.0,0.0,0.0,0.0,9.0,September,2022.0,8.0,2023.0,9.0,2.0,2.0,55.0,4.0,1.0,2.0,1.0,40.0,14.0,50.0,99.0,1.0,1.0,103.0,17.0,2.0,1.0,0.0,202305054400.0,12.0,2.0,5.0,1.0,1.0,1.0,66.0,60.0,1.0,0.0,1.0,20.0,0.0,82.0,1.0,0.0
171073,1,9,0.0,0.0,1.0,9997.0,-99.0,17.0,31.0,12.0,2.0,14.0,43.0,1.0,1.0,3.0,20.0,7.0,8.0,2.0,1.0,166.0,0.0,17.0,2.0,12.0,1.0,0.0,1C4PJLCBXGW3,2016.0,483.0,1945.0,7.0,2.0,Jeep / Kaiser-Jeep / Willys- Jeep,404.0,14.0,1.0,0.0,0.0,998.0,0.0,0.0,0.0,12.0,6.0,12.0,1.0,1.0,1.0,17.0,60473.0,1.0,2.0,2.0,No valid license for this class vehicle,0.0,66.0,151.0,0.0,0.0,2.0,1.0,January,2019.0,1.0,2021.0,2.0,5.0,7.0,30.0,1.0,1.0,2.0,1.0,3.0,1.0,17.0,16.0,1.0,1.0,402.0,17.0,0.0,1.0,0.0,202304893773.0,12.0,6.0,4.0,2.0,1.0,1.0,14.0,56.0,1.0,0.0,1.0,20.0,0.0,2.0,2.0,0.0
171074,2,99,0.0,0.0,1.0,0.0,-99.0,17.0,177.0,12.0,37.0,15.0,38.0,2.0,1.0,3.0,3.0,0.0,8.0,0.0,9.0,996.0,0.0,17.0,2.0,12.0,2.0,0.0,5FNYF18535B0,2005.0,474.0,1864.0,7.0,37.0,Honda,421.0,15.0,1.0,0.0,0.0,998.0,8.0,0.0,0.0,12.0,6.0,12.0,0.0,0.0,1.0,17.0,61032.0,9.0,9.0,9.0,Unknown,9.0,999.0,999.0,99.0,99.0,99.0,99.0,Unknown,9999.0,99.0,9999.0,9.0,1.0,2.0,55.0,1.0,3.0,8.0,1.0,0.0,1.0,62.0,99.0,1.0,1.0,302.0,17.0,0.0,1.0,0.0,202305235634.0,12.0,6.0,8.0,0.0,1.0,1.0,15.0,20.0,1.0,0.0,1.0,20.0,0.0,37.0,2.0,98.0
171075,2,0,0.0,38.0,1.0,9029.0,-99.0,17.0,197.0,12.0,20.0,4.0,80.0,1.0,1.0,4.0,3.0,0.0,1.0,0.0,0.0,0.0,7.0,17.0,2.0,12.0,2.0,0.0,1G1PC5SB5E74,2014.0,467.0,1832.0,13.0,20.0,Chevrolet,25.0,4.0,1.0,0.0,0.0,998.0,0.0,0.0,0.0,3.0,6.0,12.0,0.0,0.0,1.0,17.0,60433.0,1.0,6.0,3.0,Valid license for this class vehicle,0.0,68.0,170.0,0.0,0.0,0.0,0.0,No Record,0.0,0.0,0.0,0.0,2.0,2.0,45.0,1.0,1.0,8.0,1.0,0.0,11.0,15.0,99.0,1.0,1.0,401.0,17.0,2.0,1.0,0.0,202304750652.0,12.0,3.0,2.0,4.0,1.0,1.0,4.0,30.0,1.0,4.0,1.0,8.0,0.0,20.0,2.0,0.0
171079,1,99,92.0,0.0,1.0,9995.0,-99.0,17.0,31.0,12.0,30.0,14.0,34.0,1.0,1.0,4.0,99.0,7.0,8.0,0.0,9.0,995.0,2.0,17.0,2.0,12.0,1.0,0.0,3VV3B7AXXMM0,2021.0,482.0,8151.0,7.0,30.0,Volkswagen,402.0,14.0,1.0,0.0,0.0,998.0,8.0,0.0,0.0,12.0,6.0,12.0,1.0,0.0,1.0,17.0,60615.0,1.0,2.0,2.0,No valid license for this class vehicle,0.0,68.0,180.0,0.0,0.0,1.0,11.0,November,2020.0,2.0,2022.0,9.0,2.0,4.0,30.0,1.0,1.0,1.0,1.0,3.0,1.0,50.0,99.0,1.0,1.0,202.0,17.0,2.0,1.0,0.0,202305183052.0,12.0,5.0,6.0,3.0,1.0,1.0,14.0,25.0,2.0,3.0,1.0,8.0,0.0,30.0,1.0,0.0
171087,1,98,0.0,28.0,1.0,0.0,-99.0,17.0,197.0,12.0,20.0,34.0,16.0,1.0,1.0,0.0,3.0,0.0,20.0,0.0,8.0,996.0,0.0,17.0,2.0,12.0,1.0,0.0,3GNEK13T62G1,2002.0,467.0,3876.0,119.0,20.0,Chevrolet,482.0,34.0,1.0,0.0,0.0,998.0,0.0,0.0,0.0,2.0,6.0,12.0,0.0,0.0,1.0,17.0,60901.0,2.0,6.0,3.0,Valid license for this class vehicle,0.0,67.0,125.0,0.0,0.0,0.0,0.0,No Record,0.0,0.0,0.0,9.0,1.0,2.0,55.0,1.0,1.0,8.0,2.0,97.0,12.0,21.0,99.0,1.0,2.0,998.0,17.0,0.0,1.0,0.0,202304965811.0,12.0,5.0,3.0,3.0,1.0,1.0,34.0,53.0,2.0,3.0,1.0,1.0,0.0,20.0,2.0,0.0
171087,2,0,0.0,0.0,1.0,0.0,-99.0,17.0,197.0,12.0,12.0,15.0,34.0,2.0,1.0,4.0,3.0,0.0,8.0,0.0,0.0,996.0,7.0,17.0,2.0,12.0,1.0,0.0,2FMPK4J97MBA,2021.0,460.0,1797.0,7.0,12.0,Ford,424.0,15.0,1.0,0.0,0.0,998.0,0.0,0.0,0.0,12.0,6.0,12.0,0.0,0.0,1.0,17.0,60449.0,1.0,6.0,3.0,Valid license for this class vehicle,0.0,67.0,140.0,0.0,0.0,0.0,0.0,No Record,0.0,0.0,0.0,0.0,1.0,2.0,55.0,1.0,1.0,8.0,2.0,97.0,1.0,62.0,99.0,1.0,1.0,998.0,17.0,1.0,1.0,0.0,202305436393.0,11.0,1.0,10.0,0.0,10.0,1.0,15.0,29.0,2.0,0.0,1.0,20.0,0.0,12.0,1.0,0.0
171089,1,99,0.0,51.0,1.0,5060.0,0.82,17.0,167.0,12.0,12.0,34.0,41.0,1.0,1.0,4.0,20.0,7.0,8.0,0.0,9.0,305.0,7.0,17.0,2.0,12.0,1.0,0.0,1FTFW1ET4EFC,2014.0,460.0,1801.0,60.0,12.0,Ford,481.0,34.0,1.0,0.0,0.0,998.0,8.0,0.0,0.0,12.0,6.0,12.0,0.0,1.0,1.0,17.0,61853.0,1.0,6.0,3.0,Valid license for this class vehicle,0.0,72.0,235.0,0.0,0.0,0.0,0.0,No Record,0.0,0.0,0.0,9.0,3.0,2.0,45.0,1.0,2.0,8.0,2.0,0.0,1.0,54.0,99.0,1.0,1.0,303.0,17.0,1.0,1.0,0.0,202305353143.0,12.0,4.0,10.0,0.0,1.0,1.0,34.0,44.0,1.0,0.0,1.0,20.0,0.0,12.0,2.0,0.0
171099,1,0,0.0,104.0,1.0,0.0,-99.0,17.0,163.0,12.0,20.0,4.0,21.0,1.0,1.0,3.0,99.0,7.0,98.0,0.0,0.0,995.0,0.0,17.0,3.0,12.0,3.0,0.0,1G1PF5SC5C72,2012.0,467.0,1832.0,13.0,20.0,Chevrolet,25.0,4.0,1.0,0.0,0.0,998.0,8.0,0.0,0.0,12.0,6.0,12.0,1.0,0.0,1.0,17.0,62201.0,0.0,0.0,0.0,Not licensed,0.0,999.0,999.0,0.0,0.0,1.0,3.0,March,2020.0,9.0,2020.0,3.0,1.0,8.0,55.0,1.0,1.0,8.0,2.0,3.0,1.0,17.0,99.0,1.0,1.0,503.0,17.0,0.0,1.0,0.0,202305334501.0,12.0,6.0,10.0,0.0,2.0,1.0,4.0,57.0,1.0,0.0,1.0,20.0,0.0,20.0,1.0,0.0
171102,1,99,0.0,39.0,1.0,0.0,-99.0,17.0,197.0,12.0,30.0,4.0,28.0,1.0,1.0,3.0,99.0,7.0,8.0,0.0,9.0,996.0,0.0,17.0,2.0,12.0,5.0,0.0,WVWAK73C47P0,2007.0,482.0,3134.0,13.0,30.0,Volkswagen,46.0,4.0,1.0,0.0,0.0,998.0,1.0,0.0,0.0,12.0,6.0,12.0,0.0,0.0,1.0,17.0,60435.0,1.0,6.0,3.0,Valid license for this class vehicle,0.0,999.0,999.0,0.0,0.0,0.0,0.0,No Record,0.0,0.0,0.0,9.0,8.0,2.0,98.0,8.0,8.0,8.0,98.0,3.0,1.0,17.0,99.0,1.0,1.0,501.0,17.0,0.0,1.0,0.0,202305604167.0,12.0,2.0,12.0,3.0,1.0,1.0,4.0,28.0,1.0,3.0,1.0,8.0,0.0,30.0,1.0,99.0
171107,1,1,0.0,0.0,1.0,3026.0,-99.0,17.0,179.0,43.0,12.0,34.0,76.0,1.0,1.0,4.0,3.0,0.0,1.0,0.0,8.0,996.0,7.0,17.0,1.0,43.0,1.0,0.0,1FTEW1C83AFC,2010.0,460.0,1801.0,60.0,12.0,Ford,481.0,34.0,1.0,0.0,0.0,998.0,7.0,0.0,0.0,12.0,6.0,43.0,0.0,0.0,1.0,17.0,61554.0,1.0,6.0,3.0,Valid license for this class vehicle,0.0,68.0,300.0,0.0,0.0,0.0,0.0,No Record,0.0,0.0,0.0,0.0,1.0,2.0,40.0,1.0,1.0,2.0,1.0,0.0,1.0,8.0,1.0,2.0,4.0,101.0,17.0,1.0,1.0,0.0,202305258003.0,12.0,7.0,8.0,2.0,1.0,1.0,34.0,17.0,2.0,0.0,1.0,9.0,0.0,12.0,1.0,98.0
171108,1,9,0.0,0.0,1.0,1.0,-99.0,17.0,101.0,34.0,20.0,34.0,26.0,1.0,1.0,4.0,20.0,7.0,20.0,0.0,1.0,244.0,7.0,17.0,1.0,34.0,2.0,0.0,1GCHK231X2F2,2002.0,467.0,1850.0,60.0,20.0,Chevrolet,481.0,34.0,1.0,0.0,0.0,998.0,7.0,0.0,0.0,1.0,6.0,42.0,0.0,1.0,1.0,17.0,62439.0,1.0,6.0,3.0,Valid license for this class vehicle,0.0,73.0,260.0,0.0,1.0,0.0,3.0,March,2020.0,3.0,2020.0,4.0,1.0,2.0,35.0,3.0,1.0,2.0,2.0,0.0,14.0,9.0,1.0,2.0,4.0,101.0,17.0,1.0,1.0,0.0,202305347306.0,12.0,6.0,9.0,1.0,2.0,1.0,34.0,19.0,1.0,1.0,1.0,99.0,0.0,20.0,1.0,98.0
171111,1,99,0.0,0.0,1.0,1.0,-99.0,17.0,199.0,42.0,12.0,2.0,39.0,1.0,1.0,4.0,20.0,7.0,8.0,0.0,9.0,0.0,7.0,17.0,1.0,42.0,1.0,0.0,1ZVFT80N8752,2007.0,460.0,1781.0,3.0,12.0,Ford,3.0,2.0,1.0,0.0,0.0,998.0,7.0,0.0,0.0,12.0,6.0,42.0,0.0,0.0,1.0,17.0,62974.0,1.0,6.0,3.0,Valid license for this class vehicle,0.0,69.0,130.0,0.0,0.0,0.0,0.0,No Record,0.0,0.0,0.0,5.0,1.0,2.0,35.0,1.0,1.0,8.0,1.0,0.0,1.0,13.0,99.0,1.0,4.0,101.0,17.0,1.0,1.0,0.0,202304964507.0,12.0,3.0,5.0,0.0,10.0,1.0,2.0,17.0,2.0,0.0,1.0,1.0,0.0,12.0,1.0,98.0
171117,1,99,0.0,0.0,1.0,3034.0,-99.0,17.0,19.0,23.0,7.0,20.0,34.0,1.0,1.0,4.0,20.0,7.0,8.0,1.0,1.0,106.0,7.0,17.0,3.0,23.0,1.0,0.0,1D8HN44H78B1,2008.0,476.0,1942.0,2.0,7.0,Dodge,442.0,20.0,1.0,0.0,0.0,998.0,0.0,0.0,0.0,99.0,6.0,12.0,0.0,1.0,1.0,17.0,61840.0,1.0,3.0,2.0,No valid license for this class vehicle,0.0,72.0,180.0,0.0,0.0,0.0,0.0,No Record,0.0,0.0,0.0,4.0,1.0,2.0,55.0,1.0,2.0,8.0,2.0,97.0,1.0,12.0,99.0,1.0,4.0,102.0,17.0,1.0,1.0,0.0,202304769254.0,12.0,2.0,2.0,4.0,1.0,1.0,20.0,35.0,1.0,2.0,1.0,9.0,0.0,7.0,3.0,0.0
171118,1,1,0.0,0.0,1.0,9996.0,150.0,17.0,163.0,34.0,12.0,6.0,63.0,1.0,1.0,4.0,3.0,0.0,1.0,0.0,0.0,0.0,7.0,17.0,1.0,34.0,1.0,0.0,2FMDK3KC4ABA,2010.0,460.0,1797.0,7.0,12.0,Ford,24.0,6.0,1.0,0.0,0.0,998.0,7.0,0.0,0.0,11.0,6.0,18.0,0.0,0.0,1.0,17.0,62208.0,1.0,1.0,2.0,No valid license for this class vehicle,0.0,74.0,200.0,0.0,0.0,0.0,5.0,May,2020.0,5.0,2020.0,0.0,2.0,2.0,45.0,2.0,1.0,8.0,1.0,0.0,14.0,8.0,99.0,9.0,4.0,102.0,17.0,2.0,1.0,0.0,202305045029.0,12.0,4.0,5.0,1.0,10.0,1.0,6.0,42.0,1.0,0.0,1.0,20.0,0.0,12.0,3.0,0.0
171119,1,99,0.0,0.0,1.0,1.0,-99.0,17.0,97.0,1.0,35.0,6.0,17.0,2.0,1.0,4.0,20.0,7.0,20.0,9.0,9.0,160.0,1.0,17.0,1.0,1.0,1.0,0.0,JN8AS58V78W1,2008.0,478.0,1913.0,7.0,35.0,Nissan/Datsun,51.0,6.0,1.0,0.0,0.0,998.0,7.0,3.0,6.0,0.0,6.0,3.0,0.0,1.0,1.0,17.0,60110.0,2.0,6.0,3.0,Valid license for this class vehicle,0.0,60.0,115.0,0.0,0.0,0.0,0.0,No Record,0.0,0.0,0.0,9.0,8.0,8.0,30.0,1.0,1.0,8.0,1.0,20.0,1.0,19.0,99.0,9.0,4.0,999.0,17.0,1.0,1.0,0.0,202305124585.0,30.0,5.0,7.0,3.0,1.0,1.0,6.0,35.0,2.0,2.0,1.0,8.0,0.0,35.0,1.0,0.0
171140,1,99,0.0,39.0,1.0,0.0,-99.0,17.0,93.0,12.0,23.0,6.0,20.0,1.0,1.0,2.0,99.0,7.0,98.0,9.0,9.0,996.0,0.0,17.0,2.0,12.0,1.0,0.0,1GKLVMEDXAJ2,2010.0,472.0,1855.0,7.0,23.0,GMC,8.0,6.0,1.0,0.0,0.0,998.0,8.0,0.0,0.0,12.0,6.0,12.0,0.0,0.0,1.0,17.0,60436.0,0.0,0.0,0.0,Not licensed,0.0,999.0,999.0,0.0,0.0,0.0,0.0,No Record,0.0,0.0,0.0,0.0,1.0,2.0,98.0,1.0,1.0,8.0,98.0,20.0,1.0,17.0,99.0,1.0,1.0,503.0,17.0,0.0,1.0,0.0,202305504935.0,12.0,4.0,12.0,3.0,1.0,1.0,6.0,20.0,1.0,2.0,1.0,98.0,0.0,23.0,1.0,99.0
171141,1,1,0.0,0.0,1.0,1.0,-99.0,17.0,115.0,12.0,49.0,4.0,66.0,2.0,1.0,4.0,3.0,0.0,8.0,0.0,0.0,0.0,7.0,17.0,2.0,12.0,1.0,0.0,JTDBL40E6990,2009.0,448.0,2208.0,13.0,49.0,Toyota,32.0,4.0,1.0,0.0,0.0,998.0,0.0,0.0,0.0,12.0,6.0,12.0,0.0,0.0,1.0,17.0,62526.0,1.0,6.0,3.0,Valid license for this class vehicle,0.0,56.0,130.0,0.0,0.0,0.0,0.0,No Record,0.0,0.0,0.0,0.0,1.0,2.0,40.0,1.0,1.0,2.0,1.0,0.0,1.0,99.0,1.0,1.0,2.0,301.0,17.0,1.0,1.0,0.0,202304904540.0,12.0,2.0,4.0,0.0,1.0,1.0,4.0,18.0,1.0,0.0,1.0,20.0,0.0,49.0,2.0,98.0
171143,1,99,92.0,0.0,1.0,3026.0,-99.0,17.0,201.0,12.0,20.0,4.0,55.0,2.0,1.0,4.0,3.0,0.0,1.0,0.0,9.0,0.0,7.0,17.0,2.0,12.0,1.0,0.0,1G1ZD5ST6LF0,2020.0,467.0,1834.0,13.0,20.0,Chevrolet,37.0,4.0,1.0,0.0,0.0,998.0,0.0,0.0,0.0,3.0,6.0,12.0,0.0,0.0,1.0,17.0,61020.0,1.0,1.0,2.0,No valid license for this class vehicle,3.0,69.0,240.0,0.0,0.0,0.0,11.0,November,2022.0,11.0,2022.0,9.0,1.0,2.0,55.0,1.0,2.0,2.0,1.0,20.0,1.0,66.0,99.0,1.0,1.0,502.0,17.0,1.0,1.0,0.0,202305392392.0,12.0,3.0,8.0,1.0,1.0,1.0,4.0,62.0,1.0,1.0,1.0,9.0,0.0,20.0,1.0,98.0
171148,3,0,0.0,0.0,1.0,0.0,-99.0,17.0,31.0,12.0,12.0,4.0,44.0,1.0,1.0,0.0,3.0,0.0,1.0,0.0,0.0,996.0,0.0,17.0,3.0,12.0,1.0,0.0,3FA6P0LU8JR1,2018.0,460.0,1780.0,13.0,12.0,Ford,23.0,4.0,1.0,0.0,0.0,998.0,8.0,0.0,0.0,12.0,6.0,12.0,0.0,0.0,1.0,17.0,60466.0,1.0,6.0,3.0,Valid license for this class vehicle,0.0,75.0,250.0,0.0,0.0,0.0,0.0,No Record,0.0,0.0,0.0,0.0,2.0,2.0,40.0,3.0,1.0,8.0,1.0,0.0,14.0,62.0,99.0,1.0,1.0,998.0,17.0,0.0,1.0,0.0,202304959446.0,12.0,7.0,5.0,0.0,2.0,1.0,4.0,41.0,2.0,0.0,1.0,20.0,0.0,12.0,2.0,0.0
171149,1,9,0.0,47.0,1.0,9995.0,-99.0,17.0,43.0,12.0,49.0,4.0,40.0,1.0,1.0,3.0,99.0,7.0,9.0,0.0,1.0,996.0,0.0,17.0,2.0,12.0,2.0,1.0,5YFB4MDE8PP0,2023.0,448.0,2208.0,13.0,49.0,Toyota,32.0,4.0,1.0,0.0,0.0,998.0,7.0,0.0,0.0,10.0,6.0,12.0,0.0,1.0,1.0,17.0,60185.0,1.0,1.0,2.0,No valid license for this class vehicle,0.0,66.0,160.0,0.0,0.0,1.0,9.0,September,2022.0,10.0,2022.0,9.0,7.0,2.0,45.0,4.0,2.0,2.0,1.0,98.0,11.0,15.0,99.0,1.0,1.0,414.0,17.0,0.0,1.0,0.0,202304781474.0,11.0,2.0,2.0,0.0,1.0,1.0,4.0,46.0,1.0,0.0,1.0,9.0,0.0,49.0,1.0,9.0
171155,1,9,99.0,51.0,1.0,9995.0,-99.0,17.0,31.0,12.0,49.0,4.0,23.0,2.0,1.0,1.0,99.0,7.0,20.0,0.0,1.0,236.0,0.0,17.0,2.0,12.0,2.0,0.0,2T1BURHE2FC3,2015.0,448.0,2208.0,13.0,49.0,Toyota,32.0,4.0,1.0,0.0,0.0,998.0,2.0,0.0,0.0,10.0,6.0,12.0,0.0,1.0,1.0,17.0,60620.0,1.0,6.0,3.0,Valid license for this class vehicle,0.0,59.0,102.0,0.0,0.0,2.0,7.0,July,2020.0,5.0,2023.0,2.0,7.0,2.0,98.0,1.0,1.0,8.0,1.0,0.0,1.0,12.0,99.0,1.0,2.0,209.0,17.0,0.0,1.0,0.0,202305200719.0,12.0,3.0,8.0,0.0,1.0,1.0,4.0,51.0,1.0,0.0,1.0,20.0,0.0,49.0,1.0,0.0
171161,1,99,96.0,26.0,1.0,3034.0,-99.0,17.0,53.0,12.0,35.0,4.0,27.0,1.0,1.0,4.0,99.0,7.0,8.0,0.0,1.0,208.0,7.0,17.0,3.0,12.0,1.0,0.0,1N4AL3APXDC2,2013.0,478.0,1904.0,13.0,35.0,Nissan/Datsun,47.0,4.0,1.0,0.0,0.0,998.0,1.0,0.0,0.0,12.0,6.0,12.0,0.0,1.0,1.0,17.0,62234.0,1.0,6.0,3.0,Valid license for this class vehicle,3.0,69.0,146.0,0.0,1.0,0.0,12.0,December,2020.0,12.0,2022.0,9.0,7.0,4.0,70.0,1.0,1.0,2.0,1.0,0.0,1.0,51.0,1.0,1.0,1.0,202.0,17.0,2.0,1.0,0.0,202305341467.0,14.0,2.0,10.0,2.0,1.0,1.0,4.0,24.0,1.0,2.0,1.0,1.0,0.0,35.0,1.0,9.0
171167,2,0,0.0,0.0,1.0,1.0,-99.0,17.0,99.0,12.0,2.0,14.0,54.0,2.0,1.0,4.0,8.0,0.0,20.0,0.0,0.0,0.0,99.0,17.0,4.0,12.0,1.0,0.0,1C4HJXDG8MW8,2021.0,483.0,1943.0,7.0,2.0,Jeep / Kaiser-Jeep / Willys- Jeep,403.0,14.0,1.0,0.0,0.0,998.0,8.0,3.0,5.0,6.0,6.0,1.0,0.0,0.0,1.0,17.0,60531.0,1.0,6.0,3.0,Valid license for this class vehicle,0.0,66.0,180.0,0.0,0.0,0.0,0.0,No Record,0.0,0.0,0.0,0.0,3.0,2.0,55.0,1.0,1.0,2.0,1.0,28.0,2.0,53.0,1.0,1.0,1.0,201.0,17.0,99.0,1.0,0.0,202305495844.0,12.0,7.0,11.0,2.0,1.0,1.0,14.0,37.0,2.0,0.0,1.0,20.0,0.0,2.0,1.0,0.0
171173,2,0,0.0,0.0,1.0,9995.0,-99.0,17.0,119.0,12.0,20.0,4.0,46.0,2.0,1.0,3.0,3.0,0.0,1.0,0.0,0.0,0.0,0.0,17.0,3.0,12.0,1.0,0.0,1G1ZB5ST8HF1,2017.0,467.0,1834.0,13.0,20.0,Chevrolet,37.0,4.0,1.0,0.0,0.0,998.0,0.0,0.0,0.0,9.0,6.0,12.0,0.0,0.0,1.0,17.0,62249.0,1.0,6.0,3.0,Valid license for this class vehicle,3.0,66.0,165.0,0.0,0.0,0.0,0.0,No Record,0.0,0.0,0.0,0.0,1.0,2.0,45.0,1.0,1.0,2.0,1.0,0.0,1.0,65.0,99.0,1.0,1.0,409.0,17.0,0.0,1.0,0.0,202305020261.0,12.0,5.0,4.0,2.0,10.0,1.0,4.0,38.0,2.0,2.0,1.0,2.0,0.0,20.0,2.0,0.0