ST_CASE,VEH_NO_x,DRIMPAIR_x,DRDISTRACT,DRIVERRF,PER_NO_x,DRUGRES,DRUGACTQTY,STATE_x,COUNTY,HARM_EV_x,MAKE_x,BODY_TYP_x,AGE,SEX,PER_TYP_x,INJ_SEV,REST_USE,REST_MIS,AIR_BAG_x,EJECTION,DRINKING,ALC_RES,HISPANIC,STATE_y,VE_FORMS,HARM_EV_y,NUMOCCS,HIT_RUN,VIN,MOD_YEAR,VPICMAKE,VPICMODEL,VPICBODYCLASS,MAKE_y,MAKENAME,MODEL,BODY_TYP_y,HAZ_INV,HAZ_PLAC,HAZ_ID,TRAV_SP,UNDEROVERRIDE,ROLLOVER,ROLINLOC,IMPACT1,DEFORMED,M_HARM,FIRE_EXP,DR_DRINK,DR_PRES,L_STATE,DR_ZIP,L_TYPE,L_STATUS,L_COMPL,L_COMPLNAME,L_RESTRI,DR_HGT,DR_WGT,PREV_DWI,PREV_SPD,PREV_OTH,FIRST_MO,FIRST_MONAME,FIRST_YR,LAST_MO,LAST_YR,SPEEDREL,VTRAFWAY,VNUM_LAN,VSPD_LIM,VALIGN,VPROFILE,VPAVETYP,VSURCOND,VTRAFCON,P_CRASH1,P_CRASH2,P_CRASH3,PCRASH4,PCRASH5,ACC_CONFIG,STATE,RACE,ORDER,MULTRACE,CASENUM,HARM_EV,DAY_WEEK,MONTH,MAXSEV_IM,WEATHR_IM,PER_NO_y,BODY_TYP,AGE_IM,SEX_IM,INJSEV_IM,PER_TYP_y,AIR_BAG_y,EJECT_IM,MAKE,VEH_NO_y,DRIMPAIR_y
180193,1,0,96.0,39.0,1.0,3026.0,-99.0,18.0,91.0,12.0,37.0,2.0,39.0,1.0,1.0,4.0,3.0,0.0,9.0,0.0,0.0,0.0,7.0,18.0,2.0,12.0,1.0,0.0,2HGFG12628H5,2008.0,474.0,1863.0,3.0,37.0,Honda,31.0,2.0,1.0,0.0,0.0,998.0,0.0,0.0,0.0,12.0,6.0,12.0,0.0,0.0,1.0,18.0,46563.0,1.0,6.0,3.0,Valid license for this class vehicle,0.0,71.0,240.0,0.0,1.0,3.0,5.0,May,2021.0,5.0,2021.0,0.0,2.0,2.0,55.0,1.0,1.0,2.0,1.0,3.0,1.0,17.0,12.0,1.0,1.0,503.0,18.0,1.0,1.0,0.0,202304654983.0,12.0,5.0,1.0,1.0,1.0,1.0,2.0,26.0,1.0,0.0,1.0,20.0,0.0,37.0,2.0,0.0
180205,1,99,96.0,39.0,1.0,1.0,-99.0,18.0,151.0,12.0,12.0,14.0,18.0,1.0,1.0,3.0,20.0,7.0,9.0,0.0,9.0,0.0,0.0,18.0,2.0,12.0,4.0,0.0,1FMCU03128KE,2008.0,460.0,1798.0,7.0,12.0,Ford,402.0,14.0,1.0,0.0,0.0,998.0,0.0,0.0,0.0,2.0,6.0,12.0,0.0,0.0,1.0,18.0,46737.0,2.0,6.0,3.0,Valid license for this class vehicle,0.0,67.0,145.0,0.0,0.0,0.0,0.0,No Record,0.0,0.0,0.0,0.0,1.0,2.0,50.0,1.0,1.0,2.0,1.0,20.0,1.0,17.0,99.0,1.0,1.0,502.0,18.0,0.0,1.0,0.0,202304800589.0,12.0,3.0,2.0,1.0,1.0,1.0,14.0,19.0,2.0,1.0,1.0,1.0,0.0,12.0,1.0,98.0
180210,1,1,96.0,28.0,1.0,2088.0,23.9,18.0,29.0,12.0,63.0,4.0,48.0,1.0,1.0,4.0,20.0,7.0,9.0,0.0,0.0,0.0,7.0,18.0,2.0,12.0,1.0,0.0,5XXG14J29MG0,2021.0,499.0,27527.0,13.0,63.0,KIA,398.0,4.0,1.0,0.0,0.0,998.0,8.0,0.0,0.0,12.0,6.0,12.0,0.0,0.0,1.0,18.0,47001.0,0.0,0.0,0.0,Not licensed,0.0,75.0,270.0,0.0,0.0,0.0,0.0,No Record,0.0,0.0,0.0,0.0,5.0,5.0,45.0,1.0,2.0,2.0,2.0,97.0,1.0,10.0,99.0,1.0,2.0,301.0,18.0,1.0,1.0,0.0,202304637523.0,12.0,3.0,1.0,2.0,2.0,1.0,4.0,43.0,2.0,2.0,1.0,9.0,0.0,63.0,2.0,0.0
180215,1,0,96.0,38.0,1.0,9999.0,-99.0,18.0,99.0,12.0,19.0,15.0,44.0,2.0,1.0,1.0,1.0,0.0,20.0,0.0,0.0,995.0,0.0,18.0,2.0,12.0,1.0,0.0,1GYFK66817R2,2007.0,469.0,1843.0,7.0,19.0,Cadillac,421.0,15.0,1.0,0.0,0.0,998.0,0.0,0.0,0.0,12.0,7.0,12.0,0.0,0.0,1.0,18.0,46504.0,1.0,6.0,3.0,Valid license for this class vehicle,0.0,65.0,105.0,0.0,0.0,0.0,0.0,No Record,0.0,0.0,0.0,0.0,1.0,2.0,35.0,1.0,1.0,2.0,1.0,20.0,1.0,17.0,99.0,1.0,1.0,503.0,18.0,0.0,1.0,0.0,202305673905.0,42.0,5.0,10.0,3.0,5.0,1.0,15.0,18.0,1.0,3.0,1.0,8.0,0.0,19.0,1.0,9.0
180215,2,0,96.0,0.0,1.0,0.0,-99.0,18.0,99.0,12.0,35.0,4.0,74.0,2.0,1.0,3.0,3.0,0.0,9.0,0.0,0.0,0.0,0.0,18.0,2.0,12.0,3.0,0.0,3N1AB7AP5GY2,2016.0,478.0,1907.0,13.0,35.0,Nissan/Datsun,43.0,4.0,1.0,0.0,0.0,17.0,0.0,0.0,0.0,9.0,6.0,12.0,0.0,0.0,1.0,18.0,46562.0,1.0,6.0,3.0,Valid license for this class vehicle,0.0,66.0,230.0,0.0,0.0,0.0,0.0,No Record,0.0,0.0,0.0,0.0,1.0,2.0,35.0,1.0,1.0,2.0,1.0,97.0,1.0,17.0,99.0,1.0,1.0,504.0,18.0,0.0,1.0,0.0,202304734101.0,12.0,2.0,1.0,0.0,1.0,1.0,4.0,25.0,1.0,0.0,1.0,20.0,0.0,35.0,1.0,0.0
180232,1,99,96.0,0.0,1.0,0.0,-99.0,18.0,13.0,12.0,20.0,34.0,46.0,1.0,1.0,4.0,3.0,0.0,20.0,0.0,9.0,996.0,7.0,18.0,2.0,12.0,1.0,0.0,1GCVKPEC4JZ3,2018.0,467.0,1850.0,60.0,20.0,Chevrolet,481.0,34.0,1.0,0.0,0.0,998.0,0.0,0.0,0.0,12.0,6.0,12.0,0.0,0.0,1.0,18.0,46239.0,1.0,6.0,3.0,Valid license for this class vehicle,0.0,72.0,220.0,0.0,0.0,0.0,0.0,No Record,0.0,0.0,0.0,0.0,1.0,2.0,45.0,3.0,3.0,2.0,1.0,97.0,14.0,62.0,99.0,1.0,1.0,302.0,18.0,1.0,1.0,0.0,202305000857.0,12.0,7.0,6.0,0.0,1.0,1.0,34.0,74.0,1.0,0.0,1.0,20.0,0.0,20.0,2.0,0.0
180232,2,9,96.0,102.0,1.0,3022.0,-99.0,18.0,13.0,12.0,20.0,2.0,21.0,1.0,1.0,1.0,1.0,0.0,9.0,0.0,1.0,105.0,0.0,18.0,2.0,12.0,2.0,0.0,1G1FH1R79G01,2016.0,467.0,1829.0,3.0,20.0,Chevrolet,9.0,2.0,1.0,0.0,0.0,65.0,0.0,3.0,1.0,12.0,6.0,12.0,1.0,1.0,1.0,18.0,46217.0,0.0,0.0,0.0,Not licensed,0.0,999.0,999.0,0.0,0.0,0.0,0.0,No Record,0.0,0.0,0.0,5.0,1.0,2.0,45.0,2.0,3.0,2.0,1.0,97.0,14.0,10.0,99.0,1.0,2.0,301.0,18.0,0.0,1.0,0.0,202305162373.0,12.0,7.0,7.0,0.0,1.0,1.0,2.0,25.0,1.0,0.0,1.0,20.0,0.0,20.0,1.0,98.0
180235,2,99,96.0,0.0,1.0,3026.0,-99.0,18.0,69.0,12.0,18.0,4.0,81.0,1.0,1.0,4.0,3.0,0.0,9.0,0.0,9.0,996.0,7.0,18.0,3.0,12.0,2.0,0.0,1G4HD57208U1,2008.0,468.0,4267.0,13.0,18.0,Buick / Opel,23.0,4.0,1.0,0.0,0.0,0.0,8.0,0.0,0.0,6.0,6.0,12.0,0.0,0.0,1.0,18.0,46992.0,1.0,6.0,3.0,Valid license for this class vehicle,0.0,72.0,210.0,0.0,0.0,1.0,3.0,March,2022.0,3.0,2022.0,0.0,2.0,2.0,60.0,1.0,1.0,2.0,2.0,3.0,5.0,53.0,1.0,1.0,1.0,201.0,18.0,1.0,1.0,0.0,202305071182.0,12.0,2.0,6.0,1.0,1.0,1.0,4.0,21.0,1.0,0.0,1.0,20.0,0.0,18.0,1.0,98.0
180237,1,99,96.0,80.0,1.0,2216.0,-99.0,18.0,33.0,2.0,20.0,4.0,50.0,2.0,1.0,4.0,99.0,7.0,99.0,0.0,9.0,0.0,7.0,18.0,1.0,2.0,1.0,0.0,1G11B5SL3EF1,2014.0,467.0,1834.0,13.0,20.0,Chevrolet,37.0,4.0,1.0,0.0,0.0,998.0,7.0,0.0,0.0,0.0,6.0,2.0,1.0,0.0,1.0,18.0,46721.0,1.0,6.0,3.0,Valid license for this class vehicle,3.0,70.0,190.0,0.0,0.0,3.0,1.0,January,2019.0,3.0,2023.0,0.0,2.0,2.0,70.0,1.0,1.0,2.0,1.0,97.0,1.0,98.0,99.0,1.0,4.0,0.0,18.0,1.0,1.0,0.0,202305329967.0,12.0,2.0,6.0,1.0,10.0,1.0,4.0,30.0,2.0,1.0,1.0,20.0,0.0,20.0,2.0,0.0
180244,2,99,96.0,0.0,1.0,0.0,-99.0,18.0,23.0,57.0,82.0,66.0,54.0,1.0,1.0,4.0,99.0,7.0,99.0,0.0,9.0,996.0,7.0,18.0,3.0,57.0,1.0,0.0,3AKJHHDR9NSM,2022.0,450.0,2501.0,66.0,82.0,Freightliner,881.0,66.0,1.0,0.0,0.0,998.0,0.0,3.0,1.0,9.0,6.0,12.0,1.0,0.0,1.0,17.0,60443.0,1.0,6.0,3.0,Valid license for this class vehicle,3.0,72.0,220.0,0.0,0.0,2.0,3.0,March,2019.0,3.0,2021.0,0.0,3.0,2.0,65.0,1.0,1.0,2.0,1.0,0.0,1.0,64.0,99.0,1.0,1.0,998.0,18.0,2.0,1.0,0.0,202304926026.0,12.0,5.0,5.0,2.0,1.0,1.0,66.0,45.0,1.0,2.0,1.0,20.0,0.0,82.0,3.0,0.0
180244,3,0,96.0,0.0,1.0,9999.0,-99.0,18.0,23.0,57.0,41.0,4.0,50.0,1.0,1.0,0.0,3.0,0.0,20.0,0.0,0.0,995.0,0.0,18.0,3.0,57.0,1.0,0.0,JM1GJ1V54G14,2016.0,473.0,2078.0,13.0,41.0,Mazda,50.0,4.0,1.0,0.0,0.0,998.0,7.0,0.0,0.0,11.0,6.0,54.0,0.0,0.0,1.0,18.0,46205.0,1.0,6.0,3.0,Valid license for this class vehicle,3.0,72.0,190.0,0.0,1.0,0.0,8.0,August,2020.0,8.0,2020.0,0.0,3.0,2.0,65.0,1.0,1.0,2.0,1.0,0.0,1.0,98.0,99.0,1.0,1.0,998.0,18.0,0.0,1.0,0.0,202305376328.0,12.0,6.0,10.0,1.0,1.0,1.0,4.0,25.0,2.0,1.0,1.0,20.0,0.0,41.0,2.0,98.0
180245,2,0,96.0,0.0,1.0,3053.0,-99.0,18.0,95.0,12.0,7.0,20.0,57.0,2.0,1.0,3.0,3.0,0.0,9.0,0.0,0.0,0.0,0.0,18.0,2.0,12.0,1.0,0.0,2C4RDGCG2DR5,2013.0,476.0,14832.0,2.0,7.0,Dodge,442.0,20.0,1.0,0.0,0.0,998.0,8.0,0.0,0.0,12.0,6.0,12.0,1.0,0.0,1.0,18.0,46012.0,1.0,6.0,3.0,Valid license for this class vehicle,0.0,64.0,225.0,0.0,0.0,0.0,0.0,No Record,0.0,0.0,0.0,0.0,1.0,2.0,55.0,1.0,1.0,2.0,1.0,28.0,1.0,99.0,99.0,1.0,1.0,203.0,18.0,0.0,1.0,0.0,202304734677.0,34.0,5.0,2.0,1.0,12.0,1.0,20.0,43.0,1.0,1.0,1.0,1.0,0.0,7.0,1.0,0.0
180246,1,99,96.0,102.0,1.0,3053.0,-99.0,18.0,49.0,42.0,35.0,4.0,25.0,1.0,1.0,4.0,99.0,7.0,9.0,0.0,9.0,0.0,7.0,18.0,1.0,42.0,2.0,0.0,1N4AL3AP8DC2,2013.0,478.0,1904.0,13.0,35.0,Nissan/Datsun,47.0,4.0,1.0,0.0,0.0,998.0,7.0,0.0,0.0,12.0,6.0,42.0,0.0,0.0,1.0,18.0,46962.0,1.0,6.0,3.0,Valid license for this class vehicle,0.0,67.0,285.0,0.0,2.0,1.0,2.0,February,2019.0,1.0,2023.0,4.0,1.0,2.0,40.0,3.0,1.0,2.0,1.0,0.0,14.0,6.0,99.0,4.0,4.0,101.0,18.0,1.0,1.0,0.0,202304934398.0,12.0,5.0,3.0,0.0,5.0,1.0,4.0,29.0,1.0,0.0,1.0,20.0,0.0,35.0,2.0,0.0
180247,1,0,96.0,39.0,1.0,0.0,-99.0,18.0,173.0,42.0,20.0,4.0,85.0,1.0,1.0,4.0,3.0,0.0,9.0,0.0,0.0,996.0,7.0,18.0,1.0,42.0,1.0,0.0,2G1WT58K3691,2006.0,467.0,1833.0,13.0,20.0,Chevrolet,2.0,4.0,1.0,0.0,0.0,998.0,7.0,0.0,0.0,12.0,6.0,42.0,0.0,0.0,1.0,18.0,47601.0,1.0,6.0,3.0,Valid license for this class vehicle,3.0,73.0,178.0,0.0,0.0,0.0,0.0,No Record,0.0,0.0,0.0,0.0,1.0,2.0,30.0,1.0,1.0,2.0,1.0,20.0,1.0,14.0,1.0,1.0,4.0,103.0,18.0,1.0,1.0,0.0,202304951578.0,12.0,5.0,4.0,0.0,1.0,1.0,4.0,33.0,1.0,0.0,1.0,20.0,0.0,20.0,2.0,98.0
180248,2,0,96.0,0.0,1.0,1.0,-99.0,18.0,151.0,12.0,7.0,34.0,44.0,1.0,1.0,2.0,3.0,0.0,9.0,0.0,0.0,0.0,0.0,18.0,2.0,12.0,2.0,0.0,1C6RR7FG8JS2,2018.0,496.0,13620.0,60.0,7.0,Dodge,482.0,34.0,1.0,0.0,0.0,998.0,8.0,0.0,0.0,12.0,6.0,12.0,0.0,0.0,1.0,39.0,44130.0,1.0,6.0,3.0,Valid license for this class vehicle,0.0,76.0,250.0,0.0,0.0,0.0,0.0,No Record,0.0,0.0,0.0,0.0,2.0,2.0,70.0,3.0,1.0,2.0,2.0,97.0,14.0,64.0,99.0,1.0,1.0,302.0,18.0,0.0,1.0,0.0,202304828660.0,12.0,1.0,3.0,0.0,1.0,1.0,34.0,26.0,1.0,0.0,1.0,20.0,0.0,7.0,2.0,0.0
180250,1,99,96.0,102.0,1.0,1.0,-99.0,18.0,39.0,32.0,19.0,4.0,18.0,1.0,1.0,4.0,99.0,7.0,9.0,0.0,1.0,136.0,1.0,18.0,1.0,32.0,5.0,0.0,1G6AA5RAXD01,2013.0,469.0,1824.0,13.0,19.0,Cadillac,24.0,4.0,1.0,0.0,0.0,998.0,7.0,0.0,0.0,14.0,6.0,42.0,0.0,1.0,1.0,18.0,46517.0,0.0,0.0,0.0,Not licensed,0.0,57.0,70.0,99.0,99.0,99.0,99.0,Unknown,9999.0,99.0,9999.0,5.0,1.0,2.0,45.0,3.0,1.0,2.0,1.0,97.0,1.0,13.0,99.0,3.0,4.0,101.0,18.0,98.0,1.0,0.0,202304768980.0,14.0,1.0,1.0,2.0,1.0,1.0,4.0,33.0,1.0,2.0,1.0,9.0,0.0,19.0,1.0,9.0
180263,1,0,96.0,0.0,1.0,5997.0,-99.0,18.0,43.0,11.0,72.0,80.0,46.0,1.0,1.0,4.0,20.0,7.0,20.0,8.0,0.0,0.0,7.0,18.0,1.0,11.0,1.0,0.0,1HD4LE219LB4,2020.0,3888.0,12593.0,94.0,72.0,Harley-Davidson,706.0,80.0,1.0,0.0,0.0,998.0,7.0,8.0,8.0,12.0,7.0,11.0,0.0,0.0,1.0,18.0,47112.0,1.0,6.0,3.0,Valid license for this class vehicle,0.0,71.0,250.0,0.0,0.0,0.0,0.0,No Record,0.0,0.0,0.0,0.0,1.0,2.0,30.0,1.0,1.0,2.0,1.0,97.0,1.0,87.0,99.0,1.0,1.0,103.0,18.0,1.0,1.0,0.0,202305045024.0,12.0,3.0,5.0,1.0,1.0,1.0,80.0,49.0,1.0,1.0,1.0,20.0,8.0,72.0,2.0,0.0
180268,1,99,96.0,0.0,1.0,0.0,-99.0,18.0,13.0,42.0,12.0,14.0,59.0,1.0,1.0,4.0,3.0,0.0,20.0,0.0,9.0,996.0,7.0,18.0,1.0,42.0,1.0,0.0,1FMCU9HD4KUA,2019.0,460.0,1798.0,7.0,12.0,Ford,402.0,14.0,1.0,0.0,0.0,998.0,7.0,0.0,0.0,12.0,6.0,42.0,0.0,0.0,1.0,18.0,46160.0,1.0,6.0,3.0,Valid license for this class vehicle,3.0,72.0,160.0,0.0,0.0,3.0,7.0,July,2019.0,7.0,2019.0,0.0,1.0,2.0,40.0,3.0,3.0,2.0,1.0,0.0,14.0,13.0,99.0,1.0,4.0,101.0,18.0,1.0,1.0,0.0,202305043755.0,12.0,7.0,5.0,1.0,1.0,1.0,14.0,79.0,1.0,1.0,1.0,8.0,0.0,12.0,1.0,0.0
180275,2,0,96.0,0.0,1.0,1.0,-99.0,18.0,97.0,12.0,49.0,4.0,26.0,2.0,1.0,3.0,3.0,0.0,9.0,0.0,0.0,0.0,0.0,18.0,2.0,12.0,2.0,0.0,4T4BF1FK2CR2,2012.0,448.0,2469.0,13.0,49.0,Toyota,40.0,4.0,1.0,0.0,0.0,998.0,8.0,0.0,0.0,12.0,6.0,12.0,0.0,0.0,1.0,18.0,46219.0,1.0,6.0,3.0,Valid license for this class vehicle,3.0,64.0,164.0,0.0,0.0,0.0,0.0,No Record,0.0,0.0,0.0,0.0,1.0,2.0,40.0,1.0,1.0,2.0,1.0,0.0,1.0,62.0,99.0,1.0,1.0,302.0,18.0,0.0,1.0,0.0,202305516685.0,8.0,2.0,12.0,1.0,1.0,1.0,4.0,18.0,2.0,0.0,1.0,20.0,0.0,49.0,1.0,0.0
180280,1,99,96.0,28.0,1.0,9999.0,-99.0,18.0,91.0,34.0,49.0,4.0,20.0,1.0,1.0,4.0,3.0,0.0,9.0,0.0,9.0,995.0,7.0,18.0,1.0,34.0,1.0,0.0,5YFBU4EE9CP0,2012.0,448.0,2208.0,13.0,49.0,Toyota,32.0,4.0,1.0,0.0,0.0,998.0,7.0,0.0,0.0,12.0,6.0,42.0,0.0,0.0,1.0,18.0,46365.0,1.0,6.0,3.0,Valid license for this class vehicle,0.0,76.0,175.0,0.0,0.0,0.0,0.0,No Record,0.0,0.0,0.0,0.0,1.0,2.0,55.0,1.0,1.0,2.0,1.0,97.0,1.0,12.0,99.0,1.0,4.0,102.0,18.0,1.0,1.0,0.0,202304758926.0,12.0,3.0,1.0,1.0,1.0,1.0,4.0,23.0,2.0,0.0,1.0,20.0,0.0,49.0,1.0,0.0
180281,1,99,96.0,58.0,1.0,1.0,-99.0,18.0,157.0,35.0,12.0,15.0,31.0,2.0,1.0,3.0,3.0,0.0,99.0,0.0,0.0,0.0,0.0,18.0,1.0,35.0,6.0,0.0,1FMFU18L41LB,2001.0,460.0,1799.0,7.0,12.0,Ford,422.0,15.0,1.0,0.0,0.0,998.0,7.0,3.0,5.0,12.0,6.0,1.0,0.0,0.0,1.0,18.0,46929.0,1.0,6.0,3.0,Valid license for this class vehicle,3.0,62.0,200.0,0.0,2.0,1.0,10.0,October,2020.0,2.0,2022.0,0.0,1.0,2.0,55.0,2.0,2.0,2.0,1.0,97.0,14.0,12.0,15.0,2.0,4.0,102.0,18.0,0.0,1.0,0.0,202305430052.0,12.0,6.0,11.0,0.0,2.0,1.0,15.0,37.0,1.0,0.0,1.0,20.0,0.0,12.0,1.0,98.0
180285,1,9,96.0,28.0,1.0,1.0,-99.0,18.0,59.0,52.0,55.0,4.0,24.0,1.0,1.0,4.0,20.0,7.0,9.0,0.0,1.0,240.0,7.0,18.0,1.0,52.0,1.0,0.0,5NPE24AF9HH5,2017.0,498.0,2459.0,13.0,55.0,Hyundai,33.0,4.0,1.0,0.0,0.0,998.0,7.0,3.0,1.0,12.0,6.0,1.0,0.0,1.0,1.0,18.0,46208.0,1.0,6.0,3.0,Valid license for this class vehicle,0.0,74.0,190.0,0.0,0.0,0.0,8.0,August,2018.0,8.0,2018.0,5.0,3.0,2.0,55.0,1.0,1.0,1.0,1.0,97.0,1.0,13.0,99.0,1.0,4.0,101.0,18.0,1.0,1.0,0.0,202305051616.0,12.0,1.0,4.0,3.0,1.0,1.0,4.0,24.0,2.0,0.0,1.0,20.0,0.0,55.0,1.0,0.0
180318,2,99,96.0,38.0,1.0,5060.0,-99.0,18.0,89.0,12.0,72.0,80.0,40.0,1.0,1.0,4.0,20.0,7.0,20.0,8.0,9.0,112.0,7.0,18.0,2.0,12.0,1.0,0.0,1HD1KBM1XDB6,2013.0,3888.0,8515.0,81.0,72.0,Harley-Davidson,706.0,80.0,1.0,0.0,0.0,998.0,7.0,8.0,8.0,12.0,6.0,12.0,0.0,1.0,1.0,18.0,46409.0,1.0,1.0,2.0,No valid license for this class vehicle,0.0,76.0,185.0,0.0,0.0,1.0,8.0,August,2018.0,8.0,2018.0,5.0,1.0,4.0,30.0,1.0,1.0,2.0,1.0,0.0,1.0,60.0,99.0,1.0,1.0,404.0,18.0,2.0,1.0,0.0,202305208480.0,12.0,7.0,7.0,3.0,1.0,1.0,80.0,52.0,1.0,3.0,1.0,20.0,8.0,72.0,2.0,0.0
180320,1,0,96.0,26.0,1.0,1.0,-99.0,18.0,63.0,12.0,82.0,66.0,40.0,1.0,1.0,1.0,3.0,0.0,20.0,0.0,0.0,997.0,0.0,18.0,7.0,12.0,1.0,0.0,3AKJHHDR7NSN,2022.0,450.0,2501.0,66.0,82.0,Freightliner,881.0,66.0,1.0,0.0,0.0,998.0,0.0,0.0,0.0,12.0,6.0,12.0,0.0,0.0,1.0,48.0,77396.0,1.0,6.0,3.0,Valid license for this class vehicle,0.0,999.0,999.0,0.0,3.0,0.0,9.0,September,2020.0,3.0,2023.0,0.0,2.0,2.0,70.0,1.0,2.0,1.0,1.0,97.0,1.0,59.0,99.0,1.0,1.0,203.0,18.0,0.0,1.0,0.0,202305016501.0,12.0,6.0,6.0,0.0,1.0,1.0,66.0,55.0,1.0,0.0,1.0,20.0,0.0,82.0,2.0,0.0
180324,1,99,96.0,28.0,1.0,0.0,-99.0,18.0,57.0,12.0,20.0,4.0,20.0,1.0,1.0,4.0,99.0,7.0,20.0,0.0,9.0,996.0,7.0,18.0,2.0,12.0,1.0,0.0,1G1PH5SB0D71,2013.0,467.0,1832.0,13.0,20.0,Chevrolet,25.0,4.0,1.0,0.0,0.0,998.0,0.0,0.0,0.0,12.0,7.0,12.0,0.0,0.0,1.0,18.0,46060.0,2.0,6.0,3.0,Valid license for this class vehicle,3.0,69.0,142.0,0.0,2.0,0.0,10.0,October,2022.0,3.0,2023.0,0.0,1.0,2.0,45.0,2.0,1.0,2.0,1.0,0.0,14.0,10.0,99.0,1.0,2.0,301.0,18.0,2.0,1.0,0.0,202305382752.0,12.0,2.0,8.0,0.0,1.0,1.0,4.0,72.0,2.0,0.0,1.0,20.0,0.0,20.0,1.0,0.0
180325,1,99,96.0,54.0,1.0,9029.0,-99.0,18.0,53.0,12.0,72.0,80.0,70.0,1.0,1.0,4.0,20.0,7.0,20.0,8.0,9.0,0.0,7.0,18.0,2.0,12.0,1.0,0.0,1HD1KBM19CB6,2012.0,3888.0,11077.0,81.0,72.0,Harley-Davidson,706.0,80.0,1.0,0.0,0.0,0.0,7.0,8.0,8.0,6.0,6.0,12.0,0.0,0.0,1.0,18.0,46953.0,1.0,6.0,3.0,Valid license for this class vehicle,0.0,73.0,223.0,0.0,0.0,0.0,0.0,No Record,0.0,0.0,0.0,0.0,1.0,2.0,35.0,1.0,1.0,2.0,1.0,97.0,5.0,53.0,1.0,1.0,1.0,201.0,18.0,2.0,1.0,0.0,202305031041.0,12.0,6.0,6.0,3.0,1.0,1.0,80.0,48.0,1.0,3.0,1.0,20.0,8.0,72.0,2.0,99.0
180330,1,99,96.0,35.0,1.0,9999.0,-99.0,18.0,159.0,12.0,30.0,3.0,17.0,2.0,1.0,1.0,20.0,7.0,9.0,0.0,9.0,995.0,0.0,18.0,4.0,12.0,1.0,0.0,3VWF17AT3HM6,2017.0,482.0,8119.0,3.0,30.0,Volkswagen,47.0,3.0,1.0,0.0,0.0,998.0,0.0,0.0,0.0,3.0,6.0,12.0,0.0,0.0,1.0,18.0,46072.0,2.0,6.0,3.0,Valid license for this class vehicle,3.0,65.0,110.0,0.0,0.0,0.0,0.0,No Record,0.0,0.0,0.0,0.0,1.0,2.0,55.0,1.0,1.0,2.0,1.0,97.0,6.0,10.0,7.0,1.0,2.0,998.0,18.0,0.0,1.0,0.0,202305108200.0,24.0,6.0,5.0,0.0,1.0,1.0,3.0,19.0,1.0,0.0,1.0,20.0,0.0,30.0,1.0,0.0
180340,1,0,96.0,39.0,1.0,0.0,-99.0,18.0,131.0,12.0,37.0,14.0,78.0,1.0,1.0,4.0,20.0,7.0,9.0,0.0,0.0,996.0,7.0,18.0,2.0,12.0,1.0,0.0,5J6RM4H56EL0,2014.0,474.0,1865.0,7.0,37.0,Honda,402.0,14.0,1.0,0.0,0.0,998.0,0.0,0.0,0.0,4.0,6.0,12.0,0.0,0.0,1.0,18.0,46366.0,1.0,6.0,3.0,Valid license for this class vehicle,0.0,69.0,280.0,0.0,0.0,0.0,0.0,No Record,0.0,0.0,0.0,0.0,1.0,2.0,55.0,1.0,1.0,2.0,1.0,20.0,1.0,17.0,99.0,1.0,1.0,502.0,18.0,1.0,1.0,0.0,202304655606.0,57.0,7.0,1.0,0.0,1.0,1.0,14.0,22.0,2.0,0.0,1.0,20.0,0.0,37.0,1.0,2.0
180340,2,0,96.0,0.0,1.0,0.0,-99.0,18.0,131.0,12.0,37.0,14.0,83.0,1.0,1.0,3.0,2.0,0.0,9.0,0.0,0.0,996.0,0.0,18.0,2.0,12.0,1.0,0.0,2HKRW6H31JH2,2018.0,474.0,1865.0,7.0,37.0,Honda,402.0,14.0,1.0,0.0,0.0,998.0,0.0,0.0,0.0,12.0,6.0,12.0,0.0,0.0,1.0,18.0,46985.0,1.0,6.0,3.0,Valid license for this class vehicle,3.0,73.0,274.0,0.0,0.0,0.0,0.0,No Record,0.0,0.0,0.0,0.0,1.0,2.0,55.0,1.0,1.0,2.0,1.0,97.0,1.0,17.0,99.0,1.0,1.0,501.0,18.0,0.0,1.0,0.0,202305212220.0,12.0,6.0,8.0,2.0,1.0,1.0,14.0,33.0,1.0,0.0,1.0,8.0,0.0,37.0,1.0,98.0
180347,1,99,96.0,87.0,1.0,9999.0,-99.0,18.0,109.0,17.0,35.0,2.0,34.0,2.0,1.0,4.0,20.0,7.0,9.0,0.0,9.0,995.0,7.0,18.0,1.0,17.0,1.0,0.0,1N4AL2EP5CC2,2012.0,478.0,1904.0,3.0,35.0,Nissan/Datsun,47.0,2.0,1.0,0.0,0.0,998.0,7.0,0.0,0.0,12.0,6.0,17.0,0.0,0.0,1.0,18.0,46226.0,1.0,1.0,2.0,No valid license for this class vehicle,0.0,66.0,165.0,0.0,1.0,3.0,7.0,July,2020.0,12.0,2022.0,4.0,1.0,2.0,45.0,3.0,2.0,2.0,2.0,0.0,14.0,6.0,99.0,5.0,4.0,101.0,18.0,2.0,1.0,0.0,202305371848.0,12.0,6.0,10.0,1.0,1.0,1.0,2.0,25.0,2.0,0.0,1.0,20.0,0.0,35.0,1.0,98.0