ST_CASE,VEH_NO_x,DRIMPAIR_x,DRDISTRACT,DRIVERRF,PER_NO_x,DRUGRES,DRUGACTQTY,STATE_x,COUNTY,HARM_EV_x,MAKE_x,BODY_TYP_x,AGE,SEX,PER_TYP_x,INJ_SEV,REST_USE,REST_MIS,AIR_BAG_x,EJECTION,DRINKING,ALC_RES,HISPANIC,STATE_y,VE_FORMS,HARM_EV_y,NUMOCCS,HIT_RUN,VIN,MOD_YEAR,VPICMAKE,VPICMODEL,VPICBODYCLASS,MAKE_y,MAKENAME,MODEL,BODY_TYP_y,HAZ_INV,HAZ_PLAC,HAZ_ID,TRAV_SP,UNDEROVERRIDE,ROLLOVER,ROLINLOC,IMPACT1,DEFORMED,M_HARM,FIRE_EXP,DR_DRINK,DR_PRES,L_STATE,DR_ZIP,L_TYPE,L_STATUS,L_COMPL,L_COMPLNAME,L_RESTRI,DR_HGT,DR_WGT,PREV_DWI,PREV_SPD,PREV_OTH,FIRST_MO,FIRST_MONAME,FIRST_YR,LAST_MO,LAST_YR,SPEEDREL,VTRAFWAY,VNUM_LAN,VSPD_LIM,VALIGN,VPROFILE,VPAVETYP,VSURCOND,VTRAFCON,P_CRASH1,P_CRASH2,P_CRASH3,PCRASH4,PCRASH5,ACC_CONFIG,STATE,RACE,ORDER,MULTRACE,CASENUM,HARM_EV,DAY_WEEK,MONTH,MAXSEV_IM,WEATHR_IM,PER_NO_y,BODY_TYP,AGE_IM,SEX_IM,INJSEV_IM,PER_TYP_y,AIR_BAG_y,EJECT_IM,MAKE,VEH_NO_y,DRIMPAIR_y
180532,1,99,96.0,0.0,1.0,0.0,-99.0,18.0,133.0,1.0,19.0,6.0,72.0,2.0,1.0,4.0,99.0,7.0,99.0,0.0,9.0,996.0,7.0,18.0,1.0,1.0,2.0,0.0,3GYFNBE3XGS5,2016.0,469.0,1844.0,7.0,19.0,Cadillac,20.0,6.0,1.0,0.0,0.0,998.0,7.0,3.0,5.0,0.0,6.0,1.0,0.0,0.0,1.0,12.0,33983.0,0.0,0.0,0.0,Not licensed,0.0,63.0,999.0,0.0,0.0,0.0,0.0,No Record,0.0,0.0,0.0,5.0,1.0,2.0,45.0,4.0,2.0,2.0,1.0,0.0,14.0,19.0,99.0,1.0,4.0,998.0,18.0,1.0,1.0,0.0,202305319443.0,12.0,3.0,9.0,0.0,1.0,1.0,6.0,62.0,1.0,0.0,1.0,20.0,0.0,19.0,1.0,0.0
180538,1,0,96.0,102.0,1.0,0.0,-99.0,18.0,111.0,12.0,37.0,4.0,61.0,2.0,1.0,0.0,3.0,0.0,20.0,0.0,0.0,996.0,0.0,18.0,2.0,12.0,1.0,0.0,1HGCP36889A0,2009.0,474.0,1861.0,13.0,37.0,Honda,32.0,4.0,1.0,0.0,0.0,998.0,7.0,0.0,0.0,12.0,6.0,12.0,0.0,0.0,1.0,18.0,47922.0,1.0,6.0,3.0,Valid license for this class vehicle,3.0,61.0,204.0,0.0,0.0,1.0,5.0,May,2019.0,5.0,2019.0,0.0,1.0,2.0,55.0,1.0,1.0,2.0,1.0,97.0,1.0,51.0,99.0,1.0,1.0,202.0,18.0,0.0,1.0,0.0,202305589920.0,12.0,6.0,10.0,1.0,1.0,1.0,4.0,49.0,1.0,0.0,1.0,20.0,0.0,37.0,1.0,98.0
180554,1,0,96.0,38.0,1.0,0.0,-99.0,18.0,127.0,12.0,12.0,34.0,29.0,1.0,1.0,0.0,3.0,0.0,20.0,0.0,0.0,997.0,0.0,18.0,2.0,12.0,1.0,0.0,1FTFW1EF4CFA,2012.0,460.0,1801.0,60.0,12.0,Ford,481.0,34.0,1.0,0.0,0.0,998.0,7.0,0.0,0.0,12.0,6.0,12.0,0.0,0.0,1.0,18.0,46392.0,1.0,6.0,3.0,Valid license for this class vehicle,3.0,71.0,220.0,0.0,0.0,0.0,0.0,No Record,0.0,0.0,0.0,0.0,1.0,2.0,40.0,1.0,1.0,2.0,1.0,20.0,1.0,17.0,99.0,1.0,1.0,503.0,18.0,0.0,1.0,0.0,202305538033.0,11.0,2.0,12.0,2.0,1.0,1.0,34.0,25.0,2.0,2.0,1.0,98.0,0.0,12.0,1.0,98.0
180556,1,9,96.0,0.0,1.0,3033.0,-99.0,18.0,163.0,12.0,49.0,4.0,29.0,2.0,1.0,3.0,2.0,0.0,9.0,0.0,1.0,168.0,0.0,18.0,2.0,12.0,1.0,0.0,5YFBURHE7JP7,2018.0,448.0,2208.0,13.0,49.0,Toyota,32.0,4.0,1.0,0.0,0.0,998.0,8.0,0.0,0.0,12.0,6.0,12.0,0.0,1.0,1.0,18.0,47532.0,1.0,6.0,3.0,Valid license for this class vehicle,0.0,62.0,113.0,0.0,4.0,2.0,9.0,September,2019.0,9.0,2022.0,5.0,2.0,2.0,70.0,1.0,1.0,1.0,1.0,97.0,1.0,50.0,99.0,1.0,1.0,202.0,18.0,0.0,1.0,0.0,202304780501.0,12.0,2.0,2.0,2.0,1.0,1.0,4.0,29.0,2.0,2.0,1.0,20.0,0.0,49.0,4.0,98.0
180559,1,0,96.0,38.0,1.0,0.0,-99.0,18.0,127.0,12.0,2.0,14.0,82.0,1.0,1.0,4.0,3.0,0.0,9.0,0.0,0.0,996.0,7.0,18.0,2.0,12.0,1.0,0.0,1C4PJMDX3KD2,2019.0,483.0,1945.0,7.0,2.0,Jeep / Kaiser-Jeep / Willys- Jeep,404.0,14.0,1.0,0.0,0.0,998.0,0.0,0.0,0.0,12.0,6.0,12.0,0.0,0.0,1.0,18.0,46385.0,1.0,6.0,3.0,Valid license for this class vehicle,3.0,63.0,160.0,0.0,0.0,0.0,0.0,No Record,0.0,0.0,0.0,0.0,1.0,2.0,40.0,1.0,1.0,2.0,1.0,3.0,1.0,67.0,99.0,1.0,1.0,415.0,18.0,1.0,1.0,0.0,202304953155.0,12.0,5.0,5.0,0.0,10.0,1.0,14.0,19.0,2.0,0.0,1.0,20.0,0.0,2.0,2.0,0.0
180565,1,0,96.0,39.0,1.0,1.0,-99.0,18.0,3.0,12.0,82.0,66.0,53.0,1.0,1.0,2.0,3.0,0.0,20.0,0.0,0.0,995.0,0.0,18.0,2.0,12.0,1.0,0.0,3AKJGLD56FSG,2015.0,450.0,2501.0,66.0,82.0,Freightliner,881.0,66.0,1.0,0.0,0.0,998.0,0.0,0.0,0.0,5.0,7.0,12.0,0.0,0.0,1.0,45.0,29817.0,1.0,6.0,3.0,Valid license for this class vehicle,0.0,71.0,280.0,1.0,0.0,0.0,1.0,January,2019.0,6.0,2022.0,5.0,1.0,2.0,55.0,1.0,1.0,2.0,1.0,20.0,1.0,17.0,99.0,1.0,1.0,502.0,18.0,0.0,1.0,0.0,202304934719.0,12.0,5.0,5.0,0.0,2.0,1.0,66.0,55.0,1.0,0.0,1.0,20.0,0.0,82.0,2.0,0.0
180577,1,0,96.0,80.0,1.0,1.0,-99.0,18.0,97.0,54.0,35.0,34.0,39.0,1.0,1.0,0.0,3.0,0.0,20.0,0.0,0.0,0.0,0.0,18.0,2.0,54.0,1.0,0.0,1N6AD0EV3GN7,2016.0,478.0,1919.0,60.0,35.0,Nissan/Datsun,472.0,34.0,1.0,0.0,0.0,998.0,7.0,0.0,0.0,18.0,6.0,54.0,0.0,0.0,1.0,18.0,46219.0,0.0,0.0,0.0,Not licensed,0.0,999.0,999.0,0.0,0.0,0.0,0.0,No Record,0.0,0.0,0.0,0.0,3.0,3.0,50.0,1.0,2.0,2.0,1.0,97.0,1.0,98.0,99.0,1.0,1.0,998.0,18.0,0.0,1.0,0.0,202304967113.0,12.0,2.0,4.0,0.0,1.0,1.0,34.0,36.0,1.0,0.0,1.0,20.0,0.0,35.0,2.0,98.0
180579,1,99,96.0,28.0,1.0,3026.0,-99.0,18.0,91.0,42.0,12.0,4.0,62.0,1.0,1.0,4.0,99.0,7.0,9.0,0.0,9.0,0.0,7.0,18.0,1.0,42.0,1.0,0.0,1FAHP2E85EG1,2014.0,460.0,1782.0,13.0,12.0,Ford,17.0,4.0,1.0,0.0,0.0,998.0,7.0,0.0,0.0,12.0,6.0,42.0,0.0,0.0,1.0,18.0,46365.0,1.0,6.0,3.0,Valid license for this class vehicle,0.0,69.0,130.0,0.0,0.0,0.0,0.0,No Record,0.0,0.0,0.0,0.0,1.0,2.0,45.0,1.0,1.0,2.0,1.0,0.0,1.0,12.0,99.0,1.0,4.0,102.0,18.0,1.0,1.0,0.0,202304834077.0,12.0,3.0,2.0,0.0,10.0,1.0,4.0,25.0,2.0,0.0,1.0,3.0,0.0,12.0,1.0,98.0
180597,1,99,96.0,0.0,1.0,0.0,-99.0,18.0,19.0,42.0,37.0,4.0,42.0,1.0,1.0,4.0,99.0,7.0,20.0,9.0,9.0,996.0,7.0,18.0,1.0,42.0,1.0,0.0,19XFB2F53FE0,2015.0,474.0,1863.0,13.0,37.0,Honda,31.0,4.0,1.0,0.0,0.0,998.0,7.0,0.0,0.0,12.0,6.0,42.0,0.0,0.0,1.0,18.0,47111.0,1.0,1.0,2.0,No valid license for this class vehicle,0.0,72.0,175.0,1.0,0.0,1.0,5.0,May,2022.0,5.0,2022.0,0.0,1.0,2.0,45.0,1.0,1.0,2.0,1.0,0.0,1.0,12.0,99.0,1.0,4.0,102.0,18.0,1.0,1.0,0.0,202304905342.0,12.0,4.0,5.0,0.0,1.0,1.0,4.0,56.0,2.0,0.0,1.0,20.0,0.0,37.0,1.0,0.0
180598,1,99,6.0,58.0,1.0,3026.0,-99.0,18.0,69.0,1.0,7.0,6.0,31.0,2.0,1.0,4.0,20.0,7.0,9.0,1.0,9.0,110.0,7.0,18.0,1.0,1.0,1.0,0.0,3D4PG5FV5AT1,2010.0,476.0,1939.0,7.0,7.0,Dodge,27.0,6.0,1.0,0.0,0.0,998.0,7.0,3.0,5.0,0.0,6.0,1.0,0.0,1.0,1.0,18.0,46952.0,1.0,6.0,3.0,Valid license for this class vehicle,0.0,68.0,185.0,0.0,0.0,1.0,9.0,September,2021.0,9.0,2021.0,0.0,1.0,2.0,55.0,1.0,1.0,2.0,1.0,0.0,1.0,13.0,99.0,1.0,4.0,101.0,18.0,1.0,1.0,0.0,202305227783.0,12.0,5.0,8.0,3.0,1.0,1.0,6.0,30.0,2.0,3.0,1.0,9.0,0.0,7.0,2.0,98.0
180605,1,99,96.0,102.0,1.0,3033.0,-99.0,18.0,79.0,1.0,19.0,4.0,23.0,1.0,1.0,4.0,20.0,7.0,20.0,0.0,9.0,998.0,7.0,18.0,1.0,1.0,1.0,0.0,1G6DP5679501,2005.0,469.0,1825.0,13.0,19.0,Cadillac,18.0,4.0,1.0,0.0,0.0,998.0,7.0,3.0,5.0,0.0,6.0,1.0,0.0,0.0,1.0,18.0,47265.0,1.0,1.0,2.0,No valid license for this class vehicle,0.0,66.0,180.0,0.0,0.0,5.0,11.0,November,2018.0,1.0,2023.0,5.0,1.0,2.0,35.0,1.0,2.0,2.0,1.0,0.0,1.0,12.0,99.0,1.0,4.0,102.0,18.0,1.0,1.0,0.0,202305054379.0,38.0,2.0,5.0,2.0,10.0,1.0,4.0,23.0,1.0,2.0,1.0,20.0,0.0,19.0,1.0,1.0
180606,1,2,96.0,28.0,1.0,0.0,-99.0,18.0,47.0,24.0,7.0,34.0,76.0,1.0,1.0,0.0,3.0,0.0,20.0,0.0,0.0,0.0,0.0,18.0,2.0,24.0,1.0,0.0,1D7HU18258S5,2008.0,476.0,1938.0,60.0,7.0,Dodge,482.0,34.0,1.0,0.0,0.0,998.0,7.0,0.0,0.0,12.0,6.0,12.0,0.0,0.0,1.0,18.0,46140.0,1.0,6.0,3.0,Valid license for this class vehicle,0.0,72.0,195.0,0.0,0.0,0.0,0.0,No Record,0.0,0.0,0.0,0.0,1.0,2.0,55.0,2.0,1.0,2.0,1.0,97.0,14.0,12.0,99.0,1.0,4.0,102.0,18.0,0.0,1.0,0.0,202304776115.0,12.0,5.0,1.0,2.0,1.0,1.0,34.0,55.0,1.0,2.0,1.0,20.0,0.0,7.0,1.0,0.0
180617,1,99,96.0,27.0,1.0,0.0,-99.0,18.0,19.0,24.0,49.0,14.0,58.0,2.0,1.0,4.0,3.0,0.0,9.0,0.0,9.0,996.0,7.0,18.0,1.0,24.0,2.0,0.0,4T3B6RFV7PU1,2023.0,448.0,2217.0,7.0,49.0,Toyota,402.0,14.0,1.0,0.0,0.0,998.0,7.0,3.0,4.0,10.0,6.0,1.0,0.0,0.0,1.0,18.0,47167.0,1.0,6.0,3.0,Valid license for this class vehicle,0.0,70.0,144.0,0.0,0.0,0.0,0.0,No Record,0.0,0.0,0.0,0.0,6.0,1.0,45.0,2.0,1.0,2.0,1.0,97.0,1.0,12.0,99.0,1.0,4.0,102.0,18.0,1.0,1.0,0.0,202305352312.0,12.0,5.0,10.0,1.0,1.0,1.0,14.0,72.0,2.0,1.0,1.0,20.0,0.0,49.0,2.0,0.0
180628,1,99,96.0,38.0,1.0,0.0,-99.0,18.0,73.0,12.0,49.0,4.0,71.0,1.0,1.0,4.0,20.0,7.0,9.0,0.0,9.0,996.0,7.0,18.0,2.0,12.0,2.0,0.0,5YFEPMAE4MP2,2021.0,448.0,2208.0,13.0,49.0,Toyota,32.0,4.0,1.0,0.0,0.0,998.0,0.0,0.0,0.0,11.0,6.0,12.0,0.0,0.0,1.0,17.0,60148.0,1.0,6.0,3.0,Valid license for this class vehicle,3.0,73.0,200.0,0.0,0.0,0.0,0.0,No Record,0.0,0.0,0.0,0.0,0.0,0.0,0.0,0.0,0.0,0.0,0.0,0.0,1.0,19.0,99.0,1.0,1.0,303.0,18.0,1.0,1.0,0.0,202304667131.0,12.0,6.0,1.0,0.0,10.0,1.0,4.0,25.0,2.0,0.0,1.0,20.0,0.0,49.0,1.0,0.0
180632,1,10,96.0,0.0,1.0,0.0,-99.0,18.0,165.0,33.0,98.0,95.0,80.0,1.0,1.0,4.0,20.0,7.0,20.0,1.0,0.0,996.0,7.0,18.0,1.0,33.0,1.0,0.0,0,9999.0,99997.0,99997.0,124.0,98.0,Other Make,998.0,95.0,1.0,0.0,0.0,998.0,7.0,0.0,0.0,12.0,7.0,33.0,0.0,0.0,1.0,18.0,47928.0,1.0,6.0,3.0,Valid license for this class vehicle,0.0,71.0,210.0,0.0,0.0,0.0,0.0,No Record,0.0,0.0,0.0,0.0,1.0,2.0,35.0,1.0,1.0,2.0,1.0,0.0,1.0,13.0,99.0,1.0,4.0,101.0,18.0,1.0,1.0,0.0,202304636966.0,43.0,1.0,1.0,2.0,1.0,1.0,83.0,49.0,1.0,2.0,1.0,20.0,8.0,73.0,1.0,98.0
180636,1,99,96.0,0.0,1.0,1059.0,-99.0,18.0,117.0,1.0,49.0,4.0,25.0,1.0,1.0,4.0,20.0,7.0,20.0,0.0,9.0,0.0,7.0,18.0,1.0,1.0,1.0,0.0,4T1BK46KX7U5,2007.0,448.0,2469.0,13.0,49.0,Toyota,40.0,4.0,1.0,0.0,0.0,998.0,7.0,3.0,5.0,0.0,6.0,1.0,0.0,0.0,1.0,18.0,47150.0,1.0,6.0,3.0,Valid license for this class vehicle,0.0,72.0,215.0,0.0,0.0,1.0,11.0,November,2018.0,11.0,2018.0,0.0,1.0,2.0,45.0,3.0,1.0,2.0,1.0,0.0,14.0,13.0,99.0,1.0,4.0,101.0,18.0,1.0,1.0,0.0,202305062924.0,12.0,2.0,6.0,3.0,1.0,1.0,4.0,64.0,1.0,3.0,1.0,9.0,0.0,49.0,2.0,98.0
180637,1,9,96.0,0.0,1.0,5060.0,-99.0,18.0,97.0,12.0,7.0,2.0,19.0,1.0,1.0,2.0,3.0,0.0,9.0,0.0,0.0,0.0,0.0,18.0,2.0,12.0,3.0,0.0,2C3CDYCJ6EH1,2014.0,476.0,1893.0,3.0,7.0,Dodge,28.0,2.0,1.0,0.0,0.0,998.0,0.0,0.0,0.0,12.0,6.0,12.0,0.0,0.0,1.0,18.0,46229.0,2.0,6.0,3.0,Valid license for this class vehicle,0.0,67.0,155.0,0.0,0.0,0.0,0.0,No Record,0.0,0.0,0.0,5.0,1.0,4.0,40.0,1.0,1.0,2.0,1.0,3.0,1.0,99.0,99.0,9.0,9.0,998.0,18.0,0.0,1.0,0.0,202304750487.0,12.0,2.0,2.0,1.0,1.0,1.0,2.0,51.0,1.0,0.0,1.0,1.0,0.0,7.0,1.0,0.0
180639,1,0,9.0,38.0,1.0,1.0,-99.0,18.0,1.0,12.0,6.0,20.0,74.0,1.0,1.0,2.0,3.0,0.0,9.0,0.0,0.0,0.0,0.0,18.0,2.0,12.0,2.0,0.0,2A4RR5D19AR3,2010.0,477.0,1936.0,2.0,6.0,Chrysler,441.0,20.0,1.0,0.0,0.0,998.0,0.0,0.0,0.0,3.0,6.0,12.0,0.0,0.0,1.0,39.0,45882.0,1.0,6.0,3.0,Valid license for this class vehicle,0.0,69.0,220.0,0.0,0.0,1.0,8.0,August,2020.0,8.0,2020.0,0.0,1.0,2.0,55.0,1.0,1.0,2.0,1.0,0.0,11.0,15.0,99.0,1.0,1.0,401.0,18.0,0.0,1.0,0.0,202304741665.0,12.0,7.0,2.0,0.0,1.0,1.0,20.0,59.0,2.0,0.0,1.0,20.0,0.0,6.0,1.0,0.0
180643,2,0,96.0,0.0,1.0,1.0,-99.0,18.0,3.0,12.0,98.0,81.0,58.0,1.0,1.0,4.0,20.0,7.0,20.0,8.0,0.0,996.0,7.0,18.0,2.0,12.0,1.0,0.0,L2BB9NCC9MB4,2021.0,3115.0,15107.0,104.0,98.0,Other Make,709.0,81.0,1.0,0.0,0.0,998.0,7.0,8.0,8.0,6.0,6.0,12.0,0.0,0.0,1.0,18.0,46825.0,0.0,0.0,0.0,Not licensed,0.0,72.0,215.0,0.0,0.0,0.0,0.0,No Record,0.0,0.0,0.0,0.0,5.0,5.0,40.0,1.0,1.0,1.0,1.0,0.0,1.0,53.0,1.0,1.0,1.0,201.0,18.0,1.0,1.0,0.0,202305120854.0,12.0,2.0,5.0,2.0,1.0,1.0,81.0,19.0,1.0,2.0,1.0,20.0,8.0,98.0,1.0,0.0
180655,1,99,96.0,28.0,1.0,0.0,-99.0,18.0,81.0,12.0,37.0,4.0,42.0,1.0,1.0,4.0,3.0,0.0,9.0,0.0,9.0,995.0,7.0,18.0,2.0,12.0,1.0,0.0,1HGCR2F3XEA3,2014.0,474.0,1861.0,13.0,37.0,Honda,32.0,4.0,1.0,0.0,0.0,65.0,8.0,0.0,0.0,12.0,6.0,12.0,0.0,0.0,1.0,18.0,46259.0,1.0,6.0,3.0,Valid license for this class vehicle,0.0,68.0,190.0,0.0,0.0,0.0,0.0,No Record,0.0,0.0,0.0,0.0,1.0,2.0,35.0,1.0,1.0,2.0,1.0,0.0,1.0,10.0,99.0,5.0,2.0,301.0,18.0,18.0,1.0,0.0,202304850142.0,12.0,6.0,3.0,2.0,10.0,1.0,4.0,23.0,2.0,2.0,1.0,1.0,0.0,37.0,1.0,0.0
180662,1,0,96.0,38.0,1.0,1.0,-99.0,18.0,81.0,12.0,48.0,14.0,78.0,2.0,1.0,4.0,20.0,7.0,9.0,0.0,0.0,27.0,7.0,18.0,5.0,12.0,1.0,0.0,JF2SJADC6GH5,2016.0,523.0,2234.0,7.0,48.0,Subaru,401.0,14.0,1.0,0.0,0.0,998.0,0.0,0.0,0.0,10.0,6.0,12.0,0.0,1.0,1.0,18.0,46124.0,1.0,6.0,3.0,Valid license for this class vehicle,3.0,62.0,120.0,0.0,0.0,0.0,0.0,No Record,0.0,0.0,0.0,0.0,1.0,2.0,60.0,1.0,1.0,2.0,2.0,0.0,1.0,17.0,99.0,1.0,1.0,504.0,18.0,1.0,1.0,0.0,202305129409.0,12.0,2.0,7.0,0.0,1.0,1.0,14.0,45.0,2.0,0.0,1.0,20.0,0.0,48.0,2.0,0.0
180664,1,99,96.0,54.0,1.0,0.0,-99.0,18.0,137.0,12.0,49.0,4.0,80.0,1.0,1.0,4.0,3.0,0.0,9.0,0.0,9.0,996.0,7.0,18.0,2.0,12.0,1.0,0.0,4T1BG22K7YU6,2000.0,448.0,2469.0,13.0,49.0,Toyota,40.0,4.0,1.0,0.0,0.0,0.0,0.0,0.0,0.0,2.0,6.0,12.0,1.0,0.0,1.0,39.0,45258.0,1.0,6.0,3.0,Valid license for this class vehicle,0.0,74.0,180.0,0.0,0.0,0.0,12.0,December,2021.0,12.0,2021.0,0.0,2.0,2.0,70.0,1.0,1.0,2.0,1.0,0.0,5.0,53.0,1.0,1.0,1.0,998.0,18.0,1.0,1.0,0.0,202305307130.0,12.0,6.0,10.0,0.0,5.0,1.0,4.0,20.0,2.0,0.0,1.0,20.0,0.0,49.0,1.0,0.0
180675,1,99,96.0,0.0,1.0,0.0,-99.0,18.0,27.0,1.0,98.0,92.0,18.0,1.0,1.0,4.0,20.0,7.0,20.0,0.0,9.0,996.0,7.0,18.0,1.0,1.0,1.0,0.0,0,9999.0,5431.0,14247.0,126.0,98.0,Other Make,998.0,92.0,1.0,0.0,0.0,998.0,7.0,3.0,5.0,0.0,6.0,1.0,0.0,0.0,1.0,18.0,47562.0,0.0,0.0,0.0,Not licensed,0.0,999.0,999.0,0.0,0.0,0.0,0.0,No Record,0.0,0.0,0.0,0.0,1.0,2.0,55.0,1.0,1.0,4.0,1.0,0.0,1.0,13.0,99.0,1.0,4.0,101.0,18.0,1.0,1.0,0.0,202304636966.0,43.0,1.0,1.0,2.0,1.0,1.0,83.0,49.0,1.0,2.0,1.0,20.0,8.0,73.0,1.0,98.0
180676,1,0,96.0,102.0,1.0,1.0,-99.0,18.0,33.0,42.0,49.0,4.0,18.0,1.0,1.0,1.0,3.0,0.0,9.0,0.0,0.0,0.0,0.0,18.0,1.0,42.0,3.0,0.0,4T1BK1EB7DU0,2013.0,448.0,2465.0,13.0,49.0,Toyota,43.0,4.0,1.0,0.0,0.0,55.0,7.0,0.0,0.0,12.0,6.0,42.0,0.0,0.0,1.0,18.0,46755.0,2.0,6.0,3.0,Valid license for this class vehicle,0.0,67.0,135.0,0.0,1.0,0.0,5.0,May,2023.0,5.0,2023.0,5.0,1.0,2.0,50.0,3.0,1.0,2.0,2.0,97.0,6.0,13.0,99.0,1.0,4.0,101.0,18.0,0.0,1.0,0.0,202305112722.0,12.0,2.0,7.0,3.0,1.0,1.0,4.0,64.0,2.0,0.0,1.0,1.0,0.0,49.0,1.0,0.0
180682,1,0,96.0,38.0,1.0,0.0,-99.0,18.0,97.0,12.0,37.0,4.0,87.0,1.0,1.0,0.0,3.0,0.0,9.0,0.0,0.0,996.0,0.0,18.0,2.0,12.0,2.0,0.0,1HGCV1F37KA0,2019.0,474.0,1861.0,13.0,37.0,Honda,32.0,4.0,1.0,0.0,0.0,998.0,0.0,0.0,0.0,12.0,6.0,12.0,0.0,0.0,1.0,18.0,46227.0,1.0,6.0,3.0,Valid license for this class vehicle,3.0,70.0,262.0,0.0,0.0,0.0,0.0,No Record,0.0,0.0,0.0,0.0,5.0,5.0,30.0,1.0,1.0,1.0,1.0,3.0,1.0,62.0,99.0,1.0,1.0,402.0,18.0,0.0,1.0,0.0,202305111069.0,12.0,3.0,7.0,1.0,2.0,1.0,4.0,30.0,2.0,1.0,1.0,20.0,0.0,37.0,2.0,0.0
180696,1,99,96.0,0.0,1.0,3026.0,-99.0,18.0,53.0,32.0,20.0,4.0,61.0,1.0,1.0,4.0,20.0,7.0,9.0,0.0,9.0,0.0,7.0,18.0,1.0,32.0,1.0,0.0,1G1BE5SM8K71,2019.0,467.0,1832.0,13.0,20.0,Chevrolet,25.0,4.0,1.0,0.0,0.0,998.0,7.0,3.0,5.0,12.0,6.0,32.0,0.0,0.0,1.0,18.0,46953.0,1.0,6.0,3.0,Valid license for this class vehicle,3.0,71.0,166.0,0.0,0.0,0.0,0.0,No Record,0.0,0.0,0.0,0.0,1.0,2.0,55.0,1.0,1.0,2.0,1.0,28.0,1.0,13.0,99.0,1.0,4.0,101.0,18.0,1.0,1.0,0.0,202304912677.0,12.0,4.0,5.0,0.0,2.0,1.0,4.0,94.0,2.0,0.0,1.0,20.0,0.0,20.0,2.0,0.0
180701,2,0,96.0,0.0,1.0,9996.0,-99.0,18.0,103.0,12.0,20.0,4.0,51.0,1.0,1.0,3.0,3.0,0.0,9.0,0.0,0.0,0.0,0.0,18.0,2.0,12.0,1.0,0.0,1G11E5SL3EF1,2014.0,467.0,1834.0,13.0,20.0,Chevrolet,37.0,4.0,1.0,0.0,0.0,998.0,0.0,0.0,0.0,12.0,6.0,12.0,0.0,0.0,1.0,18.0,46901.0,1.0,6.0,3.0,Valid license for this class vehicle,0.0,71.0,185.0,0.0,0.0,0.0,0.0,No Record,0.0,0.0,0.0,0.0,3.0,3.0,60.0,1.0,1.0,2.0,1.0,0.0,1.0,62.0,99.0,1.0,1.0,503.0,18.0,0.0,1.0,0.0,202305049253.0,12.0,6.0,6.0,0.0,2.0,1.0,4.0,22.0,1.0,0.0,1.0,20.0,0.0,20.0,1.0,98.0
180706,1,99,96.0,28.0,1.0,0.0,-99.0,18.0,11.0,12.0,87.0,66.0,30.0,1.0,1.0,4.0,99.0,7.0,99.0,9.0,9.0,996.0,7.0,18.0,3.0,12.0,1.0,0.0,1XPBD49X7ND7,2022.0,495.0,2787.0,66.0,87.0,Peterbilt,881.0,66.0,1.0,0.0,0.0,998.0,8.0,0.0,0.0,12.0,6.0,12.0,0.0,0.0,1.0,6.0,93711.0,1.0,6.0,3.0,Valid license for this class vehicle,0.0,71.0,190.0,0.0,0.0,0.0,3.0,March,2022.0,3.0,2022.0,0.0,1.0,2.0,55.0,1.0,1.0,2.0,1.0,0.0,1.0,10.0,99.0,1.0,2.0,301.0,18.0,18.0,1.0,0.0,202304775989.0,12.0,6.0,2.0,0.0,1.0,1.0,66.0,47.0,1.0,0.0,1.0,20.0,0.0,87.0,1.0,0.0
180708,1,99,96.0,0.0,1.0,9999.0,-99.0,18.0,107.0,12.0,55.0,14.0,64.0,2.0,1.0,4.0,20.0,7.0,20.0,0.0,9.0,995.0,7.0,18.0,2.0,12.0,1.0,0.0,KM8J3CALXMU3,2021.0,498.0,2058.0,7.0,55.0,Hyundai,402.0,14.0,1.0,0.0,0.0,0.0,8.0,0.0,0.0,6.0,6.0,12.0,0.0,0.0,1.0,18.0,46254.0,1.0,6.0,3.0,Valid license for this class vehicle,3.0,62.0,140.0,0.0,0.0,1.0,5.0,May,2022.0,5.0,2022.0,0.0,2.0,2.0,70.0,1.0,1.0,2.0,2.0,0.0,5.0,53.0,1.0,1.0,1.0,201.0,18.0,1.0,1.0,0.0,202304938604.0,12.0,5.0,5.0,0.0,1.0,1.0,14.0,79.0,1.0,0.0,1.0,20.0,0.0,55.0,2.0,0.0
180713,1,99,96.0,28.0,1.0,9998.0,-99.0,18.0,77.0,12.0,63.0,4.0,35.0,1.0,1.0,4.0,20.0,7.0,9.0,0.0,9.0,996.0,7.0,18.0,2.0,12.0,1.0,0.0,3KPA24AD6PE5,2023.0,499.0,2299.0,13.0,63.0,KIA,32.0,4.0,1.0,0.0,0.0,998.0,8.0,3.0,5.0,12.0,6.0,12.0,0.0,0.0,1.0,18.0,47170.0,1.0,6.0,3.0,Valid license for this class vehicle,0.0,71.0,200.0,0.0,1.0,1.0,5.0,May,2019.0,5.0,2019.0,0.0,1.0,2.0,55.0,1.0,2.0,2.0,1.0,97.0,1.0,10.0,99.0,1.0,2.0,301.0,18.0,1.0,1.0,0.0,202305082132.0,1.0,2.0,7.0,0.0,1.0,1.0,4.0,29.0,1.0,0.0,1.0,8.0,0.0,63.0,1.0,9.0