ST_CASE,VEH_NO_x,DRIMPAIR_x,DRDISTRACT,DRIVERRF,PER_NO_x,DRUGRES,DRUGACTQTY,STATE_x,COUNTY,HARM_EV_x,MAKE_x,BODY_TYP_x,AGE,SEX,PER_TYP_x,INJ_SEV,REST_USE,REST_MIS,AIR_BAG_x,EJECTION,DRINKING,ALC_RES,HISPANIC,STATE_y,VE_FORMS,HARM_EV_y,NUMOCCS,HIT_RUN,VIN,MOD_YEAR,VPICMAKE,VPICMODEL,VPICBODYCLASS,MAKE_y,MAKENAME,MODEL,BODY_TYP_y,HAZ_INV,HAZ_PLAC,HAZ_ID,TRAV_SP,UNDEROVERRIDE,ROLLOVER,ROLINLOC,IMPACT1,DEFORMED,M_HARM,FIRE_EXP,DR_DRINK,DR_PRES,L_STATE,DR_ZIP,L_TYPE,L_STATUS,L_COMPL,L_COMPLNAME,L_RESTRI,DR_HGT,DR_WGT,PREV_DWI,PREV_SPD,PREV_OTH,FIRST_MO,FIRST_MONAME,FIRST_YR,LAST_MO,LAST_YR,SPEEDREL,VTRAFWAY,VNUM_LAN,VSPD_LIM,VALIGN,VPROFILE,VPAVETYP,VSURCOND,VTRAFCON,P_CRASH1,P_CRASH2,P_CRASH3,PCRASH4,PCRASH5,ACC_CONFIG,STATE,RACE,ORDER,MULTRACE,CASENUM,HARM_EV,DAY_WEEK,MONTH,MAXSEV_IM,WEATHR_IM,PER_NO_y,BODY_TYP,AGE_IM,SEX_IM,INJSEV_IM,PER_TYP_y,AIR_BAG_y,EJECT_IM,MAKE,VEH_NO_y,DRIMPAIR_y
180714,1,99,96.0,54.0,1.0,3034.0,-99.0,18.0,87.0,12.0,35.0,4.0,47.0,1.0,1.0,4.0,99.0,7.0,99.0,0.0,9.0,0.0,7.0,18.0,2.0,12.0,1.0,0.0,1N4BL4CV9MN3,2021.0,478.0,1904.0,13.0,35.0,Nissan/Datsun,47.0,4.0,1.0,0.0,0.0,0.0,8.0,0.0,0.0,6.0,6.0,12.0,1.0,0.0,1.0,39.0,43211.0,1.0,1.0,2.0,No valid license for this class vehicle,0.0,71.0,175.0,2.0,0.0,1.0,4.0,April,2022.0,9.0,2022.0,0.0,2.0,2.0,70.0,1.0,1.0,2.0,1.0,97.0,5.0,53.0,1.0,1.0,1.0,201.0,18.0,2.0,1.0,0.0,202305431272.0,12.0,6.0,11.0,0.0,1.0,1.0,4.0,27.0,1.0,0.0,1.0,20.0,0.0,35.0,1.0,0.0
180716,1,99,96.0,0.0,1.0,5060.0,-99.0,18.0,139.0,53.0,12.0,4.0,25.0,1.0,1.0,4.0,20.0,7.0,8.0,0.0,9.0,996.0,7.0,18.0,1.0,53.0,1.0,0.0,1FAHP35N28W2,2008.0,460.0,1779.0,13.0,12.0,Ford,37.0,4.0,1.0,0.0,0.0,998.0,7.0,0.0,0.0,12.0,6.0,42.0,0.0,0.0,1.0,18.0,46173.0,1.0,6.0,3.0,Valid license for this class vehicle,3.0,70.0,150.0,2.0,0.0,1.0,11.0,November,2019.0,11.0,2019.0,0.0,1.0,2.0,55.0,1.0,1.0,2.0,1.0,0.0,1.0,12.0,99.0,1.0,4.0,102.0,18.0,1.0,1.0,0.0,202305304258.0,23.0,5.0,10.0,3.0,1.0,1.0,4.0,27.0,2.0,3.0,1.0,8.0,0.0,12.0,1.0,98.0
180718,2,0,96.0,36.0,1.0,2216.0,-99.0,18.0,57.0,12.0,35.0,4.0,39.0,1.0,1.0,2.0,3.0,0.0,9.0,0.0,0.0,995.0,0.0,18.0,2.0,12.0,1.0,0.0,1N4BL4DV5PN3,2023.0,478.0,1904.0,13.0,35.0,Nissan/Datsun,47.0,4.0,1.0,0.0,0.0,94.0,8.0,0.0,0.0,12.0,6.0,12.0,0.0,0.0,1.0,18.0,46902.0,1.0,6.0,3.0,Valid license for this class vehicle,0.0,65.0,150.0,0.0,0.0,5.0,3.0,March,2022.0,4.0,2023.0,5.0,2.0,2.0,60.0,1.0,1.0,2.0,1.0,97.0,1.0,65.0,6.0,4.0,2.0,411.0,18.0,0.0,1.0,0.0,202305189896.0,12.0,7.0,8.0,0.0,1.0,1.0,4.0,22.0,1.0,0.0,1.0,20.0,0.0,35.0,2.0,0.0
180727,1,0,96.0,0.0,1.0,5997.0,-99.0,18.0,127.0,42.0,37.0,4.0,37.0,1.0,1.0,4.0,3.0,0.0,9.0,0.0,0.0,223.0,7.0,18.0,1.0,42.0,1.0,0.0,19XFA1F82AE0,2010.0,474.0,1863.0,13.0,37.0,Honda,31.0,4.0,1.0,0.0,0.0,998.0,7.0,0.0,0.0,12.0,6.0,42.0,0.0,1.0,1.0,18.0,46347.0,1.0,6.0,3.0,Valid license for this class vehicle,0.0,74.0,230.0,0.0,0.0,0.0,0.0,No Record,0.0,0.0,0.0,0.0,1.0,2.0,35.0,1.0,3.0,2.0,1.0,97.0,1.0,12.0,99.0,1.0,4.0,102.0,18.0,1.0,1.0,0.0,202305133145.0,12.0,5.0,7.0,3.0,1.0,1.0,4.0,30.0,2.0,3.0,1.0,8.0,0.0,37.0,1.0,99.0
180737,1,0,96.0,39.0,1.0,0.0,-99.0,18.0,97.0,12.0,20.0,4.0,61.0,2.0,1.0,4.0,20.0,7.0,9.0,0.0,0.0,996.0,7.0,18.0,2.0,12.0,1.0,0.0,2G1WF52E7393,2003.0,467.0,1833.0,13.0,20.0,Chevrolet,2.0,4.0,1.0,0.0,0.0,998.0,0.0,0.0,0.0,12.0,6.0,12.0,0.0,0.0,1.0,18.0,46229.0,1.0,6.0,3.0,Valid license for this class vehicle,0.0,64.0,160.0,0.0,0.0,0.0,0.0,No Record,0.0,0.0,0.0,0.0,1.0,2.0,35.0,1.0,2.0,2.0,1.0,3.0,1.0,17.0,99.0,1.0,1.0,402.0,18.0,2.0,1.0,0.0,202304812836.0,12.0,6.0,3.0,2.0,2.0,1.0,4.0,35.0,1.0,2.0,1.0,20.0,0.0,20.0,2.0,0.0
180738,1,9,96.0,0.0,1.0,0.0,-99.0,18.0,165.0,31.0,72.0,80.0,54.0,1.0,1.0,4.0,20.0,7.0,20.0,8.0,1.0,998.0,7.0,18.0,1.0,31.0,1.0,0.0,1HD1KBM10CB6,2012.0,3888.0,11077.0,81.0,72.0,Harley-Davidson,706.0,80.0,1.0,0.0,0.0,998.0,7.0,8.0,8.0,12.0,6.0,31.0,0.0,1.0,1.0,18.0,47952.0,1.0,6.0,2.0,No valid license for this class vehicle,0.0,72.0,150.0,0.0,0.0,0.0,0.0,No Record,0.0,0.0,0.0,0.0,1.0,2.0,55.0,2.0,2.0,2.0,1.0,0.0,14.0,12.0,99.0,1.0,4.0,102.0,18.0,1.0,1.0,0.0,202305217658.0,1.0,7.0,9.0,2.0,10.0,1.0,80.0,49.0,1.0,2.0,1.0,20.0,8.0,72.0,1.0,0.0
180741,1,0,96.0,0.0,1.0,3026.0,-99.0,18.0,163.0,19.0,20.0,14.0,45.0,1.0,1.0,4.0,20.0,7.0,9.0,0.0,0.0,231.0,7.0,18.0,1.0,19.0,1.0,0.0,2GNALCEK8H15,2017.0,467.0,1847.0,7.0,20.0,Chevrolet,404.0,14.0,1.0,0.0,0.0,998.0,7.0,0.0,0.0,12.0,6.0,19.0,1.0,1.0,1.0,18.0,47714.0,0.0,0.0,0.0,Not licensed,0.0,67.0,185.0,0.0,0.0,0.0,6.0,June,2019.0,6.0,2019.0,0.0,1.0,2.0,30.0,1.0,1.0,2.0,1.0,0.0,1.0,14.0,99.0,1.0,4.0,103.0,18.0,2.0,1.0,0.0,202305049027.0,12.0,7.0,6.0,0.0,1.0,1.0,14.0,45.0,2.0,0.0,1.0,20.0,0.0,20.0,2.0,0.0
180743,1,0,96.0,104.0,1.0,0.0,-99.0,18.0,87.0,12.0,20.0,4.0,30.0,1.0,1.0,4.0,99.0,7.0,9.0,0.0,0.0,996.0,7.0,18.0,2.0,12.0,1.0,0.0,1G1BE5SMXH71,2017.0,467.0,1832.0,13.0,20.0,Chevrolet,25.0,4.0,1.0,0.0,0.0,998.0,0.0,0.0,0.0,3.0,6.0,12.0,0.0,0.0,1.0,18.0,46514.0,1.0,6.0,3.0,Valid license for this class vehicle,0.0,69.0,145.0,0.0,0.0,2.0,11.0,November,2021.0,3.0,2022.0,5.0,1.0,2.0,55.0,1.0,1.0,2.0,1.0,20.0,1.0,17.0,99.0,1.0,1.0,502.0,18.0,1.0,1.0,0.0,202304719411.0,12.0,6.0,2.0,0.0,1.0,1.0,4.0,28.0,1.0,0.0,1.0,20.0,0.0,20.0,2.0,0.0
180746,1,99,96.0,28.0,1.0,0.0,-99.0,18.0,181.0,12.0,49.0,4.0,29.0,1.0,1.0,4.0,20.0,7.0,9.0,0.0,9.0,996.0,7.0,18.0,2.0,12.0,1.0,0.0,5YFEPMAE6NP2,2022.0,448.0,2208.0,13.0,49.0,Toyota,32.0,4.0,1.0,0.0,0.0,998.0,0.0,0.0,0.0,12.0,6.0,12.0,0.0,0.0,1.0,18.0,46202.0,1.0,6.0,3.0,Valid license for this class vehicle,3.0,72.0,160.0,0.0,1.0,2.0,12.0,December,2019.0,8.0,2020.0,0.0,1.0,2.0,55.0,1.0,1.0,2.0,1.0,0.0,1.0,10.0,99.0,1.0,2.0,302.0,18.0,1.0,1.0,0.0,202305069289.0,12.0,3.0,4.0,0.0,1.0,1.0,4.0,25.0,2.0,0.0,1.0,20.0,0.0,49.0,1.0,0.0
180746,2,0,96.0,0.0,1.0,0.0,-99.0,18.0,181.0,12.0,82.0,66.0,31.0,1.0,1.0,0.0,3.0,0.0,20.0,0.0,0.0,996.0,0.0,18.0,2.0,12.0,1.0,0.0,1FUJGLDR1HLH,2017.0,450.0,2501.0,66.0,82.0,Freightliner,881.0,66.0,1.0,0.0,0.0,998.0,0.0,0.0,0.0,11.0,6.0,12.0,0.0,0.0,1.0,12.0,33004.0,1.0,6.0,3.0,Valid license for this class vehicle,0.0,71.0,999.0,0.0,0.0,0.0,0.0,No Record,0.0,0.0,0.0,0.0,1.0,2.0,55.0,1.0,1.0,2.0,1.0,0.0,1.0,62.0,98.0,1.0,1.0,301.0,18.0,0.0,1.0,0.0,202304922654.0,12.0,7.0,5.0,3.0,1.0,1.0,66.0,41.0,1.0,0.0,1.0,20.0,0.0,82.0,2.0,0.0
180747,1,99,96.0,28.0,1.0,1.0,-99.0,18.0,3.0,12.0,37.0,2.0,17.0,1.0,1.0,4.0,3.0,0.0,9.0,0.0,0.0,0.0,7.0,18.0,2.0,12.0,1.0,0.0,2HGFG126X7H5,2007.0,474.0,1863.0,3.0,37.0,Honda,31.0,2.0,1.0,0.0,0.0,998.0,0.0,0.0,0.0,3.0,6.0,12.0,0.0,0.0,1.0,18.0,46845.0,2.0,6.0,3.0,Valid license for this class vehicle,0.0,67.0,110.0,0.0,0.0,0.0,0.0,No Record,0.0,0.0,0.0,0.0,1.0,2.0,45.0,1.0,1.0,2.0,1.0,0.0,1.0,10.0,99.0,4.0,2.0,301.0,18.0,1.0,1.0,0.0,202304855713.0,12.0,2.0,2.0,5.0,1.0,1.0,2.0,30.0,2.0,0.0,1.0,1.0,0.0,37.0,2.0,0.0
180749,1,9,96.0,102.0,1.0,9999.0,-99.0,18.0,145.0,12.0,2.0,34.0,72.0,1.0,1.0,3.0,3.0,0.0,9.0,0.0,1.0,995.0,0.0,18.0,2.0,12.0,1.0,0.0,1C6HJTFG9LL1,2020.0,483.0,25919.0,60.0,2.0,Jeep / Kaiser-Jeep / Willys- Jeep,483.0,34.0,1.0,0.0,0.0,998.0,8.0,0.0,0.0,12.0,6.0,12.0,0.0,1.0,1.0,18.0,46176.0,1.0,6.0,3.0,Valid license for this class vehicle,3.0,74.0,250.0,0.0,0.0,0.0,0.0,No Record,0.0,0.0,0.0,0.0,2.0,2.0,70.0,1.0,1.0,2.0,1.0,28.0,1.0,54.0,99.0,1.0,1.0,303.0,18.0,0.0,1.0,0.0,202305454040.0,12.0,3.0,11.0,0.0,1.0,1.0,34.0,27.0,2.0,0.0,1.0,20.0,0.0,2.0,1.0,0.0
180754,1,0,96.0,28.0,1.0,0.0,-99.0,18.0,5.0,12.0,20.0,4.0,17.0,1.0,1.0,3.0,20.0,7.0,9.0,1.0,0.0,996.0,0.0,18.0,2.0,12.0,2.0,0.0,1G1AT58HX971,2009.0,467.0,4234.0,13.0,20.0,Chevrolet,22.0,4.0,1.0,0.0,0.0,998.0,8.0,0.0,0.0,12.0,6.0,12.0,0.0,0.0,1.0,18.0,47201.0,2.0,6.0,3.0,Valid license for this class vehicle,3.0,71.0,205.0,0.0,0.0,0.0,0.0,No Record,0.0,0.0,0.0,5.0,1.0,2.0,30.0,2.0,1.0,2.0,1.0,0.0,14.0,10.0,99.0,2.0,2.0,301.0,18.0,0.0,1.0,0.0,202304942482.0,12.0,3.0,5.0,0.0,1.0,1.0,4.0,29.0,2.0,0.0,1.0,20.0,0.0,20.0,1.0,9.0
180761,1,0,96.0,26.0,1.0,0.0,-99.0,18.0,97.0,12.0,82.0,66.0,32.0,1.0,1.0,3.0,99.0,7.0,20.0,0.0,0.0,995.0,0.0,18.0,2.0,12.0,1.0,0.0,3AKJHHDRXKSK,2019.0,450.0,2501.0,66.0,82.0,Freightliner,881.0,66.0,1.0,0.0,0.0,998.0,8.0,0.0,0.0,12.0,6.0,12.0,0.0,0.0,1.0,17.0,60007.0,1.0,6.0,8.0,Unknown If CDL and/or CDL endorsement required for this vehicle,3.0,66.0,230.0,0.0,0.0,2.0,4.0,April,2021.0,5.0,2023.0,0.0,3.0,3.0,65.0,1.0,1.0,1.0,1.0,97.0,1.0,99.0,99.0,9.0,9.0,203.0,18.0,0.0,1.0,0.0,202305054400.0,12.0,2.0,5.0,1.0,1.0,1.0,66.0,60.0,1.0,0.0,1.0,20.0,0.0,82.0,1.0,0.0
180764,1,99,96.0,0.0,1.0,2063.0,98.5,18.0,89.0,42.0,49.0,4.0,26.0,1.0,1.0,4.0,20.0,7.0,1.0,0.0,9.0,0.0,7.0,18.0,1.0,42.0,1.0,0.0,4T1BE32K66U6,2006.0,448.0,2469.0,13.0,49.0,Toyota,40.0,4.0,1.0,0.0,0.0,998.0,7.0,0.0,0.0,12.0,6.0,42.0,0.0,0.0,1.0,18.0,46304.0,1.0,6.0,3.0,Valid license for this class vehicle,0.0,71.0,157.0,0.0,0.0,3.0,3.0,March,2020.0,3.0,2020.0,0.0,1.0,4.0,35.0,1.0,1.0,2.0,1.0,0.0,1.0,12.0,99.0,1.0,4.0,102.0,18.0,1.0,1.0,0.0,202305222328.0,12.0,6.0,8.0,1.0,1.0,1.0,4.0,30.0,2.0,1.0,1.0,20.0,0.0,49.0,1.0,98.0
180771,1,0,96.0,38.0,1.0,0.0,-99.0,18.0,97.0,12.0,49.0,4.0,56.0,1.0,1.0,2.0,1.0,0.0,9.0,0.0,0.0,996.0,0.0,18.0,2.0,12.0,2.0,0.0,5YFBURHE5FP2,2015.0,448.0,2208.0,13.0,49.0,Toyota,32.0,4.0,1.0,0.0,0.0,998.0,0.0,0.0,0.0,12.0,6.0,12.0,0.0,0.0,1.0,18.0,46220.0,1.0,6.0,3.0,Valid license for this class vehicle,0.0,74.0,225.0,0.0,0.0,0.0,0.0,No Record,0.0,0.0,0.0,0.0,3.0,3.0,40.0,1.0,1.0,2.0,1.0,3.0,11.0,15.0,99.0,1.0,1.0,414.0,18.0,0.0,1.0,0.0,202305259427.0,12.0,6.0,8.0,2.0,1.0,1.0,4.0,23.0,2.0,0.0,1.0,20.0,0.0,49.0,3.0,98.0
180772,1,0,96.0,38.0,1.0,9999.0,-99.0,18.0,19.0,12.0,37.0,4.0,67.0,2.0,1.0,2.0,3.0,0.0,9.0,0.0,0.0,995.0,0.0,18.0,3.0,12.0,3.0,0.0,1HGCV1F30JA1,2018.0,474.0,1861.0,13.0,37.0,Honda,32.0,4.0,1.0,0.0,0.0,998.0,8.0,0.0,0.0,12.0,6.0,12.0,0.0,0.0,1.0,18.0,47111.0,1.0,6.0,3.0,Valid license for this class vehicle,0.0,64.0,112.0,0.0,0.0,0.0,0.0,No Record,0.0,0.0,0.0,0.0,2.0,3.0,55.0,1.0,1.0,2.0,2.0,3.0,11.0,15.0,99.0,1.0,1.0,414.0,18.0,0.0,1.0,0.0,202305377009.0,12.0,7.0,10.0,1.0,1.0,1.0,4.0,37.0,1.0,0.0,1.0,20.0,0.0,37.0,2.0,98.0
180779,1,99,96.0,58.0,1.0,0.0,-99.0,18.0,129.0,32.0,49.0,34.0,22.0,1.0,1.0,4.0,3.0,0.0,9.0,0.0,9.0,996.0,7.0,18.0,1.0,32.0,1.0,0.0,3TMCZ5AN7NM5,2022.0,448.0,2223.0,60.0,49.0,Toyota,472.0,34.0,1.0,0.0,0.0,998.0,7.0,3.0,5.0,2.0,6.0,1.0,0.0,0.0,1.0,21.0,42462.0,1.0,6.0,3.0,Valid license for this class vehicle,3.0,68.0,197.0,0.0,0.0,0.0,0.0,No Record,0.0,0.0,0.0,5.0,1.0,2.0,50.0,3.0,1.0,2.0,1.0,0.0,14.0,13.0,99.0,1.0,4.0,101.0,18.0,1.0,1.0,0.0,202305369389.0,12.0,7.0,10.0,1.0,1.0,1.0,34.0,19.0,1.0,0.0,1.0,8.0,0.0,49.0,1.0,0.0
180784,1,9,96.0,102.0,1.0,9999.0,-99.0,18.0,35.0,12.0,63.0,4.0,30.0,1.0,1.0,3.0,20.0,7.0,9.0,0.0,1.0,995.0,0.0,18.0,4.0,12.0,1.0,0.0,3KPF34AD3KE0,2019.0,499.0,2462.0,13.0,63.0,KIA,38.0,4.0,1.0,0.0,0.0,998.0,8.0,0.0,0.0,12.0,6.0,12.0,0.0,1.0,1.0,18.0,46222.0,1.0,6.0,3.0,Valid license for this class vehicle,3.0,71.0,175.0,0.0,0.0,0.0,0.0,No Record,0.0,0.0,0.0,5.0,2.0,2.0,70.0,1.0,1.0,1.0,1.0,97.0,1.0,54.0,99.0,1.0,1.0,303.0,18.0,0.0,1.0,0.0,202305186343.0,12.0,5.0,4.0,3.0,1.0,1.0,4.0,19.0,2.0,3.0,1.0,20.0,0.0,63.0,2.0,98.0
180785,1,9,96.0,39.0,1.0,5062.0,81.7,18.0,89.0,10.0,20.0,34.0,26.0,1.0,1.0,4.0,20.0,7.0,20.0,0.0,1.0,219.0,7.0,18.0,1.0,10.0,1.0,0.0,3GCRKSE33AG2,2010.0,467.0,1850.0,60.0,20.0,Chevrolet,481.0,34.0,1.0,0.0,0.0,998.0,7.0,0.0,0.0,10.0,6.0,10.0,0.0,1.0,1.0,18.0,46368.0,1.0,1.0,2.0,No valid license for this class vehicle,0.0,67.0,125.0,0.0,0.0,2.0,3.0,March,2021.0,3.0,2021.0,0.0,1.0,2.0,5.0,8.0,8.0,8.0,1.0,65.0,1.0,90.0,99.0,1.0,1.0,998.0,18.0,1.0,1.0,0.0,202304834018.0,12.0,6.0,1.0,0.0,10.0,1.0,34.0,28.0,1.0,0.0,1.0,9.0,0.0,20.0,1.0,98.0
180796,1,99,96.0,102.0,1.0,0.0,-99.0,18.0,89.0,5.0,37.0,80.0,23.0,1.0,1.0,3.0,20.0,7.0,20.0,8.0,9.0,996.0,0.0,18.0,1.0,5.0,2.0,0.0,JH2SC57094M0,2004.0,474.0,11975.0,80.0,37.0,Honda,706.0,80.0,1.0,0.0,0.0,998.0,7.0,8.0,8.0,0.0,0.0,5.0,0.0,0.0,1.0,18.0,46327.0,1.0,6.0,2.0,No valid license for this class vehicle,3.0,75.0,190.0,0.0,0.0,1.0,11.0,November,2020.0,11.0,2020.0,5.0,1.0,2.0,25.0,1.0,1.0,2.0,1.0,0.0,1.0,98.0,99.0,1.0,1.0,0.0,18.0,0.0,1.0,0.0,202305279586.0,12.0,1.0,7.0,3.0,1.0,1.0,80.0,20.0,1.0,3.0,1.0,20.0,8.0,37.0,2.0,0.0
180804,1,9,96.0,58.0,1.0,0.0,-99.0,18.0,103.0,41.0,2.0,14.0,28.0,1.0,1.0,4.0,20.0,7.0,9.0,0.0,1.0,996.0,7.0,18.0,1.0,41.0,1.0,0.0,1J4GL48K53W5,2003.0,483.0,1944.0,7.0,2.0,Jeep / Kaiser-Jeep / Willys- Jeep,405.0,14.0,1.0,0.0,0.0,998.0,7.0,0.0,0.0,12.0,6.0,42.0,0.0,1.0,1.0,18.0,46970.0,1.0,1.0,2.0,No valid license for this class vehicle,0.0,71.0,155.0,1.0,0.0,1.0,7.0,July,2022.0,7.0,2022.0,0.0,1.0,2.0,55.0,2.0,1.0,2.0,1.0,0.0,14.0,12.0,99.0,4.0,4.0,102.0,18.0,1.0,1.0,0.0,202305166865.0,12.0,4.0,1.0,2.0,1.0,1.0,14.0,18.0,1.0,0.0,1.0,20.0,0.0,2.0,1.0,0.0
180810,1,9,96.0,50.0,1.0,5060.0,-99.0,18.0,57.0,12.0,20.0,4.0,28.0,1.0,1.0,4.0,3.0,0.0,9.0,0.0,1.0,998.0,7.0,18.0,2.0,12.0,1.0,0.0,1G1PC5SB2E71,2014.0,467.0,1832.0,13.0,20.0,Chevrolet,25.0,4.0,1.0,0.0,0.0,998.0,1.0,0.0,0.0,12.0,6.0,12.0,0.0,1.0,1.0,18.0,46060.0,1.0,6.0,3.0,Valid license for this class vehicle,0.0,69.0,156.0,0.0,3.0,1.0,5.0,May,2020.0,6.0,2023.0,0.0,3.0,5.0,65.0,1.0,1.0,2.0,1.0,28.0,1.0,54.0,99.0,1.0,1.0,303.0,18.0,1.0,1.0,0.0,202304816284.0,30.0,1.0,3.0,1.0,1.0,1.0,4.0,19.0,2.0,1.0,1.0,8.0,0.0,20.0,1.0,0.0
180814,1,99,96.0,87.0,1.0,1.0,-99.0,18.0,59.0,42.0,20.0,34.0,18.0,1.0,1.0,3.0,20.0,7.0,9.0,1.0,0.0,0.0,0.0,18.0,1.0,42.0,2.0,0.0,1GCHK23D57F1,2007.0,467.0,1850.0,60.0,20.0,Chevrolet,481.0,34.0,1.0,0.0,0.0,998.0,7.0,0.0,0.0,12.0,6.0,42.0,0.0,0.0,1.0,18.0,46140.0,2.0,6.0,3.0,Valid license for this class vehicle,0.0,69.0,235.0,0.0,0.0,0.0,0.0,No Record,0.0,0.0,0.0,4.0,1.0,2.0,50.0,1.0,1.0,2.0,2.0,0.0,1.0,5.0,99.0,2.0,4.0,102.0,18.0,0.0,1.0,0.0,202304819515.0,12.0,7.0,3.0,2.0,1.0,1.0,34.0,46.0,1.0,0.0,1.0,20.0,0.0,20.0,2.0,0.0
180816,1,99,96.0,102.0,1.0,0.0,-99.0,18.0,91.0,14.0,20.0,15.0,19.0,1.0,1.0,0.0,99.0,7.0,99.0,9.0,9.0,996.0,0.0,18.0,1.0,14.0,2.0,0.0,1GNEK13T0YJ1,2000.0,467.0,1852.0,7.0,20.0,Chevrolet,421.0,15.0,1.0,0.0,0.0,998.0,0.0,3.0,5.0,11.0,6.0,14.0,0.0,0.0,1.0,18.0,46350.0,2.0,6.0,3.0,Valid license for this class vehicle,0.0,72.0,150.0,0.0,0.0,2.0,8.0,August,2021.0,10.0,2022.0,5.0,1.0,2.0,30.0,1.0,1.0,2.0,1.0,97.0,1.0,10.0,99.0,1.0,4.0,998.0,18.0,0.0,1.0,0.0,202305122133.0,12.0,6.0,6.0,4.0,1.0,1.0,15.0,41.0,1.0,0.0,1.0,20.0,0.0,20.0,2.0,0.0
180830,1,99,96.0,102.0,1.0,0.0,-99.0,18.0,97.0,12.0,35.0,6.0,999.0,9.0,1.0,0.0,99.0,7.0,99.0,0.0,9.0,996.0,0.0,18.0,3.0,12.0,99.0,1.0,5N1AT2MT7GC8,2016.0,478.0,1913.0,8.0,35.0,Nissan/Datsun,51.0,6.0,1.0,0.0,0.0,998.0,8.0,0.0,0.0,12.0,6.0,12.0,0.0,0.0,1.0,99.0,99999.0,9.0,9.0,9.0,Unknown,9.0,999.0,999.0,99.0,99.0,99.0,99.0,Unknown,9999.0,99.0,9999.0,5.0,1.0,2.0,45.0,1.0,1.0,2.0,2.0,0.0,1.0,51.0,99.0,1.0,1.0,202.0,18.0,0.0,1.0,0.0,202304643378.0,12.0,3.0,1.0,1.0,1.0,1.0,6.0,22.0,1.0,0.0,1.0,1.0,0.0,35.0,1.0,0.0
180832,1,99,96.0,102.0,1.0,9995.0,-99.0,18.0,55.0,42.0,63.0,4.0,19.0,2.0,1.0,4.0,3.0,0.0,9.0,0.0,8.0,134.0,7.0,18.0,1.0,42.0,1.0,0.0,5XXG64J27NG1,2022.0,499.0,27527.0,13.0,63.0,KIA,398.0,4.0,1.0,0.0,0.0,998.0,7.0,0.0,0.0,12.0,6.0,42.0,0.0,1.0,1.0,18.0,47909.0,2.0,6.0,3.0,Valid license for this class vehicle,0.0,64.0,96.0,0.0,0.0,0.0,0.0,No Record,0.0,0.0,0.0,0.0,1.0,2.0,55.0,1.0,1.0,2.0,1.0,0.0,1.0,12.0,99.0,4.0,4.0,102.0,18.0,1.0,1.0,0.0,202304895704.0,12.0,4.0,2.0,1.0,1.0,1.0,4.0,24.0,1.0,1.0,1.0,20.0,0.0,63.0,1.0,98.0
180843,3,0,96.0,0.0,1.0,1.0,-99.0,18.0,151.0,12.0,82.0,66.0,35.0,1.0,1.0,2.0,3.0,0.0,20.0,0.0,0.0,0.0,0.0,18.0,3.0,12.0,1.0,0.0,3AKJGLDR6JSH,2018.0,450.0,2501.0,66.0,82.0,Freightliner,881.0,66.0,1.0,0.0,0.0,0.0,2.0,0.0,0.0,6.0,6.0,12.0,0.0,0.0,1.0,27.0,55021.0,1.0,6.0,3.0,Valid license for this class vehicle,0.0,73.0,200.0,0.0,0.0,0.0,0.0,No Record,0.0,0.0,0.0,0.0,3.0,6.0,45.0,1.0,1.0,2.0,1.0,97.0,5.0,53.0,1.0,1.0,1.0,998.0,18.0,0.0,1.0,0.0,202304714544.0,12.0,3.0,1.0,0.0,2.0,1.0,66.0,25.0,1.0,0.0,1.0,1.0,0.0,82.0,1.0,0.0
180848,1,9,96.0,39.0,1.0,3053.0,-99.0,18.0,37.0,12.0,6.0,20.0,47.0,2.0,1.0,2.0,3.0,0.0,9.0,0.0,0.0,0.0,0.0,18.0,2.0,12.0,2.0,0.0,2A4RR5D16AR3,2010.0,477.0,1936.0,2.0,6.0,Chrysler,441.0,20.0,1.0,0.0,0.0,998.0,0.0,0.0,0.0,11.0,6.0,12.0,0.0,0.0,1.0,18.0,47546.0,1.0,6.0,3.0,Valid license for this class vehicle,0.0,62.0,105.0,0.0,0.0,0.0,0.0,No Record,0.0,0.0,0.0,0.0,1.0,3.0,50.0,1.0,1.0,2.0,1.0,3.0,1.0,17.0,99.0,1.0,1.0,504.0,18.0,0.0,1.0,0.0,202304848259.0,12.0,2.0,3.0,0.0,10.0,1.0,20.0,49.0,1.0,0.0,1.0,20.0,0.0,6.0,2.0,0.0
180850,1,99,96.0,102.0,1.0,5062.0,19.0,18.0,73.0,42.0,7.0,4.0,19.0,2.0,1.0,4.0,20.0,7.0,9.0,0.0,1.0,88.0,7.0,18.0,1.0,42.0,1.0,0.0,1C3CDFBA3DD3,2013.0,476.0,2054.0,13.0,7.0,Dodge,29.0,4.0,1.0,0.0,0.0,998.0,7.0,0.0,0.0,99.0,6.0,42.0,0.0,1.0,1.0,18.0,46310.0,2.0,6.0,3.0,Valid license for this class vehicle,0.0,62.0,110.0,0.0,0.0,0.0,0.0,No Record,0.0,0.0,0.0,5.0,1.0,2.0,55.0,1.0,1.0,2.0,1.0,20.0,1.0,13.0,99.0,9.0,4.0,101.0,18.0,1.0,1.0,0.0,202305533626.0,12.0,6.0,12.0,0.0,1.0,1.0,4.0,70.0,2.0,0.0,1.0,20.0,0.0,7.0,2.0,0.0