ST_CASE,VEH_NO_x,DRIMPAIR_x,DRDISTRACT,DRIVERRF,PER_NO_x,DRUGRES,DRUGACTQTY,STATE_x,COUNTY,HARM_EV_x,MAKE_x,BODY_TYP_x,AGE,SEX,PER_TYP_x,INJ_SEV,REST_USE,REST_MIS,AIR_BAG_x,EJECTION,DRINKING,ALC_RES,HISPANIC,STATE_y,VE_FORMS,HARM_EV_y,NUMOCCS,HIT_RUN,VIN,MOD_YEAR,VPICMAKE,VPICMODEL,VPICBODYCLASS,MAKE_y,MAKENAME,MODEL,BODY_TYP_y,HAZ_INV,HAZ_PLAC,HAZ_ID,TRAV_SP,UNDEROVERRIDE,ROLLOVER,ROLINLOC,IMPACT1,DEFORMED,M_HARM,FIRE_EXP,DR_DRINK,DR_PRES,L_STATE,DR_ZIP,L_TYPE,L_STATUS,L_COMPL,L_COMPLNAME,L_RESTRI,DR_HGT,DR_WGT,PREV_DWI,PREV_SPD,PREV_OTH,FIRST_MO,FIRST_MONAME,FIRST_YR,LAST_MO,LAST_YR,SPEEDREL,VTRAFWAY,VNUM_LAN,VSPD_LIM,VALIGN,VPROFILE,VPAVETYP,VSURCOND,VTRAFCON,P_CRASH1,P_CRASH2,P_CRASH3,PCRASH4,PCRASH5,ACC_CONFIG,STATE,RACE,ORDER,MULTRACE,CASENUM,HARM_EV,DAY_WEEK,MONTH,MAXSEV_IM,WEATHR_IM,PER_NO_y,BODY_TYP,AGE_IM,SEX_IM,INJSEV_IM,PER_TYP_y,AIR_BAG_y,EJECT_IM,MAKE,VEH_NO_y,DRIMPAIR_y
180852,1,9,96.0,39.0,1.0,1.0,-99.0,18.0,71.0,12.0,12.0,15.0,45.0,2.0,1.0,0.0,3.0,0.0,9.0,0.0,1.0,74.0,0.0,18.0,2.0,12.0,4.0,0.0,1FMJU2A8XPEA,2023.0,460.0,1799.0,7.0,12.0,Ford,422.0,15.0,1.0,0.0,0.0,998.0,0.0,0.0,0.0,4.0,6.0,12.0,0.0,1.0,1.0,18.0,47220.0,1.0,6.0,3.0,Valid license for this class vehicle,0.0,67.0,130.0,0.0,0.0,0.0,0.0,No Record,0.0,0.0,0.0,0.0,1.0,2.0,55.0,1.0,1.0,2.0,1.0,20.0,1.0,17.0,99.0,1.0,1.0,502.0,18.0,0.0,1.0,0.0,202305335322.0,12.0,1.0,10.0,0.0,1.0,1.0,15.0,38.0,1.0,0.0,1.0,8.0,0.0,12.0,2.0,0.0
180853,1,99,96.0,28.0,1.0,9995.0,-99.0,18.0,71.0,12.0,55.0,4.0,20.0,1.0,1.0,4.0,3.0,0.0,20.0,0.0,8.0,995.0,7.0,18.0,2.0,12.0,2.0,0.0,5NPEU46F87H2,2007.0,498.0,2459.0,13.0,55.0,Hyundai,33.0,4.0,1.0,0.0,0.0,998.0,8.0,0.0,0.0,12.0,6.0,12.0,1.0,0.0,1.0,18.0,46221.0,2.0,6.0,3.0,Valid license for this class vehicle,0.0,67.0,160.0,0.0,0.0,2.0,2.0,February,2021.0,8.0,2021.0,0.0,1.0,2.0,55.0,2.0,1.0,2.0,1.0,97.0,14.0,10.0,99.0,1.0,2.0,301.0,18.0,2.0,1.0,0.0,202305151739.0,12.0,2.0,5.0,0.0,1.0,1.0,4.0,46.0,2.0,0.0,1.0,20.0,0.0,55.0,1.0,8.0
180860,2,99,96.0,102.0,1.0,0.0,-99.0,18.0,141.0,12.0,49.0,2.0,22.0,1.0,1.0,4.0,99.0,7.0,99.0,0.0,9.0,996.0,7.0,18.0,2.0,12.0,1.0,0.0,4T1CE38P34U8,2004.0,448.0,2803.0,3.0,49.0,Toyota,44.0,2.0,1.0,0.0,0.0,998.0,8.0,0.0,0.0,12.0,6.0,12.0,0.0,0.0,1.0,18.0,46628.0,1.0,1.0,2.0,No valid license for this class vehicle,0.0,74.0,160.0,0.0,2.0,3.0,2.0,February,2021.0,4.0,2023.0,0.0,1.0,4.0,35.0,1.0,3.0,1.0,1.0,0.0,11.0,15.0,99.0,1.0,1.0,401.0,18.0,1.0,1.0,1.0,202304666629.0,12.0,2.0,1.0,0.0,1.0,1.0,2.0,78.0,2.0,0.0,1.0,20.0,0.0,49.0,1.0,98.0
180874,1,0,96.0,0.0,1.0,0.0,-99.0,18.0,97.0,12.0,49.0,4.0,58.0,1.0,1.0,2.0,8.0,0.0,9.0,0.0,0.0,996.0,0.0,18.0,2.0,12.0,1.0,0.0,4T1BF1FK9EU8,2014.0,448.0,2469.0,13.0,49.0,Toyota,40.0,4.0,1.0,0.0,0.0,998.0,8.0,0.0,0.0,12.0,6.0,12.0,0.0,0.0,1.0,18.0,46227.0,1.0,6.0,3.0,Valid license for this class vehicle,0.0,64.0,140.0,0.0,2.0,0.0,12.0,December,2019.0,4.0,2021.0,0.0,5.0,5.0,35.0,1.0,1.0,2.0,1.0,0.0,1.0,73.0,99.0,1.0,1.0,303.0,18.0,0.0,1.0,0.0,202304957862.0,12.0,5.0,5.0,0.0,10.0,1.0,4.0,41.0,2.0,0.0,1.0,20.0,0.0,49.0,1.0,0.0
190001,1,99,99.0,0.0,1.0,1.0,-99.0,19.0,127.0,53.0,49.0,4.0,62.0,1.0,1.0,4.0,20.0,7.0,8.0,0.0,1.0,217.0,97.0,19.0,1.0,53.0,1.0,0.0,4T1BF1FK4FU0,2015.0,448.0,2469.0,13.0,49.0,Toyota,40.0,4.0,1.0,0.0,0.0,998.0,7.0,0.0,0.0,12.0,6.0,42.0,0.0,1.0,1.0,19.0,50158.0,1.0,6.0,3.0,Valid license for this class vehicle,1.0,70.0,175.0,0.0,0.0,1.0,9.0,September,2018.0,9.0,2018.0,4.0,1.0,2.0,35.0,3.0,1.0,2.0,4.0,0.0,14.0,13.0,99.0,1.0,4.0,101.0,19.0,96.0,97.0,7.0,202305234102.0,12.0,3.0,8.0,1.0,1.0,1.0,4.0,40.0,2.0,0.0,1.0,20.0,0.0,49.0,3.0,0.0
190002,1,99,0.0,58.0,1.0,0.0,-99.0,19.0,167.0,12.0,20.0,4.0,18.0,2.0,1.0,4.0,3.0,0.0,8.0,0.0,8.0,996.0,97.0,19.0,2.0,12.0,1.0,0.0,2G1WT58N3892,2008.0,467.0,1833.0,13.0,20.0,Chevrolet,2.0,4.0,1.0,0.0,0.0,998.0,0.0,0.0,0.0,2.0,6.0,12.0,0.0,0.0,1.0,27.0,56156.0,1.0,6.0,3.0,Valid license for this class vehicle,0.0,62.0,133.0,0.0,0.0,0.0,0.0,No Record,0.0,0.0,0.0,0.0,1.0,2.0,55.0,1.0,1.0,2.0,1.0,0.0,1.0,13.0,99.0,1.0,6.0,301.0,19.0,96.0,97.0,7.0,202305410596.0,25.0,1.0,10.0,0.0,1.0,1.0,4.0,20.0,1.0,0.0,1.0,20.0,0.0,20.0,1.0,0.0
190003,1,99,99.0,38.0,1.0,1.0,-99.0,19.0,93.0,12.0,20.0,4.0,23.0,2.0,1.0,4.0,3.0,0.0,99.0,0.0,0.0,0.0,97.0,19.0,2.0,12.0,1.0,0.0,1G1ZD5ST9JF1,2018.0,467.0,1834.0,13.0,20.0,Chevrolet,37.0,4.0,1.0,0.0,0.0,998.0,0.0,0.0,0.0,8.0,6.0,2.0,1.0,0.0,1.0,19.0,51018.0,1.0,6.0,3.0,Valid license for this class vehicle,3.0,66.0,200.0,0.0,1.0,0.0,3.0,March,2020.0,1.0,2023.0,0.0,2.0,4.0,55.0,1.0,1.0,1.0,1.0,0.0,11.0,15.0,99.0,1.0,1.0,401.0,19.0,96.0,97.0,7.0,202304661871.0,12.0,1.0,1.0,0.0,5.0,1.0,4.0,25.0,1.0,0.0,1.0,8.0,0.0,20.0,1.0,99.0
190018,1,9,99.0,50.0,1.0,1.0,-99.0,19.0,31.0,12.0,37.0,4.0,46.0,2.0,1.0,4.0,20.0,7.0,1.0,1.0,1.0,239.0,97.0,19.0,2.0,12.0,1.0,0.0,2HGFC2F61LH5,2020.0,474.0,1863.0,13.0,37.0,Honda,31.0,4.0,1.0,0.0,0.0,998.0,0.0,0.0,0.0,12.0,6.0,12.0,0.0,1.0,1.0,19.0,52722.0,1.0,6.0,3.0,Valid license for this class vehicle,0.0,65.0,135.0,0.0,3.0,0.0,3.0,March,2018.0,9.0,2022.0,0.0,3.0,2.0,70.0,1.0,1.0,1.0,1.0,0.0,1.0,54.0,99.0,1.0,1.0,303.0,19.0,96.0,97.0,7.0,202304733518.0,12.0,7.0,2.0,0.0,1.0,1.0,4.0,51.0,1.0,0.0,1.0,20.0,0.0,37.0,2.0,0.0
190022,1,0,0.0,39.0,1.0,0.0,-99.0,19.0,17.0,12.0,59.0,4.0,22.0,1.0,1.0,2.0,3.0,0.0,1.0,0.0,8.0,996.0,0.0,19.0,2.0,12.0,1.0,0.0,JTHBJ46G1720,2007.0,515.0,2475.0,13.0,59.0,Lexus,31.0,4.0,1.0,0.0,0.0,998.0,0.0,0.0,0.0,12.0,6.0,12.0,0.0,0.0,1.0,12.0,34771.0,1.0,6.0,3.0,Valid license for this class vehicle,3.0,71.0,999.0,0.0,1.0,1.0,8.0,August,2021.0,6.0,2022.0,0.0,1.0,2.0,55.0,1.0,1.0,2.0,1.0,20.0,1.0,66.0,99.0,1.0,1.0,503.0,19.0,0.0,1.0,0.0,202304924645.0,12.0,1.0,3.0,3.0,1.0,1.0,4.0,48.0,1.0,2.0,1.0,1.0,0.0,59.0,2.0,98.0
190031,2,0,0.0,0.0,1.0,1.0,-99.0,19.0,187.0,12.0,85.0,66.0,58.0,1.0,1.0,0.0,3.0,0.0,20.0,0.0,0.0,0.0,0.0,19.0,2.0,12.0,1.0,0.0,1XKYD49X8HJ1,2017.0,532.0,2733.0,66.0,85.0,Kenworth,881.0,66.0,1.0,0.0,0.0,998.0,0.0,0.0,0.0,12.0,6.0,12.0,0.0,0.0,1.0,19.0,50501.0,1.0,6.0,3.0,Valid license for this class vehicle,0.0,73.0,210.0,0.0,0.0,0.0,0.0,No Record,0.0,0.0,0.0,0.0,1.0,2.0,55.0,1.0,1.0,2.0,4.0,0.0,1.0,62.0,99.0,1.0,1.0,302.0,19.0,0.0,1.0,0.0,202305432698.0,12.0,6.0,11.0,1.0,1.0,1.0,66.0,41.0,1.0,0.0,1.0,20.0,0.0,85.0,1.0,0.0
190040,1,99,99.0,36.0,1.0,0.0,-99.0,19.0,135.0,34.0,37.0,34.0,29.0,1.0,1.0,4.0,20.0,7.0,1.0,0.0,1.0,208.0,97.0,19.0,1.0,34.0,1.0,0.0,2HJYK16597H5,2007.0,474.0,1866.0,60.0,37.0,Honda,471.0,34.0,1.0,0.0,0.0,998.0,7.0,3.0,5.0,12.0,6.0,1.0,0.0,1.0,1.0,19.0,50219.0,1.0,6.0,3.0,Valid license for this class vehicle,0.0,70.0,175.0,0.0,1.0,0.0,4.0,April,2021.0,3.0,2022.0,0.0,1.0,2.0,55.0,1.0,1.0,2.0,1.0,0.0,1.0,6.0,99.0,2.0,4.0,102.0,19.0,96.0,97.0,7.0,202304811623.0,34.0,4.0,3.0,4.0,1.0,1.0,34.0,29.0,1.0,4.0,1.0,1.0,0.0,37.0,1.0,99.0
190044,1,9,0.0,38.0,1.0,9996.0,-99.0,19.0,159.0,12.0,20.0,34.0,54.0,1.0,1.0,4.0,20.0,7.0,1.0,0.0,1.0,219.0,97.0,19.0,2.0,12.0,1.0,0.0,3GCRKSE37AG1,2010.0,467.0,1850.0,60.0,20.0,Chevrolet,481.0,34.0,1.0,0.0,0.0,998.0,0.0,3.0,5.0,12.0,6.0,2.0,1.0,1.0,1.0,19.0,50854.0,1.0,6.0,3.0,Valid license for this class vehicle,0.0,71.0,220.0,0.0,1.0,0.0,5.0,May,2018.0,5.0,2018.0,4.0,1.0,2.0,50.0,1.0,3.0,4.0,1.0,0.0,1.0,54.0,99.0,1.0,1.0,303.0,19.0,96.0,97.0,7.0,202304824382.0,12.0,4.0,3.0,4.0,10.0,1.0,34.0,54.0,1.0,4.0,1.0,1.0,0.0,20.0,1.0,0.0
190044,2,0,0.0,38.0,1.0,1.0,-99.0,19.0,159.0,12.0,20.0,34.0,44.0,2.0,1.0,4.0,20.0,7.0,1.0,0.0,0.0,0.0,97.0,19.0,2.0,12.0,2.0,0.0,1GCHK23162F1,2002.0,467.0,1850.0,60.0,20.0,Chevrolet,481.0,34.0,1.0,0.0,0.0,998.0,0.0,0.0,0.0,12.0,6.0,12.0,0.0,0.0,1.0,19.0,50830.0,1.0,6.0,3.0,Valid license for this class vehicle,3.0,66.0,200.0,0.0,0.0,0.0,0.0,No Record,0.0,0.0,0.0,0.0,1.0,2.0,50.0,1.0,3.0,4.0,1.0,0.0,1.0,54.0,99.0,1.0,1.0,303.0,19.0,96.0,97.0,7.0,202304824382.0,12.0,4.0,3.0,4.0,10.0,1.0,34.0,44.0,2.0,4.0,1.0,1.0,0.0,20.0,2.0,0.0
190047,1,0,99.0,87.0,1.0,0.0,-99.0,19.0,49.0,12.0,49.0,4.0,17.0,2.0,1.0,3.0,3.0,0.0,20.0,0.0,8.0,996.0,0.0,19.0,2.0,12.0,3.0,0.0,JTNBE46K7730,2007.0,448.0,2469.0,13.0,49.0,Toyota,40.0,4.0,1.0,0.0,0.0,998.0,0.0,0.0,0.0,3.0,6.0,12.0,0.0,0.0,1.0,19.0,50128.0,7.0,6.0,3.0,Valid license for this class vehicle,1.0,64.0,132.0,0.0,0.0,0.0,0.0,No Record,0.0,0.0,0.0,0.0,1.0,2.0,55.0,1.0,1.0,1.0,3.0,0.0,1.0,6.0,99.0,1.0,2.0,301.0,19.0,0.0,1.0,0.0,202304798721.0,12.0,6.0,3.0,0.0,10.0,1.0,4.0,42.0,1.0,0.0,1.0,20.0,0.0,49.0,1.0,0.0
190049,1,99,99.0,0.0,1.0,0.0,-99.0,19.0,57.0,34.0,6.0,20.0,55.0,1.0,1.0,4.0,20.0,7.0,1.0,0.0,8.0,996.0,97.0,19.0,1.0,34.0,1.0,0.0,1A4GJ45RX7B2,2007.0,477.0,1936.0,2.0,6.0,Chrysler,441.0,20.0,1.0,0.0,0.0,998.0,7.0,0.0,0.0,12.0,6.0,42.0,0.0,0.0,1.0,19.0,52641.0,1.0,6.0,3.0,Valid license for this class vehicle,0.0,69.0,250.0,0.0,0.0,0.0,11.0,November,2020.0,11.0,2020.0,0.0,2.0,2.0,65.0,1.0,1.0,2.0,2.0,0.0,1.0,9.0,99.0,1.0,4.0,102.0,19.0,96.0,97.0,7.0,202304828239.0,34.0,5.0,3.0,4.0,2.0,1.0,20.0,55.0,1.0,4.0,1.0,1.0,0.0,6.0,1.0,99.0
190052,1,0,99.0,28.0,1.0,5997.0,-99.0,19.0,135.0,12.0,20.0,34.0,30.0,1.0,1.0,4.0,3.0,0.0,20.0,0.0,0.0,0.0,97.0,19.0,2.0,12.0,2.0,0.0,1GCHK24K58E1,2008.0,467.0,1850.0,60.0,20.0,Chevrolet,481.0,34.0,1.0,0.0,0.0,998.0,0.0,3.0,1.0,11.0,6.0,12.0,0.0,0.0,1.0,19.0,52531.0,1.0,6.0,3.0,Valid license for this class vehicle,0.0,71.0,200.0,0.0,0.0,0.0,0.0,No Record,0.0,0.0,0.0,0.0,1.0,2.0,55.0,1.0,1.0,2.0,1.0,0.0,1.0,10.0,99.0,1.0,2.0,301.0,19.0,96.0,97.0,7.0,202304839899.0,12.0,4.0,3.0,4.0,1.0,1.0,34.0,30.0,1.0,4.0,1.0,20.0,0.0,20.0,1.0,0.0
190054,1,99,99.0,0.0,1.0,0.0,-99.0,19.0,115.0,1.0,23.0,15.0,18.0,1.0,1.0,4.0,20.0,7.0,20.0,1.0,8.0,996.0,97.0,19.0,1.0,1.0,1.0,0.0,1GKEK13Z34J3,2004.0,472.0,1859.0,7.0,23.0,GMC,421.0,15.0,1.0,0.0,0.0,998.0,7.0,3.0,6.0,0.0,6.0,1.0,0.0,0.0,1.0,19.0,52653.0,2.0,6.0,3.0,Valid license for this class vehicle,1.0,63.0,215.0,0.0,0.0,0.0,0.0,No Record,0.0,0.0,0.0,4.0,1.0,2.0,98.0,1.0,1.0,1.0,11.0,0.0,1.0,14.0,99.0,1.0,4.0,998.0,19.0,96.0,97.0,7.0,202304812390.0,1.0,3.0,3.0,3.0,10.0,1.0,15.0,18.0,1.0,3.0,1.0,20.0,1.0,23.0,1.0,99.0
190059,1,99,0.0,38.0,1.0,1.0,-99.0,19.0,111.0,12.0,6.0,6.0,73.0,2.0,1.0,4.0,20.0,7.0,8.0,0.0,0.0,0.0,97.0,19.0,2.0,12.0,2.0,0.0,3C4FY48B15T5,2005.0,477.0,3595.0,7.0,6.0,Chrysler,52.0,6.0,1.0,0.0,0.0,998.0,0.0,0.0,0.0,9.0,6.0,12.0,0.0,0.0,1.0,19.0,52626.0,1.0,6.0,3.0,Valid license for this class vehicle,3.0,62.0,262.0,0.0,0.0,0.0,0.0,No Record,0.0,0.0,0.0,0.0,1.0,2.0,55.0,1.0,1.0,1.0,1.0,20.0,1.0,17.0,99.0,1.0,1.0,504.0,19.0,96.0,97.0,7.0,202304853405.0,12.0,4.0,4.0,4.0,1.0,1.0,6.0,73.0,2.0,4.0,1.0,8.0,0.0,6.0,1.0,99.0
190060,2,99,99.0,39.0,1.0,5997.0,-99.0,19.0,65.0,12.0,12.0,4.0,57.0,1.0,1.0,4.0,3.0,0.0,2.0,0.0,0.0,0.0,97.0,19.0,2.0,12.0,1.0,0.0,3FA6P0G75JR2,2018.0,460.0,1780.0,13.0,12.0,Ford,23.0,4.0,1.0,0.0,0.0,998.0,0.0,0.0,0.0,3.0,6.0,12.0,0.0,0.0,1.0,19.0,52213.0,1.0,6.0,3.0,Valid license for this class vehicle,0.0,72.0,250.0,0.0,0.0,0.0,0.0,No Record,0.0,0.0,0.0,0.0,1.0,2.0,55.0,1.0,1.0,1.0,1.0,20.0,1.0,17.0,99.0,1.0,1.0,502.0,19.0,96.0,97.0,7.0,202304879955.0,12.0,3.0,4.0,3.0,1.0,1.0,4.0,20.0,2.0,1.0,1.0,8.0,0.0,12.0,1.0,98.0
190065,1,2,97.0,28.0,1.0,0.0,-99.0,19.0,53.0,12.0,35.0,14.0,49.0,1.0,1.0,3.0,3.0,0.0,8.0,0.0,8.0,996.0,0.0,19.0,2.0,12.0,1.0,0.0,5N1BT3BB8NC6,2022.0,478.0,1913.0,7.0,35.0,Nissan/Datsun,404.0,14.0,1.0,0.0,0.0,998.0,0.0,0.0,0.0,12.0,6.0,12.0,0.0,0.0,1.0,19.0,50065.0,1.0,6.0,3.0,Valid license for this class vehicle,3.0,68.0,270.0,0.0,1.0,0.0,5.0,May,2020.0,5.0,2020.0,0.0,1.0,2.0,55.0,3.0,1.0,2.0,1.0,0.0,14.0,10.0,99.0,1.0,2.0,301.0,19.0,0.0,1.0,0.0,202304876008.0,12.0,4.0,4.0,4.0,1.0,1.0,14.0,49.0,1.0,3.0,1.0,8.0,0.0,35.0,1.0,2.0
190065,2,0,0.0,0.0,1.0,1.0,-99.0,19.0,53.0,12.0,63.0,4.0,31.0,2.0,1.0,4.0,20.0,7.0,8.0,2.0,0.0,0.0,97.0,19.0,2.0,12.0,1.0,0.0,KNAFZ4A82G55,2016.0,499.0,2462.0,13.0,63.0,KIA,38.0,4.0,1.0,0.0,0.0,998.0,0.0,0.0,0.0,12.0,6.0,12.0,0.0,0.0,1.0,19.0,50144.0,1.0,6.0,3.0,Valid license for this class vehicle,0.0,67.0,125.0,0.0,0.0,0.0,0.0,No Record,0.0,0.0,0.0,0.0,1.0,2.0,55.0,2.0,1.0,2.0,1.0,0.0,14.0,62.0,99.0,1.0,1.0,302.0,19.0,96.0,97.0,7.0,202304876008.0,12.0,4.0,4.0,4.0,1.0,1.0,4.0,31.0,2.0,4.0,1.0,8.0,2.0,63.0,2.0,0.0
190070,2,9,12.0,0.0,1.0,5997.0,-99.0,19.0,163.0,12.0,20.0,4.0,29.0,2.0,1.0,3.0,3.0,0.0,8.0,0.0,0.0,0.0,0.0,19.0,2.0,12.0,3.0,0.0,1G1PC5SB2E72,2014.0,467.0,1832.0,13.0,20.0,Chevrolet,25.0,4.0,1.0,0.0,0.0,998.0,0.0,0.0,0.0,12.0,6.0,12.0,0.0,0.0,1.0,19.0,52806.0,1.0,6.0,3.0,Valid license for this class vehicle,0.0,63.0,185.0,0.0,0.0,0.0,6.0,June,2018.0,9.0,2022.0,0.0,3.0,2.0,70.0,1.0,5.0,1.0,1.0,0.0,1.0,54.0,99.0,1.0,1.0,303.0,19.0,0.0,1.0,0.0,202305031034.0,12.0,7.0,6.0,2.0,1.0,1.0,4.0,28.0,2.0,1.0,1.0,1.0,0.0,20.0,1.0,0.0
190074,3,0,0.0,0.0,1.0,0.0,-99.0,19.0,33.0,12.0,35.0,34.0,60.0,1.0,1.0,3.0,3.0,0.0,8.0,0.0,8.0,996.0,0.0,19.0,3.0,12.0,1.0,0.0,1N6AD0EV3GN7,2016.0,478.0,1919.0,60.0,35.0,Nissan/Datsun,472.0,34.0,1.0,0.0,0.0,998.0,0.0,0.0,0.0,12.0,6.0,12.0,0.0,0.0,1.0,19.0,50438.0,1.0,6.0,3.0,Valid license for this class vehicle,0.0,70.0,225.0,0.0,0.0,0.0,9.0,September,2022.0,9.0,2022.0,0.0,1.0,2.0,55.0,1.0,1.0,2.0,1.0,0.0,1.0,62.0,99.0,1.0,1.0,998.0,19.0,0.0,1.0,0.0,202304967113.0,12.0,2.0,4.0,0.0,1.0,1.0,34.0,36.0,1.0,0.0,1.0,20.0,0.0,35.0,2.0,98.0
190077,1,99,99.0,39.0,1.0,1.0,-99.0,19.0,163.0,12.0,20.0,34.0,32.0,1.0,1.0,4.0,3.0,0.0,20.0,0.0,0.0,0.0,97.0,19.0,3.0,12.0,1.0,0.0,2GCEK19R3V12,1997.0,467.0,10978.0,60.0,20.0,Chevrolet,481.0,34.0,1.0,0.0,0.0,998.0,0.0,0.0,0.0,9.0,6.0,12.0,0.0,0.0,1.0,17.0,61244.0,1.0,3.0,2.0,No valid license for this class vehicle,0.0,64.0,134.0,0.0,0.0,0.0,0.0,No Record,0.0,0.0,0.0,0.0,6.0,4.0,30.0,1.0,6.0,1.0,1.0,3.0,1.0,66.0,99.0,1.0,1.0,504.0,19.0,96.0,97.0,7.0,202305241956.0,12.0,7.0,8.0,2.0,1.0,1.0,34.0,22.0,1.0,2.0,1.0,1.0,0.0,20.0,1.0,0.0
190077,3,0,0.0,0.0,1.0,0.0,-99.0,19.0,163.0,12.0,35.0,4.0,70.0,1.0,1.0,0.0,3.0,0.0,20.0,0.0,8.0,996.0,0.0,19.0,3.0,12.0,1.0,0.0,3N1AB8CV3NY2,2022.0,478.0,1907.0,13.0,35.0,Nissan/Datsun,43.0,4.0,1.0,0.0,0.0,0.0,0.0,0.0,0.0,7.0,2.0,12.0,0.0,0.0,1.0,19.0,52732.0,1.0,6.0,3.0,Valid license for this class vehicle,3.0,70.0,195.0,0.0,0.0,0.0,12.0,December,2021.0,12.0,2021.0,0.0,2.0,6.0,30.0,1.0,1.0,1.0,1.0,3.0,5.0,66.0,1.0,1.0,1.0,998.0,19.0,0.0,1.0,0.0,202304875549.0,12.0,3.0,3.0,0.0,1.0,1.0,4.0,38.0,1.0,0.0,1.0,20.0,0.0,35.0,2.0,0.0
190078,1,0,99.0,0.0,1.0,1.0,-99.0,19.0,193.0,12.0,49.0,14.0,48.0,1.0,1.0,4.0,3.0,0.0,1.0,0.0,0.0,0.0,97.0,19.0,2.0,12.0,1.0,0.0,JTMBD33V9650,2006.0,448.0,2217.0,7.0,49.0,Toyota,402.0,14.0,1.0,0.0,0.0,998.0,0.0,0.0,0.0,3.0,6.0,12.0,0.0,0.0,1.0,31.0,68776.0,1.0,6.0,3.0,Valid license for this class vehicle,0.0,69.0,140.0,0.0,0.0,0.0,0.0,No Record,0.0,0.0,0.0,0.0,2.0,2.0,70.0,3.0,1.0,1.0,1.0,0.0,14.0,12.0,99.0,1.0,6.0,301.0,19.0,96.0,97.0,7.0,202305362538.0,12.0,4.0,9.0,2.0,1.0,1.0,14.0,59.0,1.0,2.0,1.0,1.0,0.0,49.0,1.0,98.0
190079,1,0,99.0,28.0,1.0,9998.0,-99.0,19.0,115.0,34.0,12.0,34.0,63.0,1.0,1.0,4.0,20.0,7.0,20.0,1.0,8.0,997.0,97.0,19.0,1.0,34.0,1.0,0.0,1FTRW08L13KC,2003.0,460.0,1801.0,60.0,12.0,Ford,481.0,34.0,1.0,0.0,0.0,998.0,7.0,3.0,5.0,12.0,6.0,1.0,0.0,0.0,1.0,19.0,52201.0,1.0,6.0,3.0,Valid license for this class vehicle,0.0,66.0,215.0,0.0,2.0,0.0,10.0,October,2020.0,4.0,2021.0,4.0,1.0,2.0,55.0,3.0,6.0,4.0,11.0,0.0,11.0,6.0,99.0,2.0,4.0,101.0,19.0,96.0,97.0,7.0,202304893480.0,34.0,4.0,4.0,4.0,1.0,1.0,34.0,63.0,1.0,4.0,1.0,20.0,1.0,12.0,1.0,0.0
190083,1,99,0.0,0.0,1.0,3053.0,-99.0,19.0,29.0,1.0,72.0,80.0,40.0,1.0,1.0,4.0,20.0,7.0,20.0,8.0,0.0,0.0,97.0,19.0,1.0,1.0,1.0,0.0,1HD1FCW165Y6,2005.0,3888.0,8509.0,81.0,72.0,Harley-Davidson,706.0,80.0,1.0,0.0,0.0,998.0,7.0,8.0,8.0,0.0,6.0,1.0,0.0,0.0,1.0,19.0,50843.0,1.0,6.0,3.0,Valid license for this class vehicle,0.0,73.0,220.0,0.0,0.0,0.0,0.0,No Record,0.0,0.0,0.0,3.0,1.0,2.0,50.0,1.0,6.0,4.0,1.0,0.0,1.0,6.0,99.0,2.0,2.0,998.0,19.0,96.0,97.0,7.0,202305125159.0,12.0,5.0,7.0,2.0,1.0,1.0,80.0,30.0,1.0,2.0,1.0,20.0,8.0,72.0,2.0,0.0
190084,1,99,99.0,51.0,1.0,1.0,-99.0,19.0,193.0,12.0,37.0,14.0,42.0,1.0,1.0,4.0,99.0,7.0,8.0,0.0,1.0,316.0,97.0,19.0,2.0,12.0,1.0,0.0,5J6RM4H30CL0,2012.0,474.0,1865.0,7.0,37.0,Honda,402.0,14.0,1.0,0.0,0.0,998.0,0.0,0.0,0.0,12.0,6.0,12.0,0.0,1.0,1.0,19.0,51105.0,1.0,2.0,2.0,No valid license for this class vehicle,0.0,72.0,200.0,1.0,0.0,2.0,1.0,January,2019.0,1.0,2020.0,0.0,1.0,2.0,45.0,1.0,1.0,1.0,1.0,0.0,1.0,54.0,99.0,1.0,1.0,303.0,19.0,96.0,97.0,7.0,202304946111.0,12.0,5.0,5.0,2.0,1.0,1.0,14.0,16.0,2.0,2.0,1.0,9.0,0.0,37.0,1.0,0.0
190085,1,99,99.0,58.0,1.0,1.0,-99.0,19.0,51.0,12.0,37.0,4.0,20.0,1.0,1.0,4.0,3.0,0.0,8.0,0.0,0.0,0.0,97.0,19.0,2.0,12.0,1.0,0.0,1HGCR2F52HA0,2017.0,474.0,1861.0,13.0,37.0,Honda,32.0,4.0,1.0,0.0,0.0,998.0,1.0,0.0,0.0,10.0,6.0,12.0,0.0,0.0,1.0,29.0,65102.0,1.0,6.0,3.0,Valid license for this class vehicle,3.0,74.0,180.0,0.0,0.0,0.0,0.0,No Record,0.0,0.0,0.0,0.0,1.0,2.0,55.0,2.0,5.0,2.0,1.0,0.0,14.0,13.0,99.0,1.0,4.0,301.0,19.0,96.0,97.0,7.0,202304928328.0,12.0,4.0,5.0,4.0,1.0,1.0,4.0,20.0,1.0,4.0,1.0,8.0,0.0,37.0,1.0,99.0