ST_CASE,VEH_NO_x,DRIMPAIR_x,DRDISTRACT,DRIVERRF,PER_NO_x,DRUGRES,DRUGACTQTY,STATE_x,COUNTY,HARM_EV_x,MAKE_x,BODY_TYP_x,AGE,SEX,PER_TYP_x,INJ_SEV,REST_USE,REST_MIS,AIR_BAG_x,EJECTION,DRINKING,ALC_RES,HISPANIC,STATE_y,VE_FORMS,HARM_EV_y,NUMOCCS,HIT_RUN,VIN,MOD_YEAR,VPICMAKE,VPICMODEL,VPICBODYCLASS,MAKE_y,MAKENAME,MODEL,BODY_TYP_y,HAZ_INV,HAZ_PLAC,HAZ_ID,TRAV_SP,UNDEROVERRIDE,ROLLOVER,ROLINLOC,IMPACT1,DEFORMED,M_HARM,FIRE_EXP,DR_DRINK,DR_PRES,L_STATE,DR_ZIP,L_TYPE,L_STATUS,L_COMPL,L_COMPLNAME,L_RESTRI,DR_HGT,DR_WGT,PREV_DWI,PREV_SPD,PREV_OTH,FIRST_MO,FIRST_MONAME,FIRST_YR,LAST_MO,LAST_YR,SPEEDREL,VTRAFWAY,VNUM_LAN,VSPD_LIM,VALIGN,VPROFILE,VPAVETYP,VSURCOND,VTRAFCON,P_CRASH1,P_CRASH2,P_CRASH3,PCRASH4,PCRASH5,ACC_CONFIG,STATE,RACE,ORDER,MULTRACE,CASENUM,HARM_EV,DAY_WEEK,MONTH,MAXSEV_IM,WEATHR_IM,PER_NO_y,BODY_TYP,AGE_IM,SEX_IM,INJSEV_IM,PER_TYP_y,AIR_BAG_y,EJECT_IM,MAKE,VEH_NO_y,DRIMPAIR_y
190202,1,0,0.0,0.0,1.0,5997.0,-99.0,19.0,39.0,34.0,49.0,14.0,24.0,1.0,1.0,4.0,20.0,7.0,2.0,1.0,1.0,275.0,97.0,19.0,1.0,34.0,2.0,0.0,JTEBT17RX680,2006.0,448.0,2216.0,7.0,49.0,Toyota,401.0,14.0,1.0,0.0,0.0,998.0,7.0,3.0,5.0,12.0,6.0,1.0,0.0,1.0,1.0,19.0,50213.0,1.0,6.0,3.0,Valid license for this class vehicle,0.0,74.0,165.0,1.0,3.0,1.0,6.0,June,2019.0,9.0,2022.0,3.0,1.0,2.0,55.0,1.0,6.0,4.0,11.0,0.0,1.0,6.0,99.0,9.0,4.0,101.0,19.0,96.0,97.0,7.0,202305204176.0,34.0,1.0,8.0,4.0,10.0,1.0,14.0,24.0,1.0,4.0,1.0,2.0,1.0,49.0,1.0,0.0
190204,1,99,0.0,0.0,1.0,0.0,-99.0,19.0,179.0,12.0,72.0,80.0,71.0,1.0,1.0,4.0,20.0,7.0,20.0,8.0,8.0,996.0,97.0,19.0,2.0,12.0,1.0,0.0,7G97415H9,1979.0,8482.0,22415.0,6.0,72.0,Harley-Davidson,709.0,80.0,1.0,0.0,0.0,998.0,7.0,8.0,8.0,12.0,6.0,12.0,0.0,0.0,1.0,19.0,52501.0,1.0,6.0,3.0,Valid license for this class vehicle,0.0,64.0,150.0,0.0,0.0,0.0,0.0,No Record,0.0,0.0,0.0,0.0,2.0,3.0,45.0,1.0,1.0,2.0,1.0,3.0,1.0,62.0,99.0,1.0,1.0,402.0,19.0,96.0,97.0,7.0,202305202201.0,12.0,2.0,8.0,4.0,1.0,1.0,80.0,71.0,1.0,4.0,1.0,20.0,8.0,72.0,1.0,99.0
190204,2,0,99.0,0.0,1.0,0.0,-99.0,19.0,179.0,12.0,20.0,14.0,67.0,2.0,1.0,0.0,99.0,7.0,2.0,0.0,8.0,996.0,0.0,19.0,2.0,12.0,1.0,0.0,2GNFLGEK3H61,2017.0,467.0,1847.0,7.0,20.0,Chevrolet,404.0,14.0,1.0,0.0,0.0,998.0,7.0,0.0,0.0,2.0,6.0,12.0,0.0,0.0,1.0,19.0,52501.0,1.0,6.0,3.0,Valid license for this class vehicle,3.0,63.0,220.0,1.0,0.0,0.0,4.0,April,2019.0,12.0,2019.0,0.0,2.0,3.0,45.0,1.0,1.0,2.0,1.0,3.0,11.0,54.0,99.0,1.0,1.0,401.0,19.0,0.0,1.0,0.0,202305202201.0,12.0,2.0,8.0,4.0,1.0,1.0,14.0,67.0,2.0,0.0,1.0,2.0,0.0,20.0,2.0,0.0
190206,2,0,0.0,0.0,1.0,0.0,-99.0,19.0,113.0,12.0,49.0,14.0,32.0,2.0,1.0,0.0,3.0,0.0,20.0,0.0,8.0,996.0,0.0,19.0,2.0,12.0,1.0,0.0,2T3LWRFV6LW0,2020.0,448.0,2217.0,7.0,49.0,Toyota,402.0,14.0,1.0,0.0,0.0,998.0,7.0,0.0,0.0,6.0,4.0,12.0,0.0,0.0,1.0,19.0,52402.0,1.0,6.0,3.0,Valid license for this class vehicle,3.0,70.0,200.0,0.0,0.0,0.0,0.0,No Record,0.0,0.0,0.0,0.0,3.0,4.0,55.0,1.0,1.0,2.0,1.0,0.0,15.0,53.0,99.0,1.0,2.0,201.0,19.0,0.0,1.0,0.0,202305466833.0,12.0,7.0,11.0,0.0,1.0,1.0,14.0,68.0,2.0,0.0,1.0,20.0,0.0,49.0,3.0,98.0
190209,1,98,99.0,36.0,1.0,0.0,-99.0,19.0,49.0,17.0,55.0,4.0,32.0,1.0,1.0,4.0,99.0,7.0,8.0,0.0,8.0,996.0,97.0,19.0,1.0,17.0,1.0,0.0,5NPEB4AC1CH4,2012.0,498.0,2459.0,13.0,55.0,Hyundai,33.0,4.0,1.0,0.0,0.0,998.0,7.0,0.0,0.0,12.0,6.0,3.0,0.0,0.0,1.0,46.0,50233.0,1.0,6.0,3.0,Valid license for this class vehicle,0.0,72.0,205.0,0.0,0.0,0.0,0.0,No Record,0.0,0.0,0.0,3.0,1.0,2.0,35.0,1.0,1.0,5.0,11.0,0.0,1.0,14.0,99.0,1.0,4.0,103.0,19.0,96.0,97.0,7.0,202304647680.0,12.0,5.0,1.0,0.0,1.0,1.0,4.0,21.0,2.0,0.0,1.0,20.0,0.0,55.0,2.0,0.0
190215,1,0,99.0,38.0,1.0,2997.0,-99.0,19.0,187.0,12.0,22.0,14.0,45.0,1.0,1.0,4.0,3.0,0.0,1.0,0.0,8.0,996.0,97.0,19.0,2.0,12.0,1.0,0.0,2CKDL33F5863,2008.0,536.0,4591.0,7.0,22.0,Pontiac,403.0,14.0,1.0,0.0,0.0,998.0,0.0,0.0,0.0,9.0,6.0,12.0,0.0,0.0,1.0,19.0,50501.0,1.0,6.0,3.0,Valid license for this class vehicle,0.0,74.0,200.0,0.0,2.0,0.0,2.0,February,2022.0,9.0,2022.0,0.0,1.0,2.0,55.0,1.0,1.0,1.0,1.0,20.0,1.0,17.0,99.0,1.0,1.0,504.0,19.0,96.0,97.0,7.0,202305365903.0,12.0,3.0,10.0,3.0,1.0,1.0,14.0,30.0,2.0,2.0,1.0,20.0,0.0,22.0,3.0,98.0
190217,1,99,0.0,0.0,1.0,0.0,-99.0,19.0,73.0,35.0,98.0,92.0,76.0,1.0,1.0,4.0,98.0,7.0,20.0,0.0,8.0,996.0,97.0,19.0,1.0,35.0,1.0,0.0,0,9999.0,99997.0,99997.0,126.0,98.0,Other Make,998.0,92.0,1.0,0.0,0.0,998.0,7.0,3.0,5.0,3.0,0.0,1.0,0.0,0.0,1.0,19.0,50217.0,1.0,6.0,1.0,No license required for this class vehicle,0.0,67.0,140.0,0.0,0.0,0.0,0.0,No Record,0.0,0.0,0.0,0.0,1.0,2.0,98.0,1.0,1.0,2.0,11.0,0.0,1.0,98.0,99.0,1.0,5.0,998.0,19.0,96.0,97.0,7.0,202304636966.0,43.0,1.0,1.0,2.0,1.0,1.0,83.0,49.0,1.0,2.0,1.0,20.0,8.0,73.0,1.0,98.0
190222,1,99,99.0,0.0,1.0,0.0,-99.0,19.0,53.0,42.0,2.0,14.0,72.0,2.0,1.0,4.0,3.0,0.0,1.0,0.0,8.0,996.0,97.0,19.0,1.0,42.0,1.0,0.0,1J4RR5GT8BC7,2011.0,483.0,1949.0,7.0,2.0,Jeep / Kaiser-Jeep / Willys- Jeep,404.0,14.0,1.0,0.0,0.0,998.0,7.0,0.0,0.0,12.0,6.0,42.0,0.0,0.0,1.0,29.0,64647.0,1.0,6.0,3.0,Valid license for this class vehicle,3.0,65.0,160.0,0.0,0.0,0.0,0.0,No Record,0.0,0.0,0.0,0.0,2.0,2.0,70.0,1.0,1.0,1.0,1.0,0.0,1.0,13.0,99.0,1.0,4.0,101.0,19.0,96.0,97.0,7.0,202305236277.0,42.0,4.0,8.0,4.0,10.0,1.0,14.0,72.0,2.0,4.0,1.0,1.0,0.0,2.0,1.0,99.0
190230,1,9,0.0,39.0,1.0,5997.0,-99.0,19.0,169.0,12.0,35.0,4.0,31.0,1.0,1.0,4.0,3.0,0.0,8.0,0.0,1.0,197.0,97.0,19.0,2.0,12.0,2.0,0.0,1N4AA6APXHC4,2017.0,478.0,2302.0,13.0,35.0,Nissan/Datsun,39.0,4.0,1.0,0.0,0.0,998.0,0.0,3.0,5.0,10.0,6.0,12.0,0.0,1.0,1.0,19.0,50154.0,1.0,6.0,3.0,Valid license for this class vehicle,0.0,75.0,245.0,0.0,0.0,0.0,0.0,No Record,0.0,0.0,0.0,3.0,1.0,2.0,55.0,1.0,1.0,4.0,1.0,20.0,1.0,17.0,99.0,1.0,1.0,504.0,19.0,96.0,97.0,7.0,202305470619.0,12.0,3.0,12.0,0.0,1.0,1.0,4.0,21.0,1.0,0.0,1.0,20.0,0.0,35.0,2.0,0.0
190233,2,0,0.0,0.0,1.0,0.0,-99.0,19.0,77.0,12.0,20.0,4.0,54.0,1.0,1.0,3.0,3.0,0.0,8.0,0.0,8.0,996.0,0.0,19.0,2.0,12.0,1.0,0.0,1G1ZD5ST1PF2,2023.0,467.0,1834.0,13.0,20.0,Chevrolet,37.0,4.0,1.0,0.0,0.0,998.0,0.0,0.0,0.0,12.0,6.0,12.0,0.0,0.0,1.0,45.0,29154.0,1.0,6.0,3.0,Valid license for this class vehicle,0.0,73.0,210.0,1.0,2.0,0.0,8.0,August,2019.0,11.0,2021.0,0.0,1.0,2.0,55.0,2.0,1.0,2.0,1.0,0.0,14.0,62.0,99.0,1.0,1.0,302.0,19.0,0.0,1.0,0.0,202305224595.0,72.0,2.0,9.0,0.0,10.0,1.0,4.0,35.0,1.0,0.0,1.0,20.0,0.0,20.0,2.0,0.0
190241,1,0,0.0,24.0,1.0,0.0,-99.0,19.0,183.0,12.0,98.0,96.0,71.0,2.0,1.0,3.0,20.0,7.0,20.0,1.0,8.0,996.0,0.0,19.0,2.0,12.0,2.0,0.0,4XAUH9EA6DB1,2013.0,566.0,10364.0,105.0,98.0,Other Make,734.0,96.0,1.0,0.0,0.0,998.0,0.0,0.0,0.0,6.0,6.0,12.0,0.0,0.0,1.0,19.0,52327.0,1.0,6.0,1.0,No license required for this class vehicle,0.0,66.0,148.0,0.0,0.0,0.0,0.0,No Record,0.0,0.0,0.0,0.0,2.0,2.0,55.0,1.0,1.0,2.0,2.0,0.0,1.0,53.0,99.0,1.0,1.0,201.0,19.0,0.0,1.0,0.0,202305377615.0,12.0,5.0,11.0,0.0,1.0,1.0,96.0,28.0,1.0,0.0,1.0,20.0,0.0,98.0,2.0,0.0
190245,1,0,0.0,82.0,1.0,0.0,-99.0,19.0,107.0,34.0,72.0,80.0,39.0,1.0,1.0,4.0,20.0,7.0,20.0,8.0,8.0,996.0,97.0,19.0,1.0,34.0,1.0,0.0,1HD1KEL11EB6,2014.0,3888.0,11121.0,81.0,72.0,Harley-Davidson,706.0,80.0,1.0,0.0,0.0,998.0,7.0,8.0,8.0,98.0,6.0,59.0,0.0,0.0,1.0,19.0,52556.0,1.0,6.0,3.0,Valid license for this class vehicle,0.0,75.0,230.0,0.0,0.0,0.0,5.0,May,2019.0,5.0,2019.0,3.0,1.0,2.0,55.0,1.0,1.0,1.0,1.0,0.0,6.0,6.0,99.0,1.0,4.0,102.0,19.0,96.0,97.0,7.0,202304827665.0,11.0,5.0,3.0,1.0,1.0,1.0,80.0,44.0,1.0,1.0,1.0,20.0,8.0,72.0,1.0,0.0
190251,1,0,0.0,83.0,1.0,0.0,-99.0,19.0,115.0,1.0,72.0,80.0,61.0,1.0,1.0,4.0,20.0,7.0,20.0,8.0,8.0,996.0,97.0,19.0,1.0,1.0,2.0,0.0,1HD1JB5137Y0,2007.0,3888.0,11199.0,94.0,72.0,Harley-Davidson,706.0,80.0,1.0,0.0,0.0,998.0,7.0,8.0,8.0,0.0,6.0,1.0,0.0,0.0,1.0,19.0,52653.0,1.0,6.0,3.0,Valid license for this class vehicle,3.0,71.0,230.0,0.0,0.0,0.0,7.0,July,2020.0,7.0,2020.0,0.0,1.0,2.0,55.0,1.0,1.0,1.0,1.0,0.0,1.0,87.0,8.0,1.0,1.0,998.0,19.0,96.0,97.0,7.0,202305291008.0,1.0,7.0,10.0,4.0,1.0,1.0,80.0,61.0,1.0,4.0,1.0,20.0,8.0,72.0,1.0,98.0
190254,2,0,99.0,0.0,1.0,1.0,-99.0,19.0,131.0,12.0,20.0,34.0,33.0,2.0,1.0,4.0,20.0,7.0,20.0,2.0,8.0,0.0,97.0,19.0,2.0,12.0,1.0,0.0,1GCPKSE70CF1,2012.0,467.0,1850.0,60.0,20.0,Chevrolet,481.0,34.0,1.0,0.0,0.0,998.0,0.0,0.0,0.0,9.0,6.0,12.0,0.0,0.0,1.0,19.0,50476.0,1.0,6.0,3.0,Valid license for this class vehicle,0.0,63.0,150.0,0.0,0.0,0.0,0.0,No Record,0.0,0.0,0.0,0.0,1.0,2.0,55.0,1.0,1.0,4.0,2.0,0.0,1.0,66.0,99.0,1.0,1.0,504.0,19.0,96.0,97.0,7.0,202305327186.0,34.0,7.0,10.0,3.0,1.0,1.0,34.0,62.0,1.0,3.0,1.0,1.0,0.0,20.0,1.0,99.0
190255,2,0,0.0,0.0,1.0,5997.0,-99.0,19.0,193.0,12.0,12.0,4.0,51.0,1.0,1.0,4.0,3.0,0.0,8.0,0.0,8.0,0.0,97.0,19.0,2.0,12.0,2.0,0.0,3FAHP07189R1,2009.0,460.0,1780.0,13.0,12.0,Ford,23.0,4.0,1.0,0.0,0.0,998.0,0.0,0.0,0.0,3.0,6.0,12.0,0.0,0.0,1.0,19.0,51103.0,1.0,6.0,3.0,Valid license for this class vehicle,3.0,66.0,200.0,0.0,0.0,1.0,12.0,December,2018.0,12.0,2018.0,0.0,2.0,2.0,35.0,1.0,1.0,1.0,2.0,3.0,1.0,66.0,99.0,1.0,1.0,502.0,19.0,96.0,97.0,7.0,202304848229.0,12.0,1.0,3.0,0.0,2.0,1.0,4.0,21.0,1.0,0.0,1.0,9.0,0.0,12.0,1.0,0.0
190261,1,99,99.0,0.0,1.0,0.0,-99.0,19.0,153.0,12.0,35.0,4.0,20.0,1.0,1.0,4.0,99.0,7.0,1.0,1.0,8.0,561.0,97.0,19.0,3.0,12.0,1.0,0.0,1N4BA41E86C8,2006.0,478.0,2302.0,13.0,35.0,Nissan/Datsun,39.0,4.0,1.0,0.0,0.0,998.0,0.0,0.0,0.0,12.0,6.0,12.0,0.0,1.0,1.0,19.0,50317.0,0.0,0.0,0.0,Not licensed,0.0,66.0,135.0,0.0,2.0,9.0,11.0,November,2019.0,10.0,2023.0,3.0,1.0,4.0,45.0,1.0,1.0,2.0,1.0,0.0,1.0,10.0,99.0,2.0,2.0,301.0,19.0,96.0,97.0,7.0,202305229501.0,12.0,4.0,9.0,2.0,1.0,1.0,4.0,25.0,2.0,2.0,1.0,9.0,0.0,35.0,1.0,0.0
190280,2,9,0.0,0.0,1.0,5997.0,-99.0,19.0,139.0,12.0,20.0,4.0,43.0,1.0,1.0,4.0,20.0,7.0,1.0,0.0,0.0,0.0,97.0,19.0,2.0,12.0,1.0,0.0,1G1ZC5E14BF3,2011.0,467.0,1834.0,13.0,20.0,Chevrolet,37.0,4.0,1.0,0.0,0.0,998.0,0.0,0.0,0.0,12.0,6.0,12.0,0.0,0.0,1.0,19.0,52776.0,1.0,6.0,3.0,Valid license for this class vehicle,3.0,74.0,220.0,0.0,1.0,0.0,5.0,May,2023.0,5.0,2023.0,0.0,1.0,2.0,55.0,1.0,1.0,2.0,1.0,0.0,1.0,62.0,99.0,1.0,1.0,302.0,19.0,96.0,97.0,7.0,202304753969.0,12.0,4.0,2.0,0.0,1.0,1.0,4.0,30.0,2.0,0.0,1.0,20.0,0.0,20.0,1.0,0.0
190287,1,1,10.0,28.0,1.0,0.0,-99.0,19.0,107.0,12.0,20.0,34.0,47.0,2.0,1.0,3.0,3.0,0.0,1.0,0.0,8.0,996.0,0.0,19.0,2.0,12.0,1.0,0.0,3GCUKREC6HG2,2017.0,467.0,1850.0,60.0,20.0,Chevrolet,481.0,34.0,1.0,0.0,0.0,998.0,0.0,0.0,0.0,12.0,6.0,12.0,0.0,0.0,1.0,19.0,52540.0,1.0,6.0,3.0,Valid license for this class vehicle,3.0,66.0,190.0,0.0,0.0,0.0,0.0,No Record,0.0,0.0,0.0,0.0,1.0,2.0,55.0,1.0,6.0,1.0,1.0,0.0,1.0,10.0,99.0,1.0,2.0,301.0,19.0,0.0,1.0,0.0,202304984971.0,42.0,3.0,3.0,4.0,2.0,1.0,34.0,26.0,1.0,4.0,1.0,3.0,0.0,20.0,1.0,9.0
190288,1,99,99.0,39.0,1.0,0.0,-99.0,19.0,101.0,12.0,12.0,4.0,90.0,1.0,1.0,4.0,3.0,0.0,8.0,0.0,0.0,0.0,97.0,19.0,2.0,12.0,1.0,0.0,3FA6P0G77JR2,2018.0,460.0,1780.0,13.0,12.0,Ford,23.0,4.0,1.0,0.0,0.0,998.0,0.0,0.0,0.0,9.0,6.0,12.0,0.0,0.0,1.0,19.0,52540.0,1.0,6.0,3.0,Valid license for this class vehicle,3.0,68.0,155.0,0.0,0.0,0.0,12.0,December,2018.0,12.0,2018.0,0.0,1.0,2.0,55.0,1.0,1.0,2.0,1.0,20.0,1.0,17.0,99.0,1.0,1.0,504.0,19.0,96.0,97.0,7.0,202305333919.0,12.0,7.0,10.0,4.0,1.0,1.0,4.0,90.0,1.0,4.0,1.0,8.0,0.0,12.0,1.0,99.0
190288,2,0,0.0,0.0,1.0,0.0,-99.0,19.0,101.0,12.0,12.0,34.0,62.0,1.0,1.0,1.0,3.0,0.0,1.0,0.0,8.0,996.0,0.0,19.0,2.0,12.0,1.0,0.0,3FTTW8F97PRA,2023.0,460.0,28967.0,60.0,12.0,Ford,498.0,34.0,1.0,0.0,0.0,998.0,0.0,0.0,0.0,12.0,6.0,12.0,0.0,0.0,1.0,19.0,52556.0,1.0,6.0,3.0,Valid license for this class vehicle,3.0,72.0,170.0,0.0,1.0,0.0,12.0,December,2018.0,12.0,2018.0,0.0,1.0,2.0,55.0,1.0,1.0,2.0,1.0,0.0,1.0,66.0,99.0,1.0,1.0,503.0,19.0,0.0,1.0,0.0,202305333919.0,12.0,7.0,10.0,4.0,1.0,1.0,34.0,62.0,1.0,1.0,1.0,1.0,0.0,12.0,2.0,0.0
190292,1,99,99.0,39.0,1.0,0.0,-99.0,19.0,91.0,12.0,82.0,66.0,27.0,1.0,1.0,3.0,3.0,0.0,99.0,0.0,8.0,996.0,0.0,19.0,2.0,12.0,1.0,0.0,1FUJHHDR3NLM,2022.0,450.0,2501.0,66.0,82.0,Freightliner,881.0,66.0,1.0,0.0,0.0,998.0,0.0,0.0,0.0,2.0,6.0,12.0,0.0,0.0,1.0,28.0,39350.0,1.0,6.0,3.0,Valid license for this class vehicle,3.0,70.0,280.0,0.0,1.0,2.0,10.0,October,2019.0,8.0,2020.0,0.0,1.0,2.0,55.0,1.0,1.0,2.0,1.0,20.0,1.0,17.0,99.0,1.0,1.0,502.0,19.0,0.0,1.0,0.0,202304876650.0,12.0,5.0,4.0,0.0,10.0,1.0,66.0,37.0,1.0,0.0,1.0,20.0,0.0,82.0,1.0,0.0
190293,1,99,0.0,104.0,1.0,5997.0,-99.0,19.0,193.0,34.0,7.0,4.0,24.0,1.0,1.0,4.0,3.0,0.0,8.0,0.0,0.0,0.0,97.0,19.0,1.0,34.0,1.0,0.0,2C3CDXBG6EH2,2014.0,476.0,1895.0,13.0,7.0,Dodge,24.0,4.0,1.0,0.0,0.0,998.0,7.0,0.0,0.0,12.0,6.0,34.0,0.0,0.0,1.0,19.0,51104.0,1.0,1.0,2.0,No valid license for this class vehicle,0.0,71.0,225.0,0.0,0.0,1.0,9.0,September,2019.0,9.0,2019.0,3.0,1.0,4.0,45.0,1.0,5.0,2.0,4.0,0.0,1.0,6.0,99.0,1.0,4.0,101.0,19.0,96.0,97.0,7.0,202305613457.0,12.0,7.0,12.0,2.0,10.0,1.0,4.0,41.0,2.0,2.0,1.0,20.0,0.0,7.0,2.0,0.0
190295,1,1,99.0,28.0,1.0,0.0,-99.0,19.0,51.0,35.0,7.0,34.0,71.0,1.0,1.0,4.0,20.0,7.0,1.0,0.0,8.0,996.0,97.0,19.0,1.0,35.0,1.0,0.0,1B7GG22X6YS6,2000.0,476.0,1941.0,60.0,7.0,Dodge,472.0,34.0,1.0,0.0,0.0,998.0,7.0,0.0,0.0,12.0,6.0,58.0,0.0,0.0,1.0,19.0,52552.0,1.0,6.0,3.0,Valid license for this class vehicle,3.0,69.0,175.0,0.0,0.0,0.0,0.0,No Record,0.0,0.0,0.0,0.0,1.0,2.0,55.0,3.0,1.0,2.0,2.0,0.0,14.0,13.0,99.0,1.0,4.0,101.0,19.0,96.0,97.0,7.0,202305424584.0,35.0,3.0,1.0,4.0,5.0,1.0,34.0,71.0,1.0,4.0,1.0,1.0,0.0,7.0,1.0,1.0
190299,1,9,99.0,36.0,1.0,5997.0,-99.0,19.0,113.0,12.0,20.0,4.0,18.0,1.0,1.0,4.0,3.0,0.0,9.0,0.0,1.0,238.0,97.0,19.0,2.0,12.0,2.0,0.0,2G1WD58C0693,2006.0,467.0,1833.0,13.0,20.0,Chevrolet,2.0,4.0,1.0,0.0,0.0,998.0,0.0,0.0,0.0,12.0,6.0,12.0,1.0,1.0,1.0,19.0,52722.0,1.0,6.0,3.0,Valid license for this class vehicle,0.0,73.0,150.0,0.0,1.0,0.0,11.0,November,2023.0,11.0,2023.0,3.0,2.0,2.0,45.0,1.0,1.0,1.0,1.0,0.0,1.0,62.0,99.0,1.0,1.0,402.0,19.0,96.0,97.0,7.0,202305195994.0,12.0,3.0,7.0,0.0,1.0,1.0,4.0,56.0,1.0,0.0,1.0,20.0,0.0,20.0,1.0,0.0
190301,1,99,99.0,28.0,1.0,1.0,-99.0,19.0,39.0,12.0,20.0,34.0,91.0,1.0,1.0,4.0,3.0,0.0,8.0,0.0,8.0,11.0,97.0,19.0,2.0,12.0,1.0,0.0,3GCPDBEK0NG5,2022.0,467.0,1850.0,60.0,20.0,Chevrolet,481.0,34.0,1.0,0.0,0.0,998.0,0.0,0.0,0.0,12.0,6.0,12.0,0.0,1.0,1.0,19.0,50213.0,1.0,6.0,3.0,Valid license for this class vehicle,0.0,68.0,165.0,0.0,0.0,0.0,0.0,No Record,0.0,0.0,0.0,0.0,1.0,3.0,55.0,1.0,1.0,2.0,1.0,0.0,1.0,10.0,99.0,1.0,2.0,301.0,19.0,96.0,97.0,7.0,202305462795.0,12.0,6.0,12.0,4.0,1.0,1.0,34.0,91.0,1.0,4.0,1.0,8.0,0.0,20.0,1.0,99.0
190301,2,0,0.0,0.0,1.0,0.0,-99.0,19.0,39.0,12.0,59.0,14.0,33.0,2.0,1.0,3.0,3.0,0.0,2.0,0.0,8.0,996.0,0.0,19.0,2.0,12.0,1.0,0.0,2T2BK1BA9FC2,2015.0,515.0,2214.0,7.0,59.0,Lexus,403.0,14.0,1.0,0.0,0.0,998.0,0.0,0.0,0.0,12.0,6.0,12.0,0.0,0.0,1.0,19.0,50174.0,1.0,6.0,3.0,Valid license for this class vehicle,0.0,66.0,135.0,0.0,0.0,0.0,0.0,No Record,0.0,0.0,0.0,0.0,1.0,3.0,55.0,1.0,1.0,2.0,1.0,0.0,1.0,62.0,99.0,1.0,1.0,302.0,19.0,0.0,1.0,0.0,202305462795.0,12.0,6.0,12.0,4.0,1.0,1.0,14.0,33.0,2.0,3.0,1.0,2.0,0.0,59.0,2.0,0.0
190302,1,0,0.0,38.0,1.0,0.0,-99.0,19.0,175.0,12.0,87.0,66.0,63.0,1.0,1.0,0.0,99.0,7.0,20.0,0.0,8.0,996.0,0.0,19.0,2.0,12.0,1.0,0.0,1XPFD98X6TN3,1996.0,495.0,2040.0,66.0,87.0,Peterbilt,881.0,66.0,1.0,0.0,0.0,998.0,2.0,0.0,0.0,9.0,4.0,12.0,0.0,0.0,1.0,19.0,50801.0,1.0,6.0,3.0,Valid license for this class vehicle,3.0,70.0,300.0,0.0,0.0,0.0,0.0,No Record,0.0,0.0,0.0,0.0,1.0,2.0,55.0,1.0,1.0,2.0,1.0,20.0,11.0,15.0,99.0,1.0,1.0,414.0,19.0,0.0,1.0,0.0,202305468640.0,12.0,6.0,12.0,4.0,10.0,1.0,66.0,63.0,1.0,0.0,1.0,20.0,0.0,87.0,1.0,0.0
190302,2,99,0.0,0.0,1.0,1.0,-99.0,19.0,175.0,12.0,12.0,14.0,17.0,2.0,1.0,4.0,3.0,0.0,8.0,0.0,8.0,0.0,97.0,19.0,2.0,12.0,3.0,0.0,1FMEU85848UA,2008.0,460.0,1800.0,7.0,12.0,Ford,401.0,14.0,1.0,0.0,0.0,998.0,1.0,0.0,0.0,12.0,6.0,12.0,0.0,0.0,1.0,31.0,68138.0,2.0,6.0,3.0,Valid license for this class vehicle,3.0,65.0,108.0,0.0,0.0,0.0,0.0,No Record,0.0,0.0,0.0,0.0,1.0,2.0,55.0,1.0,1.0,2.0,1.0,0.0,1.0,66.0,99.0,1.0,1.0,415.0,19.0,96.0,97.0,7.0,202305468640.0,12.0,6.0,12.0,4.0,10.0,1.0,14.0,17.0,2.0,4.0,1.0,8.0,0.0,12.0,2.0,99.0
190303,1,99,99.0,51.0,1.0,1.0,-99.0,19.0,49.0,12.0,49.0,4.0,61.0,1.0,1.0,4.0,99.0,7.0,99.0,0.0,1.0,232.0,97.0,19.0,3.0,12.0,1.0,0.0,4T1BE32K25U5,2005.0,448.0,2469.0,13.0,49.0,Toyota,40.0,4.0,1.0,0.0,0.0,998.0,0.0,0.0,0.0,10.0,6.0,12.0,0.0,1.0,1.0,19.0,50111.0,1.0,6.0,3.0,Valid license for this class vehicle,3.0,69.0,206.0,0.0,0.0,0.0,0.0,No Record,0.0,0.0,0.0,0.0,2.0,2.0,55.0,1.0,1.0,1.0,1.0,0.0,1.0,54.0,99.0,1.0,1.0,998.0,19.0,96.0,97.0,7.0,202304725839.0,12.0,7.0,1.0,0.0,1.0,1.0,4.0,59.0,1.0,0.0,1.0,20.0,0.0,49.0,2.0,0.0
190306,1,9,99.0,0.0,1.0,5997.0,-99.0,19.0,179.0,34.0,12.0,34.0,37.0,1.0,1.0,4.0,20.0,7.0,20.0,1.0,8.0,0.0,97.0,19.0,1.0,34.0,4.0,0.0,1FTPW14V08KC,2008.0,460.0,1801.0,60.0,12.0,Ford,481.0,34.0,1.0,0.0,0.0,998.0,7.0,3.0,5.0,3.0,6.0,1.0,0.0,0.0,1.0,19.0,52501.0,1.0,6.0,3.0,Valid license for this class vehicle,0.0,69.0,260.0,0.0,0.0,0.0,0.0,No Record,0.0,0.0,0.0,0.0,2.0,2.0,65.0,3.0,1.0,1.0,1.0,0.0,14.0,13.0,99.0,1.0,4.0,101.0,19.0,96.0,97.0,7.0,202305485151.0,34.0,1.0,12.0,4.0,1.0,1.0,34.0,37.0,1.0,4.0,1.0,20.0,1.0,12.0,1.0,99.0