ST_CASE,VEH_NO_x,DRIMPAIR_x,DRDISTRACT,DRIVERRF,PER_NO_x,DRUGRES,DRUGACTQTY,STATE_x,COUNTY,HARM_EV_x,MAKE_x,BODY_TYP_x,AGE,SEX,PER_TYP_x,INJ_SEV,REST_USE,REST_MIS,AIR_BAG_x,EJECTION,DRINKING,ALC_RES,HISPANIC,STATE_y,VE_FORMS,HARM_EV_y,NUMOCCS,HIT_RUN,VIN,MOD_YEAR,VPICMAKE,VPICMODEL,VPICBODYCLASS,MAKE_y,MAKENAME,MODEL,BODY_TYP_y,HAZ_INV,HAZ_PLAC,HAZ_ID,TRAV_SP,UNDEROVERRIDE,ROLLOVER,ROLINLOC,IMPACT1,DEFORMED,M_HARM,FIRE_EXP,DR_DRINK,DR_PRES,L_STATE,DR_ZIP,L_TYPE,L_STATUS,L_COMPL,L_COMPLNAME,L_RESTRI,DR_HGT,DR_WGT,PREV_DWI,PREV_SPD,PREV_OTH,FIRST_MO,FIRST_MONAME,FIRST_YR,LAST_MO,LAST_YR,SPEEDREL,VTRAFWAY,VNUM_LAN,VSPD_LIM,VALIGN,VPROFILE,VPAVETYP,VSURCOND,VTRAFCON,P_CRASH1,P_CRASH2,P_CRASH3,PCRASH4,PCRASH5,ACC_CONFIG,STATE,RACE,ORDER,MULTRACE,CASENUM,HARM_EV,DAY_WEEK,MONTH,MAXSEV_IM,WEATHR_IM,PER_NO_y,BODY_TYP,AGE_IM,SEX_IM,INJSEV_IM,PER_TYP_y,AIR_BAG_y,EJECT_IM,MAKE,VEH_NO_y,DRIMPAIR_y
200149,1,98,96.0,74.0,1.0,3026.0,-99.0,20.0,59.0,34.0,72.0,80.0,26.0,1.0,1.0,4.0,20.0,7.0,20.0,8.0,1.0,152.0,7.0,20.0,1.0,34.0,1.0,0.0,1HD1FC4178Y6,2008.0,3888.0,8509.0,81.0,72.0,Harley-Davidson,706.0,80.0,1.0,0.0,0.0,998.0,7.0,8.0,8.0,98.0,6.0,34.0,0.0,1.0,1.0,20.0,66067.0,1.0,6.0,3.0,Valid license for this class vehicle,2.0,71.0,185.0,1.0,0.0,0.0,10.0,October,2018.0,2.0,2023.0,9.0,1.0,2.0,55.0,1.0,2.0,4.0,1.0,0.0,1.0,12.0,99.0,4.0,4.0,102.0,20.0,1.0,1.0,0.0,202305022034.0,39.0,7.0,6.0,2.0,10.0,1.0,80.0,39.0,1.0,2.0,1.0,20.0,8.0,72.0,1.0,98.0
200162,2,98,96.0,0.0,1.0,0.0,-99.0,20.0,37.0,12.0,20.0,34.0,53.0,1.0,1.0,0.0,99.0,7.0,20.0,0.0,8.0,996.0,0.0,20.0,2.0,12.0,1.0,0.0,3GCUKREC4FG1,2015.0,467.0,1850.0,60.0,20.0,Chevrolet,481.0,34.0,1.0,0.0,0.0,998.0,0.0,0.0,0.0,1.0,6.0,12.0,0.0,0.0,1.0,20.0,66762.0,1.0,6.0,3.0,Valid license for this class vehicle,0.0,73.0,210.0,0.0,0.0,0.0,5.0,May,2020.0,6.0,2022.0,0.0,1.0,4.0,20.0,1.0,1.0,2.0,1.0,0.0,1.0,56.0,99.0,1.0,1.0,993.0,20.0,0.0,1.0,0.0,202305155933.0,12.0,7.0,8.0,0.0,1.0,1.0,34.0,36.0,1.0,0.0,1.0,3.0,0.0,20.0,1.0,98.0
200166,1,0,93.0,6.0,1.0,9999.0,-99.0,20.0,209.0,34.0,22.0,4.0,59.0,1.0,1.0,4.0,20.0,7.0,20.0,0.0,8.0,995.0,7.0,20.0,1.0,34.0,1.0,0.0,1G2ZF57B4841,2008.0,536.0,4263.0,13.0,22.0,Pontiac,22.0,4.0,1.0,0.0,0.0,998.0,7.0,3.0,5.0,12.0,6.0,34.0,0.0,0.0,1.0,20.0,66109.0,1.0,6.0,3.0,Valid license for this class vehicle,0.0,69.0,200.0,0.0,0.0,0.0,10.0,October,2020.0,10.0,2020.0,3.0,1.0,2.0,20.0,1.0,1.0,2.0,1.0,0.0,1.0,6.0,99.0,3.0,4.0,101.0,20.0,1.0,1.0,0.0,202305411265.0,12.0,7.0,11.0,2.0,1.0,1.0,4.0,28.0,2.0,0.0,1.0,8.0,0.0,22.0,2.0,0.0
200168,1,1,96.0,51.0,1.0,9999.0,-99.0,20.0,209.0,12.0,20.0,34.0,52.0,1.0,1.0,4.0,3.0,0.0,9.0,0.0,8.0,995.0,7.0,20.0,2.0,12.0,1.0,0.0,1GCCS1963481,2004.0,467.0,4086.0,60.0,20.0,Chevrolet,473.0,34.0,1.0,0.0,0.0,998.0,8.0,0.0,0.0,12.0,6.0,12.0,0.0,0.0,1.0,20.0,66106.0,1.0,6.0,3.0,Valid license for this class vehicle,0.0,70.0,270.0,0.0,1.0,0.0,1.0,January,2021.0,1.0,2021.0,3.0,1.0,2.0,30.0,1.0,1.0,2.0,1.0,0.0,1.0,54.0,99.0,1.0,1.0,303.0,20.0,1.0,1.0,0.0,202304886418.0,12.0,5.0,3.0,0.0,10.0,1.0,34.0,47.0,1.0,0.0,1.0,20.0,0.0,20.0,1.0,98.0
200173,1,98,93.0,39.0,1.0,0.0,-99.0,20.0,15.0,12.0,35.0,4.0,64.0,2.0,1.0,4.0,3.0,0.0,9.0,0.0,8.0,996.0,7.0,20.0,2.0,12.0,1.0,0.0,1N4AL3AP5FC4,2015.0,478.0,1904.0,13.0,35.0,Nissan/Datsun,47.0,4.0,1.0,0.0,0.0,998.0,8.0,0.0,0.0,3.0,6.0,12.0,0.0,0.0,1.0,5.0,72734.0,1.0,6.0,3.0,Valid license for this class vehicle,1.0,64.0,225.0,0.0,0.0,0.0,0.0,No Record,0.0,0.0,0.0,0.0,1.0,2.0,55.0,1.0,1.0,2.0,1.0,20.0,1.0,66.0,99.0,1.0,1.0,502.0,20.0,1.0,1.0,0.0,202305194526.0,12.0,3.0,6.0,1.0,1.0,1.0,4.0,64.0,1.0,1.0,1.0,1.0,0.0,35.0,1.0,0.0
200178,1,98,96.0,0.0,1.0,3026.0,-99.0,20.0,107.0,12.0,12.0,6.0,62.0,1.0,1.0,4.0,3.0,0.0,9.0,0.0,8.0,0.0,7.0,20.0,2.0,12.0,2.0,0.0,2FMDK3GC9BBA,2011.0,460.0,1797.0,7.0,12.0,Ford,24.0,6.0,1.0,0.0,0.0,998.0,8.0,0.0,0.0,11.0,6.0,12.0,0.0,0.0,1.0,20.0,66754.0,1.0,6.0,3.0,Valid license for this class vehicle,0.0,70.0,240.0,0.0,0.0,0.0,0.0,No Record,0.0,0.0,0.0,0.0,1.0,2.0,55.0,1.0,3.0,2.0,2.0,0.0,1.0,62.0,99.0,1.0,2.0,301.0,20.0,1.0,1.0,0.0,202304978998.0,12.0,7.0,4.0,0.0,1.0,1.0,6.0,31.0,1.0,0.0,1.0,20.0,0.0,12.0,2.0,0.0
200183,1,98,96.0,58.0,1.0,9999.0,-99.0,20.0,67.0,1.0,20.0,4.0,17.0,2.0,1.0,4.0,20.0,7.0,20.0,1.0,8.0,995.0,2.0,20.0,1.0,1.0,2.0,0.0,1G1PF5SC4C71,2012.0,467.0,1832.0,13.0,20.0,Chevrolet,25.0,4.0,1.0,0.0,0.0,998.0,7.0,3.0,1.0,0.0,6.0,1.0,0.0,0.0,1.0,20.0,67880.0,1.0,6.0,3.0,Valid license for this class vehicle,0.0,59.0,105.0,0.0,0.0,4.0,10.0,October,2021.0,10.0,2022.0,4.0,1.0,2.0,55.0,1.0,1.0,4.0,1.0,0.0,1.0,6.0,99.0,5.0,6.0,998.0,20.0,98.0,1.0,0.0,202304742245.0,42.0,4.0,2.0,0.0,1.0,1.0,4.0,18.0,1.0,0.0,1.0,20.0,0.0,20.0,1.0,0.0
200185,1,8,96.0,74.0,1.0,9999.0,-99.0,20.0,169.0,30.0,20.0,4.0,18.0,1.0,1.0,4.0,99.0,7.0,20.0,0.0,8.0,995.0,7.0,20.0,1.0,30.0,1.0,0.0,1G1PG5SC1C71,2012.0,467.0,1832.0,13.0,20.0,Chevrolet,25.0,4.0,1.0,0.0,0.0,998.0,7.0,0.0,0.0,98.0,6.0,30.0,0.0,0.0,1.0,20.0,67401.0,1.0,6.0,3.0,Valid license for this class vehicle,2.0,69.0,160.0,0.0,0.0,0.0,0.0,No Record,0.0,0.0,0.0,3.0,1.0,2.0,30.0,1.0,1.0,2.0,1.0,0.0,1.0,13.0,99.0,1.0,4.0,101.0,20.0,1.0,1.0,0.0,202305151730.0,34.0,1.0,6.0,1.0,2.0,1.0,4.0,23.0,2.0,1.0,1.0,8.0,0.0,20.0,1.0,0.0
200192,1,98,96.0,0.0,1.0,0.0,-99.0,20.0,45.0,12.0,23.0,15.0,47.0,1.0,1.0,0.0,3.0,0.0,20.0,0.0,8.0,996.0,0.0,20.0,2.0,12.0,1.0,0.0,1GKEK13Z53J1,2003.0,472.0,1859.0,7.0,23.0,GMC,421.0,15.0,1.0,0.0,0.0,998.0,7.0,0.0,0.0,12.0,2.0,12.0,0.0,0.0,1.0,20.0,66049.0,1.0,6.0,3.0,Valid license for this class vehicle,0.0,73.0,215.0,0.0,0.0,0.0,0.0,No Record,0.0,0.0,0.0,3.0,1.0,5.0,35.0,1.0,1.0,2.0,1.0,0.0,1.0,51.0,1.0,1.0,1.0,202.0,20.0,0.0,1.0,0.0,202304678298.0,12.0,6.0,1.0,2.0,1.0,1.0,15.0,16.0,1.0,2.0,1.0,20.0,0.0,23.0,1.0,0.0
200195,1,9,9.0,74.0,1.0,9999.0,-99.0,20.0,91.0,30.0,35.0,4.0,59.0,1.0,1.0,4.0,3.0,0.0,9.0,0.0,1.0,995.0,7.0,20.0,1.0,30.0,1.0,0.0,1N4AL2AP2CC2,2012.0,478.0,1904.0,13.0,35.0,Nissan/Datsun,47.0,4.0,1.0,0.0,0.0,998.0,7.0,0.0,0.0,12.0,6.0,35.0,0.0,1.0,1.0,20.0,66083.0,1.0,6.0,3.0,Valid license for this class vehicle,2.0,73.0,220.0,0.0,0.0,0.0,0.0,No Record,0.0,0.0,0.0,0.0,1.0,5.0,50.0,2.0,2.0,2.0,1.0,0.0,14.0,12.0,1.0,1.0,4.0,102.0,20.0,1.0,1.0,0.0,202305184780.0,12.0,7.0,7.0,0.0,1.0,1.0,4.0,19.0,1.0,0.0,1.0,20.0,0.0,35.0,1.0,0.0
200196,1,2,96.0,0.0,1.0,0.0,-99.0,20.0,155.0,30.0,12.0,6.0,91.0,1.0,1.0,2.0,3.0,0.0,9.0,0.0,8.0,996.0,0.0,20.0,1.0,30.0,2.0,0.0,1FMDK02117GA,2007.0,460.0,2379.0,7.0,12.0,Ford,22.0,6.0,1.0,0.0,0.0,998.0,7.0,0.0,0.0,12.0,6.0,30.0,0.0,0.0,1.0,20.0,67502.0,1.0,6.0,3.0,Valid license for this class vehicle,3.0,71.0,184.0,0.0,0.0,0.0,0.0,No Record,0.0,0.0,0.0,0.0,1.0,2.0,30.0,1.0,1.0,2.0,1.0,0.0,1.0,13.0,99.0,1.0,4.0,101.0,20.0,0.0,1.0,0.0,202305189922.0,12.0,2.0,8.0,0.0,1.0,1.0,6.0,26.0,1.0,0.0,1.0,20.0,0.0,12.0,2.0,0.0
200209,1,98,15.0,0.0,1.0,9999.0,-99.0,20.0,127.0,21.0,20.0,34.0,15.0,1.0,1.0,4.0,20.0,7.0,20.0,0.0,8.0,0.0,7.0,20.0,1.0,21.0,1.0,0.0,1GCCS14H4382,2003.0,467.0,11483.0,60.0,20.0,Chevrolet,471.0,34.0,1.0,0.0,0.0,998.0,7.0,0.0,0.0,12.0,6.0,21.0,0.0,0.0,1.0,20.0,66846.0,1.0,6.0,3.0,Valid license for this class vehicle,1.0,62.0,110.0,0.0,0.0,1.0,4.0,April,2023.0,5.0,2023.0,0.0,1.0,2.0,55.0,1.0,1.0,4.0,1.0,0.0,1.0,12.0,1.0,1.0,4.0,102.0,20.0,1.0,1.0,0.0,202304853406.0,1.0,6.0,4.0,3.0,1.0,1.0,34.0,17.0,1.0,3.0,1.0,20.0,0.0,20.0,1.0,0.0
200215,1,98,93.0,51.0,1.0,9999.0,-99.0,20.0,15.0,12.0,7.0,20.0,28.0,2.0,1.0,4.0,3.0,0.0,20.0,0.0,8.0,995.0,7.0,20.0,2.0,12.0,2.0,0.0,2D4GP44L66R8,2006.0,476.0,1942.0,9.0,7.0,Dodge,442.0,20.0,1.0,0.0,0.0,998.0,8.0,0.0,0.0,10.0,6.0,12.0,0.0,0.0,1.0,20.0,67042.0,1.0,6.0,3.0,Valid license for this class vehicle,1.0,62.0,165.0,0.0,1.0,0.0,9.0,September,2020.0,9.0,2021.0,0.0,1.0,2.0,65.0,1.0,3.0,2.0,1.0,0.0,1.0,62.0,7.0,1.0,2.0,301.0,20.0,1.0,1.0,0.0,202304939917.0,12.0,2.0,5.0,0.0,1.0,1.0,20.0,18.0,2.0,0.0,1.0,20.0,0.0,7.0,1.0,0.0
200235,1,98,96.0,0.0,1.0,3019.0,0.03,20.0,73.0,12.0,35.0,4.0,61.0,1.0,1.0,4.0,99.0,7.0,20.0,0.0,8.0,0.0,7.0,20.0,3.0,12.0,1.0,0.0,1N4AL21E08N4,2008.0,478.0,1904.0,13.0,35.0,Nissan/Datsun,47.0,4.0,1.0,0.0,0.0,998.0,8.0,0.0,0.0,11.0,6.0,12.0,1.0,0.0,1.0,20.0,67137.0,1.0,6.0,3.0,Valid license for this class vehicle,0.0,71.0,250.0,0.0,0.0,0.0,0.0,No Record,0.0,0.0,0.0,0.0,1.0,2.0,65.0,1.0,2.0,2.0,1.0,0.0,1.0,10.0,99.0,1.0,2.0,301.0,20.0,1.0,1.0,0.0,202305457462.0,12.0,6.0,11.0,0.0,1.0,1.0,4.0,18.0,1.0,0.0,1.0,20.0,0.0,35.0,2.0,0.0
200244,1,98,96.0,74.0,1.0,9999.0,-99.0,20.0,55.0,1.0,20.0,34.0,39.0,1.0,1.0,4.0,20.0,7.0,20.0,1.0,8.0,995.0,4.0,20.0,1.0,1.0,1.0,0.0,2GCEC13T5611,2006.0,467.0,1850.0,60.0,20.0,Chevrolet,481.0,34.0,1.0,0.0,0.0,998.0,7.0,3.0,3.0,0.0,6.0,1.0,0.0,0.0,1.0,20.0,67846.0,1.0,1.0,2.0,No valid license for this class vehicle,2.0,65.0,160.0,0.0,0.0,2.0,6.0,June,2023.0,6.0,2023.0,3.0,2.0,2.0,65.0,1.0,1.0,2.0,1.0,0.0,1.0,12.0,16.0,4.0,4.0,102.0,20.0,1.0,1.0,0.0,202305524268.0,12.0,7.0,12.0,2.0,1.0,1.0,34.0,87.0,1.0,0.0,1.0,20.0,0.0,20.0,1.0,98.0
200247,1,98,96.0,58.0,1.0,9999.0,-99.0,20.0,139.0,7.0,7.0,34.0,36.0,1.0,1.0,4.0,20.0,7.0,3.0,2.0,1.0,328.0,2.0,20.0,1.0,7.0,1.0,0.0,1C6SRFFT4LN3,2020.0,496.0,13620.0,60.0,7.0,Dodge,482.0,34.0,1.0,0.0,0.0,998.0,7.0,3.0,5.0,0.0,6.0,1.0,0.0,1.0,1.0,20.0,67502.0,1.0,6.0,3.0,Valid license for this class vehicle,0.0,64.0,180.0,0.0,0.0,0.0,0.0,No Record,0.0,0.0,0.0,4.0,1.0,2.0,55.0,1.0,6.0,4.0,1.0,0.0,1.0,6.0,99.0,1.0,1.0,0.0,20.0,1.0,1.0,0.0,202305357814.0,12.0,6.0,9.0,0.0,2.0,1.0,34.0,50.0,1.0,0.0,1.0,20.0,0.0,7.0,2.0,0.0
200257,1,10,96.0,0.0,1.0,9999.0,-99.0,20.0,161.0,32.0,49.0,34.0,74.0,1.0,1.0,4.0,3.0,0.0,20.0,0.0,8.0,995.0,7.0,20.0,1.0,32.0,1.0,0.0,3TMCZ5AN1LM3,2020.0,448.0,2223.0,60.0,49.0,Toyota,472.0,34.0,1.0,0.0,0.0,998.0,7.0,0.0,0.0,1.0,6.0,42.0,0.0,0.0,1.0,20.0,67432.0,1.0,6.0,3.0,Valid license for this class vehicle,1.0,71.0,205.0,0.0,0.0,0.0,0.0,No Record,0.0,0.0,0.0,0.0,1.0,3.0,65.0,3.0,2.0,2.0,1.0,0.0,14.0,13.0,99.0,1.0,4.0,101.0,20.0,1.0,1.0,0.0,202304957972.0,12.0,7.0,5.0,3.0,1.0,1.0,34.0,21.0,1.0,3.0,1.0,8.0,0.0,49.0,2.0,0.0
200264,1,98,93.0,39.0,1.0,0.0,-99.0,20.0,9.0,12.0,12.0,14.0,75.0,1.0,1.0,3.0,3.0,0.0,20.0,0.0,8.0,996.0,0.0,20.0,2.0,12.0,2.0,0.0,1FMCU0GDXHUD,2017.0,460.0,1798.0,7.0,12.0,Ford,402.0,14.0,1.0,0.0,0.0,998.0,8.0,3.0,1.0,4.0,6.0,1.0,0.0,0.0,1.0,20.0,67530.0,1.0,6.0,3.0,Valid license for this class vehicle,0.0,72.0,240.0,0.0,0.0,0.0,0.0,No Record,0.0,0.0,0.0,0.0,1.0,2.0,55.0,1.0,1.0,2.0,1.0,20.0,1.0,66.0,99.0,1.0,1.0,502.0,20.0,0.0,1.0,0.0,202305170538.0,12.0,1.0,5.0,2.0,1.0,1.0,14.0,42.0,1.0,0.0,1.0,20.0,0.0,12.0,1.0,99.0
200269,1,98,93.0,51.0,1.0,9999.0,-99.0,20.0,145.0,12.0,63.0,4.0,40.0,2.0,1.0,4.0,3.0,0.0,9.0,0.0,0.0,0.0,7.0,20.0,2.0,12.0,1.0,0.0,5XXGT4L30KG3,2019.0,499.0,2739.0,13.0,63.0,KIA,34.0,4.0,1.0,0.0,0.0,998.0,8.0,0.0,0.0,12.0,6.0,12.0,0.0,0.0,1.0,20.0,67550.0,1.0,6.0,3.0,Valid license for this class vehicle,1.0,62.0,175.0,0.0,0.0,0.0,3.0,March,2023.0,3.0,2023.0,0.0,1.0,2.0,65.0,1.0,1.0,2.0,1.0,0.0,1.0,10.0,99.0,1.0,2.0,301.0,20.0,1.0,1.0,0.0,202304743253.0,12.0,4.0,1.0,1.0,1.0,1.0,4.0,35.0,1.0,0.0,1.0,20.0,0.0,63.0,3.0,0.0
200275,3,98,96.0,0.0,1.0,1.0,-99.0,20.0,19.0,12.0,63.0,6.0,54.0,2.0,1.0,4.0,20.0,7.0,9.0,0.0,0.0,0.0,7.0,20.0,3.0,12.0,3.0,0.0,KNDJP3A56K76,2019.0,499.0,2460.0,7.0,63.0,KIA,37.0,6.0,1.0,0.0,0.0,998.0,8.0,0.0,0.0,12.0,6.0,12.0,0.0,0.0,1.0,20.0,67355.0,1.0,6.0,3.0,Valid license for this class vehicle,1.0,64.0,120.0,0.0,0.0,0.0,8.0,August,2021.0,8.0,2021.0,0.0,1.0,2.0,65.0,2.0,2.0,1.0,1.0,40.0,14.0,54.0,99.0,1.0,1.0,998.0,20.0,1.0,1.0,0.0,202304660656.0,12.0,4.0,1.0,3.0,1.0,1.0,6.0,66.0,2.0,3.0,1.0,8.0,0.0,63.0,2.0,0.0
200291,1,98,96.0,39.0,1.0,5060.0,4.6,20.0,173.0,12.0,72.0,80.0,29.0,1.0,1.0,4.0,20.0,7.0,20.0,8.0,8.0,206.0,7.0,20.0,2.0,12.0,1.0,0.0,1HD1KRP18NB6,2022.0,3888.0,12629.0,81.0,72.0,Harley-Davidson,706.0,80.0,1.0,0.0,0.0,998.0,7.0,8.0,8.0,12.0,6.0,59.0,0.0,1.0,1.0,20.0,67213.0,1.0,1.0,2.0,No valid license for this class vehicle,0.0,72.0,190.0,0.0,1.0,0.0,11.0,November,2020.0,11.0,2020.0,3.0,2.0,3.0,40.0,1.0,1.0,1.0,1.0,3.0,1.0,67.0,99.0,1.0,1.0,415.0,20.0,1.0,1.0,0.0,202305417962.0,12.0,5.0,10.0,2.0,1.0,1.0,80.0,55.0,1.0,2.0,1.0,20.0,8.0,72.0,2.0,0.0
200293,1,98,93.0,0.0,1.0,9999.0,-99.0,20.0,75.0,24.0,35.0,4.0,18.0,1.0,1.0,4.0,3.0,0.0,20.0,0.0,8.0,995.0,4.0,20.0,1.0,24.0,1.0,0.0,1N4AL21E59N4,2009.0,478.0,1904.0,13.0,35.0,Nissan/Datsun,47.0,4.0,1.0,0.0,0.0,998.0,7.0,0.0,0.0,11.0,6.0,39.0,1.0,0.0,1.0,20.0,67878.0,0.0,0.0,0.0,Not licensed,0.0,999.0,999.0,99.0,99.0,99.0,99.0,Unknown,9999.0,99.0,9999.0,0.0,1.0,2.0,65.0,1.0,1.0,2.0,1.0,0.0,1.0,12.0,99.0,1.0,4.0,102.0,20.0,1.0,1.0,0.0,202304771309.0,12.0,4.0,2.0,1.0,10.0,1.0,4.0,16.0,1.0,1.0,1.0,9.0,0.0,35.0,2.0,0.0
200302,1,98,96.0,0.0,1.0,1.0,-99.0,20.0,209.0,33.0,49.0,4.0,74.0,2.0,1.0,4.0,3.0,0.0,9.0,0.0,8.0,0.0,7.0,20.0,1.0,33.0,2.0,0.0,1NXBU4EE5AZ2,2010.0,448.0,2208.0,13.0,49.0,Toyota,32.0,4.0,1.0,0.0,0.0,998.0,7.0,0.0,0.0,12.0,6.0,30.0,0.0,0.0,1.0,20.0,66112.0,1.0,6.0,3.0,Valid license for this class vehicle,0.0,55.0,116.0,0.0,0.0,0.0,0.0,No Record,0.0,0.0,0.0,9.0,1.0,5.0,30.0,2.0,1.0,1.0,1.0,3.0,14.0,12.0,99.0,1.0,4.0,102.0,20.0,78.0,1.0,0.0,202305421972.0,12.0,1.0,11.0,1.0,1.0,1.0,4.0,20.0,1.0,1.0,1.0,20.0,0.0,49.0,2.0,98.0
200307,1,98,93.0,6.0,1.0,9999.0,-99.0,20.0,15.0,12.0,35.0,4.0,67.0,2.0,1.0,4.0,3.0,0.0,9.0,0.0,8.0,995.0,7.0,20.0,2.0,12.0,2.0,0.0,3N1CN7AP7JL8,2018.0,478.0,1894.0,13.0,35.0,Nissan/Datsun,50.0,4.0,1.0,0.0,0.0,998.0,1.0,0.0,0.0,12.0,6.0,12.0,0.0,0.0,1.0,20.0,67010.0,1.0,6.0,3.0,Valid license for this class vehicle,1.0,62.0,190.0,0.0,0.0,0.0,0.0,No Record,0.0,0.0,0.0,0.0,1.0,2.0,55.0,1.0,1.0,2.0,1.0,0.0,1.0,51.0,1.0,1.0,1.0,202.0,20.0,1.0,1.0,0.0,202304678549.0,12.0,2.0,1.0,0.0,1.0,1.0,4.0,19.0,2.0,0.0,1.0,20.0,0.0,35.0,1.0,0.0
200313,2,98,96.0,0.0,1.0,9999.0,-99.0,20.0,57.0,12.0,85.0,66.0,69.0,1.0,1.0,2.0,3.0,0.0,20.0,0.0,8.0,995.0,0.0,20.0,2.0,12.0,1.0,0.0,1XKYD49X4MJ4,2021.0,532.0,2733.0,66.0,85.0,Kenworth,881.0,66.0,1.0,0.0,0.0,998.0,8.0,0.0,0.0,11.0,6.0,12.0,0.0,0.0,1.0,4.0,85607.0,1.0,6.0,3.0,Valid license for this class vehicle,0.0,70.0,180.0,0.0,0.0,0.0,0.0,No Record,0.0,0.0,0.0,0.0,1.0,2.0,65.0,1.0,1.0,1.0,1.0,0.0,1.0,62.0,99.0,1.0,1.0,302.0,20.0,0.0,1.0,0.0,202304976525.0,12.0,4.0,5.0,0.0,10.0,1.0,66.0,29.0,1.0,0.0,1.0,20.0,0.0,85.0,1.0,98.0
200314,2,98,96.0,0.0,1.0,0.0,-99.0,20.0,145.0,12.0,12.0,92.0,72.0,1.0,1.0,2.0,20.0,7.0,20.0,0.0,8.0,996.0,0.0,20.0,2.0,12.0,1.0,0.0,0,1991.0,460.0,99997.0,126.0,12.0,Ford,998.0,92.0,1.0,0.0,0.0,998.0,8.0,0.0,0.0,6.0,6.0,12.0,0.0,0.0,1.0,20.0,67550.0,1.0,6.0,3.0,Valid license for this class vehicle,1.0,70.0,180.0,0.0,0.0,0.0,0.0,No Record,0.0,0.0,0.0,0.0,1.0,2.0,65.0,1.0,2.0,2.0,1.0,0.0,1.0,53.0,1.0,1.0,1.0,201.0,20.0,0.0,1.0,0.0,202304636966.0,43.0,1.0,1.0,2.0,1.0,1.0,83.0,49.0,1.0,2.0,1.0,20.0,8.0,73.0,1.0,98.0
200317,1,98,96.0,0.0,1.0,3019.0,180.0,20.0,133.0,12.0,49.0,4.0,68.0,1.0,1.0,4.0,3.0,0.0,9.0,0.0,8.0,0.0,7.0,20.0,2.0,12.0,1.0,0.0,1NXBR32E47Z9,2007.0,448.0,2208.0,13.0,49.0,Toyota,32.0,4.0,1.0,0.0,0.0,998.0,8.0,0.0,0.0,11.0,6.0,12.0,0.0,0.0,1.0,20.0,66720.0,1.0,6.0,3.0,Valid license for this class vehicle,0.0,68.0,170.0,0.0,0.0,0.0,7.0,July,2019.0,7.0,2019.0,0.0,1.0,2.0,65.0,1.0,1.0,2.0,2.0,0.0,1.0,10.0,99.0,1.0,2.0,301.0,20.0,1.0,1.0,0.0,202305545366.0,12.0,2.0,10.0,0.0,1.0,1.0,4.0,16.0,1.0,0.0,1.0,20.0,0.0,49.0,1.0,0.0
200324,1,2,96.0,0.0,1.0,1.0,-99.0,20.0,19.0,32.0,12.0,2.0,41.0,1.0,1.0,4.0,20.0,7.0,9.0,0.0,0.0,0.0,7.0,20.0,1.0,32.0,1.0,0.0,1ZVBP8AM1C52,2012.0,460.0,1781.0,3.0,12.0,Ford,3.0,2.0,1.0,0.0,0.0,68.0,7.0,3.0,5.0,12.0,6.0,1.0,0.0,0.0,1.0,20.0,67334.0,1.0,6.0,3.0,Valid license for this class vehicle,0.0,72.0,210.0,0.0,0.0,0.0,0.0,No Record,0.0,0.0,0.0,0.0,1.0,2.0,65.0,1.0,1.0,2.0,1.0,0.0,1.0,12.0,16.0,2.0,4.0,102.0,20.0,1.0,1.0,0.0,202305489935.0,12.0,3.0,12.0,0.0,1.0,1.0,2.0,24.0,1.0,0.0,1.0,20.0,0.0,12.0,1.0,0.0
200325,1,98,93.0,0.0,1.0,0.0,-99.0,20.0,55.0,12.0,85.0,66.0,49.0,1.0,1.0,0.0,3.0,0.0,20.0,0.0,8.0,996.0,0.0,20.0,3.0,12.0,1.0,0.0,1XKYD49X9MJ4,2021.0,532.0,2733.0,66.0,85.0,Kenworth,881.0,66.0,1.0,0.0,0.0,998.0,8.0,0.0,0.0,12.0,6.0,12.0,0.0,0.0,1.0,20.0,66607.0,1.0,6.0,3.0,Valid license for this class vehicle,0.0,71.0,165.0,0.0,3.0,2.0,7.0,July,2019.0,11.0,2023.0,0.0,1.0,3.0,65.0,1.0,1.0,1.0,1.0,0.0,1.0,51.0,99.0,1.0,1.0,202.0,20.0,0.0,1.0,0.0,202305384349.0,12.0,2.0,11.0,0.0,1.0,1.0,66.0,36.0,1.0,0.0,1.0,20.0,0.0,85.0,2.0,98.0
200339,1,98,96.0,0.0,1.0,1.0,-99.0,20.0,177.0,17.0,49.0,20.0,82.0,1.0,1.0,4.0,20.0,7.0,20.0,0.0,8.0,0.0,7.0,20.0,1.0,17.0,2.0,0.0,5TDZA23C36S4,2006.0,448.0,2468.0,2.0,49.0,Toyota,442.0,20.0,1.0,0.0,0.0,998.0,7.0,0.0,0.0,12.0,6.0,35.0,0.0,0.0,1.0,20.0,66609.0,1.0,6.0,3.0,Valid license for this class vehicle,0.0,69.0,275.0,0.0,0.0,0.0,5.0,May,2023.0,5.0,2023.0,9.0,1.0,2.0,50.0,1.0,2.0,2.0,1.0,0.0,1.0,13.0,1.0,1.0,4.0,101.0,20.0,2.0,1.0,0.0,202305324506.0,12.0,2.0,7.0,0.0,1.0,1.0,20.0,42.0,2.0,0.0,1.0,20.0,0.0,49.0,2.0,0.0