ST_CASE,VEH_NO_x,DRIMPAIR_x,DRDISTRACT,DRIVERRF,PER_NO_x,DRUGRES,DRUGACTQTY,STATE_x,COUNTY,HARM_EV_x,MAKE_x,BODY_TYP_x,AGE,SEX,PER_TYP_x,INJ_SEV,REST_USE,REST_MIS,AIR_BAG_x,EJECTION,DRINKING,ALC_RES,HISPANIC,STATE_y,VE_FORMS,HARM_EV_y,NUMOCCS,HIT_RUN,VIN,MOD_YEAR,VPICMAKE,VPICMODEL,VPICBODYCLASS,MAKE_y,MAKENAME,MODEL,BODY_TYP_y,HAZ_INV,HAZ_PLAC,HAZ_ID,TRAV_SP,UNDEROVERRIDE,ROLLOVER,ROLINLOC,IMPACT1,DEFORMED,M_HARM,FIRE_EXP,DR_DRINK,DR_PRES,L_STATE,DR_ZIP,L_TYPE,L_STATUS,L_COMPL,L_COMPLNAME,L_RESTRI,DR_HGT,DR_WGT,PREV_DWI,PREV_SPD,PREV_OTH,FIRST_MO,FIRST_MONAME,FIRST_YR,LAST_MO,LAST_YR,SPEEDREL,VTRAFWAY,VNUM_LAN,VSPD_LIM,VALIGN,VPROFILE,VPAVETYP,VSURCOND,VTRAFCON,P_CRASH1,P_CRASH2,P_CRASH3,PCRASH4,PCRASH5,ACC_CONFIG,STATE,RACE,ORDER,MULTRACE,CASENUM,HARM_EV,DAY_WEEK,MONTH,MAXSEV_IM,WEATHR_IM,PER_NO_y,BODY_TYP,AGE_IM,SEX_IM,INJSEV_IM,PER_TYP_y,AIR_BAG_y,EJECT_IM,MAKE,VEH_NO_y,DRIMPAIR_y
200347,1,98,96.0,74.0,1.0,9999.0,-99.0,20.0,159.0,12.0,41.0,4.0,23.0,1.0,1.0,4.0,20.0,7.0,9.0,0.0,0.0,0.0,7.0,20.0,2.0,12.0,3.0,0.0,1YVHP80C685M,2008.0,473.0,2078.0,13.0,41.0,Mazda,50.0,4.0,1.0,0.0,0.0,998.0,8.0,0.0,0.0,12.0,6.0,12.0,0.0,0.0,1.0,20.0,67530.0,1.0,6.0,3.0,Valid license for this class vehicle,2.0,65.0,130.0,0.0,0.0,1.0,5.0,May,2019.0,4.0,2020.0,0.0,1.0,2.0,65.0,1.0,1.0,2.0,2.0,0.0,6.0,10.0,1.0,1.0,2.0,301.0,20.0,1.0,1.0,0.0,202305499089.0,12.0,3.0,12.0,3.0,1.0,1.0,4.0,54.0,1.0,0.0,1.0,98.0,0.0,41.0,3.0,0.0
200357,1,98,96.0,0.0,1.0,3019.0,-99.0,20.0,173.0,33.0,18.0,4.0,19.0,1.0,1.0,4.0,20.0,7.0,9.0,0.0,0.0,996.0,7.0,20.0,1.0,33.0,1.0,0.0,2G4WS52J5312,2003.0,468.0,8843.0,13.0,18.0,Buick / Opel,7.0,4.0,1.0,0.0,0.0,998.0,7.0,0.0,0.0,12.0,6.0,42.0,0.0,0.0,1.0,20.0,67467.0,0.0,0.0,0.0,Not licensed,0.0,72.0,280.0,0.0,0.0,0.0,0.0,No Record,0.0,0.0,0.0,9.0,5.0,5.0,35.0,1.0,1.0,1.0,1.0,0.0,1.0,12.0,99.0,1.0,4.0,102.0,20.0,1.0,1.0,0.0,202305553551.0,12.0,4.0,11.0,0.0,1.0,1.0,4.0,39.0,2.0,0.0,1.0,20.0,0.0,18.0,1.0,0.0
200369,2,98,96.0,0.0,1.0,0.0,-99.0,20.0,113.0,12.0,12.0,61.0,22.0,2.0,1.0,3.0,3.0,0.0,9.0,0.0,8.0,996.0,0.0,20.0,2.0,12.0,2.0,0.0,1FDEE3FS3KDC,2019.0,460.0,1818.0,62.0,12.0,Ford,870.0,61.0,1.0,0.0,0.0,998.0,8.0,0.0,0.0,1.0,6.0,12.0,0.0,0.0,1.0,20.0,67460.0,1.0,6.0,3.0,Valid license for this class vehicle,1.0,62.0,155.0,0.0,0.0,0.0,0.0,No Record,0.0,0.0,0.0,0.0,2.0,2.0,70.0,1.0,1.0,1.0,1.0,0.0,1.0,66.0,8.0,2.0,1.0,503.0,20.0,0.0,1.0,0.0,202305063130.0,12.0,4.0,6.0,0.0,1.0,1.0,61.0,67.0,1.0,0.0,1.0,20.0,0.0,12.0,1.0,0.0
210001,1,9,96.0,0.0,1.0,1.0,-99.0,21.0,207.0,12.0,12.0,14.0,23.0,1.0,1.0,3.0,1.0,0.0,8.0,0.0,1.0,214.0,0.0,21.0,2.0,12.0,1.0,0.0,1FMCU0GX1DUD,2013.0,460.0,1798.0,7.0,12.0,Ford,402.0,14.0,1.0,0.0,0.0,66.0,0.0,0.0,0.0,12.0,6.0,12.0,0.0,1.0,1.0,21.0,42642.0,9.0,9.0,9.0,Unknown,9.0,999.0,999.0,99.0,99.0,99.0,99.0,Unknown,9999.0,99.0,9999.0,0.0,1.0,2.0,55.0,1.0,1.0,2.0,1.0,0.0,1.0,10.0,99.0,1.0,2.0,301.0,21.0,0.0,1.0,0.0,202304959046.0,11.0,4.0,5.0,0.0,1.0,1.0,14.0,52.0,1.0,0.0,1.0,20.0,0.0,12.0,1.0,0.0
210003,1,0,93.0,6.0,1.0,1.0,-99.0,21.0,83.0,42.0,35.0,5.0,17.0,2.0,1.0,4.0,3.0,0.0,8.0,0.0,0.0,0.0,7.0,21.0,1.0,42.0,1.0,0.0,3N1CE2CP9FL3,2015.0,478.0,1898.0,5.0,35.0,Nissan/Datsun,50.0,5.0,1.0,0.0,0.0,998.0,7.0,3.0,5.0,12.0,6.0,2.0,1.0,0.0,1.0,21.0,42001.0,2.0,6.0,3.0,Valid license for this class vehicle,1.0,63.0,110.0,0.0,0.0,0.0,0.0,No Record,0.0,0.0,0.0,0.0,1.0,2.0,55.0,3.0,1.0,2.0,1.0,0.0,14.0,13.0,99.0,1.0,4.0,101.0,21.0,1.0,1.0,0.0,202305318511.0,12.0,5.0,8.0,2.0,10.0,1.0,5.0,25.0,2.0,0.0,1.0,20.0,0.0,35.0,3.0,0.0
210007,2,0,96.0,0.0,1.0,1.0,-99.0,21.0,99.0,12.0,82.0,50.0,42.0,1.0,1.0,2.0,3.0,0.0,20.0,0.0,0.0,0.0,0.0,21.0,2.0,12.0,2.0,0.0,4UZABRFC6MCM,2021.0,450.0,1989.0,71.0,82.0,Freightliner,981.0,50.0,1.0,0.0,0.0,998.0,2.0,0.0,0.0,12.0,6.0,12.0,0.0,0.0,1.0,21.0,42722.0,1.0,6.0,3.0,Valid license for this class vehicle,1.0,64.0,185.0,0.0,1.0,0.0,2.0,February,2019.0,2.0,2019.0,0.0,1.0,2.0,55.0,1.0,2.0,2.0,1.0,40.0,1.0,62.0,9.0,1.0,1.0,302.0,21.0,0.0,1.0,0.0,202304704329.0,12.0,3.0,1.0,0.0,1.0,1.0,50.0,57.0,2.0,0.0,1.0,20.0,0.0,82.0,2.0,0.0
210009,1,0,96.0,51.0,1.0,1.0,-99.0,21.0,231.0,12.0,41.0,4.0,62.0,1.0,1.0,4.0,20.0,7.0,8.0,0.0,0.0,0.0,7.0,21.0,3.0,12.0,1.0,0.0,JM1BL1V76C16,2012.0,473.0,2074.0,13.0,41.0,Mazda,51.0,4.0,1.0,0.0,0.0,998.0,0.0,0.0,0.0,11.0,6.0,12.0,0.0,0.0,1.0,21.0,42633.0,1.0,6.0,3.0,Valid license for this class vehicle,0.0,69.0,150.0,0.0,0.0,0.0,0.0,No Record,0.0,0.0,0.0,0.0,1.0,2.0,55.0,4.0,1.0,2.0,1.0,0.0,14.0,54.0,99.0,1.0,1.0,301.0,21.0,1.0,1.0,0.0,202304810658.0,12.0,6.0,3.0,2.0,2.0,1.0,4.0,18.0,1.0,0.0,1.0,9.0,0.0,41.0,2.0,0.0
210017,1,0,96.0,0.0,1.0,9999.0,-99.0,21.0,111.0,21.0,20.0,34.0,65.0,2.0,1.0,4.0,20.0,7.0,1.0,0.0,0.0,995.0,7.0,21.0,1.0,21.0,1.0,0.0,1GCCS19X9V81,1997.0,467.0,11483.0,60.0,20.0,Chevrolet,471.0,34.0,1.0,0.0,0.0,998.0,7.0,0.0,0.0,12.0,6.0,21.0,0.0,0.0,1.0,21.0,40245.0,1.0,6.0,3.0,Valid license for this class vehicle,1.0,67.0,155.0,0.0,0.0,0.0,10.0,October,2018.0,10.0,2018.0,0.0,2.0,1.0,35.0,1.0,3.0,2.0,1.0,40.0,1.0,12.0,99.0,1.0,4.0,102.0,21.0,1.0,1.0,0.0,202304760347.0,21.0,6.0,1.0,4.0,10.0,1.0,34.0,65.0,2.0,4.0,1.0,1.0,0.0,20.0,1.0,0.0
210023,2,0,96.0,0.0,1.0,1059.0,0.3,21.0,111.0,12.0,49.0,4.0,47.0,1.0,1.0,4.0,20.0,7.0,20.0,0.0,0.0,0.0,3.0,21.0,2.0,12.0,1.0,0.0,4T1BF32K13U5,2003.0,448.0,2469.0,13.0,49.0,Toyota,40.0,4.0,1.0,0.0,0.0,998.0,0.0,0.0,0.0,6.0,6.0,12.0,0.0,0.0,1.0,98.0,99998.0,9.0,9.0,9.0,Unknown,9.0,999.0,999.0,99.0,99.0,99.0,99.0,Unknown,9999.0,99.0,9999.0,0.0,3.0,3.0,55.0,1.0,1.0,1.0,2.0,0.0,99.0,53.0,99.0,1.0,2.0,203.0,21.0,1.0,1.0,0.0,202305202847.0,12.0,1.0,8.0,3.0,10.0,1.0,4.0,17.0,1.0,0.0,1.0,20.0,0.0,49.0,2.0,0.0
210024,1,0,96.0,0.0,1.0,1.0,-99.0,21.0,111.0,12.0,18.0,4.0,20.0,1.0,1.0,4.0,3.0,0.0,1.0,0.0,0.0,0.0,7.0,21.0,3.0,12.0,1.0,0.0,1G4HD67236U1,2006.0,468.0,4267.0,13.0,18.0,Buick / Opel,23.0,4.0,1.0,0.0,0.0,998.0,0.0,0.0,0.0,11.0,6.0,12.0,1.0,0.0,1.0,21.0,40243.0,1.0,6.0,3.0,Valid license for this class vehicle,0.0,74.0,230.0,0.0,0.0,1.0,12.0,December,2021.0,12.0,2021.0,3.0,2.0,2.0,55.0,1.0,1.0,2.0,1.0,40.0,15.0,10.0,99.0,1.0,2.0,208.0,21.0,2.0,1.0,0.0,202304776398.0,12.0,3.0,1.0,4.0,10.0,1.0,4.0,20.0,1.0,4.0,1.0,1.0,0.0,18.0,1.0,98.0
210035,1,0,96.0,87.0,1.0,3026.0,-99.0,21.0,157.0,93.0,12.0,4.0,36.0,1.0,1.0,4.0,3.0,0.0,1.0,1.0,0.0,238.0,7.0,21.0,1.0,93.0,1.0,0.0,1FAFP34N55W2,2005.0,460.0,1779.0,13.0,12.0,Ford,37.0,4.0,1.0,0.0,0.0,83.0,7.0,3.0,5.0,12.0,6.0,42.0,0.0,1.0,1.0,21.0,42025.0,1.0,6.0,3.0,Valid license for this class vehicle,0.0,73.0,185.0,0.0,0.0,0.0,0.0,No Record,0.0,0.0,0.0,4.0,1.0,2.0,55.0,1.0,1.0,2.0,2.0,0.0,1.0,13.0,99.0,1.0,4.0,101.0,21.0,1.0,1.0,0.0,202305325088.0,8.0,6.0,10.0,2.0,1.0,1.0,4.0,73.0,1.0,0.0,1.0,20.0,0.0,12.0,1.0,98.0
210039,1,0,96.0,28.0,1.0,9999.0,-99.0,21.0,213.0,12.0,49.0,14.0,16.0,1.0,1.0,2.0,3.0,0.0,8.0,0.0,0.0,995.0,0.0,21.0,2.0,12.0,1.0,0.0,JTEZU5JR9E50,2014.0,448.0,2216.0,7.0,49.0,Toyota,401.0,14.0,1.0,0.0,0.0,45.0,0.0,0.0,0.0,12.0,6.0,12.0,0.0,0.0,1.0,21.0,42134.0,2.0,6.0,3.0,Valid license for this class vehicle,0.0,70.0,158.0,0.0,0.0,0.0,0.0,No Record,0.0,0.0,0.0,0.0,1.0,2.0,55.0,1.0,1.0,2.0,1.0,0.0,1.0,10.0,99.0,1.0,2.0,301.0,21.0,0.0,1.0,0.0,202305353268.0,12.0,3.0,10.0,0.0,1.0,1.0,14.0,19.0,1.0,0.0,1.0,20.0,0.0,49.0,1.0,98.0
210044,1,0,96.0,39.0,1.0,1.0,-99.0,21.0,125.0,12.0,12.0,34.0,36.0,2.0,1.0,3.0,3.0,0.0,8.0,0.0,0.0,0.0,0.0,21.0,2.0,12.0,2.0,0.0,1FTER4FH7NLD,2022.0,460.0,1803.0,60.0,12.0,Ford,471.0,34.0,1.0,0.0,0.0,998.0,0.0,3.0,5.0,1.0,6.0,12.0,0.0,0.0,1.0,21.0,40215.0,1.0,6.0,3.0,Valid license for this class vehicle,0.0,64.0,245.0,0.0,2.0,0.0,9.0,September,2020.0,5.0,2022.0,0.0,2.0,2.0,55.0,1.0,1.0,2.0,1.0,3.0,11.0,15.0,99.0,1.0,1.0,401.0,21.0,0.0,1.0,0.0,202304670227.0,8.0,1.0,1.0,2.0,1.0,1.0,34.0,80.0,1.0,0.0,1.0,20.0,0.0,12.0,1.0,0.0
210067,1,0,96.0,38.0,1.0,9999.0,-99.0,21.0,111.0,12.0,37.0,4.0,30.0,1.0,1.0,2.0,20.0,7.0,1.0,0.0,0.0,995.0,0.0,21.0,2.0,12.0,1.0,0.0,1HGCP2F7XAA0,2010.0,474.0,1861.0,13.0,37.0,Honda,32.0,4.0,1.0,0.0,0.0,998.0,7.0,0.0,0.0,1.0,6.0,12.0,0.0,0.0,1.0,21.0,40214.0,1.0,6.0,3.0,Valid license for this class vehicle,0.0,66.0,145.0,0.0,0.0,0.0,0.0,No Record,0.0,0.0,0.0,0.0,5.0,5.0,35.0,1.0,1.0,2.0,1.0,40.0,11.0,15.0,99.0,1.0,1.0,401.0,21.0,0.0,1.0,0.0,202304817112.0,12.0,7.0,2.0,4.0,10.0,1.0,4.0,30.0,1.0,2.0,1.0,1.0,0.0,37.0,1.0,0.0
210067,2,0,96.0,0.0,1.0,2216.0,-99.0,21.0,111.0,12.0,73.0,80.0,41.0,1.0,1.0,4.0,20.0,7.0,20.0,8.0,0.0,0.0,7.0,21.0,2.0,12.0,1.0,0.0,JKAZXCD167A0,2007.0,510.0,3197.0,80.0,73.0,Kawasaki,706.0,80.0,1.0,0.0,0.0,998.0,7.0,8.0,8.0,12.0,6.0,12.0,0.0,0.0,1.0,21.0,40215.0,1.0,6.0,3.0,Valid license for this class vehicle,0.0,71.0,200.0,0.0,0.0,0.0,0.0,No Record,0.0,0.0,0.0,0.0,5.0,5.0,35.0,1.0,1.0,2.0,1.0,40.0,1.0,62.0,99.0,1.0,1.0,402.0,21.0,1.0,1.0,0.0,202304817112.0,12.0,7.0,2.0,4.0,10.0,1.0,80.0,41.0,1.0,4.0,1.0,20.0,8.0,73.0,2.0,0.0
210070,1,0,96.0,38.0,1.0,9999.0,-99.0,21.0,111.0,12.0,49.0,14.0,75.0,2.0,1.0,0.0,3.0,0.0,1.0,0.0,0.0,995.0,0.0,21.0,2.0,12.0,1.0,0.0,JTEBU11F7801,2008.0,448.0,2463.0,7.0,49.0,Toyota,404.0,14.0,1.0,0.0,0.0,998.0,7.0,0.0,0.0,12.0,6.0,12.0,0.0,0.0,1.0,21.0,40223.0,1.0,6.0,3.0,Valid license for this class vehicle,0.0,71.0,178.0,0.0,0.0,0.0,0.0,No Record,0.0,0.0,0.0,0.0,5.0,5.0,45.0,1.0,1.0,2.0,1.0,0.0,11.0,15.0,99.0,1.0,1.0,401.0,21.0,0.0,1.0,0.0,202304832304.0,12.0,2.0,2.0,4.0,1.0,1.0,14.0,75.0,2.0,0.0,1.0,1.0,0.0,49.0,1.0,0.0
210070,2,0,96.0,0.0,1.0,1.0,-99.0,21.0,111.0,12.0,37.0,80.0,38.0,1.0,1.0,4.0,20.0,7.0,20.0,8.0,0.0,233.0,7.0,21.0,2.0,12.0,1.0,0.0,JH2RC44565M8,2005.0,474.0,12387.0,82.0,37.0,Honda,705.0,80.0,1.0,0.0,0.0,998.0,7.0,8.0,8.0,12.0,6.0,12.0,0.0,1.0,1.0,21.0,40242.0,1.0,6.0,3.0,Valid license for this class vehicle,0.0,74.0,155.0,0.0,0.0,0.0,0.0,No Record,0.0,0.0,0.0,0.0,5.0,5.0,45.0,1.0,1.0,2.0,1.0,0.0,1.0,62.0,99.0,1.0,1.0,402.0,21.0,1.0,1.0,0.0,202304832304.0,12.0,2.0,2.0,4.0,1.0,1.0,80.0,38.0,1.0,4.0,1.0,20.0,8.0,37.0,2.0,0.0
210071,1,0,96.0,38.0,1.0,1.0,-99.0,21.0,67.0,12.0,18.0,4.0,83.0,2.0,1.0,4.0,1.0,0.0,8.0,0.0,0.0,0.0,7.0,21.0,4.0,12.0,2.0,0.0,1G4GB5G32EF1,2014.0,468.0,1821.0,13.0,18.0,Buick / Opel,22.0,4.0,1.0,0.0,0.0,998.0,0.0,0.0,0.0,1.0,6.0,12.0,0.0,0.0,1.0,21.0,42539.0,1.0,6.0,3.0,Valid license for this class vehicle,0.0,67.0,189.0,0.0,0.0,0.0,0.0,No Record,0.0,0.0,0.0,0.0,2.0,4.0,55.0,1.0,1.0,2.0,1.0,3.0,11.0,15.0,99.0,1.0,1.0,401.0,21.0,1.0,1.0,0.0,202305417626.0,11.0,5.0,11.0,2.0,1.0,1.0,4.0,42.0,2.0,2.0,1.0,98.0,0.0,18.0,1.0,98.0
210084,1,0,96.0,0.0,1.0,1.0,-99.0,21.0,93.0,1.0,72.0,80.0,63.0,1.0,1.0,4.0,20.0,7.0,20.0,8.0,0.0,191.0,7.0,21.0,1.0,1.0,1.0,0.0,1HD1KBC13KB6,2019.0,3888.0,12628.0,81.0,72.0,Harley-Davidson,706.0,80.0,1.0,0.0,0.0,998.0,7.0,8.0,8.0,0.0,6.0,32.0,0.0,1.0,1.0,21.0,40175.0,1.0,6.0,3.0,Valid license for this class vehicle,0.0,72.0,250.0,0.0,0.0,0.0,0.0,No Record,0.0,0.0,0.0,0.0,2.0,2.0,55.0,2.0,1.0,2.0,1.0,0.0,14.0,12.0,99.0,1.0,4.0,102.0,21.0,1.0,1.0,0.0,202305265926.0,12.0,1.0,9.0,2.0,1.0,1.0,80.0,28.0,1.0,2.0,1.0,20.0,8.0,72.0,2.0,0.0
210090,1,0,15.0,38.0,1.0,1.0,-99.0,21.0,111.0,12.0,55.0,4.0,55.0,2.0,1.0,4.0,3.0,0.0,8.0,0.0,0.0,0.0,7.0,21.0,2.0,12.0,1.0,0.0,KMHCT4AE7HU3,2017.0,498.0,2773.0,13.0,55.0,Hyundai,36.0,4.0,1.0,0.0,0.0,998.0,0.0,0.0,0.0,3.0,6.0,12.0,0.0,0.0,1.0,21.0,40117.0,1.0,6.0,3.0,Valid license for this class vehicle,1.0,66.0,170.0,0.0,0.0,0.0,0.0,No Record,0.0,0.0,0.0,0.0,2.0,4.0,55.0,1.0,1.0,1.0,2.0,3.0,11.0,15.0,99.0,1.0,1.0,401.0,21.0,1.0,1.0,0.0,202304814156.0,12.0,5.0,2.0,4.0,10.0,1.0,4.0,55.0,2.0,4.0,1.0,8.0,0.0,55.0,1.0,0.0
210101,1,0,93.0,6.0,1.0,2216.0,-99.0,21.0,111.0,42.0,12.0,5.0,64.0,1.0,1.0,4.0,3.0,0.0,8.0,0.0,0.0,0.0,7.0,21.0,1.0,42.0,1.0,0.0,3FADP4EJ9KM1,2019.0,460.0,3267.0,5.0,12.0,Ford,32.0,5.0,1.0,0.0,0.0,998.0,7.0,3.0,5.0,12.0,6.0,42.0,0.0,0.0,1.0,21.0,40242.0,1.0,6.0,3.0,Valid license for this class vehicle,1.0,65.0,180.0,0.0,0.0,0.0,0.0,No Record,0.0,0.0,0.0,0.0,1.0,2.0,35.0,1.0,1.0,2.0,2.0,40.0,1.0,12.0,99.0,1.0,4.0,102.0,21.0,1.0,1.0,0.0,202305122975.0,12.0,3.0,4.0,0.0,1.0,1.0,5.0,31.0,2.0,0.0,1.0,20.0,0.0,12.0,3.0,0.0
210103,1,0,96.0,0.0,1.0,1.0,-99.0,21.0,111.0,12.0,12.0,6.0,27.0,2.0,1.0,4.0,20.0,7.0,1.0,0.0,0.0,0.0,7.0,21.0,3.0,12.0,1.0,0.0,2FMDK48C08BA,2008.0,460.0,1797.0,7.0,12.0,Ford,24.0,6.0,1.0,0.0,0.0,998.0,1.0,0.0,0.0,12.0,6.0,12.0,0.0,0.0,1.0,21.0,40258.0,1.0,6.0,3.0,Valid license for this class vehicle,1.0,61.0,130.0,0.0,0.0,0.0,0.0,No Record,0.0,0.0,0.0,0.0,2.0,4.0,35.0,1.0,1.0,2.0,1.0,3.0,1.0,50.0,99.0,1.0,1.0,202.0,21.0,1.0,1.0,0.0,202305494615.0,12.0,1.0,12.0,1.0,1.0,1.0,6.0,69.0,2.0,0.0,1.0,20.0,0.0,12.0,1.0,0.0
210112,1,0,96.0,38.0,1.0,0.0,-99.0,21.0,145.0,12.0,12.0,4.0,86.0,2.0,1.0,4.0,3.0,0.0,8.0,0.0,0.0,996.0,7.0,21.0,3.0,12.0,1.0,0.0,1FAHP3FNXBW1,2011.0,460.0,1779.0,13.0,12.0,Ford,37.0,4.0,1.0,0.0,0.0,998.0,0.0,0.0,0.0,9.0,6.0,12.0,0.0,0.0,1.0,21.0,42003.0,1.0,6.0,3.0,Valid license for this class vehicle,0.0,61.0,100.0,0.0,0.0,0.0,0.0,No Record,0.0,0.0,0.0,0.0,1.0,2.0,98.0,1.0,8.0,8.0,98.0,20.0,1.0,17.0,99.0,1.0,1.0,504.0,21.0,1.0,1.0,0.0,202305428378.0,34.0,6.0,11.0,0.0,1.0,1.0,4.0,51.0,1.0,0.0,1.0,20.0,0.0,12.0,1.0,98.0
210113,1,0,96.0,28.0,1.0,9996.0,-99.0,21.0,35.0,12.0,49.0,4.0,65.0,2.0,1.0,4.0,2.0,0.0,1.0,0.0,0.0,0.0,7.0,21.0,2.0,12.0,2.0,0.0,4T1BE32K74U3,2004.0,448.0,2469.0,13.0,49.0,Toyota,40.0,4.0,1.0,0.0,0.0,50.0,0.0,0.0,0.0,12.0,6.0,12.0,0.0,0.0,1.0,21.0,42071.0,1.0,6.0,3.0,Valid license for this class vehicle,0.0,64.0,128.0,0.0,0.0,0.0,0.0,No Record,0.0,0.0,0.0,0.0,1.0,2.0,55.0,1.0,1.0,2.0,1.0,40.0,1.0,10.0,99.0,1.0,2.0,301.0,21.0,1.0,1.0,0.0,202305099721.0,12.0,4.0,7.0,0.0,2.0,1.0,4.0,56.0,1.0,0.0,1.0,20.0,0.0,49.0,1.0,0.0
210114,1,9,96.0,0.0,1.0,5997.0,-99.0,21.0,111.0,19.0,7.0,4.0,25.0,2.0,1.0,4.0,20.0,7.0,1.0,0.0,1.0,187.0,7.0,21.0,1.0,19.0,1.0,0.0,2C3CDXCT9JH1,2018.0,476.0,1895.0,13.0,7.0,Dodge,24.0,4.0,1.0,0.0,0.0,998.0,7.0,0.0,0.0,12.0,6.0,19.0,1.0,1.0,1.0,21.0,40118.0,1.0,6.0,3.0,Valid license for this class vehicle,1.0,69.0,120.0,0.0,0.0,0.0,0.0,No Record,0.0,0.0,0.0,0.0,1.0,3.0,45.0,1.0,2.0,2.0,1.0,3.0,11.0,15.0,99.0,1.0,4.0,102.0,21.0,1.0,1.0,0.0,202304881441.0,12.0,7.0,4.0,0.0,1.0,1.0,4.0,22.0,1.0,0.0,1.0,20.0,0.0,7.0,2.0,0.0
210116,1,9,96.0,28.0,1.0,3019.0,-99.0,21.0,111.0,12.0,12.0,4.0,37.0,1.0,1.0,4.0,20.0,7.0,8.0,0.0,0.0,0.0,7.0,21.0,2.0,12.0,1.0,0.0,1FAHP35N98W2,2008.0,460.0,1779.0,13.0,12.0,Ford,37.0,4.0,1.0,0.0,0.0,998.0,1.0,0.0,0.0,12.0,6.0,12.0,0.0,0.0,1.0,21.0,40229.0,1.0,6.0,3.0,Valid license for this class vehicle,0.0,64.0,260.0,0.0,0.0,0.0,0.0,No Record,0.0,0.0,0.0,0.0,1.0,2.0,35.0,1.0,1.0,2.0,1.0,0.0,1.0,10.0,99.0,1.0,2.0,301.0,21.0,1.0,1.0,0.0,202304884658.0,12.0,6.0,3.0,4.0,1.0,1.0,4.0,37.0,1.0,4.0,1.0,8.0,0.0,12.0,1.0,9.0
210120,1,0,96.0,0.0,1.0,2088.0,1.2,21.0,111.0,39.0,98.0,80.0,35.0,1.0,1.0,4.0,20.0,7.0,20.0,8.0,0.0,136.0,7.0,21.0,1.0,39.0,1.0,0.0,ZD4KYUA07MS0,2021.0,845.0,30425.0,80.0,98.0,Other Make,706.0,80.0,1.0,0.0,0.0,998.0,7.0,8.0,8.0,12.0,6.0,39.0,1.0,1.0,1.0,21.0,40214.0,1.0,6.0,3.0,Valid license for this class vehicle,0.0,70.0,170.0,0.0,0.0,0.0,0.0,No Record,0.0,0.0,0.0,3.0,2.0,3.0,55.0,2.0,2.0,2.0,2.0,0.0,14.0,6.0,99.0,1.0,4.0,102.0,21.0,1.0,1.0,0.0,202304895181.0,39.0,5.0,3.0,4.0,10.0,1.0,80.0,35.0,1.0,4.0,1.0,20.0,8.0,98.0,1.0,0.0
210122,1,0,96.0,39.0,1.0,0.0,-99.0,21.0,93.0,12.0,49.0,4.0,87.0,2.0,1.0,3.0,3.0,0.0,1.0,0.0,0.0,996.0,0.0,21.0,2.0,12.0,3.0,0.0,4T1BE32K65U5,2005.0,448.0,2469.0,13.0,49.0,Toyota,40.0,4.0,1.0,0.0,0.0,50.0,2.0,0.0,0.0,12.0,6.0,12.0,0.0,0.0,1.0,21.0,40108.0,1.0,6.0,3.0,Valid license for this class vehicle,0.0,64.0,145.0,0.0,0.0,0.0,0.0,No Record,0.0,0.0,0.0,0.0,7.0,2.0,55.0,1.0,2.0,2.0,1.0,3.0,1.0,17.0,99.0,1.0,1.0,503.0,21.0,0.0,1.0,0.0,202304745733.0,12.0,3.0,2.0,0.0,2.0,1.0,4.0,19.0,1.0,0.0,1.0,20.0,0.0,49.0,4.0,0.0
210125,1,0,96.0,28.0,1.0,1.0,-99.0,21.0,235.0,12.0,49.0,4.0,77.0,1.0,1.0,4.0,20.0,7.0,8.0,0.0,0.0,0.0,7.0,21.0,2.0,12.0,1.0,0.0,4T1BF1FKXHU8,2017.0,448.0,2469.0,13.0,49.0,Toyota,40.0,4.0,1.0,0.0,0.0,998.0,0.0,0.0,0.0,12.0,6.0,12.0,0.0,0.0,1.0,21.0,40769.0,1.0,6.0,3.0,Valid license for this class vehicle,0.0,69.0,180.0,0.0,0.0,0.0,0.0,No Record,0.0,0.0,0.0,5.0,1.0,2.0,55.0,2.0,1.0,2.0,1.0,40.0,14.0,10.0,99.0,1.0,2.0,301.0,21.0,1.0,1.0,0.0,202305005125.0,12.0,4.0,5.0,0.0,10.0,1.0,4.0,32.0,2.0,0.0,1.0,20.0,0.0,49.0,1.0,0.0
210131,1,0,96.0,87.0,1.0,0.0,-99.0,21.0,111.0,12.0,35.0,15.0,69.0,1.0,1.0,0.0,3.0,0.0,8.0,0.0,0.0,996.0,0.0,21.0,2.0,12.0,1.0,0.0,5N1BA0NC4BN6,2011.0,478.0,1915.0,7.0,35.0,Nissan/Datsun,421.0,15.0,1.0,0.0,0.0,998.0,0.0,0.0,0.0,12.0,4.0,12.0,0.0,0.0,1.0,21.0,40212.0,1.0,6.0,3.0,Valid license for this class vehicle,0.0,66.0,140.0,0.0,0.0,0.0,0.0,No Record,0.0,0.0,0.0,0.0,2.0,1.0,98.0,3.0,8.0,8.0,98.0,4.0,14.0,17.0,99.0,1.0,1.0,503.0,21.0,0.0,1.0,0.0,202304918475.0,12.0,6.0,3.0,4.0,2.0,1.0,15.0,69.0,1.0,0.0,1.0,8.0,0.0,35.0,1.0,0.0