ST_CASE,VEH_NO_x,DRIMPAIR_x,DRDISTRACT,DRIVERRF,PER_NO_x,DRUGRES,DRUGACTQTY,STATE_x,COUNTY,HARM_EV_x,MAKE_x,BODY_TYP_x,AGE,SEX,PER_TYP_x,INJ_SEV,REST_USE,REST_MIS,AIR_BAG_x,EJECTION,DRINKING,ALC_RES,HISPANIC,STATE_y,VE_FORMS,HARM_EV_y,NUMOCCS,HIT_RUN,VIN,MOD_YEAR,VPICMAKE,VPICMODEL,VPICBODYCLASS,MAKE_y,MAKENAME,MODEL,BODY_TYP_y,HAZ_INV,HAZ_PLAC,HAZ_ID,TRAV_SP,UNDEROVERRIDE,ROLLOVER,ROLINLOC,IMPACT1,DEFORMED,M_HARM,FIRE_EXP,DR_DRINK,DR_PRES,L_STATE,DR_ZIP,L_TYPE,L_STATUS,L_COMPL,L_COMPLNAME,L_RESTRI,DR_HGT,DR_WGT,PREV_DWI,PREV_SPD,PREV_OTH,FIRST_MO,FIRST_MONAME,FIRST_YR,LAST_MO,LAST_YR,SPEEDREL,VTRAFWAY,VNUM_LAN,VSPD_LIM,VALIGN,VPROFILE,VPAVETYP,VSURCOND,VTRAFCON,P_CRASH1,P_CRASH2,P_CRASH3,PCRASH4,PCRASH5,ACC_CONFIG,STATE,RACE,ORDER,MULTRACE,CASENUM,HARM_EV,DAY_WEEK,MONTH,MAXSEV_IM,WEATHR_IM,PER_NO_y,BODY_TYP,AGE_IM,SEX_IM,INJSEV_IM,PER_TYP_y,AIR_BAG_y,EJECT_IM,MAKE,VEH_NO_y,DRIMPAIR_y
210137,1,0,96.0,87.0,1.0,1.0,-99.0,21.0,161.0,42.0,7.0,4.0,22.0,1.0,1.0,4.0,20.0,7.0,20.0,0.0,1.0,156.0,7.0,21.0,1.0,42.0,1.0,0.0,2C3CDXHG5KH6,2019.0,476.0,1895.0,13.0,7.0,Dodge,24.0,4.0,1.0,0.0,0.0,998.0,7.0,3.0,5.0,12.0,6.0,2.0,1.0,1.0,1.0,39.0,45101.0,1.0,6.0,3.0,Valid license for this class vehicle,0.0,73.0,165.0,0.0,2.0,0.0,7.0,July,2021.0,2.0,2023.0,0.0,1.0,2.0,35.0,3.0,1.0,2.0,2.0,40.0,14.0,6.0,99.0,1.0,4.0,101.0,21.0,1.0,1.0,0.0,202304669025.0,12.0,1.0,1.0,3.0,10.0,1.0,4.0,24.0,2.0,3.0,1.0,9.0,0.0,7.0,1.0,98.0
210148,1,9,96.0,58.0,1.0,5060.0,-99.0,21.0,15.0,32.0,63.0,4.0,22.0,2.0,1.0,2.0,3.0,0.0,1.0,0.0,1.0,139.0,0.0,21.0,1.0,32.0,2.0,0.0,KNADH4A3XA66,2010.0,499.0,2299.0,13.0,63.0,KIA,32.0,4.0,1.0,0.0,0.0,998.0,7.0,0.0,0.0,1.0,6.0,34.0,0.0,1.0,1.0,21.0,41094.0,1.0,6.0,3.0,Valid license for this class vehicle,0.0,66.0,125.0,0.0,0.0,0.0,0.0,No Record,0.0,0.0,0.0,4.0,1.0,2.0,45.0,3.0,1.0,2.0,1.0,0.0,14.0,6.0,6.0,1.0,4.0,101.0,21.0,0.0,1.0,0.0,202305026271.0,12.0,2.0,6.0,0.0,1.0,1.0,4.0,37.0,1.0,0.0,1.0,20.0,0.0,63.0,2.0,98.0
210166,1,0,96.0,38.0,1.0,9999.0,-99.0,21.0,111.0,12.0,63.0,4.0,58.0,2.0,1.0,0.0,3.0,0.0,2.0,0.0,0.0,995.0,0.0,21.0,2.0,12.0,1.0,0.0,5XXG64J24PG1,2023.0,499.0,27527.0,13.0,63.0,KIA,398.0,4.0,1.0,0.0,0.0,998.0,7.0,0.0,0.0,11.0,2.0,12.0,0.0,0.0,1.0,21.0,40210.0,1.0,6.0,3.0,Valid license for this class vehicle,0.0,61.0,178.0,0.0,0.0,0.0,0.0,No Record,0.0,0.0,0.0,0.0,0.0,0.0,0.0,0.0,0.0,0.0,0.0,0.0,99.0,19.0,99.0,1.0,1.0,998.0,21.0,0.0,1.0,0.0,202304786442.0,12.0,5.0,3.0,0.0,2.0,1.0,4.0,19.0,2.0,0.0,1.0,20.0,0.0,63.0,2.0,0.0
210173,1,0,96.0,0.0,1.0,1.0,-99.0,21.0,9.0,42.0,35.0,4.0,61.0,2.0,1.0,4.0,3.0,0.0,1.0,0.0,0.0,0.0,7.0,21.0,1.0,42.0,1.0,0.0,1N4AL2AP4CN5,2012.0,478.0,1904.0,13.0,35.0,Nissan/Datsun,47.0,4.0,1.0,0.0,0.0,998.0,7.0,0.0,0.0,12.0,6.0,42.0,0.0,0.0,1.0,6.0,42171.0,1.0,6.0,3.0,Valid license for this class vehicle,3.0,62.0,205.0,0.0,0.0,1.0,10.0,October,2021.0,10.0,2021.0,0.0,1.0,2.0,35.0,4.0,1.0,2.0,1.0,0.0,14.0,6.0,1.0,1.0,4.0,102.0,21.0,6.0,1.0,0.0,202304914077.0,14.0,6.0,4.0,0.0,1.0,1.0,4.0,14.0,1.0,0.0,1.0,20.0,0.0,35.0,1.0,98.0
210175,1,9,96.0,87.0,1.0,3019.0,-99.0,21.0,137.0,1.0,72.0,80.0,40.0,1.0,1.0,4.0,20.0,7.0,20.0,8.0,0.0,0.0,7.0,21.0,2.0,1.0,1.0,0.0,1HD1BWB102Y0,2002.0,3888.0,8501.0,81.0,72.0,Harley-Davidson,706.0,80.0,1.0,0.0,0.0,998.0,7.0,8.0,8.0,0.0,6.0,12.0,0.0,0.0,1.0,21.0,40769.0,1.0,6.0,2.0,No valid license for this class vehicle,0.0,69.0,194.0,0.0,0.0,0.0,0.0,No Record,0.0,0.0,0.0,0.0,1.0,2.0,55.0,1.0,2.0,2.0,2.0,0.0,1.0,9.0,99.0,1.0,2.0,998.0,21.0,1.0,1.0,0.0,202305225743.0,12.0,1.0,7.0,3.0,1.0,1.0,80.0,38.0,1.0,3.0,1.0,20.0,8.0,72.0,2.0,98.0
210177,1,0,96.0,81.0,1.0,9999.0,-99.0,21.0,111.0,24.0,24.0,4.0,64.0,2.0,1.0,2.0,3.0,0.0,20.0,0.0,0.0,995.0,0.0,21.0,1.0,24.0,2.0,0.0,1G8AL58FX7Z1,2007.0,1056.0,4781.0,13.0,24.0,Saturn,7.0,4.0,1.0,0.0,0.0,998.0,7.0,3.0,3.0,11.0,6.0,24.0,0.0,0.0,1.0,21.0,40503.0,1.0,6.0,3.0,Valid license for this class vehicle,0.0,70.0,300.0,0.0,0.0,0.0,0.0,No Record,0.0,0.0,0.0,0.0,3.0,3.0,55.0,1.0,1.0,2.0,1.0,0.0,17.0,90.0,6.0,1.0,4.0,102.0,21.0,0.0,1.0,0.0,202304962914.0,24.0,7.0,4.0,4.0,1.0,1.0,4.0,64.0,2.0,2.0,1.0,20.0,0.0,24.0,1.0,0.0
210180,1,9,96.0,0.0,1.0,9996.0,-99.0,21.0,199.0,42.0,35.0,4.0,40.0,2.0,1.0,4.0,20.0,7.0,8.0,1.0,1.0,300.0,7.0,21.0,1.0,42.0,1.0,0.0,1N4AL21E88C2,2008.0,478.0,1904.0,13.0,35.0,Nissan/Datsun,47.0,4.0,1.0,0.0,0.0,998.0,7.0,3.0,5.0,12.0,6.0,42.0,0.0,1.0,1.0,21.0,42503.0,7.0,1.0,2.0,No valid license for this class vehicle,0.0,62.0,130.0,2.0,0.0,0.0,1.0,January,2020.0,5.0,2021.0,3.0,1.0,2.0,55.0,3.0,2.0,2.0,1.0,0.0,14.0,6.0,99.0,1.0,4.0,101.0,21.0,1.0,1.0,0.0,202304818075.0,12.0,7.0,3.0,0.0,10.0,1.0,4.0,31.0,1.0,0.0,1.0,20.0,0.0,35.0,1.0,98.0
210185,1,0,96.0,0.0,1.0,3019.0,-99.0,21.0,227.0,12.0,20.0,4.0,33.0,1.0,1.0,4.0,20.0,7.0,8.0,0.0,0.0,0.0,7.0,21.0,3.0,12.0,1.0,0.0,2G1WB58K4892,2008.0,467.0,1833.0,13.0,20.0,Chevrolet,2.0,4.0,1.0,0.0,0.0,998.0,0.0,0.0,0.0,12.0,6.0,12.0,0.0,0.0,1.0,21.0,42101.0,1.0,1.0,2.0,No valid license for this class vehicle,0.0,71.0,156.0,0.0,3.0,2.0,9.0,September,2019.0,2.0,2022.0,0.0,1.0,5.0,45.0,1.0,1.0,2.0,1.0,23.0,1.0,10.0,99.0,1.0,2.0,301.0,21.0,1.0,1.0,0.0,202304981945.0,34.0,2.0,5.0,0.0,1.0,1.0,4.0,29.0,2.0,0.0,1.0,20.0,0.0,20.0,1.0,0.0
210201,2,0,96.0,38.0,1.0,1.0,-99.0,21.0,199.0,12.0,7.0,34.0,64.0,1.0,1.0,0.0,3.0,0.0,20.0,0.0,0.0,0.0,0.0,21.0,2.0,12.0,2.0,0.0,1D7RV1GP7BS6,2011.0,476.0,1938.0,60.0,7.0,Dodge,482.0,34.0,1.0,0.0,0.0,998.0,0.0,0.0,0.0,11.0,6.0,12.0,0.0,0.0,1.0,21.0,40489.0,1.0,3.0,2.0,No valid license for this class vehicle,0.0,73.0,220.0,0.0,0.0,0.0,0.0,No Record,0.0,0.0,0.0,0.0,8.0,8.0,98.0,8.0,8.0,8.0,98.0,97.0,10.0,16.0,99.0,1.0,1.0,410.0,21.0,0.0,1.0,0.0,202304763001.0,12.0,7.0,1.0,3.0,1.0,1.0,34.0,46.0,2.0,2.0,1.0,20.0,0.0,7.0,2.0,0.0
210212,1,0,96.0,0.0,1.0,2216.0,-99.0,21.0,151.0,42.0,20.0,34.0,27.0,1.0,1.0,4.0,20.0,7.0,8.0,0.0,0.0,129.0,7.0,21.0,1.0,42.0,1.0,0.0,3GCUKREC3FG2,2015.0,467.0,1850.0,60.0,20.0,Chevrolet,481.0,34.0,1.0,0.0,0.0,998.0,7.0,0.0,0.0,11.0,6.0,42.0,0.0,1.0,1.0,21.0,40391.0,1.0,6.0,3.0,Valid license for this class vehicle,0.0,71.0,140.0,0.0,0.0,0.0,4.0,April,2022.0,4.0,2022.0,0.0,1.0,2.0,55.0,1.0,1.0,2.0,1.0,0.0,1.0,12.0,99.0,1.0,4.0,102.0,21.0,1.0,1.0,0.0,202304973674.0,12.0,6.0,5.0,3.0,1.0,1.0,34.0,30.0,1.0,0.0,1.0,20.0,0.0,20.0,1.0,0.0
210215,1,0,96.0,6.0,1.0,9999.0,-99.0,21.0,111.0,12.0,37.0,4.0,61.0,2.0,1.0,4.0,20.0,7.0,1.0,0.0,0.0,995.0,7.0,21.0,2.0,12.0,1.0,0.0,1HGES16345L0,2005.0,474.0,1863.0,13.0,37.0,Honda,31.0,4.0,1.0,0.0,0.0,998.0,0.0,0.0,0.0,12.0,6.0,12.0,0.0,0.0,1.0,21.0,40218.0,1.0,6.0,3.0,Valid license for this class vehicle,0.0,66.0,138.0,0.0,0.0,0.0,0.0,No Record,0.0,0.0,0.0,3.0,3.0,5.0,55.0,1.0,2.0,1.0,1.0,0.0,1.0,51.0,99.0,1.0,1.0,202.0,21.0,1.0,1.0,0.0,202304936810.0,12.0,6.0,5.0,1.0,1.0,1.0,4.0,17.0,1.0,1.0,1.0,20.0,0.0,37.0,2.0,0.0
210218,1,9,96.0,0.0,1.0,5997.0,-99.0,21.0,173.0,42.0,49.0,34.0,27.0,1.0,1.0,4.0,20.0,7.0,1.0,0.0,0.0,0.0,7.0,21.0,1.0,42.0,1.0,0.0,5TBBT44181S1,2001.0,448.0,2467.0,60.0,49.0,Toyota,482.0,34.0,1.0,0.0,0.0,998.0,7.0,0.0,0.0,3.0,6.0,42.0,0.0,0.0,1.0,21.0,40353.0,1.0,6.0,3.0,Valid license for this class vehicle,0.0,68.0,165.0,0.0,0.0,0.0,0.0,No Record,0.0,0.0,0.0,5.0,1.0,2.0,55.0,3.0,1.0,2.0,1.0,0.0,14.0,6.0,15.0,5.0,4.0,102.0,21.0,1.0,1.0,0.0,202305531566.0,12.0,5.0,12.0,0.0,1.0,1.0,34.0,60.0,1.0,0.0,1.0,20.0,0.0,49.0,1.0,0.0
210222,1,9,93.0,85.0,1.0,3022.0,-99.0,21.0,31.0,24.0,35.0,4.0,22.0,1.0,1.0,3.0,20.0,7.0,8.0,0.0,0.0,0.0,0.0,21.0,2.0,24.0,1.0,0.0,1N4AA5AP2CC8,2012.0,478.0,2302.0,13.0,35.0,Nissan/Datsun,39.0,4.0,1.0,0.0,0.0,998.0,0.0,0.0,0.0,1.0,6.0,12.0,0.0,0.0,1.0,21.0,42101.0,1.0,6.0,3.0,Valid license for this class vehicle,0.0,74.0,210.0,0.0,1.0,1.0,7.0,July,2020.0,3.0,2021.0,0.0,2.0,2.0,70.0,1.0,1.0,2.0,1.0,0.0,1.0,78.0,6.0,1.0,4.0,101.0,21.0,0.0,1.0,0.0,202305116588.0,12.0,7.0,7.0,2.0,1.0,1.0,4.0,36.0,1.0,0.0,1.0,20.0,0.0,35.0,4.0,0.0
210223,1,0,93.0,6.0,1.0,0.0,-99.0,21.0,199.0,12.0,55.0,4.0,21.0,2.0,1.0,2.0,3.0,0.0,2.0,0.0,0.0,996.0,0.0,21.0,2.0,12.0,4.0,0.0,5NPET46C39H4,2009.0,498.0,2459.0,13.0,55.0,Hyundai,33.0,4.0,1.0,0.0,0.0,10.0,0.0,0.0,0.0,4.0,6.0,12.0,0.0,0.0,1.0,45.0,29801.0,1.0,6.0,3.0,Valid license for this class vehicle,0.0,62.0,250.0,0.0,0.0,0.0,0.0,No Record,0.0,0.0,0.0,0.0,2.0,2.0,45.0,1.0,1.0,2.0,1.0,0.0,11.0,15.0,99.0,1.0,1.0,401.0,21.0,0.0,1.0,0.0,202305265256.0,12.0,5.0,9.0,0.0,1.0,1.0,4.0,67.0,2.0,0.0,1.0,20.0,0.0,55.0,1.0,0.0
210230,1,0,96.0,0.0,1.0,1.0,-99.0,21.0,151.0,12.0,87.0,66.0,30.0,1.0,1.0,0.0,3.0,0.0,20.0,0.0,0.0,0.0,0.0,21.0,2.0,12.0,2.0,0.0,1XPBDP9X3JD4,2018.0,495.0,2787.0,66.0,87.0,Peterbilt,881.0,66.0,1.0,0.0,0.0,998.0,2.0,0.0,0.0,6.0,6.0,12.0,0.0,0.0,1.0,4.0,85017.0,1.0,6.0,3.0,Valid license for this class vehicle,1.0,61.0,175.0,0.0,1.0,0.0,5.0,May,2021.0,5.0,2021.0,0.0,7.0,6.0,70.0,1.0,1.0,2.0,1.0,40.0,1.0,53.0,1.0,1.0,1.0,201.0,21.0,0.0,1.0,0.0,202305265618.0,12.0,5.0,9.0,0.0,10.0,1.0,66.0,29.0,1.0,0.0,1.0,20.0,0.0,87.0,2.0,0.0
210236,2,0,96.0,0.0,1.0,0.0,-99.0,21.0,67.0,12.0,49.0,4.0,18.0,1.0,1.0,3.0,3.0,0.0,8.0,0.0,0.0,996.0,0.0,21.0,3.0,12.0,1.0,0.0,4T1B11HK6KU2,2019.0,448.0,2469.0,13.0,49.0,Toyota,40.0,4.0,1.0,0.0,0.0,998.0,0.0,0.0,0.0,12.0,6.0,12.0,1.0,0.0,1.0,21.0,40391.0,7.0,6.0,3.0,Valid license for this class vehicle,1.0,70.0,145.0,0.0,0.0,0.0,5.0,May,2022.0,5.0,2022.0,0.0,7.0,8.0,70.0,1.0,1.0,2.0,1.0,40.0,1.0,54.0,99.0,1.0,1.0,302.0,21.0,0.0,1.0,0.0,202305027484.0,1.0,2.0,5.0,4.0,1.0,1.0,4.0,19.0,1.0,4.0,1.0,3.0,1.0,49.0,1.0,98.0
210238,1,9,93.0,6.0,1.0,6001.0,-99.0,21.0,39.0,12.0,35.0,14.0,35.0,1.0,1.0,3.0,20.0,7.0,8.0,0.0,0.0,0.0,0.0,21.0,2.0,12.0,2.0,0.0,JN8AT2MT4LW0,2020.0,478.0,1913.0,8.0,35.0,Nissan/Datsun,404.0,14.0,1.0,0.0,0.0,998.0,0.0,0.0,0.0,12.0,6.0,12.0,0.0,0.0,1.0,21.0,42023.0,1.0,6.0,3.0,Valid license for this class vehicle,0.0,72.0,170.0,0.0,1.0,2.0,8.0,August,2018.0,8.0,2018.0,3.0,1.0,2.0,55.0,3.0,2.0,2.0,1.0,0.0,14.0,62.0,99.0,1.0,1.0,402.0,21.0,0.0,1.0,0.0,202304968474.0,11.0,7.0,5.0,0.0,1.0,1.0,14.0,36.0,2.0,0.0,1.0,98.0,0.0,35.0,1.0,98.0
210239,1,0,96.0,6.0,1.0,1.0,-99.0,21.0,103.0,12.0,35.0,4.0,60.0,1.0,1.0,4.0,20.0,7.0,1.0,0.0,0.0,152.0,7.0,21.0,2.0,12.0,1.0,0.0,1N4AL3AP2GN3,2016.0,478.0,1904.0,13.0,35.0,Nissan/Datsun,47.0,4.0,1.0,0.0,0.0,998.0,1.0,0.0,0.0,12.0,6.0,12.0,0.0,1.0,1.0,21.0,40215.0,1.0,6.0,3.0,Valid license for this class vehicle,1.0,71.0,260.0,0.0,0.0,0.0,0.0,No Record,0.0,0.0,0.0,0.0,2.0,2.0,70.0,1.0,2.0,2.0,1.0,0.0,1.0,50.0,99.0,1.0,1.0,202.0,21.0,2.0,1.0,0.0,202305241427.0,12.0,2.0,8.0,0.0,10.0,1.0,4.0,17.0,1.0,0.0,1.0,20.0,0.0,35.0,1.0,0.0
210256,1,0,96.0,38.0,1.0,0.0,-99.0,21.0,199.0,12.0,35.0,6.0,79.0,2.0,1.0,4.0,20.0,7.0,8.0,0.0,0.0,996.0,7.0,21.0,2.0,12.0,1.0,0.0,5N1AZ2MH2HN1,2017.0,478.0,1914.0,8.0,35.0,Nissan/Datsun,49.0,6.0,1.0,0.0,0.0,15.0,0.0,0.0,0.0,1.0,6.0,12.0,0.0,0.0,1.0,21.0,42501.0,1.0,6.0,3.0,Valid license for this class vehicle,0.0,69.0,290.0,0.0,1.0,0.0,1.0,January,2023.0,1.0,2023.0,0.0,2.0,2.0,55.0,1.0,1.0,2.0,1.0,3.0,11.0,15.0,99.0,1.0,1.0,401.0,21.0,1.0,1.0,0.0,202305274873.0,15.0,1.0,9.0,2.0,1.0,1.0,6.0,76.0,1.0,0.0,1.0,20.0,0.0,35.0,1.0,98.0
210265,1,0,96.0,0.0,1.0,0.0,-99.0,21.0,111.0,12.0,12.0,4.0,998.0,1.0,1.0,9.0,98.0,7.0,98.0,0.0,8.0,996.0,0.0,21.0,2.0,12.0,99.0,1.0,1FAHP3GN3AW2,2010.0,460.0,1779.0,13.0,12.0,Ford,37.0,4.0,1.0,0.0,0.0,998.0,0.0,0.0,0.0,12.0,6.0,12.0,0.0,0.0,1.0,98.0,99998.0,9.0,9.0,9.0,Unknown,9.0,999.0,999.0,99.0,99.0,99.0,99.0,Unknown,9999.0,99.0,9999.0,0.0,5.0,5.0,50.0,1.0,1.0,2.0,1.0,40.0,1.0,10.0,99.0,1.0,2.0,301.0,21.0,0.0,1.0,0.0,202305049489.0,12.0,4.0,5.0,3.0,1.0,1.0,4.0,18.0,2.0,0.0,1.0,98.0,0.0,12.0,1.0,0.0
210265,2,0,96.0,0.0,1.0,0.0,-99.0,21.0,111.0,12.0,2.0,14.0,50.0,1.0,1.0,4.0,20.0,7.0,20.0,1.0,0.0,996.0,7.0,21.0,2.0,12.0,1.0,0.0,1C4BJWEG7FL7,2015.0,483.0,1943.0,7.0,2.0,Jeep / Kaiser-Jeep / Willys- Jeep,403.0,14.0,1.0,0.0,0.0,998.0,0.0,0.0,0.0,11.0,6.0,12.0,1.0,0.0,1.0,21.0,40177.0,1.0,6.0,3.0,Valid license for this class vehicle,0.0,67.0,140.0,0.0,1.0,0.0,5.0,May,2021.0,11.0,2021.0,0.0,5.0,5.0,50.0,1.0,1.0,2.0,1.0,40.0,1.0,62.0,99.0,1.0,1.0,302.0,21.0,1.0,1.0,0.0,202305049489.0,12.0,4.0,5.0,3.0,1.0,1.0,14.0,50.0,1.0,3.0,1.0,20.0,1.0,2.0,2.0,0.0
210275,2,0,96.0,28.0,1.0,5060.0,-99.0,21.0,161.0,12.0,7.0,6.0,28.0,2.0,1.0,5.0,3.0,0.0,8.0,0.0,0.0,0.0,0.0,21.0,2.0,12.0,2.0,0.0,3C4PDCGG4HT5,2017.0,476.0,1939.0,7.0,7.0,Dodge,27.0,6.0,1.0,0.0,0.0,998.0,0.0,0.0,0.0,1.0,6.0,12.0,0.0,0.0,1.0,21.0,41044.0,1.0,6.0,3.0,Valid license for this class vehicle,0.0,63.0,210.0,0.0,0.0,0.0,0.0,No Record,0.0,0.0,0.0,0.0,1.0,2.0,55.0,1.0,3.0,2.0,1.0,0.0,1.0,10.0,99.0,1.0,2.0,302.0,21.0,0.0,1.0,0.0,202305584768.0,15.0,6.0,11.0,2.0,1.0,1.0,6.0,35.0,1.0,0.0,1.0,20.0,0.0,7.0,1.0,98.0
210292,1,0,96.0,39.0,1.0,5060.0,14.2,21.0,111.0,12.0,73.0,80.0,22.0,1.0,1.0,4.0,20.0,7.0,20.0,8.0,0.0,0.0,7.0,21.0,2.0,12.0,2.0,0.0,JKAZX9A10YA0,2000.0,510.0,3164.0,80.0,73.0,Kawasaki,706.0,80.0,1.0,0.0,0.0,998.0,7.0,8.0,8.0,12.0,6.0,12.0,0.0,0.0,1.0,21.0,40118.0,1.0,6.0,2.0,No valid license for this class vehicle,0.0,74.0,300.0,0.0,2.0,0.0,9.0,September,2020.0,9.0,2022.0,3.0,1.0,6.0,55.0,1.0,1.0,2.0,1.0,3.0,1.0,17.0,16.0,2.0,1.0,402.0,21.0,1.0,1.0,0.0,202305122133.0,12.0,6.0,6.0,4.0,1.0,1.0,80.0,22.0,1.0,4.0,1.0,20.0,8.0,73.0,1.0,0.0
210295,1,9,96.0,0.0,1.0,1.0,-99.0,21.0,111.0,32.0,35.0,4.0,27.0,2.0,1.0,4.0,3.0,0.0,8.0,0.0,1.0,344.0,7.0,21.0,1.0,32.0,1.0,0.0,1N4AL2AP0AN4,2010.0,478.0,1904.0,13.0,35.0,Nissan/Datsun,47.0,4.0,1.0,0.0,0.0,998.0,7.0,3.0,5.0,12.0,6.0,32.0,1.0,1.0,1.0,21.0,40299.0,1.0,6.0,3.0,Valid license for this class vehicle,0.0,62.0,135.0,0.0,0.0,0.0,0.0,No Record,0.0,0.0,0.0,5.0,1.0,5.0,45.0,1.0,1.0,2.0,1.0,0.0,1.0,13.0,99.0,1.0,4.0,101.0,21.0,1.0,1.0,0.0,202305177014.0,12.0,6.0,8.0,1.0,1.0,1.0,4.0,52.0,2.0,1.0,1.0,20.0,0.0,35.0,2.0,0.0
210299,1,0,96.0,34.0,1.0,1997.0,-99.0,21.0,79.0,25.0,20.0,4.0,67.0,1.0,1.0,4.0,20.0,7.0,20.0,1.0,0.0,0.0,7.0,21.0,2.0,25.0,2.0,0.0,2G1WB5E30E11,2014.0,467.0,13634.0,13.0,20.0,Chevrolet,2.0,4.0,1.0,0.0,0.0,998.0,0.0,0.0,0.0,5.0,6.0,52.0,0.0,0.0,1.0,21.0,42553.0,1.0,6.0,3.0,Valid license for this class vehicle,0.0,67.0,145.0,0.0,0.0,0.0,0.0,No Record,0.0,0.0,0.0,0.0,3.0,2.0,55.0,1.0,1.0,1.0,1.0,0.0,15.0,12.0,7.0,9.0,4.0,102.0,21.0,1.0,1.0,0.0,202305077812.0,12.0,6.0,6.0,1.0,1.0,1.0,4.0,19.0,1.0,0.0,1.0,20.0,0.0,20.0,1.0,98.0
210320,2,0,96.0,39.0,1.0,0.0,-99.0,21.0,111.0,12.0,12.0,14.0,40.0,2.0,1.0,2.0,3.0,0.0,8.0,0.0,0.0,996.0,0.0,21.0,2.0,12.0,1.0,0.0,MAJ3S2GE3MC4,2021.0,460.0,17774.0,7.0,12.0,Ford,403.0,14.0,1.0,0.0,0.0,998.0,0.0,0.0,0.0,11.0,6.0,12.0,0.0,0.0,1.0,21.0,40272.0,1.0,6.0,3.0,Valid license for this class vehicle,0.0,64.0,300.0,0.0,0.0,0.0,0.0,No Record,0.0,0.0,0.0,0.0,1.0,6.0,45.0,1.0,1.0,2.0,1.0,3.0,1.0,17.0,99.0,1.0,1.0,402.0,21.0,0.0,1.0,0.0,202305033038.0,12.0,7.0,6.0,1.0,1.0,1.0,14.0,73.0,1.0,0.0,1.0,8.0,0.0,12.0,1.0,98.0
210323,1,0,96.0,0.0,1.0,1.0,-99.0,21.0,93.0,12.0,82.0,66.0,36.0,1.0,1.0,4.0,3.0,0.0,20.0,0.0,0.0,0.0,7.0,21.0,3.0,12.0,2.0,0.0,3AKJHHDR3LSL,2020.0,450.0,2501.0,66.0,82.0,Freightliner,881.0,66.0,1.0,0.0,0.0,998.0,0.0,0.0,0.0,12.0,6.0,12.0,1.0,0.0,1.0,12.0,33647.0,1.0,6.0,3.0,Valid license for this class vehicle,0.0,69.0,999.0,0.0,1.0,0.0,5.0,May,2020.0,5.0,2020.0,0.0,3.0,3.0,70.0,1.0,1.0,2.0,1.0,0.0,1.0,51.0,99.0,1.0,1.0,202.0,21.0,2.0,1.0,0.0,202305112506.0,12.0,7.0,7.0,0.0,1.0,1.0,66.0,58.0,2.0,0.0,1.0,20.0,0.0,82.0,2.0,98.0
210332,1,0,96.0,38.0,1.0,0.0,-99.0,21.0,111.0,12.0,76.0,80.0,59.0,1.0,1.0,4.0,20.0,7.0,20.0,8.0,0.0,996.0,7.0,21.0,2.0,12.0,1.0,0.0,JYAVM01E13A0,2003.0,564.0,3305.0,82.0,76.0,Yamaha,705.0,80.0,1.0,0.0,0.0,998.0,7.0,8.0,8.0,10.0,6.0,12.0,0.0,0.0,1.0,21.0,40272.0,1.0,6.0,2.0,No valid license for this class vehicle,1.0,74.0,195.0,0.0,0.0,0.0,0.0,No Record,0.0,0.0,0.0,0.0,1.0,4.0,98.0,1.0,8.0,8.0,98.0,0.0,12.0,21.0,99.0,1.0,2.0,998.0,21.0,1.0,1.0,0.0,202304980024.0,12.0,3.0,4.0,3.0,1.0,1.0,80.0,59.0,1.0,3.0,1.0,20.0,8.0,76.0,1.0,0.0
210332,2,0,96.0,0.0,1.0,0.0,-99.0,21.0,111.0,12.0,35.0,4.0,34.0,1.0,1.0,0.0,3.0,0.0,20.0,0.0,0.0,996.0,0.0,21.0,2.0,12.0,1.0,0.0,1N4AA6AP5GC4,2016.0,478.0,2302.0,13.0,35.0,Nissan/Datsun,39.0,4.0,1.0,0.0,0.0,998.0,7.0,0.0,0.0,1.0,6.0,12.0,0.0,0.0,1.0,21.0,40242.0,1.0,1.0,2.0,No valid license for this class vehicle,0.0,71.0,230.0,0.0,1.0,4.0,12.0,December,2019.0,8.0,2022.0,0.0,1.0,4.0,98.0,1.0,8.0,8.0,98.0,0.0,1.0,62.0,99.0,1.0,1.0,998.0,21.0,0.0,1.0,0.0,202304980024.0,12.0,3.0,4.0,3.0,1.0,1.0,4.0,34.0,1.0,0.0,1.0,20.0,0.0,35.0,2.0,0.0
210337,1,0,96.0,38.0,1.0,1.0,-99.0,21.0,111.0,12.0,7.0,5.0,85.0,1.0,1.0,4.0,3.0,0.0,3.0,0.0,0.0,0.0,7.0,21.0,2.0,12.0,2.0,0.0,1B3CB3HA0AD5,2010.0,476.0,1896.0,5.0,7.0,Dodge,25.0,5.0,1.0,0.0,0.0,998.0,0.0,0.0,0.0,10.0,6.0,12.0,0.0,0.0,1.0,21.0,40272.0,1.0,6.0,3.0,Valid license for this class vehicle,0.0,66.0,170.0,0.0,0.0,0.0,0.0,No Record,0.0,0.0,0.0,0.0,1.0,2.0,98.0,1.0,8.0,8.0,98.0,20.0,1.0,17.0,99.0,1.0,1.0,504.0,21.0,1.0,1.0,0.0,202305177807.0,12.0,6.0,7.0,3.0,1.0,1.0,5.0,85.0,1.0,3.0,1.0,3.0,0.0,7.0,1.0,0.0