ST_CASE,VEH_NO_x,DRIMPAIR_x,DRDISTRACT,DRIVERRF,PER_NO_x,DRUGRES,DRUGACTQTY,STATE_x,COUNTY,HARM_EV_x,MAKE_x,BODY_TYP_x,AGE,SEX,PER_TYP_x,INJ_SEV,REST_USE,REST_MIS,AIR_BAG_x,EJECTION,DRINKING,ALC_RES,HISPANIC,STATE_y,VE_FORMS,HARM_EV_y,NUMOCCS,HIT_RUN,VIN,MOD_YEAR,VPICMAKE,VPICMODEL,VPICBODYCLASS,MAKE_y,MAKENAME,MODEL,BODY_TYP_y,HAZ_INV,HAZ_PLAC,HAZ_ID,TRAV_SP,UNDEROVERRIDE,ROLLOVER,ROLINLOC,IMPACT1,DEFORMED,M_HARM,FIRE_EXP,DR_DRINK,DR_PRES,L_STATE,DR_ZIP,L_TYPE,L_STATUS,L_COMPL,L_COMPLNAME,L_RESTRI,DR_HGT,DR_WGT,PREV_DWI,PREV_SPD,PREV_OTH,FIRST_MO,FIRST_MONAME,FIRST_YR,LAST_MO,LAST_YR,SPEEDREL,VTRAFWAY,VNUM_LAN,VSPD_LIM,VALIGN,VPROFILE,VPAVETYP,VSURCOND,VTRAFCON,P_CRASH1,P_CRASH2,P_CRASH3,PCRASH4,PCRASH5,ACC_CONFIG,STATE,RACE,ORDER,MULTRACE,CASENUM,HARM_EV,DAY_WEEK,MONTH,MAXSEV_IM,WEATHR_IM,PER_NO_y,BODY_TYP,AGE_IM,SEX_IM,INJSEV_IM,PER_TYP_y,AIR_BAG_y,EJECT_IM,MAKE,VEH_NO_y,DRIMPAIR_y
210452,1,0,96.0,0.0,1.0,1.0,-99.0,21.0,93.0,42.0,35.0,4.0,23.0,1.0,1.0,4.0,20.0,7.0,8.0,0.0,0.0,0.0,7.0,21.0,1.0,42.0,1.0,0.0,1N4AL3AP5DC2,2013.0,478.0,1904.0,13.0,35.0,Nissan/Datsun,47.0,4.0,1.0,0.0,0.0,998.0,7.0,0.0,0.0,12.0,6.0,42.0,0.0,0.0,1.0,12.0,34714.0,1.0,6.0,3.0,Valid license for this class vehicle,0.0,66.0,999.0,0.0,0.0,0.0,0.0,No Record,0.0,0.0,0.0,0.0,1.0,2.0,55.0,1.0,1.0,2.0,1.0,0.0,1.0,13.0,99.0,9.0,4.0,101.0,21.0,1.0,1.0,1.0,202305045536.0,11.0,3.0,6.0,0.0,1.0,1.0,4.0,50.0,1.0,0.0,1.0,20.0,0.0,35.0,1.0,0.0
210456,1,0,96.0,38.0,1.0,9999.0,-99.0,21.0,111.0,12.0,7.0,20.0,48.0,1.0,1.0,1.0,3.0,0.0,1.0,0.0,0.0,995.0,0.0,21.0,3.0,12.0,1.0,0.0,2D4GP44L55R3,2005.0,476.0,1942.0,9.0,7.0,Dodge,442.0,20.0,1.0,0.0,0.0,8.0,0.0,0.0,0.0,12.0,6.0,12.0,0.0,0.0,1.0,21.0,40047.0,1.0,6.0,3.0,Valid license for this class vehicle,0.0,69.0,140.0,0.0,0.0,0.0,3.0,March,2023.0,8.0,2023.0,0.0,1.0,2.0,35.0,1.0,1.0,2.0,1.0,40.0,6.0,10.0,99.0,1.0,2.0,301.0,21.0,0.0,1.0,0.0,202305267992.0,12.0,1.0,8.0,4.0,1.0,1.0,20.0,48.0,1.0,1.0,1.0,1.0,0.0,7.0,1.0,0.0
210459,1,0,93.0,39.0,1.0,1.0,-99.0,21.0,85.0,12.0,35.0,4.0,70.0,2.0,1.0,4.0,3.0,0.0,1.0,0.0,0.0,0.0,7.0,21.0,2.0,12.0,3.0,0.0,3N1AB6AP0AL6,2010.0,478.0,1907.0,13.0,35.0,Nissan/Datsun,43.0,4.0,1.0,0.0,0.0,998.0,0.0,0.0,0.0,12.0,6.0,12.0,0.0,0.0,1.0,21.0,42754.0,1.0,6.0,3.0,Valid license for this class vehicle,0.0,60.0,180.0,0.0,0.0,0.0,0.0,No Record,0.0,0.0,0.0,0.0,1.0,3.0,98.0,1.0,8.0,8.0,98.0,20.0,1.0,17.0,99.0,1.0,1.0,503.0,21.0,1.0,1.0,0.0,202304672957.0,12.0,4.0,1.0,3.0,1.0,1.0,4.0,29.0,1.0,3.0,1.0,8.0,0.0,35.0,1.0,98.0
210467,1,0,96.0,0.0,1.0,0.0,-99.0,21.0,49.0,12.0,49.0,4.0,65.0,2.0,1.0,1.0,3.0,0.0,8.0,0.0,0.0,996.0,0.0,21.0,2.0,12.0,2.0,0.0,2T1BURHEXGC5,2016.0,448.0,2208.0,13.0,49.0,Toyota,32.0,4.0,1.0,0.0,0.0,998.0,0.0,0.0,0.0,12.0,6.0,12.0,0.0,0.0,1.0,21.0,41143.0,1.0,6.0,3.0,Valid license for this class vehicle,0.0,66.0,190.0,0.0,0.0,0.0,0.0,No Record,0.0,0.0,0.0,0.0,3.0,3.0,70.0,1.0,1.0,2.0,1.0,0.0,1.0,50.0,16.0,1.0,1.0,202.0,21.0,0.0,1.0,0.0,202304812811.0,12.0,4.0,3.0,0.0,1.0,1.0,4.0,31.0,2.0,0.0,1.0,20.0,0.0,49.0,2.0,0.0
210468,1,2,0.0,0.0,1.0,0.0,-99.0,21.0,177.0,12.0,49.0,4.0,26.0,1.0,1.0,3.0,3.0,0.0,8.0,0.0,0.0,996.0,0.0,21.0,2.0,12.0,1.0,0.0,4T1C11AK5LU3,2020.0,448.0,2469.0,13.0,49.0,Toyota,40.0,4.0,1.0,0.0,0.0,998.0,0.0,0.0,0.0,12.0,6.0,12.0,0.0,0.0,1.0,21.0,42345.0,1.0,6.0,3.0,Valid license for this class vehicle,0.0,73.0,155.0,0.0,3.0,1.0,9.0,September,2020.0,7.0,2023.0,0.0,1.0,2.0,55.0,1.0,1.0,2.0,1.0,0.0,1.0,10.0,1.0,1.0,2.0,301.0,21.0,0.0,1.0,0.0,202304747111.0,12.0,5.0,1.0,0.0,4.0,1.0,4.0,18.0,1.0,0.0,1.0,20.0,0.0,49.0,1.0,0.0
210469,1,0,96.0,0.0,1.0,5060.0,13.4,21.0,111.0,12.0,2.0,6.0,46.0,1.0,1.0,4.0,3.0,0.0,1.0,0.0,0.0,0.0,7.0,21.0,2.0,12.0,1.0,0.0,1C4NJDBB9HD1,2017.0,483.0,1946.0,7.0,2.0,Jeep / Kaiser-Jeep / Willys- Jeep,1.0,6.0,1.0,0.0,0.0,998.0,1.0,0.0,0.0,12.0,6.0,12.0,0.0,0.0,1.0,21.0,40299.0,1.0,6.0,3.0,Valid license for this class vehicle,1.0,68.0,150.0,0.0,0.0,1.0,11.0,November,2018.0,11.0,2018.0,0.0,3.0,5.0,55.0,1.0,1.0,1.0,1.0,0.0,1.0,50.0,99.0,1.0,1.0,202.0,21.0,28.0,1.0,0.0,202305289147.0,12.0,5.0,8.0,4.0,1.0,1.0,6.0,46.0,1.0,4.0,1.0,1.0,0.0,2.0,1.0,0.0
210473,1,0,96.0,0.0,1.0,0.0,-99.0,21.0,111.0,42.0,20.0,2.0,29.0,1.0,1.0,4.0,3.0,0.0,8.0,0.0,0.0,996.0,7.0,21.0,1.0,42.0,1.0,0.0,2G1FK1EJ5B91,2011.0,467.0,1829.0,3.0,20.0,Chevrolet,9.0,2.0,1.0,0.0,0.0,998.0,7.0,3.0,4.0,12.0,6.0,42.0,0.0,0.0,1.0,21.0,40299.0,1.0,6.0,3.0,Valid license for this class vehicle,1.0,66.0,132.0,0.0,1.0,0.0,1.0,January,2019.0,1.0,2019.0,3.0,6.0,1.0,55.0,3.0,2.0,2.0,1.0,40.0,14.0,6.0,99.0,2.0,4.0,102.0,21.0,48.0,1.0,0.0,202305288823.0,42.0,1.0,8.0,4.0,1.0,1.0,2.0,29.0,1.0,4.0,1.0,8.0,0.0,20.0,1.0,0.0
210477,1,0,93.0,39.0,1.0,0.0,-99.0,21.0,141.0,12.0,35.0,34.0,87.0,1.0,1.0,4.0,3.0,0.0,8.0,0.0,0.0,996.0,7.0,21.0,2.0,12.0,2.0,0.0,1N6ED1EJ3NN6,2022.0,478.0,1919.0,60.0,35.0,Nissan/Datsun,472.0,34.0,1.0,0.0,0.0,18.0,0.0,0.0,0.0,9.0,6.0,12.0,0.0,0.0,1.0,21.0,42276.0,1.0,6.0,3.0,Valid license for this class vehicle,0.0,73.0,196.0,0.0,0.0,0.0,0.0,No Record,0.0,0.0,0.0,0.0,8.0,8.0,98.0,1.0,8.0,8.0,98.0,20.0,11.0,15.0,99.0,1.0,1.0,414.0,21.0,1.0,1.0,0.0,202305171807.0,12.0,5.0,8.0,1.0,1.0,1.0,34.0,26.0,1.0,0.0,1.0,8.0,0.0,35.0,1.0,98.0
210483,1,0,93.0,73.0,1.0,1.0,-99.0,21.0,155.0,42.0,12.0,4.0,16.0,1.0,1.0,1.0,3.0,0.0,20.0,0.0,0.0,0.0,0.0,21.0,1.0,42.0,4.0,0.0,1FADP3F29FL3,2015.0,460.0,1779.0,13.0,12.0,Ford,37.0,4.0,1.0,0.0,0.0,998.0,7.0,3.0,5.0,12.0,6.0,42.0,0.0,0.0,1.0,21.0,40009.0,7.0,6.0,3.0,Valid license for this class vehicle,2.0,73.0,152.0,0.0,0.0,0.0,0.0,No Record,0.0,0.0,0.0,0.0,1.0,2.0,55.0,4.0,2.0,2.0,2.0,0.0,14.0,6.0,99.0,1.0,4.0,102.0,21.0,0.0,1.0,0.0,202304838709.0,12.0,3.0,3.0,2.0,1.0,1.0,4.0,25.0,2.0,0.0,1.0,20.0,0.0,12.0,2.0,0.0
210484,1,0,93.0,0.0,1.0,1.0,-99.0,21.0,221.0,24.0,20.0,4.0,17.0,2.0,1.0,2.0,3.0,0.0,1.0,0.0,0.0,0.0,0.0,21.0,1.0,24.0,2.0,0.0,1G1ZT52844F2,2004.0,467.0,1834.0,13.0,20.0,Chevrolet,37.0,4.0,1.0,0.0,0.0,998.0,7.0,3.0,5.0,12.0,6.0,1.0,0.0,0.0,1.0,21.0,42211.0,1.0,6.0,3.0,Valid license for this class vehicle,0.0,62.0,130.0,0.0,0.0,0.0,0.0,No Record,0.0,0.0,0.0,0.0,1.0,2.0,55.0,3.0,6.0,2.0,1.0,0.0,14.0,6.0,99.0,2.0,4.0,101.0,21.0,0.0,1.0,0.0,202304704482.0,12.0,1.0,1.0,3.0,10.0,1.0,4.0,40.0,1.0,1.0,1.0,9.0,0.0,20.0,2.0,0.0
210485,1,0,96.0,0.0,1.0,3019.0,-99.0,21.0,47.0,32.0,73.0,80.0,41.0,1.0,1.0,4.0,20.0,7.0,20.0,8.0,0.0,0.0,7.0,21.0,1.0,32.0,1.0,0.0,JKAEXMJ1XADA,2010.0,510.0,3178.0,80.0,73.0,Kawasaki,703.0,80.0,1.0,0.0,0.0,60.0,7.0,8.0,8.0,12.0,6.0,32.0,0.0,0.0,1.0,47.0,37042.0,1.0,2.0,2.0,No valid license for this class vehicle,0.0,66.0,160.0,0.0,0.0,0.0,7.0,July,2022.0,7.0,2022.0,3.0,1.0,2.0,45.0,3.0,1.0,2.0,1.0,0.0,14.0,6.0,99.0,1.0,4.0,101.0,21.0,1.0,1.0,0.0,202305041178.0,12.0,4.0,6.0,2.0,1.0,1.0,80.0,27.0,1.0,2.0,1.0,20.0,8.0,73.0,1.0,0.0
210486,2,0,96.0,0.0,1.0,0.0,-99.0,21.0,81.0,12.0,49.0,4.0,83.0,1.0,1.0,2.0,3.0,0.0,8.0,0.0,0.0,996.0,0.0,21.0,2.0,12.0,1.0,0.0,4T1C11AK7MU5,2021.0,448.0,2469.0,13.0,49.0,Toyota,40.0,4.0,1.0,0.0,0.0,998.0,0.0,0.0,0.0,12.0,6.0,12.0,0.0,0.0,1.0,21.0,41086.0,1.0,6.0,3.0,Valid license for this class vehicle,0.0,69.0,180.0,0.0,0.0,0.0,0.0,No Record,0.0,0.0,0.0,0.0,1.0,2.0,45.0,1.0,1.0,2.0,1.0,0.0,1.0,62.0,99.0,1.0,1.0,302.0,21.0,0.0,1.0,0.0,202305011662.0,12.0,4.0,6.0,0.0,1.0,1.0,4.0,62.0,1.0,0.0,1.0,20.0,0.0,49.0,2.0,0.0
210510,1,0,96.0,38.0,1.0,0.0,-99.0,21.0,67.0,12.0,37.0,14.0,30.0,1.0,1.0,0.0,3.0,0.0,20.0,0.0,0.0,996.0,0.0,21.0,2.0,12.0,1.0,1.0,JHLRD78864C0,2004.0,474.0,1865.0,7.0,37.0,Honda,402.0,14.0,1.0,0.0,0.0,998.0,7.0,0.0,0.0,61.0,9.0,12.0,0.0,0.0,1.0,21.0,40517.0,0.0,0.0,0.0,Not licensed,0.0,66.0,147.0,0.0,0.0,0.0,0.0,No Record,0.0,0.0,0.0,0.0,0.0,0.0,0.0,0.0,0.0,0.0,0.0,0.0,11.0,15.0,99.0,1.0,1.0,414.0,21.0,0.0,1.0,0.0,202304956906.0,12.0,3.0,5.0,2.0,1.0,1.0,14.0,44.0,1.0,2.0,1.0,8.0,0.0,37.0,1.0,0.0
210513,2,0,96.0,0.0,1.0,0.0,-99.0,21.0,67.0,12.0,72.0,80.0,29.0,1.0,1.0,4.0,20.0,7.0,20.0,8.0,0.0,996.0,7.0,21.0,2.0,12.0,1.0,0.0,1HD1KB419AB6,2010.0,3888.0,8515.0,81.0,72.0,Harley-Davidson,706.0,80.0,1.0,0.0,0.0,998.0,7.0,8.0,8.0,12.0,6.0,12.0,0.0,0.0,1.0,21.0,40511.0,1.0,6.0,3.0,Valid license for this class vehicle,0.0,71.0,215.0,0.0,0.0,0.0,3.0,March,2023.0,3.0,2023.0,0.0,7.0,8.0,55.0,1.0,2.0,2.0,1.0,0.0,1.0,67.0,99.0,1.0,1.0,415.0,21.0,2.0,1.0,0.0,202305157522.0,12.0,7.0,8.0,2.0,1.0,1.0,80.0,38.0,1.0,2.0,1.0,20.0,8.0,72.0,2.0,0.0
210520,1,9,96.0,0.0,1.0,1.0,-99.0,21.0,111.0,14.0,12.0,34.0,19.0,1.0,1.0,2.0,3.0,0.0,1.0,0.0,1.0,91.0,0.0,21.0,1.0,14.0,2.0,0.0,1FTRX12W04NB,2004.0,460.0,1801.0,60.0,12.0,Ford,481.0,34.0,1.0,0.0,0.0,998.0,1.0,0.0,0.0,12.0,6.0,14.0,0.0,1.0,1.0,21.0,40245.0,0.0,0.0,0.0,Not licensed,0.0,66.0,125.0,0.0,0.0,0.0,0.0,No Record,0.0,0.0,0.0,0.0,7.0,2.0,65.0,1.0,1.0,1.0,1.0,0.0,1.0,11.0,99.0,1.0,4.0,103.0,21.0,0.0,1.0,0.0,202305355324.0,14.0,1.0,9.0,4.0,1.0,1.0,34.0,19.0,1.0,2.0,1.0,1.0,0.0,12.0,1.0,9.0
210522,1,0,96.0,58.0,1.0,0.0,-99.0,21.0,179.0,12.0,35.0,4.0,19.0,1.0,1.0,0.0,2.0,0.0,2.0,0.0,0.0,996.0,0.0,21.0,2.0,12.0,1.0,0.0,3N1AB7AP2GL6,2016.0,478.0,1907.0,13.0,35.0,Nissan/Datsun,43.0,4.0,1.0,0.0,0.0,998.0,0.0,0.0,0.0,12.0,6.0,12.0,0.0,0.0,1.0,21.0,40214.0,2.0,6.0,3.0,Valid license for this class vehicle,0.0,66.0,147.0,0.0,0.0,0.0,7.0,July,2021.0,7.0,2021.0,0.0,1.0,2.0,55.0,2.0,1.0,2.0,1.0,0.0,14.0,13.0,6.0,1.0,6.0,301.0,21.0,0.0,1.0,0.0,202304995887.0,12.0,4.0,4.0,3.0,1.0,1.0,4.0,30.0,1.0,0.0,1.0,8.0,0.0,35.0,1.0,0.0
210522,2,0,96.0,0.0,1.0,0.0,-99.0,21.0,179.0,12.0,12.0,4.0,54.0,2.0,1.0,1.0,3.0,0.0,1.0,0.0,0.0,996.0,0.0,21.0,2.0,12.0,3.0,0.0,1FAFP34N16W1,2006.0,460.0,1779.0,13.0,12.0,Ford,37.0,4.0,1.0,0.0,0.0,998.0,0.0,0.0,0.0,12.0,6.0,12.0,0.0,0.0,1.0,21.0,40004.0,1.0,6.0,3.0,Valid license for this class vehicle,0.0,60.0,120.0,0.0,1.0,0.0,11.0,November,2019.0,11.0,2019.0,0.0,1.0,2.0,55.0,3.0,1.0,1.0,1.0,0.0,14.0,62.0,16.0,1.0,2.0,302.0,21.0,0.0,1.0,0.0,202305146920.0,30.0,3.0,5.0,0.0,10.0,1.0,4.0,16.0,2.0,0.0,1.0,20.0,0.0,12.0,1.0,98.0
210529,1,0,96.0,0.0,1.0,3019.0,-99.0,21.0,211.0,1.0,20.0,15.0,43.0,1.0,1.0,4.0,20.0,7.0,2.0,1.0,0.0,0.0,7.0,21.0,1.0,1.0,1.0,0.0,3GNEC16Z35G1,2005.0,467.0,1851.0,7.0,20.0,Chevrolet,422.0,15.0,1.0,0.0,0.0,73.0,7.0,3.0,2.0,0.0,6.0,1.0,0.0,0.0,1.0,21.0,40601.0,1.0,6.0,3.0,Valid license for this class vehicle,0.0,69.0,150.0,0.0,0.0,1.0,7.0,July,2020.0,7.0,2020.0,0.0,7.0,8.0,70.0,1.0,1.0,2.0,1.0,0.0,1.0,61.0,7.0,1.0,4.0,998.0,21.0,1.0,1.0,0.0,202305511665.0,12.0,7.0,12.0,0.0,2.0,1.0,15.0,36.0,2.0,0.0,1.0,98.0,0.0,20.0,1.0,99.0
210537,1,0,96.0,0.0,1.0,3019.0,-99.0,21.0,109.0,1.0,53.0,80.0,46.0,1.0,1.0,4.0,20.0,7.0,20.0,8.0,0.0,43.0,7.0,21.0,2.0,1.0,1.0,0.0,JS1VY51A0221,2002.0,509.0,13247.0,98.0,53.0,Suzuki,706.0,80.0,1.0,0.0,0.0,998.0,7.0,8.0,8.0,0.0,6.0,12.0,0.0,1.0,1.0,21.0,40486.0,1.0,6.0,0.0,Not licensed,0.0,68.0,180.0,0.0,3.0,0.0,6.0,June,2021.0,6.0,2022.0,0.0,1.0,2.0,35.0,2.0,3.0,2.0,1.0,0.0,14.0,6.0,99.0,1.0,1.0,998.0,21.0,1.0,1.0,0.0,202305235795.0,1.0,1.0,9.0,2.0,1.0,1.0,80.0,58.0,1.0,2.0,1.0,20.0,8.0,53.0,1.0,98.0
210543,1,0,93.0,38.0,1.0,1997.0,-99.0,21.0,77.0,12.0,20.0,34.0,68.0,1.0,1.0,4.0,3.0,0.0,8.0,0.0,0.0,0.0,7.0,21.0,2.0,12.0,2.0,0.0,1GCSKSE3XAZ1,2010.0,467.0,1850.0,60.0,20.0,Chevrolet,481.0,34.0,1.0,0.0,0.0,998.0,0.0,0.0,0.0,11.0,6.0,12.0,0.0,0.0,1.0,18.0,46761.0,1.0,6.0,3.0,Valid license for this class vehicle,3.0,75.0,260.0,0.0,0.0,1.0,8.0,August,2020.0,8.0,2020.0,0.0,1.0,5.0,98.0,1.0,8.0,8.0,98.0,20.0,1.0,17.0,99.0,1.0,1.0,504.0,21.0,1.0,1.0,0.0,202304867804.0,12.0,6.0,4.0,3.0,1.0,1.0,34.0,49.0,2.0,3.0,1.0,8.0,0.0,20.0,2.0,8.0
210544,1,98,96.0,0.0,1.0,9999.0,-99.0,21.0,183.0,59.0,72.0,80.0,36.0,1.0,1.0,4.0,20.0,7.0,20.0,8.0,0.0,995.0,7.0,21.0,1.0,59.0,1.0,0.0,1HD1KTP1XPB6,2023.0,3888.0,12631.0,81.0,72.0,Harley-Davidson,706.0,80.0,1.0,0.0,0.0,102.0,7.0,8.0,8.0,12.0,6.0,93.0,0.0,0.0,1.0,21.0,42320.0,1.0,6.0,0.0,Not licensed,0.0,71.0,150.0,0.0,0.0,0.0,11.0,November,2021.0,3.0,2022.0,3.0,1.0,2.0,45.0,3.0,2.0,2.0,1.0,40.0,14.0,6.0,99.0,2.0,4.0,101.0,21.0,1.0,1.0,0.0,202305388884.0,12.0,4.0,10.0,4.0,10.0,1.0,80.0,60.0,1.0,4.0,1.0,20.0,8.0,72.0,1.0,98.0
210557,1,0,93.0,0.0,1.0,0.0,-99.0,21.0,67.0,42.0,35.0,4.0,91.0,2.0,1.0,4.0,3.0,0.0,8.0,0.0,0.0,996.0,7.0,21.0,1.0,42.0,1.0,0.0,3N1AB7APXGL6,2016.0,478.0,1907.0,13.0,35.0,Nissan/Datsun,43.0,4.0,1.0,0.0,0.0,998.0,7.0,0.0,0.0,12.0,6.0,42.0,0.0,0.0,1.0,21.0,40361.0,1.0,6.0,3.0,Valid license for this class vehicle,1.0,65.0,125.0,0.0,0.0,0.0,0.0,No Record,0.0,0.0,0.0,0.0,1.0,2.0,55.0,3.0,3.0,2.0,1.0,40.0,14.0,6.0,99.0,1.0,4.0,101.0,21.0,1.0,1.0,0.0,202305039278.0,12.0,2.0,5.0,2.0,1.0,1.0,4.0,22.0,1.0,2.0,1.0,8.0,0.0,35.0,1.0,0.0
210562,1,0,96.0,0.0,1.0,9999.0,-99.0,21.0,111.0,12.0,84.0,66.0,64.0,1.0,1.0,0.0,3.0,0.0,20.0,0.0,0.0,995.0,0.0,21.0,3.0,12.0,1.0,0.0,3HSCUAPR3BN2,2011.0,526.0,2552.0,66.0,84.0,International Harvester/Navistar,881.0,66.0,1.0,0.0,0.0,998.0,0.0,0.0,0.0,12.0,6.0,12.0,0.0,0.0,1.0,26.0,48836.0,1.0,6.0,3.0,Valid license for this class vehicle,0.0,71.0,325.0,0.0,2.0,0.0,11.0,November,2020.0,8.0,2021.0,3.0,3.0,3.0,55.0,1.0,3.0,2.0,1.0,40.0,1.0,61.0,99.0,1.0,1.0,203.0,21.0,0.0,1.0,0.0,202305394676.0,12.0,4.0,10.0,4.0,10.0,1.0,66.0,64.0,1.0,0.0,1.0,20.0,0.0,84.0,1.0,0.0
210562,2,0,96.0,0.0,1.0,9999.0,-99.0,21.0,111.0,12.0,13.0,15.0,84.0,1.0,1.0,2.0,3.0,0.0,8.0,0.0,0.0,995.0,0.0,21.0,3.0,12.0,2.0,0.0,2LMPJ6K95KBL,2019.0,464.0,24892.0,7.0,13.0,Lincoln,422.0,15.0,1.0,0.0,0.0,998.0,1.0,0.0,0.0,6.0,6.0,12.0,0.0,0.0,1.0,21.0,40031.0,1.0,6.0,3.0,Valid license for this class vehicle,0.0,73.0,160.0,0.0,0.0,0.0,0.0,No Record,0.0,0.0,0.0,0.0,3.0,3.0,55.0,1.0,3.0,2.0,1.0,40.0,16.0,10.0,99.0,1.0,2.0,203.0,21.0,0.0,1.0,0.0,202305394676.0,12.0,4.0,10.0,4.0,10.0,1.0,15.0,84.0,1.0,2.0,1.0,8.0,0.0,13.0,2.0,0.0
210568,1,9,96.0,51.0,1.0,1.0,-99.0,21.0,179.0,12.0,12.0,4.0,71.0,1.0,1.0,4.0,3.0,0.0,8.0,0.0,1.0,212.0,7.0,21.0,2.0,12.0,1.0,0.0,3FA6P0HDXKR2,2019.0,460.0,1780.0,13.0,12.0,Ford,23.0,4.0,1.0,0.0,0.0,998.0,2.0,0.0,0.0,12.0,6.0,12.0,0.0,1.0,1.0,21.0,40047.0,1.0,6.0,3.0,Valid license for this class vehicle,0.0,68.0,160.0,0.0,0.0,0.0,0.0,No Record,0.0,0.0,0.0,0.0,2.0,2.0,70.0,1.0,1.0,2.0,1.0,0.0,1.0,54.0,99.0,1.0,1.0,303.0,21.0,1.0,1.0,0.0,202304776142.0,12.0,6.0,1.0,0.0,10.0,1.0,4.0,24.0,1.0,0.0,1.0,20.0,0.0,12.0,1.0,0.0
210572,1,98,96.0,0.0,1.0,0.0,-99.0,21.0,111.0,33.0,20.0,4.0,998.0,1.0,1.0,9.0,98.0,7.0,98.0,0.0,8.0,996.0,0.0,21.0,1.0,33.0,2.0,1.0,1G1ZD5ST2LF0,2020.0,467.0,1834.0,13.0,20.0,Chevrolet,37.0,4.0,1.0,0.0,0.0,998.0,7.0,0.0,0.0,12.0,6.0,30.0,0.0,0.0,1.0,98.0,99998.0,9.0,9.0,9.0,Unknown,9.0,999.0,999.0,99.0,99.0,99.0,99.0,Unknown,9999.0,99.0,9999.0,3.0,7.0,2.0,45.0,3.0,1.0,2.0,1.0,65.0,14.0,6.0,99.0,1.0,4.0,101.0,21.0,0.0,1.0,0.0,202305145392.0,12.0,6.0,5.0,1.0,1.0,1.0,4.0,43.0,1.0,0.0,1.0,20.0,0.0,20.0,3.0,0.0
210574,1,0,96.0,0.0,1.0,1.0,-99.0,21.0,77.0,14.0,20.0,14.0,20.0,2.0,1.0,4.0,3.0,0.0,8.0,0.0,0.0,100.0,7.0,21.0,1.0,14.0,2.0,0.0,2GNAXUEV0L61,2020.0,467.0,1847.0,7.0,20.0,Chevrolet,404.0,14.0,1.0,0.0,0.0,998.0,1.0,0.0,0.0,12.0,6.0,14.0,0.0,1.0,1.0,26.0,48465.0,1.0,6.0,3.0,Valid license for this class vehicle,3.0,67.0,138.0,0.0,1.0,0.0,4.0,April,2019.0,3.0,2023.0,0.0,7.0,8.0,70.0,4.0,1.0,2.0,2.0,0.0,14.0,6.0,99.0,1.0,4.0,103.0,21.0,1.0,1.0,0.0,202305222790.0,12.0,6.0,9.0,0.0,10.0,1.0,14.0,25.0,2.0,0.0,1.0,20.0,0.0,20.0,2.0,0.0
210576,1,0,96.0,0.0,1.0,2216.0,-99.0,21.0,111.0,30.0,2.0,14.0,32.0,2.0,1.0,4.0,1.0,0.0,20.0,0.0,0.0,215.0,7.0,21.0,1.0,30.0,1.0,0.0,1C4NJPBA4ED6,2014.0,483.0,1947.0,7.0,2.0,Jeep / Kaiser-Jeep / Willys- Jeep,407.0,14.0,1.0,0.0,0.0,998.0,7.0,3.0,5.0,12.0,6.0,30.0,1.0,1.0,1.0,21.0,40219.0,1.0,6.0,3.0,Valid license for this class vehicle,0.0,62.0,165.0,0.0,0.0,0.0,0.0,No Record,0.0,0.0,0.0,4.0,1.0,2.0,55.0,3.0,1.0,2.0,1.0,0.0,14.0,6.0,99.0,1.0,4.0,101.0,21.0,1.0,1.0,0.0,202304935477.0,12.0,2.0,5.0,0.0,1.0,1.0,14.0,55.0,2.0,0.0,1.0,20.0,0.0,2.0,1.0,0.0
210580,1,0,93.0,51.0,1.0,5997.0,-99.0,21.0,153.0,23.0,37.0,14.0,26.0,1.0,1.0,4.0,3.0,0.0,8.0,0.0,0.0,234.0,7.0,21.0,2.0,23.0,1.0,0.0,3CZRU6H55LM7,2020.0,474.0,9212.0,7.0,37.0,Honda,404.0,14.0,1.0,0.0,0.0,68.0,0.0,0.0,0.0,1.0,6.0,12.0,0.0,1.0,1.0,21.0,41615.0,1.0,6.0,3.0,Valid license for this class vehicle,0.0,69.0,150.0,0.0,0.0,0.0,0.0,No Record,0.0,0.0,0.0,0.0,1.0,2.0,55.0,1.0,1.0,2.0,1.0,0.0,1.0,13.0,99.0,1.0,4.0,101.0,21.0,1.0,1.0,0.0,202304856569.0,12.0,6.0,3.0,0.0,10.0,1.0,14.0,49.0,2.0,0.0,1.0,8.0,0.0,37.0,1.0,0.0
210582,2,0,96.0,73.0,1.0,5997.0,-99.0,21.0,111.0,12.0,2.0,14.0,18.0,2.0,1.0,4.0,20.0,7.0,20.0,2.0,0.0,0.0,7.0,21.0,3.0,12.0,1.0,0.0,1J4GZ78YXWC2,1998.0,483.0,1949.0,7.0,2.0,Jeep / Kaiser-Jeep / Willys- Jeep,404.0,14.0,1.0,0.0,0.0,998.0,0.0,3.0,1.0,1.0,6.0,1.0,0.0,0.0,1.0,21.0,40212.0,7.0,6.0,3.0,Valid license for this class vehicle,2.0,66.0,180.0,0.0,0.0,0.0,0.0,No Record,0.0,0.0,0.0,0.0,7.0,5.0,55.0,1.0,1.0,1.0,2.0,0.0,1.0,61.0,99.0,1.0,1.0,207.0,21.0,2.0,1.0,0.0,202305431626.0,12.0,5.0,10.0,4.0,2.0,1.0,14.0,18.0,2.0,4.0,1.0,20.0,2.0,2.0,2.0,0.0