ST_CASE,VEH_NO_x,DRIMPAIR_x,DRDISTRACT,DRIVERRF,PER_NO_x,DRUGRES,DRUGACTQTY,STATE_x,COUNTY,HARM_EV_x,MAKE_x,BODY_TYP_x,AGE,SEX,PER_TYP_x,INJ_SEV,REST_USE,REST_MIS,AIR_BAG_x,EJECTION,DRINKING,ALC_RES,HISPANIC,STATE_y,VE_FORMS,HARM_EV_y,NUMOCCS,HIT_RUN,VIN,MOD_YEAR,VPICMAKE,VPICMODEL,VPICBODYCLASS,MAKE_y,MAKENAME,MODEL,BODY_TYP_y,HAZ_INV,HAZ_PLAC,HAZ_ID,TRAV_SP,UNDEROVERRIDE,ROLLOVER,ROLINLOC,IMPACT1,DEFORMED,M_HARM,FIRE_EXP,DR_DRINK,DR_PRES,L_STATE,DR_ZIP,L_TYPE,L_STATUS,L_COMPL,L_COMPLNAME,L_RESTRI,DR_HGT,DR_WGT,PREV_DWI,PREV_SPD,PREV_OTH,FIRST_MO,FIRST_MONAME,FIRST_YR,LAST_MO,LAST_YR,SPEEDREL,VTRAFWAY,VNUM_LAN,VSPD_LIM,VALIGN,VPROFILE,VPAVETYP,VSURCOND,VTRAFCON,P_CRASH1,P_CRASH2,P_CRASH3,PCRASH4,PCRASH5,ACC_CONFIG,STATE,RACE,ORDER,MULTRACE,CASENUM,HARM_EV,DAY_WEEK,MONTH,MAXSEV_IM,WEATHR_IM,PER_NO_y,BODY_TYP,AGE_IM,SEX_IM,INJSEV_IM,PER_TYP_y,AIR_BAG_y,EJECT_IM,MAKE,VEH_NO_y,DRIMPAIR_y
210777,1,0,96.0,0.0,1.0,0.0,-99.0,21.0,209.0,42.0,12.0,34.0,76.0,1.0,1.0,4.0,3.0,0.0,20.0,0.0,0.0,996.0,7.0,21.0,1.0,42.0,1.0,0.0,1FMZU67E43UC,2003.0,460.0,1804.0,7.0,12.0,Ford,473.0,34.0,1.0,0.0,0.0,998.0,7.0,0.0,0.0,12.0,6.0,42.0,0.0,0.0,1.0,21.0,40361.0,1.0,6.0,3.0,Valid license for this class vehicle,0.0,68.0,185.0,0.0,1.0,0.0,7.0,July,2019.0,6.0,2023.0,0.0,1.0,2.0,55.0,4.0,3.0,2.0,2.0,0.0,14.0,6.0,99.0,9.0,4.0,999.0,21.0,1.0,1.0,0.0,202305353014.0,12.0,6.0,10.0,0.0,1.0,1.0,34.0,20.0,1.0,0.0,1.0,20.0,0.0,12.0,1.0,0.0
220006,1,9,99.0,6.0,1.0,2037.0,-99.0,22.0,113.0,12.0,12.0,34.0,36.0,1.0,1.0,4.0,20.0,7.0,8.0,1.0,1.0,340.0,7.0,22.0,2.0,12.0,2.0,0.0,1FT7W2BT6KEC,2019.0,460.0,1805.0,60.0,12.0,Ford,481.0,34.0,1.0,0.0,0.0,999.0,0.0,3.0,1.0,12.0,6.0,1.0,0.0,1.0,1.0,22.0,70555.0,1.0,6.0,3.0,Valid license for this class vehicle,0.0,70.0,200.0,0.0,0.0,0.0,0.0,No Record,0.0,0.0,0.0,3.0,2.0,2.0,65.0,1.0,1.0,2.0,1.0,0.0,1.0,18.0,8.0,1.0,1.0,202.0,22.0,1.0,1.0,0.0,202305069043.0,12.0,4.0,6.0,0.0,1.0,1.0,34.0,31.0,1.0,0.0,1.0,20.0,0.0,12.0,1.0,0.0
220007,1,98,99.0,38.0,1.0,1.0,-99.0,22.0,89.0,12.0,49.0,4.0,86.0,1.0,1.0,4.0,3.0,0.0,20.0,0.0,0.0,0.0,7.0,22.0,2.0,12.0,1.0,0.0,1NXBR32E85Z3,2005.0,448.0,2208.0,13.0,49.0,Toyota,32.0,4.0,1.0,0.0,0.0,998.0,0.0,0.0,0.0,10.0,6.0,12.0,0.0,0.0,1.0,22.0,70047.0,1.0,6.0,3.0,Valid license for this class vehicle,9.0,70.0,200.0,0.0,0.0,0.0,0.0,No Record,0.0,0.0,0.0,0.0,1.0,2.0,35.0,1.0,1.0,1.0,1.0,20.0,11.0,15.0,1.0,1.0,1.0,414.0,22.0,2.0,1.0,0.0,202304724192.0,12.0,7.0,2.0,0.0,1.0,1.0,4.0,60.0,1.0,0.0,1.0,20.0,0.0,49.0,1.0,0.0
220014,2,99,0.0,84.0,1.0,9999.0,-99.0,22.0,5.0,12.0,35.0,4.0,37.0,2.0,1.0,3.0,3.0,0.0,1.0,0.0,9.0,999.0,0.0,22.0,2.0,12.0,2.0,0.0,3N1AB7AP3EL6,2014.0,478.0,1907.0,13.0,35.0,Nissan/Datsun,43.0,4.0,1.0,0.0,0.0,998.0,0.0,0.0,0.0,12.0,6.0,12.0,0.0,0.0,1.0,22.0,70737.0,1.0,6.0,3.0,Valid license for this class vehicle,1.0,62.0,155.0,0.0,0.0,1.0,9.0,September,2020.0,9.0,2020.0,0.0,1.0,2.0,45.0,1.0,1.0,2.0,1.0,0.0,1.0,54.0,1.0,1.0,3.0,402.0,22.0,0.0,1.0,0.0,202305264341.0,12.0,6.0,9.0,3.0,1.0,1.0,4.0,28.0,1.0,0.0,1.0,8.0,0.0,35.0,1.0,0.0
220022,1,9,99.0,6.0,1.0,9021.0,16.0,22.0,103.0,42.0,6.0,4.0,19.0,2.0,1.0,4.0,3.0,0.0,8.0,0.0,0.0,0.0,7.0,22.0,1.0,42.0,1.0,0.0,1C3CCCAB8FN6,2015.0,477.0,2053.0,13.0,6.0,Chrysler,18.0,4.0,1.0,0.0,0.0,100.0,7.0,0.0,0.0,12.0,6.0,42.0,0.0,0.0,1.0,1.0,36608.0,1.0,6.0,3.0,Valid license for this class vehicle,0.0,63.0,220.0,0.0,0.0,0.0,0.0,No Record,0.0,0.0,0.0,3.0,2.0,2.0,70.0,1.0,1.0,2.0,1.0,0.0,1.0,13.0,6.0,4.0,4.0,101.0,22.0,2.0,1.0,0.0,202304792319.0,12.0,2.0,2.0,2.0,1.0,1.0,4.0,23.0,2.0,0.0,1.0,20.0,0.0,6.0,2.0,98.0
220025,1,9,99.0,6.0,1.0,1061.0,87.0,22.0,45.0,30.0,12.0,34.0,62.0,1.0,1.0,4.0,3.0,0.0,1.0,0.0,1.0,50.0,7.0,22.0,1.0,30.0,1.0,0.0,1FTFW1ET4EKF,2014.0,460.0,1801.0,60.0,12.0,Ford,481.0,34.0,1.0,0.0,0.0,998.0,7.0,3.0,5.0,1.0,6.0,3.0,0.0,1.0,1.0,22.0,70560.0,1.0,6.0,3.0,Valid license for this class vehicle,3.0,72.0,200.0,0.0,0.0,0.0,0.0,No Record,0.0,0.0,0.0,0.0,1.0,2.0,50.0,1.0,1.0,1.0,1.0,0.0,1.0,13.0,1.0,1.0,4.0,101.0,22.0,1.0,1.0,0.0,202305189364.0,9.0,7.0,8.0,2.0,1.0,1.0,34.0,51.0,1.0,0.0,1.0,20.0,0.0,12.0,1.0,98.0
220026,1,99,96.0,0.0,1.0,0.0,-99.0,22.0,39.0,34.0,12.0,4.0,49.0,2.0,1.0,4.0,20.0,7.0,20.0,0.0,0.0,996.0,7.0,22.0,1.0,34.0,1.0,0.0,1FAHP3F22CL3,2012.0,460.0,1779.0,13.0,12.0,Ford,37.0,4.0,1.0,0.0,0.0,998.0,7.0,3.0,6.0,12.0,6.0,1.0,0.0,0.0,1.0,22.0,70586.0,1.0,6.0,3.0,Valid license for this class vehicle,0.0,66.0,167.0,0.0,1.0,0.0,9.0,September,2019.0,9.0,2019.0,9.0,1.0,2.0,35.0,1.0,1.0,2.0,1.0,0.0,1.0,12.0,1.0,1.0,4.0,102.0,22.0,2.0,1.0,0.0,202304690749.0,34.0,2.0,1.0,4.0,1.0,1.0,4.0,49.0,2.0,4.0,1.0,20.0,0.0,12.0,1.0,99.0
220033,1,99,99.0,0.0,1.0,1.0,-99.0,22.0,11.0,59.0,7.0,34.0,18.0,1.0,1.0,4.0,20.0,7.0,20.0,0.0,0.0,0.0,7.0,22.0,1.0,59.0,1.0,0.0,1D7RB1GP2BS5,2011.0,476.0,1938.0,60.0,7.0,Dodge,482.0,34.0,1.0,0.0,0.0,998.0,7.0,0.0,0.0,11.0,6.0,42.0,0.0,0.0,1.0,22.0,70634.0,1.0,6.0,3.0,Valid license for this class vehicle,0.0,70.0,168.0,0.0,0.0,0.0,0.0,No Record,0.0,0.0,0.0,0.0,1.0,2.0,55.0,3.0,1.0,2.0,1.0,20.0,14.0,13.0,1.0,1.0,4.0,101.0,22.0,1.0,1.0,0.0,202304826658.0,59.0,6.0,1.0,4.0,1.0,1.0,34.0,18.0,1.0,4.0,1.0,20.0,0.0,7.0,1.0,99.0
220036,1,99,99.0,0.0,1.0,1.0,-99.0,22.0,33.0,25.0,35.0,4.0,23.0,1.0,1.0,4.0,20.0,7.0,8.0,0.0,0.0,0.0,7.0,22.0,1.0,25.0,1.0,0.0,1N4AA51E29C8,2009.0,478.0,2302.0,13.0,35.0,Nissan/Datsun,39.0,4.0,1.0,0.0,0.0,998.0,7.0,0.0,0.0,13.0,6.0,25.0,0.0,0.0,1.0,22.0,70461.0,1.0,3.0,2.0,No valid license for this class vehicle,0.0,64.0,187.0,0.0,0.0,0.0,0.0,No Record,0.0,0.0,0.0,9.0,3.0,2.0,50.0,2.0,1.0,1.0,2.0,0.0,14.0,9.0,99.0,9.0,4.0,101.0,22.0,2.0,1.0,0.0,202305014193.0,9.0,3.0,6.0,2.0,1.0,1.0,4.0,32.0,2.0,1.0,1.0,20.0,0.0,35.0,1.0,0.0
220037,1,99,99.0,0.0,1.0,2139.0,45.0,22.0,51.0,12.0,76.0,80.0,41.0,1.0,1.0,4.0,20.0,7.0,20.0,8.0,9.0,0.0,7.0,22.0,2.0,12.0,1.0,0.0,JYARJ28Y5LA0,2020.0,564.0,3211.0,80.0,76.0,Yamaha,705.0,80.0,1.0,0.0,0.0,998.0,7.0,8.0,8.0,12.0,6.0,12.0,0.0,0.0,1.0,22.0,70005.0,1.0,6.0,3.0,Valid license for this class vehicle,0.0,69.0,185.0,0.0,0.0,0.0,0.0,No Record,0.0,0.0,0.0,9.0,2.0,3.0,40.0,1.0,1.0,8.0,1.0,0.0,1.0,66.0,99.0,9.0,1.0,501.0,22.0,1.0,1.0,0.0,202304794338.0,12.0,3.0,1.0,4.0,1.0,1.0,80.0,41.0,1.0,4.0,1.0,20.0,8.0,76.0,1.0,99.0
220050,1,99,93.0,6.0,1.0,0.0,-99.0,22.0,59.0,12.0,49.0,14.0,70.0,1.0,1.0,3.0,3.0,0.0,8.0,0.0,9.0,996.0,0.0,22.0,2.0,12.0,2.0,0.0,2T3ZFREV5JW4,2018.0,448.0,2217.0,7.0,49.0,Toyota,402.0,14.0,1.0,0.0,0.0,998.0,0.0,0.0,0.0,11.0,6.0,12.0,0.0,0.0,1.0,22.0,71483.0,1.0,6.0,3.0,Valid license for this class vehicle,0.0,60.0,170.0,0.0,0.0,0.0,0.0,No Record,0.0,0.0,0.0,0.0,1.0,2.0,55.0,1.0,1.0,2.0,1.0,20.0,11.0,15.0,1.0,1.0,1.0,401.0,22.0,0.0,1.0,0.0,202304784153.0,12.0,1.0,2.0,0.0,1.0,1.0,14.0,24.0,2.0,0.0,1.0,20.0,0.0,49.0,1.0,98.0
220056,2,99,99.0,0.0,1.0,3026.0,-99.0,22.0,19.0,12.0,18.0,14.0,44.0,2.0,1.0,4.0,3.0,0.0,8.0,0.0,0.0,0.0,7.0,22.0,3.0,12.0,1.0,0.0,KL4MMDSL0NB0,2022.0,468.0,26604.0,7.0,18.0,Buick / Opel,404.0,14.0,1.0,0.0,0.0,998.0,0.0,0.0,0.0,6.0,6.0,12.0,0.0,0.0,1.0,22.0,70508.0,1.0,6.0,3.0,Valid license for this class vehicle,3.0,64.0,175.0,0.0,0.0,0.0,0.0,No Record,0.0,0.0,0.0,9.0,2.0,3.0,60.0,1.0,1.0,2.0,1.0,40.0,2.0,53.0,99.0,1.0,1.0,201.0,22.0,1.0,1.0,0.0,202304676939.0,12.0,4.0,1.0,1.0,1.0,1.0,14.0,48.0,2.0,0.0,1.0,98.0,0.0,18.0,2.0,98.0
220059,1,99,99.0,39.0,1.0,3019.0,160.0,22.0,25.0,59.0,35.0,4.0,39.0,2.0,1.0,4.0,20.0,7.0,1.0,0.0,9.0,79.0,7.0,22.0,1.0,59.0,1.0,0.0,1N4AL2AP9CN4,2012.0,478.0,1904.0,13.0,35.0,Nissan/Datsun,47.0,4.0,1.0,0.0,0.0,998.0,7.0,3.0,5.0,12.0,6.0,35.0,0.0,1.0,1.0,22.0,71465.0,1.0,6.0,2.0,No valid license for this class vehicle,0.0,65.0,130.0,0.0,0.0,0.0,0.0,No Record,0.0,0.0,0.0,9.0,1.0,2.0,55.0,1.0,1.0,2.0,99.0,20.0,1.0,14.0,1.0,1.0,4.0,103.0,22.0,1.0,1.0,0.0,202304808170.0,12.0,3.0,2.0,4.0,1.0,1.0,4.0,23.0,1.0,3.0,1.0,8.0,0.0,35.0,2.0,0.0
220065,1,98,0.0,38.0,1.0,0.0,-99.0,22.0,105.0,12.0,49.0,4.0,74.0,2.0,1.0,1.0,3.0,0.0,99.0,0.0,0.0,0.0,0.0,22.0,2.0,12.0,1.0,0.0,4T4BF3EK8BR1,2011.0,448.0,2469.0,13.0,49.0,Toyota,40.0,4.0,1.0,0.0,0.0,998.0,7.0,0.0,0.0,1.0,6.0,12.0,1.0,0.0,1.0,22.0,70403.0,1.0,6.0,3.0,Valid license for this class vehicle,1.0,71.0,235.0,0.0,0.0,0.0,0.0,No Record,0.0,0.0,0.0,0.0,5.0,5.0,45.0,1.0,1.0,1.0,1.0,0.0,11.0,15.0,1.0,1.0,1.0,401.0,22.0,0.0,1.0,0.0,202304746331.0,9.0,6.0,2.0,1.0,10.0,1.0,4.0,62.0,2.0,0.0,1.0,20.0,0.0,49.0,1.0,0.0
220068,1,9,99.0,28.0,1.0,1061.0,115.0,22.0,99.0,32.0,35.0,4.0,37.0,2.0,1.0,4.0,20.0,7.0,1.0,0.0,1.0,400.0,7.0,22.0,1.0,32.0,1.0,0.0,1N4AL11D96C2,2006.0,478.0,1904.0,13.0,35.0,Nissan/Datsun,47.0,4.0,1.0,0.0,0.0,43.0,7.0,0.0,0.0,12.0,6.0,35.0,0.0,1.0,1.0,22.0,70548.0,1.0,1.0,2.0,No valid license for this class vehicle,0.0,62.0,190.0,0.0,0.0,0.0,9.0,September,2022.0,9.0,2022.0,0.0,1.0,2.0,55.0,1.0,1.0,2.0,1.0,0.0,1.0,12.0,1.0,1.0,4.0,102.0,22.0,2.0,1.0,0.0,202305671745.0,12.0,6.0,6.0,0.0,1.0,1.0,4.0,38.0,2.0,0.0,1.0,20.0,0.0,35.0,1.0,0.0
220075,1,99,99.0,36.0,1.0,1.0,-99.0,22.0,1.0,12.0,35.0,4.0,36.0,2.0,1.0,4.0,3.0,0.0,1.0,0.0,1.0,20.0,7.0,22.0,4.0,12.0,1.0,0.0,1N4AA5AP3BC8,2011.0,478.0,2302.0,13.0,35.0,Nissan/Datsun,39.0,4.0,1.0,0.0,0.0,80.0,8.0,0.0,0.0,12.0,6.0,12.0,0.0,1.0,1.0,48.0,77583.0,1.0,6.0,3.0,Valid license for this class vehicle,0.0,999.0,999.0,0.0,1.0,0.0,4.0,April,2019.0,4.0,2019.0,9.0,2.0,2.0,70.0,1.0,1.0,2.0,1.0,0.0,1.0,52.0,7.0,1.0,1.0,202.0,22.0,2.0,1.0,0.0,202304818027.0,12.0,3.0,2.0,4.0,1.0,1.0,4.0,36.0,2.0,4.0,1.0,1.0,0.0,35.0,1.0,99.0
220082,1,98,99.0,38.0,1.0,0.0,-99.0,22.0,33.0,12.0,20.0,34.0,65.0,1.0,1.0,3.0,8.0,0.0,1.0,0.0,0.0,996.0,0.0,22.0,2.0,12.0,1.0,0.0,3GCPCREC5GG2,2016.0,467.0,1850.0,60.0,20.0,Chevrolet,481.0,34.0,1.0,0.0,0.0,998.0,0.0,3.0,1.0,3.0,6.0,12.0,0.0,0.0,1.0,22.0,70814.0,1.0,6.0,3.0,Valid license for this class vehicle,0.0,74.0,214.0,0.0,0.0,0.0,0.0,No Record,0.0,0.0,0.0,9.0,1.0,2.0,50.0,1.0,1.0,1.0,1.0,0.0,11.0,15.0,99.0,1.0,1.0,414.0,22.0,0.0,1.0,0.0,202305248129.0,26.0,5.0,9.0,1.0,1.0,1.0,34.0,23.0,2.0,1.0,1.0,20.0,0.0,20.0,3.0,98.0
220086,2,99,0.0,0.0,1.0,3026.0,-99.0,22.0,19.0,12.0,37.0,80.0,34.0,1.0,1.0,4.0,20.0,7.0,20.0,8.0,1.0,0.0,7.0,22.0,2.0,12.0,1.0,0.0,JH2PC40039K2,2009.0,474.0,14060.0,80.0,37.0,Honda,705.0,80.0,1.0,0.0,0.0,998.0,7.0,8.0,8.0,12.0,6.0,12.0,0.0,1.0,1.0,99.0,99999.0,9.0,9.0,9.0,Unknown,9.0,999.0,999.0,99.0,99.0,99.0,99.0,Unknown,9999.0,99.0,9999.0,3.0,1.0,2.0,45.0,1.0,1.0,8.0,1.0,0.0,1.0,62.0,16.0,2.0,1.0,402.0,22.0,1.0,1.0,0.0,202304950709.0,12.0,2.0,5.0,2.0,1.0,1.0,80.0,30.0,1.0,2.0,1.0,20.0,8.0,37.0,2.0,0.0
220095,1,98,93.0,6.0,1.0,3019.0,59.0,22.0,3.0,34.0,63.0,4.0,21.0,1.0,1.0,4.0,20.0,7.0,8.0,1.0,9.0,0.0,7.0,22.0,1.0,34.0,1.0,0.0,5XXGT4L39LG4,2020.0,499.0,2739.0,13.0,63.0,KIA,34.0,4.0,1.0,0.0,0.0,998.0,7.0,0.0,0.0,12.0,6.0,42.0,0.0,0.0,1.0,22.0,70648.0,1.0,1.0,2.0,No valid license for this class vehicle,0.0,70.0,200.0,1.0,0.0,0.0,7.0,July,2019.0,11.0,2022.0,3.0,1.0,2.0,55.0,2.0,1.0,2.0,1.0,0.0,14.0,10.0,1.0,1.0,4.0,102.0,22.0,1.0,1.0,0.0,202304848351.0,34.0,6.0,2.0,4.0,10.0,1.0,4.0,21.0,1.0,4.0,1.0,8.0,1.0,63.0,1.0,98.0
220098,1,99,99.0,6.0,1.0,3026.0,20.0,22.0,49.0,12.0,37.0,14.0,28.0,2.0,1.0,4.0,3.0,0.0,8.0,0.0,9.0,0.0,7.0,22.0,2.0,12.0,4.0,0.0,5J6RM3H71EL0,2014.0,474.0,1865.0,7.0,37.0,Honda,402.0,14.0,1.0,0.0,0.0,998.0,1.0,0.0,0.0,12.0,6.0,12.0,0.0,0.0,1.0,22.0,71422.0,0.0,0.0,2.0,No valid license for this class vehicle,0.0,67.0,150.0,0.0,0.0,0.0,0.0,No Record,0.0,0.0,0.0,0.0,2.0,2.0,65.0,1.0,5.0,1.0,1.0,0.0,1.0,18.0,1.0,1.0,1.0,202.0,22.0,1.0,1.0,0.0,202305078797.0,34.0,4.0,7.0,2.0,2.0,1.0,14.0,15.0,2.0,2.0,1.0,20.0,0.0,37.0,1.0,98.0
220099,1,99,98.0,104.0,1.0,5060.0,-99.0,22.0,33.0,12.0,35.0,4.0,22.0,1.0,1.0,3.0,20.0,7.0,8.0,0.0,9.0,0.0,0.0,22.0,2.0,12.0,1.0,0.0,1N4AL3AP1GN3,2016.0,478.0,1904.0,13.0,35.0,Nissan/Datsun,47.0,4.0,1.0,0.0,0.0,998.0,0.0,0.0,0.0,12.0,6.0,12.0,0.0,0.0,1.0,22.0,70805.0,0.0,0.0,0.0,Not licensed,0.0,999.0,999.0,99.0,99.0,99.0,99.0,Unknown,9999.0,99.0,9999.0,3.0,4.0,2.0,30.0,1.0,1.0,2.0,1.0,3.0,1.0,17.0,1.0,1.0,1.0,301.0,22.0,0.0,1.0,0.0,202305118297.0,12.0,2.0,5.0,0.0,10.0,1.0,4.0,35.0,1.0,0.0,1.0,1.0,0.0,35.0,1.0,0.0
220105,2,98,0.0,0.0,1.0,0.0,-99.0,22.0,55.0,12.0,12.0,14.0,55.0,1.0,1.0,0.0,3.0,0.0,20.0,0.0,0.0,0.0,0.0,22.0,2.0,12.0,2.0,0.0,1FMCU0H68NUB,2022.0,460.0,1798.0,7.0,12.0,Ford,402.0,14.0,1.0,0.0,0.0,998.0,7.0,0.0,0.0,12.0,6.0,12.0,0.0,0.0,1.0,22.0,70508.0,1.0,6.0,3.0,Valid license for this class vehicle,0.0,69.0,170.0,0.0,0.0,0.0,0.0,No Record,0.0,0.0,0.0,0.0,1.0,5.0,45.0,1.0,1.0,2.0,1.0,0.0,98.0,60.0,9.0,1.0,2.0,301.0,22.0,0.0,1.0,0.0,202305149978.0,12.0,4.0,8.0,2.0,1.0,1.0,14.0,50.0,2.0,2.0,1.0,8.0,0.0,12.0,1.0,98.0
220106,1,99,99.0,6.0,1.0,3019.0,-99.0,22.0,33.0,12.0,20.0,14.0,46.0,1.0,1.0,0.0,20.0,7.0,20.0,0.0,9.0,0.0,0.0,22.0,2.0,12.0,1.0,0.0,2GNFLFEK1F61,2015.0,467.0,1847.0,7.0,20.0,Chevrolet,404.0,14.0,1.0,0.0,0.0,998.0,7.0,0.0,0.0,2.0,6.0,12.0,0.0,0.0,1.0,22.0,70817.0,9.0,9.0,9.0,Unknown,9.0,999.0,999.0,99.0,99.0,99.0,99.0,Unknown,9999.0,99.0,9999.0,0.0,2.0,2.0,45.0,1.0,1.0,2.0,1.0,0.0,11.0,15.0,1.0,1.0,2.0,401.0,22.0,0.0,1.0,0.0,202305232681.0,12.0,5.0,9.0,0.0,1.0,1.0,14.0,75.0,2.0,0.0,1.0,20.0,0.0,20.0,2.0,0.0
220111,1,99,99.0,58.0,1.0,1.0,-99.0,22.0,109.0,34.0,58.0,4.0,37.0,1.0,1.0,4.0,20.0,7.0,8.0,1.0,1.0,60.0,7.0,22.0,1.0,34.0,1.0,0.0,JNKBV61E67M7,2007.0,480.0,2305.0,13.0,58.0,Infiniti,37.0,4.0,1.0,0.0,0.0,95.0,7.0,3.0,5.0,6.0,6.0,30.0,0.0,1.0,1.0,22.0,70356.0,1.0,6.0,3.0,Valid license for this class vehicle,0.0,68.0,210.0,0.0,1.0,0.0,1.0,January,2023.0,1.0,2023.0,3.0,1.0,2.0,55.0,2.0,1.0,2.0,1.0,0.0,14.0,12.0,6.0,4.0,4.0,102.0,22.0,2.0,1.0,0.0,202304754638.0,12.0,1.0,2.0,0.0,1.0,1.0,4.0,22.0,1.0,0.0,1.0,20.0,0.0,58.0,1.0,0.0
220112,1,98,93.0,28.0,1.0,3019.0,81.0,22.0,55.0,12.0,35.0,34.0,38.0,1.0,1.0,2.0,3.0,0.0,8.0,0.0,0.0,0.0,0.0,22.0,2.0,12.0,2.0,0.0,1N6AD0EV1JN7,2018.0,478.0,1919.0,60.0,35.0,Nissan/Datsun,472.0,34.0,1.0,0.0,0.0,998.0,0.0,0.0,0.0,12.0,6.0,12.0,0.0,0.0,1.0,22.0,70381.0,1.0,6.0,3.0,Valid license for this class vehicle,0.0,64.0,148.0,0.0,0.0,0.0,0.0,No Record,0.0,0.0,0.0,0.0,1.0,2.0,55.0,1.0,1.0,1.0,1.0,0.0,1.0,10.0,1.0,9.0,2.0,301.0,22.0,0.0,1.0,0.0,202304703091.0,12.0,3.0,1.0,0.0,1.0,1.0,34.0,45.0,1.0,0.0,1.0,20.0,0.0,35.0,2.0,0.0
220114,1,1,99.0,6.0,1.0,5060.0,0.69,22.0,55.0,33.0,55.0,4.0,61.0,1.0,1.0,4.0,20.0,7.0,1.0,0.0,9.0,0.0,7.0,22.0,1.0,33.0,1.0,0.0,KMHDN46D96U2,2006.0,498.0,2735.0,13.0,55.0,Hyundai,35.0,4.0,1.0,0.0,0.0,998.0,7.0,0.0,0.0,12.0,6.0,38.0,0.0,0.0,1.0,22.0,70506.0,1.0,6.0,3.0,Valid license for this class vehicle,0.0,73.0,250.0,0.0,0.0,0.0,0.0,No Record,0.0,0.0,0.0,9.0,1.0,2.0,45.0,2.0,1.0,2.0,1.0,0.0,14.0,12.0,1.0,1.0,4.0,102.0,22.0,1.0,1.0,0.0,202305554135.0,12.0,6.0,12.0,0.0,1.0,1.0,4.0,50.0,1.0,0.0,1.0,20.0,0.0,55.0,2.0,98.0
220119,1,98,92.0,102.0,1.0,0.0,-99.0,22.0,17.0,21.0,55.0,4.0,18.0,1.0,1.0,3.0,99.0,7.0,20.0,0.0,0.0,996.0,0.0,22.0,1.0,21.0,2.0,0.0,KMHDH4AEXFU3,2015.0,498.0,2735.0,13.0,55.0,Hyundai,35.0,4.0,1.0,0.0,0.0,998.0,7.0,0.0,0.0,12.0,6.0,21.0,0.0,0.0,1.0,22.0,71106.0,1.0,6.0,3.0,Valid license for this class vehicle,0.0,61.0,110.0,0.0,0.0,0.0,0.0,No Record,0.0,0.0,0.0,0.0,6.0,2.0,25.0,1.0,6.0,1.0,1.0,3.0,1.0,14.0,10.0,7.0,4.0,998.0,22.0,0.0,1.0,0.0,202305606524.0,48.0,1.0,12.0,2.0,1.0,1.0,4.0,18.0,1.0,2.0,1.0,20.0,0.0,55.0,1.0,98.0
220131,1,99,99.0,6.0,1.0,3026.0,-99.0,22.0,103.0,12.0,49.0,3.0,23.0,1.0,1.0,4.0,3.0,0.0,8.0,0.0,9.0,0.0,7.0,22.0,2.0,12.0,1.0,0.0,JTKJF5C71B30,2011.0,448.0,2207.0,5.0,49.0,Toyota,50.0,3.0,1.0,0.0,0.0,998.0,0.0,0.0,0.0,12.0,6.0,12.0,0.0,0.0,1.0,28.0,39532.0,1.0,6.0,3.0,Valid license for this class vehicle,0.0,66.0,117.0,0.0,0.0,0.0,0.0,No Record,0.0,0.0,0.0,3.0,2.0,3.0,60.0,3.0,1.0,2.0,1.0,28.0,14.0,10.0,1.0,3.0,2.0,202.0,22.0,2.0,1.0,0.0,202304684109.0,12.0,4.0,1.0,1.0,1.0,1.0,3.0,49.0,2.0,0.0,1.0,8.0,0.0,49.0,2.0,0.0
220134,1,99,99.0,0.0,1.0,1.0,-99.0,22.0,73.0,32.0,35.0,4.0,23.0,2.0,1.0,4.0,20.0,7.0,8.0,0.0,9.0,236.0,7.0,22.0,1.0,32.0,3.0,0.0,1N4AL2AP0AN4,2010.0,478.0,1904.0,13.0,35.0,Nissan/Datsun,47.0,4.0,1.0,0.0,0.0,998.0,7.0,0.0,0.0,2.0,6.0,42.0,0.0,1.0,1.0,22.0,71291.0,1.0,6.0,3.0,Valid license for this class vehicle,3.0,61.0,105.0,0.0,0.0,2.0,10.0,October,2019.0,5.0,2021.0,9.0,1.0,2.0,45.0,1.0,1.0,2.0,2.0,0.0,1.0,12.0,1.0,1.0,4.0,102.0,22.0,2.0,1.0,0.0,202305177014.0,12.0,6.0,8.0,1.0,1.0,1.0,4.0,52.0,2.0,1.0,1.0,20.0,0.0,35.0,2.0,0.0
220137,2,99,99.0,0.0,1.0,0.0,-99.0,22.0,71.0,12.0,55.0,4.0,34.0,1.0,1.0,4.0,3.0,0.0,8.0,0.0,0.0,996.0,7.0,22.0,4.0,12.0,1.0,0.0,5NPD84LF1JH3,2018.0,498.0,2735.0,13.0,55.0,Hyundai,35.0,4.0,1.0,0.0,0.0,998.0,1.0,0.0,0.0,6.0,6.0,12.0,0.0,0.0,1.0,22.0,70072.0,0.0,0.0,0.0,Not licensed,0.0,71.0,170.0,0.0,0.0,0.0,0.0,No Record,0.0,0.0,0.0,0.0,3.0,3.0,60.0,1.0,5.0,1.0,1.0,0.0,1.0,53.0,99.0,9.0,1.0,203.0,22.0,2.0,1.0,0.0,202305095980.0,12.0,4.0,7.0,0.0,1.0,1.0,4.0,26.0,1.0,0.0,1.0,20.0,0.0,55.0,1.0,98.0