ST_CASE,VEH_NO_x,DRIMPAIR_x,DRDISTRACT,DRIVERRF,PER_NO_x,DRUGRES,DRUGACTQTY,STATE_x,COUNTY,HARM_EV_x,MAKE_x,BODY_TYP_x,AGE,SEX,PER_TYP_x,INJ_SEV,REST_USE,REST_MIS,AIR_BAG_x,EJECTION,DRINKING,ALC_RES,HISPANIC,STATE_y,VE_FORMS,HARM_EV_y,NUMOCCS,HIT_RUN,VIN,MOD_YEAR,VPICMAKE,VPICMODEL,VPICBODYCLASS,MAKE_y,MAKENAME,MODEL,BODY_TYP_y,HAZ_INV,HAZ_PLAC,HAZ_ID,TRAV_SP,UNDEROVERRIDE,ROLLOVER,ROLINLOC,IMPACT1,DEFORMED,M_HARM,FIRE_EXP,DR_DRINK,DR_PRES,L_STATE,DR_ZIP,L_TYPE,L_STATUS,L_COMPL,L_COMPLNAME,L_RESTRI,DR_HGT,DR_WGT,PREV_DWI,PREV_SPD,PREV_OTH,FIRST_MO,FIRST_MONAME,FIRST_YR,LAST_MO,LAST_YR,SPEEDREL,VTRAFWAY,VNUM_LAN,VSPD_LIM,VALIGN,VPROFILE,VPAVETYP,VSURCOND,VTRAFCON,P_CRASH1,P_CRASH2,P_CRASH3,PCRASH4,PCRASH5,ACC_CONFIG,STATE,RACE,ORDER,MULTRACE,CASENUM,HARM_EV,DAY_WEEK,MONTH,MAXSEV_IM,WEATHR_IM,PER_NO_y,BODY_TYP,AGE_IM,SEX_IM,INJSEV_IM,PER_TYP_y,AIR_BAG_y,EJECT_IM,MAKE,VEH_NO_y,DRIMPAIR_y
220704,1,99,99.0,6.0,1.0,9997.0,-99.0,22.0,19.0,34.0,20.0,3.0,20.0,1.0,1.0,4.0,3.0,0.0,1.0,0.0,0.0,999.0,7.0,22.0,1.0,34.0,1.0,0.0,1G1YY26U4651,2006.0,467.0,1831.0,3.0,20.0,Chevrolet,4.0,3.0,1.0,0.0,0.0,998.0,7.0,3.0,3.0,12.0,6.0,1.0,0.0,0.0,1.0,22.0,70611.0,1.0,6.0,3.0,Valid license for this class vehicle,0.0,69.0,165.0,0.0,0.0,0.0,9.0,September,2023.0,9.0,2023.0,9.0,2.0,3.0,70.0,1.0,1.0,2.0,1.0,0.0,1.0,9.0,1.0,4.0,4.0,102.0,22.0,2.0,1.0,0.0,202304774951.0,12.0,4.0,2.0,0.0,1.0,1.0,3.0,33.0,1.0,0.0,1.0,20.0,0.0,20.0,2.0,98.0
220705,1,99,99.0,28.0,1.0,2217.0,-99.0,22.0,51.0,12.0,12.0,34.0,58.0,1.0,1.0,4.0,99.0,7.0,98.0,0.0,9.0,10.0,7.0,22.0,2.0,12.0,1.0,0.0,1FTEF15N1LNA,1990.0,460.0,1801.0,60.0,12.0,Ford,481.0,34.0,1.0,0.0,0.0,35.0,8.0,0.0,0.0,12.0,6.0,12.0,0.0,1.0,1.0,22.0,70072.0,1.0,3.0,2.0,No valid license for this class vehicle,9.0,70.0,140.0,0.0,0.0,0.0,8.0,August,2023.0,8.0,2023.0,0.0,1.0,2.0,35.0,1.0,6.0,1.0,1.0,0.0,1.0,10.0,99.0,9.0,2.0,301.0,22.0,1.0,1.0,0.0,202305600218.0,12.0,5.0,12.0,4.0,1.0,1.0,34.0,58.0,1.0,4.0,1.0,20.0,0.0,12.0,1.0,99.0
220706,1,9,98.0,6.0,1.0,1.0,-99.0,22.0,103.0,53.0,12.0,4.0,50.0,1.0,1.0,4.0,3.0,0.0,20.0,0.0,1.0,188.0,6.0,22.0,1.0,53.0,3.0,0.0,1FAHP24157G1,2007.0,460.0,2347.0,13.0,12.0,Ford,21.0,4.0,1.0,0.0,0.0,998.0,7.0,0.0,0.0,2.0,4.0,42.0,0.0,1.0,1.0,22.0,70437.0,0.0,0.0,0.0,Not licensed,0.0,999.0,999.0,99.0,99.0,99.0,99.0,Unknown,9999.0,99.0,9999.0,0.0,1.0,2.0,55.0,3.0,1.0,2.0,2.0,0.0,14.0,13.0,11.0,4.0,5.0,101.0,22.0,1.0,1.0,0.0,202305526058.0,12.0,7.0,10.0,0.0,1.0,1.0,4.0,56.0,1.0,0.0,1.0,20.0,0.0,12.0,1.0,0.0
220712,1,9,0.0,6.0,1.0,2158.0,-99.0,22.0,105.0,23.0,35.0,4.0,47.0,1.0,1.0,4.0,3.0,0.0,8.0,0.0,1.0,270.0,7.0,22.0,2.0,23.0,1.0,0.0,1N4AL3AP1HN3,2017.0,478.0,1904.0,13.0,35.0,Nissan/Datsun,47.0,4.0,1.0,0.0,0.0,998.0,0.0,0.0,0.0,12.0,6.0,12.0,0.0,1.0,1.0,22.0,70447.0,1.0,6.0,3.0,Valid license for this class vehicle,0.0,68.0,180.0,0.0,0.0,0.0,0.0,No Record,0.0,0.0,0.0,3.0,1.0,2.0,55.0,1.0,1.0,2.0,1.0,0.0,1.0,13.0,7.0,3.0,4.0,998.0,22.0,1.0,1.0,0.0,202304782372.0,12.0,2.0,2.0,2.0,1.0,1.0,4.0,26.0,2.0,2.0,1.0,1.0,0.0,35.0,2.0,98.0
220713,1,0,93.0,6.0,1.0,0.0,-99.0,22.0,33.0,12.0,99.0,99.0,77.0,1.0,1.0,4.0,20.0,7.0,20.0,0.0,0.0,996.0,7.0,22.0,2.0,12.0,1.0,0.0,0,9999.0,99999.0,99999.0,997.0,99.0,Unknown Make,999.0,99.0,1.0,0.0,0.0,998.0,0.0,0.0,0.0,3.0,4.0,12.0,0.0,0.0,1.0,22.0,70714.0,1.0,6.0,3.0,Valid license for this class vehicle,0.0,76.0,250.0,0.0,0.0,0.0,0.0,No Record,0.0,0.0,0.0,0.0,1.0,2.0,55.0,2.0,1.0,2.0,1.0,0.0,12.0,21.0,1.0,1.0,2.0,998.0,22.0,1.0,1.0,0.0,202304636966.0,43.0,1.0,1.0,2.0,1.0,1.0,83.0,49.0,1.0,2.0,1.0,20.0,8.0,73.0,1.0,98.0
220714,1,9,99.0,6.0,1.0,3026.0,-99.0,22.0,103.0,12.0,30.0,4.0,40.0,2.0,1.0,4.0,20.0,7.0,8.0,0.0,1.0,219.0,7.0,22.0,2.0,12.0,2.0,0.0,1VWSA7A31MC0,2021.0,482.0,3134.0,13.0,30.0,Volkswagen,46.0,4.0,1.0,0.0,0.0,998.0,0.0,0.0,0.0,12.0,4.0,12.0,0.0,1.0,1.0,22.0,70458.0,1.0,1.0,2.0,No valid license for this class vehicle,0.0,65.0,145.0,0.0,0.0,0.0,0.0,No Record,0.0,0.0,0.0,0.0,1.0,2.0,40.0,1.0,3.0,2.0,1.0,0.0,2.0,10.0,1.0,1.0,2.0,301.0,22.0,1.0,1.0,0.0,202304800264.0,12.0,3.0,3.0,1.0,1.0,1.0,4.0,29.0,1.0,1.0,1.0,8.0,0.0,30.0,1.0,0.0
220724,1,99,99.0,0.0,1.0,0.0,-99.0,22.0,71.0,12.0,37.0,4.0,30.0,1.0,1.0,4.0,20.0,7.0,8.0,1.0,0.0,996.0,99.0,22.0,2.0,12.0,1.0,0.0,19XFC1F76GE0,2016.0,474.0,1863.0,13.0,37.0,Honda,31.0,4.0,1.0,0.0,0.0,998.0,0.0,3.0,1.0,12.0,6.0,1.0,0.0,0.0,1.0,22.0,70458.0,1.0,6.0,3.0,Valid license for this class vehicle,9.0,75.0,225.0,0.0,0.0,0.0,0.0,No Record,0.0,0.0,0.0,9.0,3.0,3.0,99.0,1.0,1.0,2.0,99.0,0.0,1.0,9.0,7.0,9.0,2.0,207.0,22.0,2.0,1.0,0.0,202305291506.0,12.0,4.0,10.0,2.0,1.0,1.0,4.0,81.0,1.0,1.0,1.0,8.0,0.0,37.0,1.0,0.0
220728,1,9,99.0,51.0,1.0,0.0,-99.0,22.0,73.0,12.0,63.0,4.0,29.0,2.0,1.0,4.0,99.0,7.0,99.0,0.0,1.0,288.0,7.0,22.0,2.0,12.0,1.0,0.0,5XXG14J22MG0,2021.0,499.0,27527.0,13.0,63.0,KIA,398.0,4.0,1.0,0.0,0.0,998.0,0.0,0.0,0.0,12.0,6.0,12.0,1.0,1.0,1.0,22.0,70764.0,1.0,1.0,2.0,No valid license for this class vehicle,0.0,65.0,130.0,0.0,0.0,1.0,8.0,August,2019.0,8.0,2019.0,0.0,2.0,4.0,60.0,1.0,1.0,1.0,1.0,0.0,98.0,10.0,1.0,1.0,2.0,301.0,22.0,2.0,1.0,0.0,202304685825.0,12.0,6.0,1.0,2.0,1.0,1.0,4.0,30.0,2.0,2.0,1.0,20.0,0.0,63.0,2.0,0.0
220731,2,0,99.0,0.0,1.0,3026.0,-99.0,22.0,33.0,12.0,37.0,4.0,50.0,1.0,1.0,4.0,20.0,7.0,98.0,0.0,9.0,0.0,7.0,22.0,2.0,12.0,1.0,0.0,1HGCY2F57PA0,2023.0,474.0,1861.0,13.0,37.0,Honda,32.0,4.0,1.0,0.0,0.0,998.0,0.0,0.0,0.0,12.0,6.0,12.0,0.0,0.0,1.0,22.0,70816.0,1.0,6.0,3.0,Valid license for this class vehicle,0.0,72.0,210.0,0.0,0.0,0.0,0.0,No Record,0.0,0.0,0.0,9.0,1.0,2.0,55.0,1.0,1.0,2.0,1.0,0.0,1.0,54.0,1.0,1.0,1.0,302.0,22.0,1.0,1.0,0.0,202305440530.0,12.0,5.0,10.0,2.0,1.0,1.0,4.0,50.0,2.0,0.0,1.0,20.0,0.0,37.0,3.0,0.0
220734,1,0,93.0,6.0,1.0,1.0,-99.0,22.0,45.0,12.0,84.0,99.0,74.0,1.0,1.0,2.0,20.0,7.0,20.0,0.0,0.0,0.0,0.0,22.0,2.0,12.0,1.0,0.0,0,1994.0,526.0,99997.0,126.0,84.0,International Harvester/Navistar,999.0,99.0,1.0,0.0,0.0,998.0,0.0,0.0,0.0,5.0,2.0,12.0,0.0,0.0,1.0,22.0,70560.0,1.0,6.0,3.0,Valid license for this class vehicle,0.0,65.0,260.0,0.0,0.0,0.0,0.0,No Record,0.0,0.0,0.0,0.0,1.0,2.0,55.0,1.0,1.0,2.0,1.0,20.0,11.0,15.0,1.0,1.0,2.0,408.0,22.0,0.0,1.0,0.0,202304636966.0,43.0,1.0,1.0,2.0,1.0,1.0,83.0,49.0,1.0,2.0,1.0,20.0,8.0,73.0,1.0,98.0
220736,1,99,93.0,6.0,1.0,3034.0,-99.0,22.0,105.0,32.0,35.0,3.0,18.0,1.0,1.0,4.0,20.0,7.0,1.0,1.0,9.0,0.0,7.0,22.0,1.0,32.0,2.0,0.0,JN1AZ34D56M3,2006.0,478.0,2303.0,3.0,35.0,Nissan/Datsun,48.0,3.0,1.0,0.0,0.0,998.0,7.0,3.0,5.0,12.0,6.0,1.0,0.0,0.0,1.0,22.0,70443.0,1.0,6.0,3.0,Valid license for this class vehicle,0.0,71.0,142.0,0.0,0.0,0.0,0.0,No Record,0.0,0.0,0.0,0.0,1.0,2.0,35.0,1.0,6.0,4.0,1.0,0.0,1.0,13.0,8.0,1.0,4.0,101.0,22.0,1.0,1.0,0.0,202305309679.0,12.0,7.0,10.0,0.0,1.0,1.0,3.0,15.0,1.0,0.0,1.0,20.0,0.0,35.0,2.0,0.0
220739,1,99,0.0,6.0,1.0,1.0,-99.0,22.0,119.0,12.0,49.0,4.0,66.0,1.0,1.0,4.0,8.0,0.0,1.0,0.0,0.0,996.0,99.0,22.0,2.0,12.0,1.0,0.0,1NXBR32E26Z6,2006.0,448.0,2208.0,13.0,49.0,Toyota,32.0,4.0,1.0,0.0,0.0,998.0,0.0,0.0,0.0,12.0,6.0,12.0,0.0,0.0,1.0,22.0,71270.0,0.0,0.0,2.0,No valid license for this class vehicle,0.0,72.0,178.0,0.0,0.0,0.0,0.0,No Record,0.0,0.0,0.0,0.0,2.0,4.0,45.0,1.0,6.0,2.0,1.0,3.0,1.0,50.0,1.0,1.0,1.0,202.0,22.0,1.0,1.0,0.0,202304697611.0,12.0,4.0,1.0,0.0,1.0,1.0,4.0,55.0,1.0,0.0,1.0,20.0,0.0,49.0,1.0,0.0
220749,1,98,93.0,6.0,1.0,0.0,-99.0,22.0,95.0,12.0,35.0,14.0,47.0,1.0,1.0,4.0,3.0,0.0,1.0,0.0,0.0,996.0,7.0,22.0,9.0,12.0,1.0,0.0,JN8AT2MT0LW0,2020.0,478.0,1913.0,8.0,35.0,Nissan/Datsun,404.0,14.0,1.0,0.0,0.0,998.0,0.0,0.0,0.0,12.0,6.0,12.0,0.0,0.0,1.0,22.0,70403.0,1.0,6.0,3.0,Valid license for this class vehicle,0.0,68.0,170.0,0.0,0.0,0.0,0.0,No Record,0.0,0.0,0.0,4.0,3.0,2.0,70.0,1.0,1.0,1.0,2.0,0.0,1.0,50.0,99.0,9.0,1.0,202.0,22.0,19.0,1.0,0.0,202305272377.0,12.0,7.0,9.0,1.0,1.0,1.0,14.0,68.0,1.0,1.0,1.0,9.0,0.0,35.0,2.0,0.0
220749,4,98,0.0,0.0,1.0,0.0,-99.0,22.0,95.0,12.0,35.0,4.0,55.0,1.0,1.0,0.0,3.0,0.0,20.0,0.0,0.0,996.0,0.0,22.0,9.0,12.0,2.0,0.0,3N1AB7AP1KY2,2019.0,478.0,1907.0,13.0,35.0,Nissan/Datsun,43.0,4.0,1.0,0.0,0.0,5.0,0.0,0.0,0.0,6.0,4.0,12.0,0.0,0.0,1.0,22.0,70448.0,1.0,6.0,3.0,Valid license for this class vehicle,0.0,77.0,320.0,0.0,0.0,0.0,0.0,No Record,0.0,0.0,0.0,0.0,3.0,2.0,70.0,1.0,1.0,1.0,2.0,0.0,98.0,61.0,9.0,1.0,5.0,998.0,22.0,0.0,1.0,0.0,202304700675.0,12.0,5.0,1.0,1.0,10.0,1.0,4.0,38.0,1.0,1.0,1.0,20.0,0.0,35.0,2.0,0.0
220750,1,98,0.0,0.0,1.0,0.0,-99.0,22.0,95.0,12.0,35.0,4.0,28.0,1.0,1.0,1.0,3.0,0.0,8.0,0.0,0.0,996.0,0.0,22.0,35.0,12.0,1.0,0.0,1N4AL3AP5FC4,2015.0,478.0,1904.0,13.0,35.0,Nissan/Datsun,47.0,4.0,1.0,0.0,0.0,998.0,8.0,0.0,0.0,12.0,6.0,12.0,0.0,0.0,1.0,22.0,70456.0,1.0,3.0,2.0,No valid license for this class vehicle,0.0,63.0,185.0,0.0,0.0,0.0,0.0,No Record,0.0,0.0,0.0,0.0,3.0,2.0,70.0,1.0,1.0,1.0,2.0,0.0,1.0,99.0,1.0,1.0,9.0,203.0,22.0,0.0,1.0,0.0,202305194526.0,12.0,3.0,6.0,1.0,1.0,1.0,4.0,64.0,1.0,1.0,1.0,1.0,0.0,35.0,1.0,0.0
220751,1,98,99.0,38.0,1.0,0.0,-99.0,22.0,17.0,12.0,37.0,20.0,69.0,2.0,1.0,3.0,3.0,0.0,8.0,0.0,0.0,996.0,0.0,22.0,2.0,12.0,1.0,0.0,5FNRL38847B0,2007.0,474.0,1869.0,2.0,37.0,Honda,441.0,20.0,1.0,0.0,0.0,998.0,7.0,0.0,0.0,3.0,6.0,12.0,0.0,0.0,1.0,18.0,46901.0,1.0,6.0,3.0,Valid license for this class vehicle,0.0,61.0,160.0,0.0,0.0,0.0,0.0,No Record,0.0,0.0,0.0,0.0,3.0,2.0,99.0,1.0,5.0,1.0,1.0,0.0,11.0,15.0,1.0,1.0,1.0,401.0,22.0,0.0,1.0,0.0,202305227737.0,1.0,4.0,6.0,3.0,1.0,1.0,20.0,21.0,2.0,0.0,1.0,20.0,0.0,37.0,1.0,98.0
220759,1,99,99.0,39.0,1.0,6001.0,-99.0,22.0,17.0,12.0,99.0,88.0,23.0,1.0,1.0,4.0,20.0,7.0,20.0,8.0,1.0,177.0,7.0,22.0,2.0,12.0,1.0,0.0,0,9999.0,99999.0,99999.0,87.0,99.0,Unknown Make,709.0,88.0,1.0,0.0,0.0,998.0,7.0,8.0,8.0,12.0,6.0,12.0,0.0,1.0,1.0,22.0,71109.0,0.0,0.0,0.0,Not licensed,0.0,69.0,160.0,0.0,0.0,0.0,0.0,No Record,0.0,0.0,0.0,9.0,1.0,4.0,35.0,1.0,1.0,1.0,1.0,3.0,1.0,17.0,1.0,1.0,1.0,501.0,22.0,2.0,1.0,0.0,202304636966.0,43.0,1.0,1.0,2.0,1.0,1.0,83.0,49.0,1.0,2.0,1.0,20.0,8.0,73.0,1.0,98.0
220770,1,99,99.0,0.0,1.0,0.0,-99.0,22.0,73.0,32.0,7.0,20.0,76.0,1.0,1.0,4.0,99.0,7.0,1.0,0.0,0.0,996.0,99.0,22.0,1.0,32.0,1.0,0.0,1D4GP25353B2,2003.0,476.0,1942.0,9.0,7.0,Dodge,442.0,20.0,1.0,0.0,0.0,998.0,7.0,0.0,0.0,12.0,6.0,32.0,0.0,0.0,1.0,22.0,71292.0,1.0,1.0,2.0,No valid license for this class vehicle,0.0,68.0,175.0,0.0,0.0,0.0,6.0,June,2023.0,6.0,2023.0,9.0,1.0,2.0,25.0,1.0,1.0,2.0,1.0,0.0,1.0,13.0,99.0,9.0,4.0,101.0,22.0,1.0,1.0,0.0,202304813450.0,12.0,4.0,3.0,2.0,1.0,1.0,20.0,47.0,1.0,1.0,1.0,99.0,0.0,7.0,2.0,99.0
220774,1,98,98.0,6.0,1.0,1.0,-99.0,22.0,105.0,5.0,35.0,4.0,30.0,2.0,1.0,0.0,98.0,7.0,20.0,0.0,0.0,0.0,0.0,22.0,1.0,5.0,2.0,0.0,1N4AL2AP8BN4,2011.0,478.0,1904.0,13.0,35.0,Nissan/Datsun,47.0,4.0,1.0,0.0,0.0,998.0,7.0,0.0,0.0,0.0,0.0,5.0,0.0,0.0,1.0,22.0,70436.0,0.0,0.0,0.0,Not licensed,0.0,999.0,999.0,99.0,99.0,99.0,99.0,Unknown,9999.0,99.0,9999.0,0.0,1.0,2.0,98.0,1.0,1.0,2.0,98.0,0.0,1.0,98.0,1.0,1.0,1.0,0.0,22.0,0.0,1.0,0.0,202304747586.0,12.0,3.0,2.0,0.0,1.0,1.0,4.0,23.0,1.0,0.0,1.0,20.0,0.0,35.0,2.0,0.0
230001,1,9,99.0,0.0,1.0,1059.0,192.83,23.0,1.0,12.0,35.0,4.0,41.0,1.0,1.0,4.0,20.0,7.0,20.0,0.0,1.0,0.0,7.0,23.0,2.0,12.0,1.0,0.0,3N1AB61E98L7,2008.0,478.0,1907.0,13.0,35.0,Nissan/Datsun,43.0,4.0,1.0,0.0,0.0,998.0,8.0,0.0,0.0,12.0,6.0,12.0,1.0,1.0,1.0,23.0,4274.0,1.0,6.0,3.0,Valid license for this class vehicle,3.0,70.0,170.0,0.0,1.0,0.0,5.0,May,2022.0,11.0,2022.0,3.0,1.0,2.0,45.0,1.0,2.0,2.0,1.0,0.0,1.0,50.0,99.0,1.0,1.0,203.0,23.0,1.0,1.0,0.0,202304891975.0,12.0,4.0,4.0,2.0,10.0,1.0,4.0,23.0,1.0,0.0,1.0,99.0,0.0,35.0,1.0,98.0
230006,2,0,0.0,0.0,1.0,0.0,-99.0,23.0,1.0,12.0,35.0,14.0,35.0,2.0,1.0,0.0,3.0,0.0,8.0,0.0,8.0,996.0,0.0,23.0,3.0,12.0,4.0,0.0,JN8AT3CB2MW2,2021.0,478.0,1913.0,7.0,35.0,Nissan/Datsun,404.0,14.0,1.0,0.0,0.0,998.0,8.0,3.0,1.0,9.0,6.0,1.0,0.0,0.0,1.0,23.0,4220.0,1.0,6.0,3.0,Valid license for this class vehicle,0.0,60.0,125.0,0.0,0.0,0.0,0.0,No Record,0.0,0.0,0.0,0.0,1.0,4.0,55.0,1.0,1.0,2.0,1.0,0.0,1.0,62.0,7.0,1.0,1.0,302.0,23.0,0.0,1.0,0.0,202304800606.0,12.0,5.0,2.0,3.0,2.0,1.0,14.0,72.0,2.0,3.0,1.0,8.0,0.0,35.0,2.0,0.0
230017,1,0,0.0,0.0,1.0,2037.0,-99.0,23.0,3.0,12.0,82.0,62.0,37.0,1.0,1.0,1.0,3.0,0.0,20.0,0.0,8.0,0.0,0.0,23.0,2.0,12.0,1.0,0.0,3ALACWDT3HDJ,2017.0,450.0,2499.0,11.0,82.0,Freightliner,898.0,62.0,1.0,0.0,0.0,998.0,8.0,0.0,0.0,3.0,6.0,12.0,0.0,0.0,1.0,20.0,66547.0,1.0,6.0,2.0,No valid license for this class vehicle,0.0,70.0,260.0,0.0,0.0,0.0,0.0,No Record,0.0,0.0,0.0,0.0,1.0,3.0,55.0,1.0,1.0,2.0,3.0,0.0,1.0,6.0,99.0,4.0,2.0,301.0,23.0,0.0,1.0,0.0,202305029609.0,18.0,2.0,6.0,0.0,1.0,1.0,62.0,51.0,1.0,0.0,1.0,20.0,0.0,82.0,1.0,0.0
230018,1,9,99.0,0.0,1.0,5062.0,8.78,23.0,1.0,12.0,48.0,4.0,30.0,1.0,1.0,2.0,3.0,0.0,8.0,0.0,1.0,151.0,0.0,23.0,2.0,12.0,1.0,0.0,JF1VBAA65N90,2022.0,523.0,2237.0,13.0,48.0,Subaru,47.0,4.0,1.0,0.0,0.0,998.0,8.0,0.0,0.0,12.0,6.0,12.0,0.0,1.0,1.0,23.0,4210.0,1.0,6.0,3.0,Valid license for this class vehicle,3.0,75.0,191.0,0.0,0.0,0.0,0.0,No Record,0.0,0.0,0.0,0.0,1.0,2.0,55.0,1.0,1.0,2.0,1.0,0.0,1.0,10.0,99.0,1.0,2.0,301.0,23.0,0.0,1.0,0.0,202305374547.0,12.0,6.0,10.0,1.0,1.0,1.0,4.0,45.0,1.0,0.0,1.0,20.0,0.0,48.0,2.0,0.0
230023,1,0,99.0,0.0,1.0,5062.0,25.81,23.0,25.0,12.0,52.0,4.0,67.0,1.0,1.0,4.0,3.0,0.0,8.0,0.0,8.0,0.0,7.0,23.0,2.0,12.0,2.0,0.0,ML32F3FJ6LHF,2020.0,481.0,13842.0,13.0,52.0,Mitsubishi,48.0,4.0,1.0,0.0,0.0,998.0,8.0,0.0,0.0,11.0,6.0,12.0,0.0,0.0,1.0,23.0,4971.0,1.0,6.0,3.0,Valid license for this class vehicle,0.0,68.0,170.0,0.0,0.0,0.0,0.0,No Record,0.0,0.0,0.0,0.0,1.0,2.0,50.0,3.0,1.0,2.0,1.0,0.0,14.0,10.0,99.0,1.0,2.0,301.0,23.0,1.0,1.0,0.0,202304888337.0,12.0,5.0,3.0,2.0,1.0,1.0,4.0,19.0,2.0,0.0,1.0,20.0,0.0,52.0,1.0,0.0
230029,1,0,0.0,0.0,1.0,2084.0,-99.0,23.0,19.0,32.0,52.0,14.0,61.0,2.0,1.0,4.0,20.0,7.0,1.0,2.0,8.0,323.0,7.0,23.0,1.0,32.0,1.0,0.0,JA4J4TA81NZ0,2022.0,481.0,2163.0,7.0,52.0,Mitsubishi,404.0,14.0,1.0,0.0,0.0,998.0,7.0,3.0,5.0,12.0,6.0,1.0,0.0,1.0,1.0,23.0,4444.0,1.0,6.0,3.0,Valid license for this class vehicle,3.0,66.0,120.0,0.0,0.0,0.0,0.0,No Record,0.0,0.0,0.0,0.0,1.0,2.0,45.0,1.0,3.0,2.0,1.0,0.0,1.0,13.0,99.0,1.0,4.0,101.0,23.0,1.0,1.0,0.0,202305048835.0,12.0,6.0,6.0,0.0,1.0,1.0,14.0,30.0,2.0,0.0,1.0,20.0,0.0,52.0,2.0,0.0
230034,1,1,0.0,39.0,1.0,0.0,-99.0,23.0,5.0,12.0,49.0,14.0,72.0,2.0,1.0,4.0,20.0,7.0,1.0,0.0,0.0,34.0,7.0,23.0,3.0,12.0,1.0,0.0,2T3RFREV2FW2,2015.0,448.0,2217.0,7.0,49.0,Toyota,402.0,14.0,1.0,0.0,0.0,998.0,8.0,0.0,0.0,62.0,6.0,12.0,0.0,1.0,1.0,23.0,4062.0,1.0,6.0,3.0,Valid license for this class vehicle,3.0,63.0,170.0,0.0,0.0,0.0,0.0,No Record,0.0,0.0,0.0,0.0,3.0,2.0,65.0,1.0,1.0,2.0,1.0,40.0,1.0,54.0,99.0,1.0,1.0,303.0,23.0,1.0,1.0,0.0,202305379369.0,12.0,7.0,8.0,0.0,1.0,1.0,14.0,34.0,1.0,0.0,1.0,20.0,0.0,49.0,2.0,0.0
230034,2,0,0.0,0.0,1.0,0.0,-99.0,23.0,5.0,12.0,35.0,6.0,34.0,1.0,1.0,0.0,3.0,0.0,20.0,0.0,0.0,996.0,0.0,23.0,3.0,12.0,4.0,0.0,5N1AT2MV8EC8,2014.0,478.0,1913.0,8.0,35.0,Nissan/Datsun,51.0,6.0,1.0,0.0,0.0,998.0,8.0,0.0,0.0,62.0,6.0,12.0,0.0,0.0,1.0,36.0,10940.0,1.0,6.0,3.0,Valid license for this class vehicle,0.0,65.0,999.0,0.0,0.0,0.0,0.0,No Record,0.0,0.0,0.0,0.0,3.0,2.0,65.0,1.0,1.0,2.0,1.0,40.0,1.0,54.0,7.0,1.0,1.0,303.0,23.0,0.0,1.0,0.0,202305067975.0,12.0,3.0,5.0,0.0,10.0,1.0,6.0,19.0,2.0,0.0,1.0,20.0,0.0,35.0,2.0,0.0
230036,1,98,99.0,0.0,1.0,1.0,-99.0,23.0,15.0,42.0,49.0,14.0,43.0,1.0,1.0,4.0,3.0,0.0,1.0,0.0,0.0,279.0,7.0,23.0,1.0,42.0,1.0,0.0,JTEAAAAHXMJ0,2021.0,448.0,3005.0,7.0,49.0,Toyota,498.0,14.0,1.0,0.0,0.0,998.0,7.0,0.0,0.0,12.0,6.0,42.0,0.0,1.0,1.0,23.0,4543.0,1.0,6.0,3.0,Valid license for this class vehicle,0.0,71.0,200.0,0.0,0.0,0.0,0.0,No Record,0.0,0.0,0.0,0.0,1.0,2.0,45.0,3.0,2.0,2.0,1.0,0.0,14.0,13.0,99.0,1.0,4.0,101.0,23.0,99.0,1.0,0.0,202304887124.0,12.0,6.0,4.0,0.0,1.0,1.0,14.0,65.0,1.0,0.0,1.0,20.0,0.0,49.0,3.0,0.0
230039,1,0,0.0,0.0,1.0,0.0,-99.0,23.0,7.0,12.0,84.0,62.0,41.0,1.0,1.0,2.0,20.0,7.0,20.0,0.0,0.0,0.0,0.0,23.0,2.0,12.0,1.0,0.0,1HTMNAAL15H1,2005.0,526.0,9529.0,11.0,84.0,International Harvester/Navistar,881.0,62.0,1.0,0.0,0.0,0.0,8.0,0.0,0.0,6.0,6.0,12.0,0.0,0.0,1.0,23.0,4938.0,1.0,6.0,3.0,Valid license for this class vehicle,3.0,72.0,300.0,0.0,2.0,1.0,9.0,September,2018.0,11.0,2022.0,0.0,1.0,2.0,40.0,1.0,2.0,2.0,1.0,0.0,5.0,53.0,1.0,1.0,1.0,201.0,23.0,0.0,1.0,0.0,202305055984.0,12.0,3.0,5.0,4.0,1.0,1.0,62.0,41.0,1.0,2.0,1.0,20.0,0.0,84.0,1.0,0.0
230039,2,0,99.0,0.0,1.0,9999.0,-99.0,23.0,7.0,12.0,20.0,15.0,39.0,2.0,1.0,2.0,3.0,0.0,20.0,0.0,0.0,995.0,0.0,23.0,2.0,12.0,4.0,0.0,3GNFK16Z05G2,2005.0,467.0,1851.0,7.0,20.0,Chevrolet,422.0,15.0,1.0,0.0,0.0,998.0,8.0,0.0,0.0,12.0,6.0,12.0,0.0,0.0,1.0,23.0,4938.0,1.0,6.0,3.0,Valid license for this class vehicle,3.0,64.0,143.0,0.0,0.0,0.0,12.0,December,2022.0,12.0,2022.0,0.0,1.0,2.0,40.0,1.0,2.0,2.0,1.0,0.0,1.0,50.0,99.0,1.0,1.0,202.0,23.0,0.0,1.0,0.0,202305055984.0,12.0,3.0,5.0,4.0,1.0,1.0,15.0,39.0,2.0,2.0,1.0,20.0,0.0,20.0,2.0,0.0