ST_CASE,VEH_NO_x,DRIMPAIR_x,DRDISTRACT,DRIVERRF,PER_NO_x,DRUGRES,DRUGACTQTY,STATE_x,COUNTY,HARM_EV_x,MAKE_x,BODY_TYP_x,AGE,SEX,PER_TYP_x,INJ_SEV,REST_USE,REST_MIS,AIR_BAG_x,EJECTION,DRINKING,ALC_RES,HISPANIC,STATE_y,VE_FORMS,HARM_EV_y,NUMOCCS,HIT_RUN,VIN,MOD_YEAR,VPICMAKE,VPICMODEL,VPICBODYCLASS,MAKE_y,MAKENAME,MODEL,BODY_TYP_y,HAZ_INV,HAZ_PLAC,HAZ_ID,TRAV_SP,UNDEROVERRIDE,ROLLOVER,ROLINLOC,IMPACT1,DEFORMED,M_HARM,FIRE_EXP,DR_DRINK,DR_PRES,L_STATE,DR_ZIP,L_TYPE,L_STATUS,L_COMPL,L_COMPLNAME,L_RESTRI,DR_HGT,DR_WGT,PREV_DWI,PREV_SPD,PREV_OTH,FIRST_MO,FIRST_MONAME,FIRST_YR,LAST_MO,LAST_YR,SPEEDREL,VTRAFWAY,VNUM_LAN,VSPD_LIM,VALIGN,VPROFILE,VPAVETYP,VSURCOND,VTRAFCON,P_CRASH1,P_CRASH2,P_CRASH3,PCRASH4,PCRASH5,ACC_CONFIG,STATE,RACE,ORDER,MULTRACE,CASENUM,HARM_EV,DAY_WEEK,MONTH,MAXSEV_IM,WEATHR_IM,PER_NO_y,BODY_TYP,AGE_IM,SEX_IM,INJSEV_IM,PER_TYP_y,AIR_BAG_y,EJECT_IM,MAKE,VEH_NO_y,DRIMPAIR_y
250162,1,0,0.0,0.0,1.0,9995.0,-99.0,25.0,9.0,12.0,2.0,14.0,59.0,1.0,1.0,0.0,3.0,0.0,20.0,0.0,0.0,996.0,0.0,25.0,2.0,12.0,1.0,0.0,1C4HJXDG0MW5,2021.0,483.0,1943.0,7.0,2.0,Jeep / Kaiser-Jeep / Willys- Jeep,403.0,14.0,1.0,0.0,0.0,998.0,7.0,0.0,0.0,62.0,6.0,12.0,0.0,0.0,1.0,25.0,1844.0,1.0,6.0,3.0,Valid license for this class vehicle,3.0,71.0,999.0,0.0,0.0,0.0,12.0,December,2021.0,12.0,2021.0,0.0,1.0,2.0,30.0,1.0,8.0,2.0,1.0,0.0,11.0,54.0,1.0,1.0,1.0,401.0,25.0,0.0,1.0,0.0,202305309546.0,12.0,4.0,10.0,1.0,10.0,1.0,14.0,43.0,2.0,1.0,1.0,20.0,0.0,2.0,2.0,0.0
250170,1,99,99.0,0.0,1.0,5997.0,-99.0,25.0,5.0,59.0,12.0,4.0,24.0,1.0,1.0,4.0,99.0,7.0,8.0,0.0,8.0,63.0,7.0,25.0,1.0,59.0,1.0,0.0,3FADP4BJXJM1,2018.0,460.0,3267.0,13.0,12.0,Ford,32.0,4.0,1.0,0.0,0.0,998.0,7.0,0.0,0.0,98.0,6.0,19.0,1.0,1.0,1.0,12.0,33462.0,1.0,6.0,3.0,Valid license for this class vehicle,3.0,69.0,999.0,0.0,1.0,1.0,3.0,March,2019.0,4.0,2023.0,9.0,1.0,2.0,30.0,3.0,8.0,2.0,1.0,97.0,14.0,13.0,99.0,1.0,4.0,101.0,25.0,1.0,1.0,0.0,202305043651.0,12.0,5.0,6.0,2.0,1.0,1.0,4.0,24.0,2.0,0.0,1.0,1.0,0.0,12.0,1.0,99.0
250174,1,0,17.0,38.0,1.0,9995.0,-99.0,25.0,5.0,12.0,49.0,4.0,17.0,1.0,1.0,1.0,3.0,1.0,20.0,0.0,0.0,996.0,0.0,25.0,2.0,12.0,3.0,0.0,2T1BURHE6GC6,2016.0,448.0,2208.0,13.0,49.0,Toyota,32.0,4.0,1.0,0.0,0.0,998.0,0.0,0.0,0.0,81.0,6.0,12.0,0.0,0.0,1.0,25.0,1721.0,7.0,6.0,3.0,Valid license for this class vehicle,1.0,69.0,999.0,0.0,0.0,0.0,0.0,No Record,0.0,0.0,0.0,0.0,1.0,2.0,25.0,1.0,8.0,2.0,1.0,0.0,11.0,15.0,99.0,1.0,1.0,401.0,25.0,0.0,1.0,0.0,202304763624.0,12.0,2.0,2.0,0.0,1.0,1.0,4.0,28.0,2.0,0.0,1.0,20.0,0.0,49.0,2.0,0.0
250178,1,98,96.0,0.0,1.0,0.0,-99.0,25.0,5.0,12.0,55.0,4.0,34.0,1.0,1.0,2.0,3.0,0.0,9.0,0.0,0.0,996.0,0.0,25.0,3.0,12.0,1.0,0.0,KMHDH4AE7DU5,2013.0,498.0,2735.0,13.0,55.0,Hyundai,35.0,4.0,1.0,0.0,0.0,998.0,7.0,0.0,0.0,81.0,7.0,12.0,0.0,0.0,1.0,25.0,2760.0,1.0,6.0,3.0,Valid license for this class vehicle,3.0,67.0,999.0,0.0,1.0,0.0,10.0,October,2019.0,10.0,2019.0,0.0,1.0,4.0,40.0,1.0,8.0,2.0,1.0,97.0,11.0,15.0,99.0,1.0,1.0,401.0,25.0,0.0,1.0,0.0,202305162508.0,12.0,3.0,7.0,1.0,1.0,1.0,4.0,19.0,2.0,1.0,1.0,1.0,0.0,55.0,2.0,98.0
250178,2,98,96.0,0.0,1.0,3026.0,-99.0,25.0,5.0,12.0,73.0,80.0,29.0,1.0,1.0,4.0,20.0,7.0,20.0,8.0,0.0,0.0,7.0,25.0,3.0,12.0,1.0,0.0,ML5EXER10PDA,2023.0,510.0,3391.0,80.0,73.0,Kawasaki,705.0,80.0,1.0,0.0,0.0,998.0,7.0,8.0,8.0,12.0,6.0,12.0,0.0,0.0,1.0,25.0,2760.0,1.0,6.0,2.0,No valid license for this class vehicle,3.0,69.0,193.0,0.0,0.0,0.0,0.0,No Record,0.0,0.0,0.0,0.0,1.0,4.0,40.0,1.0,8.0,2.0,1.0,97.0,1.0,62.0,16.0,2.0,1.0,402.0,25.0,2.0,1.0,0.0,202305056762.0,1.0,1.0,6.0,3.0,1.0,1.0,80.0,40.0,1.0,3.0,1.0,20.0,8.0,73.0,1.0,0.0
250181,2,98,0.0,0.0,1.0,0.0,-99.0,25.0,5.0,12.0,35.0,6.0,45.0,2.0,1.0,0.0,3.0,0.0,8.0,0.0,0.0,996.0,0.0,25.0,3.0,12.0,1.0,0.0,5N1AT2MVXJC8,2018.0,478.0,1913.0,8.0,35.0,Nissan/Datsun,51.0,6.0,1.0,0.0,0.0,998.0,8.0,0.0,0.0,12.0,6.0,12.0,0.0,0.0,1.0,25.0,2375.0,1.0,6.0,3.0,Valid license for this class vehicle,0.0,67.0,999.0,0.0,0.0,0.0,0.0,No Record,0.0,0.0,0.0,0.0,1.0,2.0,45.0,1.0,8.0,2.0,1.0,97.0,1.0,62.0,99.0,1.0,1.0,302.0,25.0,0.0,1.0,0.0,202305365623.0,8.0,1.0,9.0,2.0,2.0,1.0,6.0,42.0,2.0,0.0,1.0,20.0,0.0,35.0,1.0,0.0
250183,1,9,99.0,36.0,1.0,1.0,-99.0,25.0,15.0,12.0,12.0,14.0,57.0,1.0,1.0,4.0,20.0,7.0,8.0,0.0,1.0,103.0,7.0,25.0,2.0,12.0,1.0,0.0,1FMCU9DG2CKB,2012.0,460.0,1798.0,7.0,12.0,Ford,402.0,14.0,1.0,0.0,0.0,44.0,1.0,0.0,0.0,12.0,6.0,12.0,0.0,1.0,1.0,25.0,1039.0,1.0,6.0,3.0,Valid license for this class vehicle,0.0,74.0,235.0,0.0,0.0,0.0,0.0,No Record,0.0,0.0,0.0,9.0,1.0,2.0,40.0,1.0,8.0,2.0,1.0,97.0,1.0,10.0,99.0,1.0,2.0,301.0,25.0,1.0,1.0,0.0,202305331407.0,12.0,7.0,10.0,0.0,1.0,1.0,14.0,67.0,1.0,0.0,1.0,20.0,0.0,12.0,2.0,0.0
250186,1,98,0.0,6.0,1.0,5997.0,-99.0,25.0,17.0,24.0,37.0,4.0,36.0,1.0,1.0,4.0,3.0,0.0,9.0,0.0,1.0,20.0,7.0,25.0,1.0,24.0,1.0,0.0,1HGCR2F33DA0,2013.0,474.0,1861.0,13.0,37.0,Honda,32.0,4.0,1.0,0.0,0.0,998.0,7.0,3.0,6.0,98.0,6.0,35.0,0.0,1.0,1.0,25.0,2021.0,1.0,6.0,3.0,Valid license for this class vehicle,0.0,70.0,254.0,0.0,0.0,0.0,0.0,No Record,0.0,0.0,0.0,3.0,6.0,1.0,25.0,2.0,8.0,2.0,1.0,0.0,10.0,16.0,99.0,1.0,4.0,998.0,25.0,2.0,1.0,0.0,202304691720.0,43.0,4.0,1.0,0.0,1.0,1.0,4.0,30.0,1.0,0.0,1.0,20.0,0.0,37.0,1.0,9.0
250190,1,99,99.0,0.0,1.0,1.0,-99.0,25.0,21.0,12.0,37.0,80.0,36.0,1.0,1.0,4.0,20.0,7.0,20.0,8.0,1.0,30.0,7.0,25.0,2.0,12.0,1.0,0.0,JH2SC57026M2,2006.0,474.0,11975.0,80.0,37.0,Honda,706.0,80.0,1.0,0.0,0.0,998.0,7.0,8.0,8.0,12.0,6.0,12.0,0.0,1.0,1.0,25.0,2072.0,1.0,6.0,2.0,No valid license for this class vehicle,0.0,74.0,184.0,0.0,1.0,0.0,2.0,February,2020.0,2.0,2020.0,9.0,1.0,2.0,45.0,1.0,6.0,2.0,1.0,97.0,1.0,62.0,99.0,1.0,1.0,402.0,25.0,2.0,1.0,0.0,202305125695.0,1.0,1.0,6.0,2.0,1.0,1.0,80.0,21.0,1.0,2.0,1.0,20.0,8.0,37.0,1.0,0.0
250191,1,1,96.0,36.0,1.0,3026.0,-99.0,25.0,21.0,12.0,34.0,14.0,50.0,1.0,1.0,4.0,3.0,0.0,8.0,0.0,0.0,0.0,7.0,25.0,3.0,12.0,2.0,0.0,5UXTR9C50KLP,2019.0,452.0,1719.0,7.0,34.0,BMW,402.0,14.0,1.0,0.0,0.0,998.0,0.0,3.0,5.0,61.0,6.0,42.0,0.0,0.0,1.0,25.0,1746.0,1.0,6.0,3.0,Valid license for this class vehicle,3.0,72.0,178.0,0.0,0.0,1.0,5.0,May,2019.0,7.0,2020.0,0.0,3.0,2.0,35.0,1.0,8.0,2.0,1.0,3.0,1.0,10.0,99.0,1.0,2.0,208.0,25.0,2.0,1.0,0.0,202304685425.0,12.0,4.0,1.0,0.0,1.0,1.0,14.0,55.0,2.0,0.0,1.0,20.0,0.0,34.0,2.0,0.0
250198,1,1,96.0,0.0,1.0,1059.0,-99.0,25.0,27.0,30.0,49.0,4.0,55.0,1.0,1.0,4.0,20.0,7.0,1.0,0.0,0.0,0.0,7.0,25.0,1.0,30.0,1.0,0.0,1NXBR32E88Z0,2008.0,448.0,2208.0,13.0,49.0,Toyota,32.0,4.0,1.0,0.0,0.0,998.0,7.0,0.0,0.0,12.0,6.0,30.0,0.0,0.0,1.0,25.0,1606.0,1.0,6.0,2.0,No valid license for this class vehicle,0.0,70.0,233.0,0.0,0.0,1.0,3.0,March,2019.0,12.0,2019.0,0.0,1.0,2.0,30.0,1.0,8.0,2.0,98.0,0.0,1.0,10.0,99.0,1.0,4.0,102.0,25.0,1.0,1.0,0.0,202305582438.0,12.0,6.0,11.0,0.0,1.0,1.0,4.0,64.0,2.0,0.0,1.0,20.0,0.0,49.0,2.0,0.0
250200,1,9,0.0,6.0,1.0,9995.0,-99.0,25.0,21.0,35.0,49.0,34.0,44.0,1.0,1.0,1.0,3.0,0.0,20.0,0.0,1.0,996.0,0.0,25.0,1.0,35.0,2.0,0.0,3TMCZ5AN1MM4,2021.0,448.0,2223.0,60.0,49.0,Toyota,472.0,34.0,1.0,0.0,0.0,998.0,7.0,0.0,0.0,98.0,6.0,42.0,0.0,1.0,1.0,25.0,1560.0,1.0,6.0,3.0,Valid license for this class vehicle,0.0,72.0,999.0,0.0,0.0,0.0,0.0,No Record,0.0,0.0,0.0,0.0,3.0,3.0,65.0,1.0,8.0,2.0,1.0,0.0,1.0,13.0,99.0,1.0,4.0,102.0,25.0,0.0,1.0,0.0,202305084427.0,12.0,6.0,6.0,0.0,1.0,1.0,34.0,24.0,2.0,0.0,1.0,20.0,0.0,49.0,2.0,0.0
250208,1,98,99.0,6.0,1.0,1083.0,29.0,25.0,13.0,30.0,35.0,6.0,27.0,1.0,1.0,4.0,20.0,7.0,8.0,1.0,8.0,0.0,7.0,25.0,1.0,30.0,1.0,0.0,JN1BJ1CR3JW2,2018.0,478.0,17214.0,5.0,35.0,Nissan/Datsun,51.0,6.0,1.0,0.0,0.0,107.0,7.0,3.0,1.0,12.0,6.0,30.0,0.0,0.0,1.0,25.0,1001.0,1.0,3.0,2.0,No valid license for this class vehicle,0.0,69.0,164.0,0.0,3.0,1.0,3.0,March,2021.0,5.0,2023.0,3.0,1.0,2.0,40.0,3.0,6.0,2.0,1.0,97.0,14.0,10.0,7.0,3.0,4.0,101.0,25.0,1.0,1.0,0.0,202305259671.0,12.0,1.0,5.0,0.0,1.0,1.0,6.0,68.0,2.0,0.0,1.0,20.0,0.0,35.0,2.0,0.0
250223,1,99,99.0,0.0,1.0,1059.0,-99.0,25.0,13.0,12.0,35.0,4.0,49.0,2.0,1.0,4.0,3.0,0.0,9.0,0.0,0.0,0.0,7.0,25.0,2.0,12.0,1.0,0.0,3N1CN8EV9ML8,2021.0,478.0,1894.0,13.0,35.0,Nissan/Datsun,50.0,4.0,1.0,0.0,0.0,998.0,0.0,0.0,0.0,12.0,6.0,12.0,0.0,0.0,1.0,25.0,1089.0,1.0,6.0,3.0,Valid license for this class vehicle,0.0,65.0,207.0,0.0,0.0,0.0,2.0,February,2022.0,6.0,2023.0,0.0,2.0,2.0,30.0,1.0,8.0,2.0,1.0,0.0,1.0,10.0,99.0,1.0,2.0,301.0,25.0,1.0,1.0,0.0,202304916014.0,12.0,6.0,1.0,0.0,4.0,1.0,4.0,20.0,2.0,0.0,1.0,20.0,0.0,35.0,1.0,0.0
250227,1,9,93.0,6.0,1.0,1.0,-99.0,25.0,23.0,42.0,20.0,34.0,24.0,1.0,1.0,4.0,20.0,7.0,20.0,0.0,1.0,232.0,7.0,25.0,1.0,42.0,1.0,0.0,1GCHK24UX1E1,2001.0,467.0,1850.0,60.0,20.0,Chevrolet,481.0,34.0,1.0,0.0,0.0,998.0,7.0,3.0,5.0,12.0,6.0,42.0,1.0,1.0,1.0,25.0,2351.0,1.0,6.0,3.0,Valid license for this class vehicle,0.0,70.0,173.0,0.0,0.0,0.0,0.0,No Record,0.0,0.0,0.0,9.0,1.0,2.0,35.0,2.0,8.0,2.0,2.0,97.0,14.0,10.0,7.0,2.0,4.0,101.0,25.0,1.0,1.0,0.0,202305293340.0,12.0,6.0,9.0,0.0,2.0,1.0,34.0,59.0,1.0,0.0,1.0,20.0,0.0,20.0,1.0,0.0
250233,1,98,96.0,0.0,1.0,1.0,-99.0,25.0,27.0,42.0,2.0,14.0,31.0,1.0,1.0,4.0,98.0,7.0,98.0,0.0,8.0,200.0,7.0,25.0,1.0,42.0,1.0,0.0,1J4FY19S8WP7,1998.0,483.0,1943.0,7.0,2.0,Jeep / Kaiser-Jeep / Willys- Jeep,403.0,14.0,1.0,0.0,0.0,998.0,7.0,0.0,0.0,12.0,6.0,2.0,1.0,1.0,1.0,25.0,1602.0,1.0,6.0,3.0,Valid license for this class vehicle,0.0,71.0,187.0,0.0,0.0,0.0,12.0,December,2021.0,12.0,2021.0,0.0,2.0,2.0,65.0,1.0,8.0,2.0,2.0,97.0,1.0,13.0,99.0,1.0,4.0,101.0,25.0,1.0,1.0,0.0,202304655111.0,12.0,5.0,1.0,3.0,1.0,1.0,14.0,45.0,1.0,0.0,1.0,20.0,0.0,2.0,2.0,0.0
250238,1,98,96.0,73.0,1.0,1.0,-99.0,25.0,17.0,18.0,37.0,4.0,17.0,1.0,1.0,4.0,98.0,7.0,98.0,7.0,8.0,192.0,7.0,25.0,1.0,18.0,1.0,0.0,2HGFB6E50FH7,2015.0,474.0,1863.0,13.0,37.0,Honda,31.0,4.0,1.0,0.0,0.0,998.0,7.0,0.0,0.0,12.0,7.0,18.0,0.0,1.0,1.0,25.0,1851.0,7.0,6.0,3.0,Valid license for this class vehicle,2.0,70.0,152.0,0.0,0.0,0.0,0.0,No Record,0.0,0.0,0.0,0.0,3.0,2.0,45.0,1.0,8.0,2.0,1.0,97.0,1.0,13.0,99.0,1.0,4.0,103.0,25.0,68.0,1.0,0.0,202305067047.0,12.0,4.0,6.0,2.0,1.0,1.0,4.0,32.0,1.0,2.0,1.0,20.0,0.0,37.0,2.0,0.0
250242,1,98,99.0,77.0,1.0,0.0,-99.0,25.0,17.0,42.0,49.0,20.0,40.0,1.0,1.0,4.0,20.0,7.0,9.0,0.0,9.0,996.0,7.0,25.0,1.0,42.0,1.0,0.0,5TDKK3DC9DS3,2013.0,448.0,2468.0,2.0,49.0,Toyota,442.0,20.0,1.0,0.0,0.0,998.0,7.0,0.0,0.0,98.0,6.0,42.0,0.0,0.0,1.0,25.0,1876.0,1.0,6.0,3.0,Valid license for this class vehicle,3.0,73.0,239.0,0.0,0.0,0.0,0.0,No Record,0.0,0.0,0.0,0.0,1.0,2.0,30.0,3.0,8.0,2.0,2.0,0.0,1.0,13.0,99.0,1.0,4.0,101.0,25.0,1.0,1.0,0.0,202304950199.0,12.0,4.0,5.0,0.0,1.0,1.0,20.0,37.0,1.0,0.0,1.0,20.0,0.0,49.0,2.0,0.0
250247,1,98,0.0,0.0,1.0,1.0,-99.0,25.0,13.0,33.0,35.0,4.0,28.0,2.0,1.0,4.0,99.0,7.0,20.0,1.0,8.0,175.0,7.0,25.0,1.0,33.0,1.0,0.0,1N4AL2AP8AN4,2010.0,478.0,1904.0,13.0,35.0,Nissan/Datsun,47.0,4.0,1.0,0.0,0.0,998.0,7.0,3.0,5.0,1.0,6.0,1.0,0.0,1.0,1.0,25.0,1109.0,1.0,6.0,3.0,Valid license for this class vehicle,0.0,61.0,143.0,0.0,0.0,0.0,0.0,No Record,0.0,0.0,0.0,3.0,1.0,4.0,35.0,3.0,8.0,2.0,1.0,97.0,14.0,6.0,99.0,1.0,4.0,101.0,25.0,1.0,1.0,0.0,202304986158.0,12.0,3.0,3.0,0.0,10.0,1.0,4.0,37.0,1.0,0.0,1.0,20.0,0.0,35.0,2.0,0.0
250258,1,0,0.0,0.0,1.0,1.0,-99.0,25.0,17.0,12.0,49.0,14.0,43.0,1.0,1.0,4.0,99.0,7.0,99.0,0.0,0.0,0.0,7.0,25.0,2.0,12.0,1.0,0.0,JTEHH20V1100,2001.0,448.0,2217.0,7.0,49.0,Toyota,402.0,14.0,1.0,0.0,0.0,998.0,0.0,0.0,0.0,12.0,6.0,12.0,1.0,0.0,1.0,25.0,2132.0,1.0,6.0,3.0,Valid license for this class vehicle,0.0,72.0,153.0,0.0,0.0,0.0,0.0,No Record,0.0,0.0,0.0,0.0,3.0,4.0,55.0,1.0,8.0,2.0,1.0,97.0,1.0,54.0,99.0,1.0,1.0,303.0,25.0,2.0,1.0,0.0,202305108960.0,12.0,1.0,7.0,2.0,1.0,1.0,14.0,22.0,1.0,2.0,1.0,9.0,0.0,49.0,1.0,2.0
250266,2,0,0.0,0.0,1.0,9995.0,-99.0,25.0,13.0,12.0,37.0,14.0,25.0,2.0,1.0,3.0,3.0,1.0,1.0,0.0,0.0,996.0,0.0,25.0,2.0,12.0,2.0,0.0,5J6RW2H56HL0,2017.0,474.0,1865.0,7.0,37.0,Honda,402.0,14.0,1.0,0.0,0.0,998.0,7.0,0.0,0.0,12.0,6.0,12.0,0.0,0.0,1.0,25.0,1129.0,1.0,6.0,3.0,Valid license for this class vehicle,0.0,65.0,999.0,0.0,0.0,0.0,0.0,No Record,0.0,0.0,0.0,0.0,1.0,4.0,35.0,1.0,8.0,2.0,1.0,0.0,11.0,15.0,99.0,1.0,1.0,401.0,25.0,0.0,1.0,0.0,202304712791.0,12.0,2.0,1.0,0.0,1.0,1.0,14.0,40.0,2.0,0.0,1.0,20.0,0.0,37.0,1.0,0.0
250267,3,0,99.0,0.0,1.0,9995.0,-99.0,25.0,23.0,12.0,2.0,14.0,64.0,2.0,1.0,0.0,3.0,0.0,20.0,0.0,0.0,996.0,0.0,25.0,3.0,12.0,1.0,0.0,1C4RJFAG4CC3,2012.0,483.0,1949.0,7.0,2.0,Jeep / Kaiser-Jeep / Willys- Jeep,404.0,14.0,1.0,0.0,0.0,998.0,7.0,0.0,0.0,14.0,6.0,54.0,0.0,0.0,1.0,25.0,2346.0,1.0,6.0,3.0,Valid license for this class vehicle,3.0,64.0,999.0,0.0,0.0,0.0,0.0,No Record,0.0,0.0,0.0,0.0,1.0,2.0,50.0,1.0,8.0,2.0,1.0,0.0,1.0,80.0,99.0,1.0,1.0,998.0,25.0,0.0,1.0,0.0,202304962437.0,12.0,6.0,5.0,1.0,1.0,1.0,14.0,58.0,2.0,0.0,1.0,20.0,0.0,2.0,1.0,0.0
250278,1,9,96.0,58.0,1.0,1.0,-99.0,25.0,7.0,42.0,35.0,4.0,17.0,1.0,1.0,4.0,3.0,0.0,8.0,0.0,0.0,0.0,7.0,25.0,1.0,42.0,1.0,0.0,1N4AL21E09N4,2009.0,478.0,1904.0,13.0,35.0,Nissan/Datsun,47.0,4.0,1.0,0.0,0.0,998.0,7.0,0.0,0.0,61.0,6.0,42.0,0.0,0.0,1.0,25.0,2575.0,2.0,6.0,3.0,Valid license for this class vehicle,1.0,68.0,999.0,0.0,0.0,0.0,0.0,No Record,0.0,0.0,0.0,5.0,1.0,2.0,30.0,2.0,8.0,2.0,1.0,97.0,14.0,10.0,7.0,2.0,4.0,101.0,25.0,3.0,1.0,0.0,202305086417.0,12.0,3.0,6.0,0.0,1.0,1.0,4.0,16.0,1.0,0.0,1.0,8.0,0.0,35.0,1.0,0.0
250290,1,0,0.0,0.0,1.0,0.0,-99.0,25.0,17.0,12.0,49.0,14.0,78.0,1.0,1.0,2.0,3.0,0.0,20.0,0.0,0.0,996.0,0.0,25.0,2.0,12.0,3.0,0.0,2T3WFREVXJW4,2018.0,448.0,2217.0,7.0,49.0,Toyota,402.0,14.0,1.0,0.0,0.0,998.0,7.0,0.0,0.0,12.0,7.0,12.0,0.0,0.0,1.0,12.0,33498.0,1.0,6.0,3.0,Valid license for this class vehicle,0.0,75.0,999.0,0.0,0.0,0.0,0.0,No Record,0.0,0.0,0.0,0.0,1.0,2.0,25.0,1.0,8.0,2.0,1.0,20.0,11.0,63.0,16.0,1.0,1.0,401.0,25.0,0.0,1.0,0.0,202304702630.0,12.0,5.0,1.0,0.0,1.0,1.0,14.0,18.0,2.0,0.0,1.0,20.0,0.0,49.0,2.0,0.0
250292,1,99,99.0,0.0,1.0,9995.0,-99.0,25.0,27.0,12.0,12.0,15.0,65.0,2.0,1.0,0.0,3.0,0.0,20.0,0.0,9.0,999.0,0.0,25.0,3.0,12.0,3.0,0.0,1FMSK8DH5LGB,2020.0,460.0,1800.0,7.0,12.0,Ford,425.0,15.0,1.0,0.0,0.0,998.0,0.0,0.0,0.0,61.0,7.0,12.0,0.0,0.0,1.0,25.0,1504.0,1.0,6.0,3.0,Valid license for this class vehicle,0.0,64.0,999.0,0.0,0.0,0.0,10.0,October,2020.0,10.0,2020.0,0.0,2.0,4.0,50.0,1.0,8.0,2.0,2.0,0.0,1.0,54.0,99.0,1.0,1.0,998.0,25.0,0.0,1.0,0.0,202305385910.0,12.0,4.0,9.0,0.0,1.0,1.0,15.0,64.0,1.0,0.0,1.0,20.0,0.0,12.0,2.0,98.0
250293,1,99,99.0,0.0,1.0,1117.0,-99.0,25.0,21.0,30.0,54.0,15.0,60.0,1.0,1.0,4.0,3.0,0.0,20.0,0.0,8.0,0.0,7.0,25.0,1.0,30.0,1.0,0.0,2HNYD2H28DH5,2013.0,475.0,2147.0,7.0,54.0,Acura,421.0,15.0,1.0,0.0,0.0,998.0,7.0,0.0,0.0,12.0,6.0,42.0,0.0,0.0,1.0,25.0,2131.0,1.0,6.0,3.0,Valid license for this class vehicle,0.0,67.0,999.0,0.0,0.0,0.0,0.0,No Record,0.0,0.0,0.0,0.0,3.0,2.0,50.0,1.0,8.0,2.0,1.0,0.0,1.0,13.0,99.0,1.0,4.0,101.0,25.0,2.0,1.0,0.0,202304801980.0,12.0,4.0,2.0,2.0,1.0,1.0,15.0,37.0,1.0,0.0,1.0,20.0,0.0,54.0,2.0,0.0
250300,1,98,96.0,0.0,1.0,5997.0,-99.0,25.0,21.0,26.0,49.0,4.0,32.0,2.0,1.0,4.0,20.0,7.0,9.0,2.0,0.0,231.0,7.0,25.0,1.0,26.0,2.0,0.0,2T1BURHE9EC1,2014.0,448.0,2208.0,13.0,49.0,Toyota,32.0,4.0,1.0,0.0,0.0,998.0,7.0,0.0,0.0,12.0,6.0,26.0,0.0,1.0,1.0,25.0,2093.0,1.0,6.0,3.0,Valid license for this class vehicle,0.0,62.0,137.0,0.0,0.0,0.0,0.0,No Record,0.0,0.0,0.0,0.0,3.0,4.0,55.0,1.0,8.0,2.0,2.0,0.0,1.0,13.0,99.0,1.0,4.0,101.0,25.0,1.0,1.0,0.0,202304803366.0,12.0,4.0,3.0,0.0,1.0,1.0,4.0,46.0,2.0,0.0,1.0,20.0,0.0,49.0,2.0,98.0
250305,1,98,99.0,0.0,1.0,1.0,-99.0,25.0,15.0,12.0,59.0,14.0,54.0,1.0,1.0,4.0,20.0,7.0,3.0,1.0,0.0,0.0,7.0,25.0,2.0,12.0,1.0,0.0,2T2BK1BA1BC1,2011.0,515.0,2214.0,7.0,59.0,Lexus,403.0,14.0,1.0,0.0,0.0,45.0,8.0,3.0,5.0,8.0,6.0,12.0,0.0,0.0,1.0,25.0,1007.0,1.0,6.0,3.0,Valid license for this class vehicle,0.0,66.0,237.0,0.0,0.0,0.0,0.0,No Record,0.0,0.0,0.0,0.0,1.0,2.0,40.0,1.0,1.0,2.0,1.0,4.0,1.0,66.0,99.0,1.0,1.0,504.0,25.0,1.0,1.0,0.0,202305250490.0,12.0,5.0,8.0,0.0,1.0,1.0,14.0,59.0,1.0,0.0,1.0,20.0,0.0,59.0,1.0,98.0
250306,1,9,99.0,39.0,1.0,5997.0,-99.0,25.0,13.0,24.0,37.0,2.0,28.0,2.0,1.0,4.0,3.0,0.0,9.0,0.0,1.0,210.0,7.0,25.0,1.0,24.0,2.0,0.0,2HGFG12869H5,2009.0,474.0,1863.0,3.0,37.0,Honda,31.0,2.0,1.0,0.0,0.0,998.0,7.0,3.0,5.0,98.0,6.0,3.0,0.0,1.0,1.0,9.0,6082.0,1.0,6.0,3.0,Valid license for this class vehicle,0.0,64.0,161.0,0.0,0.0,0.0,0.0,No Record,0.0,0.0,0.0,3.0,1.0,2.0,25.0,1.0,8.0,2.0,1.0,20.0,1.0,14.0,99.0,1.0,4.0,103.0,25.0,1.0,1.0,0.0,202305217875.0,38.0,1.0,9.0,2.0,1.0,1.0,2.0,19.0,1.0,2.0,1.0,1.0,0.0,37.0,1.0,2.0
250308,1,98,99.0,0.0,1.0,1.0,-99.0,25.0,1.0,33.0,48.0,14.0,18.0,2.0,1.0,4.0,3.0,0.0,9.0,0.0,8.0,241.0,7.0,25.0,1.0,33.0,1.0,0.0,JF2SJAEC7EH4,2014.0,523.0,2234.0,7.0,48.0,Subaru,401.0,14.0,1.0,0.0,0.0,998.0,7.0,0.0,0.0,12.0,6.0,42.0,0.0,1.0,1.0,25.0,2655.0,1.0,6.0,3.0,Valid license for this class vehicle,0.0,62.0,95.0,0.0,0.0,0.0,12.0,December,2021.0,12.0,2021.0,5.0,1.0,2.0,40.0,1.0,8.0,2.0,2.0,0.0,1.0,10.0,99.0,1.0,4.0,102.0,25.0,1.0,1.0,0.0,202304839908.0,12.0,3.0,3.0,0.0,1.0,1.0,14.0,71.0,2.0,0.0,1.0,20.0,0.0,48.0,1.0,0.0