ST_CASE,VEH_NO_x,DRIMPAIR_x,DRDISTRACT,DRIVERRF,PER_NO_x,DRUGRES,DRUGACTQTY,STATE_x,COUNTY,HARM_EV_x,MAKE_x,BODY_TYP_x,AGE,SEX,PER_TYP_x,INJ_SEV,REST_USE,REST_MIS,AIR_BAG_x,EJECTION,DRINKING,ALC_RES,HISPANIC,STATE_y,VE_FORMS,HARM_EV_y,NUMOCCS,HIT_RUN,VIN,MOD_YEAR,VPICMAKE,VPICMODEL,VPICBODYCLASS,MAKE_y,MAKENAME,MODEL,BODY_TYP_y,HAZ_INV,HAZ_PLAC,HAZ_ID,TRAV_SP,UNDEROVERRIDE,ROLLOVER,ROLINLOC,IMPACT1,DEFORMED,M_HARM,FIRE_EXP,DR_DRINK,DR_PRES,L_STATE,DR_ZIP,L_TYPE,L_STATUS,L_COMPL,L_COMPLNAME,L_RESTRI,DR_HGT,DR_WGT,PREV_DWI,PREV_SPD,PREV_OTH,FIRST_MO,FIRST_MONAME,FIRST_YR,LAST_MO,LAST_YR,SPEEDREL,VTRAFWAY,VNUM_LAN,VSPD_LIM,VALIGN,VPROFILE,VPAVETYP,VSURCOND,VTRAFCON,P_CRASH1,P_CRASH2,P_CRASH3,PCRASH4,PCRASH5,ACC_CONFIG,STATE,RACE,ORDER,MULTRACE,CASENUM,HARM_EV,DAY_WEEK,MONTH,MAXSEV_IM,WEATHR_IM,PER_NO_y,BODY_TYP,AGE_IM,SEX_IM,INJSEV_IM,PER_TYP_y,AIR_BAG_y,EJECT_IM,MAKE,VEH_NO_y,DRIMPAIR_y
250316,2,0,99.0,0.0,1.0,5997.0,-99.0,25.0,9.0,33.0,37.0,4.0,19.0,1.0,1.0,4.0,3.0,0.0,9.0,0.0,9.0,0.0,7.0,25.0,2.0,33.0,1.0,0.0,1HGCR2F88FA1,2015.0,474.0,1861.0,13.0,37.0,Honda,32.0,4.0,1.0,0.0,0.0,998.0,0.0,0.0,0.0,98.0,6.0,12.0,0.0,0.0,1.0,25.0,1844.0,1.0,6.0,3.0,Valid license for this class vehicle,0.0,76.0,278.0,0.0,1.0,0.0,4.0,April,2022.0,4.0,2022.0,0.0,1.0,2.0,20.0,2.0,8.0,2.0,1.0,0.0,14.0,10.0,99.0,1.0,4.0,102.0,25.0,1.0,1.0,0.0,202305085229.0,12.0,1.0,5.0,0.0,1.0,1.0,4.0,23.0,2.0,0.0,1.0,20.0,0.0,37.0,1.0,0.0
250324,1,98,96.0,0.0,1.0,1.0,-99.0,25.0,17.0,42.0,53.0,80.0,22.0,1.0,1.0,4.0,20.0,7.0,20.0,8.0,0.0,0.0,7.0,25.0,1.0,42.0,1.0,0.0,JS1GN7CA1521,2005.0,509.0,13162.0,80.0,53.0,Suzuki,705.0,80.0,1.0,0.0,0.0,60.0,7.0,8.0,8.0,98.0,6.0,42.0,0.0,0.0,1.0,25.0,1420.0,1.0,6.0,3.0,Valid license for this class vehicle,0.0,67.0,177.0,0.0,0.0,0.0,0.0,No Record,0.0,0.0,0.0,4.0,1.0,2.0,40.0,2.0,1.0,2.0,1.0,97.0,14.0,6.0,99.0,2.0,4.0,102.0,25.0,68.0,1.0,0.0,202305698136.0,12.0,1.0,12.0,2.0,1.0,1.0,80.0,27.0,1.0,0.0,1.0,20.0,8.0,53.0,2.0,0.0
250331,1,98,99.0,28.0,1.0,1.0,-99.0,25.0,1.0,12.0,63.0,4.0,39.0,2.0,1.0,4.0,20.0,7.0,9.0,0.0,9.0,152.0,7.0,25.0,3.0,12.0,1.0,0.0,5XXG64J2XPG1,2023.0,499.0,27527.0,13.0,63.0,KIA,398.0,4.0,1.0,0.0,0.0,998.0,8.0,0.0,0.0,12.0,6.0,12.0,0.0,1.0,1.0,25.0,2632.0,1.0,6.0,3.0,Valid license for this class vehicle,0.0,71.0,190.0,0.0,0.0,0.0,0.0,No Record,0.0,0.0,0.0,0.0,1.0,2.0,35.0,1.0,8.0,2.0,1.0,0.0,1.0,10.0,99.0,1.0,2.0,301.0,25.0,1.0,1.0,0.0,202305081716.0,12.0,6.0,7.0,0.0,1.0,1.0,4.0,23.0,2.0,0.0,1.0,20.0,0.0,63.0,1.0,0.0
250335,1,98,10.0,0.0,1.0,0.0,-99.0,25.0,9.0,42.0,49.0,4.0,33.0,2.0,1.0,2.0,20.0,7.0,8.0,0.0,1.0,996.0,0.0,25.0,1.0,42.0,2.0,0.0,4T1BF1FK9HU4,2017.0,448.0,2469.0,13.0,49.0,Toyota,40.0,4.0,1.0,0.0,0.0,998.0,7.0,0.0,0.0,12.0,6.0,42.0,0.0,1.0,1.0,33.0,3060.0,1.0,6.0,3.0,Valid license for this class vehicle,0.0,64.0,180.0,0.0,1.0,0.0,5.0,May,2019.0,5.0,2019.0,0.0,2.0,3.0,65.0,1.0,8.0,2.0,1.0,97.0,1.0,12.0,99.0,1.0,4.0,102.0,25.0,0.0,1.0,0.0,202304840240.0,8.0,4.0,3.0,1.0,1.0,1.0,4.0,26.0,1.0,0.0,1.0,20.0,0.0,49.0,1.0,0.0
250341,1,1,0.0,0.0,1.0,3026.0,-99.0,25.0,13.0,38.0,54.0,4.0,58.0,1.0,1.0,4.0,3.0,0.0,20.0,0.0,0.0,0.0,7.0,25.0,1.0,38.0,1.0,0.0,JH4CU2F69AC0,2010.0,475.0,1874.0,13.0,54.0,Acura,39.0,4.0,1.0,0.0,0.0,998.0,7.0,0.0,0.0,98.0,6.0,3.0,0.0,0.0,1.0,25.0,1075.0,1.0,6.0,3.0,Valid license for this class vehicle,0.0,70.0,184.0,0.0,0.0,0.0,0.0,No Record,0.0,0.0,0.0,0.0,1.0,2.0,25.0,2.0,8.0,2.0,1.0,97.0,14.0,8.0,99.0,1.0,4.0,102.0,25.0,1.0,1.0,0.0,202305011743.0,12.0,7.0,6.0,0.0,10.0,1.0,4.0,39.0,1.0,0.0,1.0,20.0,0.0,54.0,1.0,0.0
260018,1,99,99.0,0.0,1.0,9995.0,-99.0,26.0,163.0,1.0,35.0,4.0,33.0,2.0,1.0,4.0,99.0,7.0,20.0,3.0,0.0,995.0,2.0,26.0,1.0,1.0,1.0,0.0,3N1AB8CV4MY2,2021.0,478.0,1907.0,13.0,35.0,Nissan/Datsun,43.0,4.0,1.0,0.0,0.0,998.0,7.0,3.0,5.0,0.0,6.0,1.0,0.0,0.0,1.0,26.0,48195.0,0.0,0.0,0.0,Not licensed,0.0,60.0,127.0,0.0,0.0,0.0,0.0,No Record,0.0,0.0,0.0,5.0,1.0,2.0,30.0,1.0,8.0,8.0,1.0,97.0,6.0,6.0,99.0,9.0,4.0,101.0,26.0,1.0,1.0,0.0,202304884415.0,12.0,1.0,4.0,0.0,1.0,1.0,4.0,71.0,1.0,0.0,1.0,20.0,0.0,35.0,1.0,0.0
260020,1,99,99.0,6.0,1.0,5063.0,-99.0,26.0,139.0,3.0,35.0,14.0,52.0,1.0,1.0,4.0,3.0,0.0,1.0,0.0,1.0,180.0,99.0,26.0,1.0,3.0,3.0,0.0,JN1BJ1CV1LW2,2020.0,478.0,17214.0,5.0,35.0,Nissan/Datsun,404.0,14.0,1.0,0.0,0.0,998.0,7.0,0.0,0.0,0.0,6.0,3.0,0.0,1.0,1.0,26.0,49078.0,0.0,0.0,0.0,Not licensed,0.0,69.0,160.0,0.0,0.0,0.0,0.0,No Record,0.0,0.0,0.0,0.0,1.0,2.0,25.0,1.0,1.0,2.0,99.0,97.0,1.0,14.0,99.0,1.0,4.0,0.0,26.0,1.0,1.0,0.0,202304716316.0,12.0,3.0,1.0,1.0,1.0,1.0,14.0,78.0,2.0,1.0,1.0,8.0,0.0,35.0,1.0,0.0
260036,1,0,0.0,0.0,1.0,0.0,-99.0,26.0,115.0,12.0,12.0,14.0,34.0,2.0,1.0,0.0,3.0,0.0,7.0,0.0,0.0,0.0,0.0,26.0,2.0,12.0,1.0,0.0,1FMCU9GD5KUA,2019.0,460.0,1798.0,7.0,12.0,Ford,402.0,14.0,1.0,0.0,0.0,998.0,8.0,0.0,0.0,12.0,6.0,12.0,0.0,0.0,1.0,26.0,48134.0,1.0,6.0,3.0,Valid license for this class vehicle,0.0,63.0,150.0,0.0,0.0,0.0,0.0,No Record,0.0,0.0,0.0,0.0,1.0,2.0,45.0,1.0,1.0,2.0,4.0,97.0,1.0,62.0,99.0,1.0,1.0,302.0,26.0,0.0,1.0,0.0,202304704523.0,12.0,5.0,1.0,1.0,4.0,1.0,14.0,57.0,2.0,1.0,1.0,9.0,0.0,12.0,2.0,0.0
260036,2,99,99.0,28.0,1.0,5997.0,-99.0,26.0,115.0,12.0,37.0,4.0,25.0,2.0,1.0,4.0,3.0,0.0,1.0,0.0,1.0,0.0,7.0,26.0,2.0,12.0,1.0,0.0,1HGFA16548L0,2008.0,474.0,1863.0,13.0,37.0,Honda,31.0,4.0,1.0,0.0,0.0,998.0,8.0,0.0,0.0,12.0,6.0,12.0,0.0,1.0,1.0,26.0,48162.0,1.0,6.0,3.0,Valid license for this class vehicle,0.0,64.0,245.0,0.0,0.0,0.0,0.0,No Record,0.0,0.0,0.0,5.0,1.0,2.0,45.0,1.0,1.0,2.0,4.0,97.0,1.0,10.0,99.0,1.0,2.0,301.0,26.0,2.0,1.0,0.0,202305204929.0,9.0,7.0,8.0,3.0,1.0,1.0,4.0,28.0,1.0,0.0,1.0,20.0,0.0,37.0,1.0,98.0
260051,2,0,0.0,0.0,1.0,1035.0,-99.0,26.0,49.0,12.0,12.0,14.0,82.0,1.0,1.0,4.0,3.0,0.0,8.0,0.0,0.0,0.0,7.0,26.0,3.0,12.0,1.0,0.0,1FMCU0G60LUC,2020.0,460.0,1798.0,7.0,12.0,Ford,402.0,14.0,1.0,0.0,0.0,998.0,8.0,3.0,1.0,12.0,6.0,12.0,0.0,0.0,1.0,26.0,48420.0,1.0,6.0,3.0,Valid license for this class vehicle,0.0,72.0,220.0,0.0,0.0,0.0,0.0,No Record,0.0,0.0,0.0,9.0,1.0,2.0,98.0,1.0,8.0,8.0,1.0,3.0,1.0,66.0,99.0,1.0,1.0,503.0,26.0,1.0,1.0,0.0,202305017245.0,12.0,1.0,6.0,2.0,2.0,1.0,14.0,80.0,2.0,2.0,1.0,8.0,0.0,12.0,1.0,0.0
260059,1,0,0.0,38.0,1.0,1083.0,17.0,26.0,151.0,12.0,20.0,34.0,52.0,1.0,1.0,4.0,3.0,0.0,20.0,0.0,0.0,0.0,99.0,26.0,2.0,12.0,1.0,0.0,1GCCT19W7181,2001.0,467.0,11483.0,60.0,20.0,Chevrolet,471.0,34.0,1.0,0.0,0.0,998.0,8.0,0.0,0.0,63.0,6.0,12.0,0.0,0.0,1.0,13.0,30705.0,1.0,6.0,3.0,Valid license for this class vehicle,3.0,999.0,999.0,0.0,0.0,2.0,4.0,April,2019.0,10.0,2021.0,0.0,1.0,2.0,55.0,1.0,1.0,4.0,1.0,20.0,11.0,15.0,99.0,1.0,1.0,414.0,26.0,1.0,1.0,0.0,202304822239.0,12.0,3.0,1.0,4.0,1.0,1.0,34.0,52.0,1.0,4.0,1.0,20.0,0.0,20.0,1.0,0.0
260062,1,10,99.0,0.0,1.0,9995.0,-99.0,26.0,145.0,12.0,20.0,4.0,74.0,2.0,1.0,4.0,99.0,7.0,1.0,0.0,0.0,995.0,1.0,26.0,3.0,12.0,1.0,0.0,1G1PF5SC8C73,2012.0,467.0,1832.0,13.0,20.0,Chevrolet,25.0,4.0,1.0,0.0,0.0,998.0,8.0,0.0,0.0,12.0,6.0,12.0,0.0,0.0,1.0,26.0,48601.0,1.0,6.0,3.0,Valid license for this class vehicle,0.0,59.0,143.0,0.0,0.0,0.0,0.0,No Record,0.0,0.0,0.0,9.0,1.0,2.0,35.0,1.0,1.0,1.0,1.0,3.0,10.0,16.0,99.0,1.0,1.0,416.0,26.0,1.0,1.0,0.0,202305296279.0,12.0,2.0,10.0,1.0,10.0,1.0,4.0,23.0,2.0,0.0,1.0,20.0,0.0,20.0,2.0,0.0
260062,2,8,0.0,0.0,1.0,0.0,-99.0,26.0,145.0,12.0,20.0,15.0,70.0,2.0,1.0,1.0,99.0,7.0,1.0,0.0,0.0,996.0,0.0,26.0,3.0,12.0,2.0,0.0,1GNFK13007R2,2007.0,467.0,1852.0,7.0,20.0,Chevrolet,421.0,15.0,1.0,0.0,0.0,998.0,8.0,0.0,0.0,12.0,4.0,12.0,0.0,0.0,1.0,26.0,48604.0,1.0,6.0,3.0,Valid license for this class vehicle,0.0,62.0,168.0,0.0,0.0,0.0,0.0,No Record,0.0,0.0,0.0,0.0,1.0,3.0,45.0,1.0,1.0,1.0,1.0,3.0,1.0,62.0,99.0,1.0,1.0,998.0,26.0,0.0,1.0,0.0,202305384210.0,12.0,2.0,8.0,4.0,1.0,1.0,15.0,36.0,1.0,0.0,1.0,9.0,0.0,20.0,3.0,98.0
260067,1,10,99.0,0.0,1.0,9995.0,-99.0,26.0,75.0,1.0,34.0,4.0,42.0,1.0,1.0,4.0,20.0,7.0,1.0,1.0,0.0,995.0,7.0,26.0,2.0,1.0,2.0,0.0,WBAHL83556DT,2006.0,452.0,1722.0,13.0,34.0,BMW,37.0,4.0,1.0,0.0,0.0,998.0,7.0,3.0,3.0,0.0,6.0,1.0,0.0,0.0,1.0,26.0,49246.0,1.0,2.0,2.0,No valid license for this class vehicle,0.0,70.0,200.0,0.0,0.0,0.0,0.0,No Record,0.0,0.0,0.0,5.0,2.0,2.0,70.0,1.0,8.0,8.0,1.0,97.0,1.0,9.0,99.0,5.0,4.0,102.0,26.0,1.0,1.0,0.0,202304851476.0,12.0,2.0,3.0,0.0,1.0,1.0,4.0,39.0,1.0,0.0,1.0,1.0,0.0,34.0,2.0,0.0
260087,1,8,0.0,51.0,1.0,9998.0,-99.0,26.0,47.0,12.0,2.0,14.0,78.0,1.0,1.0,2.0,99.0,7.0,8.0,0.0,0.0,0.0,0.0,26.0,4.0,12.0,2.0,0.0,1J8HG48K87C6,2007.0,483.0,1948.0,7.0,2.0,Jeep / Kaiser-Jeep / Willys- Jeep,406.0,14.0,1.0,0.0,0.0,998.0,8.0,0.0,0.0,12.0,6.0,12.0,0.0,0.0,1.0,26.0,49706.0,1.0,6.0,3.0,Valid license for this class vehicle,3.0,70.0,160.0,0.0,0.0,0.0,0.0,No Record,0.0,0.0,0.0,0.0,3.0,2.0,75.0,1.0,8.0,2.0,2.0,97.0,1.0,10.0,6.0,1.0,2.0,301.0,26.0,0.0,1.0,0.0,202304973643.0,12.0,4.0,5.0,2.0,1.0,1.0,14.0,21.0,1.0,0.0,1.0,20.0,0.0,2.0,2.0,0.0
260100,1,99,99.0,0.0,1.0,3022.0,-99.0,26.0,25.0,42.0,20.0,4.0,20.0,1.0,1.0,4.0,99.0,7.0,8.0,3.0,1.0,140.0,7.0,26.0,1.0,42.0,1.0,0.0,1G1ZD5ST8LF0,2020.0,467.0,1834.0,13.0,20.0,Chevrolet,37.0,4.0,1.0,0.0,0.0,998.0,7.0,0.0,0.0,12.0,6.0,42.0,0.0,1.0,1.0,26.0,49224.0,1.0,6.0,3.0,Valid license for this class vehicle,3.0,69.0,220.0,0.0,3.0,0.0,9.0,September,2020.0,6.0,2021.0,5.0,1.0,2.0,55.0,1.0,1.0,2.0,1.0,97.0,1.0,6.0,99.0,9.0,4.0,102.0,26.0,97.0,1.0,0.0,202305300449.0,12.0,5.0,7.0,0.0,1.0,1.0,4.0,50.0,1.0,0.0,1.0,20.0,0.0,20.0,1.0,0.0
260106,1,99,99.0,28.0,1.0,9995.0,-99.0,26.0,125.0,12.0,20.0,4.0,29.0,2.0,1.0,4.0,99.0,7.0,99.0,0.0,1.0,178.0,7.0,26.0,2.0,12.0,1.0,0.0,1G1ZD5ST1KF1,2019.0,467.0,1834.0,13.0,20.0,Chevrolet,37.0,4.0,1.0,0.0,0.0,998.0,0.0,0.0,0.0,2.0,6.0,42.0,1.0,1.0,1.0,26.0,48638.0,1.0,6.0,3.0,Valid license for this class vehicle,3.0,62.0,171.0,0.0,1.0,1.0,5.0,May,2018.0,12.0,2021.0,0.0,3.0,4.0,70.0,1.0,1.0,2.0,1.0,97.0,15.0,11.0,99.0,1.0,2.0,207.0,26.0,2.0,1.0,0.0,202304881283.0,12.0,5.0,4.0,0.0,1.0,1.0,4.0,57.0,1.0,0.0,1.0,20.0,0.0,20.0,1.0,0.0
260106,2,0,0.0,0.0,1.0,1.0,-99.0,26.0,125.0,12.0,30.0,4.0,25.0,1.0,1.0,0.0,3.0,0.0,3.0,0.0,0.0,0.0,0.0,26.0,2.0,12.0,2.0,0.0,1VWBT7A31HC0,2017.0,482.0,3134.0,13.0,30.0,Volkswagen,46.0,4.0,1.0,0.0,0.0,998.0,0.0,0.0,0.0,7.0,6.0,12.0,0.0,0.0,1.0,26.0,48165.0,1.0,6.0,3.0,Valid license for this class vehicle,0.0,67.0,148.0,0.0,0.0,0.0,0.0,No Record,0.0,0.0,0.0,0.0,3.0,4.0,70.0,1.0,1.0,2.0,1.0,97.0,1.0,60.0,99.0,1.0,1.0,208.0,26.0,0.0,1.0,0.0,202304785687.0,12.0,3.0,2.0,0.0,10.0,1.0,4.0,21.0,1.0,0.0,1.0,20.0,0.0,30.0,2.0,99.0
260110,1,99,99.0,39.0,1.0,9995.0,-99.0,26.0,125.0,43.0,7.0,6.0,85.0,2.0,1.0,4.0,3.0,0.0,3.0,0.0,0.0,995.0,7.0,26.0,1.0,43.0,1.0,0.0,3C4PDCAB7FT6,2015.0,476.0,1939.0,7.0,7.0,Dodge,27.0,6.0,1.0,0.0,0.0,998.0,7.0,0.0,0.0,12.0,6.0,42.0,0.0,0.0,1.0,26.0,48314.0,1.0,6.0,3.0,Valid license for this class vehicle,0.0,65.0,140.0,0.0,0.0,0.0,0.0,No Record,0.0,0.0,0.0,5.0,1.0,2.0,55.0,1.0,1.0,2.0,1.0,20.0,1.0,14.0,99.0,1.0,4.0,103.0,26.0,1.0,1.0,0.0,202304913618.0,59.0,1.0,5.0,2.0,10.0,1.0,6.0,76.0,1.0,0.0,1.0,20.0,0.0,7.0,1.0,0.0
260114,1,0,0.0,39.0,1.0,1.0,-99.0,26.0,121.0,12.0,20.0,4.0,52.0,2.0,1.0,4.0,3.0,0.0,3.0,0.0,0.0,997.0,7.0,26.0,3.0,12.0,1.0,0.0,1G1PC5SH4C72,2012.0,467.0,1832.0,13.0,20.0,Chevrolet,25.0,4.0,1.0,0.0,0.0,998.0,0.0,0.0,0.0,9.0,7.0,12.0,0.0,0.0,1.0,26.0,49437.0,1.0,6.0,3.0,Valid license for this class vehicle,3.0,63.0,182.0,0.0,0.0,0.0,10.0,October,2022.0,10.0,2022.0,0.0,1.0,3.0,55.0,1.0,8.0,2.0,1.0,3.0,1.0,17.0,99.0,1.0,1.0,504.0,26.0,1.0,1.0,0.0,202305452856.0,12.0,6.0,12.0,0.0,1.0,1.0,4.0,18.0,2.0,0.0,1.0,99.0,0.0,20.0,2.0,99.0
260120,1,99,99.0,40.0,1.0,9995.0,-99.0,26.0,161.0,10.0,12.0,4.0,89.0,1.0,1.0,4.0,3.0,0.0,8.0,0.0,0.0,995.0,7.0,26.0,1.0,10.0,1.0,0.0,3FAHP0HA1CR2,2012.0,460.0,1780.0,13.0,12.0,Ford,23.0,4.0,1.0,0.0,0.0,998.0,7.0,0.0,0.0,61.0,6.0,10.0,0.0,0.0,1.0,26.0,48111.0,1.0,6.0,3.0,Valid license for this class vehicle,3.0,66.0,102.0,0.0,0.0,0.0,0.0,No Record,0.0,0.0,0.0,0.0,1.0,2.0,50.0,1.0,1.0,2.0,1.0,65.0,1.0,90.0,99.0,1.0,1.0,103.0,26.0,1.0,1.0,0.0,202305124737.0,12.0,5.0,7.0,2.0,1.0,1.0,4.0,35.0,1.0,2.0,1.0,9.0,0.0,12.0,1.0,0.0
260122,1,99,99.0,0.0,1.0,3053.0,-99.0,26.0,139.0,42.0,22.0,4.0,61.0,1.0,1.0,4.0,20.0,7.0,1.0,0.0,0.0,0.0,7.0,26.0,1.0,42.0,1.0,0.0,1G2ZG528X541,2005.0,536.0,4263.0,13.0,22.0,Pontiac,22.0,4.0,1.0,0.0,0.0,998.0,7.0,0.0,0.0,12.0,6.0,42.0,0.0,0.0,1.0,26.0,49344.0,1.0,6.0,3.0,Valid license for this class vehicle,0.0,69.0,185.0,0.0,0.0,0.0,0.0,No Record,0.0,0.0,0.0,5.0,1.0,2.0,55.0,3.0,1.0,2.0,2.0,97.0,2.0,13.0,99.0,1.0,4.0,101.0,26.0,1.0,1.0,0.0,202305193423.0,12.0,1.0,8.0,2.0,1.0,1.0,4.0,34.0,1.0,2.0,1.0,1.0,0.0,22.0,1.0,98.0
260131,2,0,0.0,0.0,1.0,0.0,-99.0,26.0,163.0,25.0,82.0,66.0,46.0,1.0,1.0,0.0,3.0,0.0,20.0,0.0,0.0,996.0,0.0,26.0,2.0,25.0,1.0,0.0,1FUJHHDR3NLM,2022.0,450.0,2501.0,66.0,82.0,Freightliner,881.0,66.0,1.0,0.0,0.0,998.0,0.0,0.0,0.0,12.0,6.0,12.0,0.0,0.0,1.0,95.0,0.0,9.0,9.0,9.0,Unknown,9.0,999.0,999.0,99.0,99.0,99.0,99.0,Unknown,9999.0,99.0,9999.0,0.0,3.0,3.0,70.0,1.0,8.0,8.0,4.0,97.0,1.0,61.0,6.0,1.0,1.0,998.0,26.0,0.0,1.0,0.0,202304876650.0,12.0,5.0,4.0,0.0,10.0,1.0,66.0,37.0,1.0,0.0,1.0,20.0,0.0,82.0,1.0,0.0
260135,1,10,99.0,0.0,1.0,0.0,-99.0,26.0,151.0,35.0,20.0,34.0,25.0,1.0,1.0,4.0,20.0,7.0,20.0,0.0,0.0,996.0,7.0,26.0,1.0,35.0,1.0,0.0,1GCCT19X5381,2003.0,467.0,11483.0,60.0,20.0,Chevrolet,471.0,34.0,1.0,0.0,0.0,998.0,7.0,3.0,5.0,98.0,6.0,1.0,0.0,0.0,1.0,26.0,48472.0,1.0,6.0,3.0,Valid license for this class vehicle,3.0,67.0,145.0,0.0,1.0,0.0,7.0,July,2021.0,2.0,2023.0,0.0,1.0,2.0,55.0,1.0,2.0,2.0,1.0,97.0,1.0,8.0,99.0,9.0,4.0,101.0,26.0,1.0,1.0,0.0,202304914787.0,35.0,4.0,3.0,4.0,10.0,1.0,34.0,25.0,1.0,4.0,1.0,20.0,0.0,20.0,1.0,10.0
260141,1,99,92.0,36.0,1.0,5062.0,45.0,26.0,161.0,12.0,35.0,4.0,25.0,1.0,1.0,2.0,3.0,0.0,8.0,0.0,1.0,85.0,0.0,26.0,2.0,12.0,1.0,0.0,1N4BL4BV2LC2,2020.0,478.0,1904.0,13.0,35.0,Nissan/Datsun,47.0,4.0,1.0,0.0,0.0,998.0,8.0,0.0,0.0,12.0,6.0,12.0,0.0,1.0,1.0,26.0,48198.0,1.0,2.0,2.0,No valid license for this class vehicle,0.0,69.0,145.0,2.0,1.0,0.0,7.0,July,2019.0,1.0,2023.0,0.0,2.0,2.0,55.0,1.0,1.0,2.0,1.0,97.0,1.0,51.0,99.0,1.0,1.0,202.0,26.0,0.0,1.0,0.0,202304861927.0,8.0,4.0,4.0,2.0,1.0,1.0,4.0,23.0,1.0,0.0,1.0,20.0,0.0,35.0,1.0,0.0
260155,1,0,0.0,0.0,1.0,0.0,-99.0,26.0,111.0,12.0,18.0,4.0,20.0,2.0,1.0,3.0,3.0,0.0,20.0,0.0,0.0,996.0,0.0,26.0,2.0,12.0,1.0,0.0,2G4WD5321512,2005.0,468.0,1821.0,13.0,18.0,Buick / Opel,22.0,4.0,1.0,0.0,0.0,998.0,0.0,0.0,0.0,3.0,6.0,12.0,0.0,0.0,1.0,26.0,48640.0,1.0,3.0,2.0,No valid license for this class vehicle,0.0,61.0,120.0,0.0,0.0,0.0,0.0,No Record,0.0,0.0,0.0,5.0,1.0,2.0,55.0,1.0,8.0,2.0,10.0,97.0,1.0,6.0,99.0,4.0,2.0,301.0,26.0,0.0,1.0,0.0,202305410442.0,12.0,2.0,10.0,0.0,1.0,1.0,4.0,33.0,1.0,0.0,1.0,20.0,0.0,18.0,1.0,98.0
260156,1,0,0.0,28.0,1.0,9995.0,-99.0,26.0,15.0,12.0,12.0,20.0,62.0,1.0,1.0,4.0,3.0,0.0,1.0,0.0,0.0,995.0,7.0,26.0,3.0,12.0,1.0,0.0,NM0LE7E71G12,2016.0,460.0,1811.0,95.0,12.0,Ford,444.0,20.0,1.0,0.0,0.0,998.0,8.0,0.0,0.0,12.0,6.0,12.0,0.0,0.0,1.0,26.0,49428.0,1.0,6.0,3.0,Valid license for this class vehicle,0.0,70.0,210.0,0.0,0.0,0.0,9.0,September,2018.0,3.0,2022.0,0.0,1.0,2.0,55.0,1.0,1.0,2.0,2.0,97.0,1.0,62.0,99.0,1.0,1.0,302.0,26.0,1.0,1.0,0.0,202305238117.0,12.0,3.0,9.0,0.0,1.0,1.0,20.0,23.0,1.0,0.0,1.0,20.0,0.0,12.0,2.0,0.0
260161,1,99,99.0,38.0,1.0,9997.0,-99.0,26.0,1.0,12.0,12.0,14.0,62.0,2.0,1.0,4.0,20.0,7.0,8.0,0.0,0.0,997.0,99.0,26.0,2.0,12.0,1.0,0.0,MAJ3P1TE0JC2,2018.0,460.0,17774.0,7.0,12.0,Ford,403.0,14.0,1.0,0.0,0.0,998.0,8.0,0.0,0.0,12.0,6.0,12.0,0.0,0.0,1.0,26.0,48621.0,1.0,6.0,3.0,Valid license for this class vehicle,3.0,63.0,265.0,0.0,1.0,0.0,5.0,May,2019.0,5.0,2019.0,0.0,1.0,3.0,65.0,1.0,8.0,8.0,1.0,97.0,11.0,15.0,99.0,1.0,1.0,401.0,26.0,1.0,1.0,0.0,202304841746.0,12.0,1.0,3.0,4.0,1.0,1.0,14.0,62.0,2.0,4.0,1.0,8.0,0.0,12.0,1.0,99.0
260161,2,0,0.0,0.0,1.0,9997.0,-99.0,26.0,1.0,12.0,12.0,4.0,29.0,1.0,1.0,3.0,3.0,0.0,8.0,0.0,0.0,997.0,0.0,26.0,2.0,12.0,1.0,0.0,3FA6P0H77ER1,2014.0,460.0,1780.0,13.0,12.0,Ford,23.0,4.0,1.0,0.0,0.0,998.0,8.0,0.0,0.0,12.0,6.0,12.0,0.0,0.0,1.0,26.0,49744.0,1.0,6.0,3.0,Valid license for this class vehicle,0.0,75.0,350.0,0.0,0.0,0.0,0.0,No Record,0.0,0.0,0.0,0.0,1.0,3.0,65.0,1.0,8.0,8.0,1.0,97.0,1.0,62.0,99.0,1.0,1.0,402.0,26.0,0.0,1.0,0.0,202304841746.0,12.0,1.0,3.0,4.0,1.0,1.0,4.0,29.0,1.0,3.0,1.0,8.0,0.0,12.0,2.0,0.0
260177,1,99,99.0,0.0,1.0,3034.0,-99.0,26.0,117.0,1.0,7.0,4.0,26.0,1.0,1.0,4.0,99.0,7.0,8.0,1.0,1.0,115.0,7.0,26.0,1.0,1.0,1.0,0.0,1C3CDFBA9DD3,2013.0,476.0,2054.0,13.0,7.0,Dodge,29.0,4.0,1.0,0.0,0.0,998.0,7.0,3.0,5.0,0.0,6.0,1.0,0.0,1.0,1.0,26.0,48801.0,1.0,6.0,3.0,Valid license for this class vehicle,0.0,71.0,230.0,0.0,1.0,0.0,3.0,March,2023.0,3.0,2023.0,9.0,1.0,2.0,55.0,1.0,8.0,8.0,2.0,97.0,1.0,12.0,1.0,1.0,4.0,102.0,26.0,1.0,1.0,0.0,202305315383.0,12.0,3.0,6.0,2.0,1.0,1.0,4.0,47.0,1.0,0.0,1.0,99.0,0.0,7.0,1.0,99.0