ST_CASE,VEH_NO_x,DRIMPAIR_x,DRDISTRACT,DRIVERRF,PER_NO_x,DRUGRES,DRUGACTQTY,STATE_x,COUNTY,HARM_EV_x,MAKE_x,BODY_TYP_x,AGE,SEX,PER_TYP_x,INJ_SEV,REST_USE,REST_MIS,AIR_BAG_x,EJECTION,DRINKING,ALC_RES,HISPANIC,STATE_y,VE_FORMS,HARM_EV_y,NUMOCCS,HIT_RUN,VIN,MOD_YEAR,VPICMAKE,VPICMODEL,VPICBODYCLASS,MAKE_y,MAKENAME,MODEL,BODY_TYP_y,HAZ_INV,HAZ_PLAC,HAZ_ID,TRAV_SP,UNDEROVERRIDE,ROLLOVER,ROLINLOC,IMPACT1,DEFORMED,M_HARM,FIRE_EXP,DR_DRINK,DR_PRES,L_STATE,DR_ZIP,L_TYPE,L_STATUS,L_COMPL,L_COMPLNAME,L_RESTRI,DR_HGT,DR_WGT,PREV_DWI,PREV_SPD,PREV_OTH,FIRST_MO,FIRST_MONAME,FIRST_YR,LAST_MO,LAST_YR,SPEEDREL,VTRAFWAY,VNUM_LAN,VSPD_LIM,VALIGN,VPROFILE,VPAVETYP,VSURCOND,VTRAFCON,P_CRASH1,P_CRASH2,P_CRASH3,PCRASH4,PCRASH5,ACC_CONFIG,STATE,RACE,ORDER,MULTRACE,CASENUM,HARM_EV,DAY_WEEK,MONTH,MAXSEV_IM,WEATHR_IM,PER_NO_y,BODY_TYP,AGE_IM,SEX_IM,INJSEV_IM,PER_TYP_y,AIR_BAG_y,EJECT_IM,MAKE,VEH_NO_y,DRIMPAIR_y
260371,1,99,0.0,0.0,1.0,9995.0,-99.0,26.0,163.0,12.0,37.0,80.0,31.0,1.0,1.0,4.0,20.0,7.0,20.0,8.0,0.0,995.0,7.0,26.0,2.0,12.0,1.0,0.0,JH2SC57076M2,2006.0,474.0,11975.0,80.0,37.0,Honda,706.0,80.0,1.0,0.0,0.0,998.0,7.0,8.0,8.0,12.0,6.0,12.0,0.0,0.0,1.0,26.0,48238.0,1.0,6.0,3.0,Valid license for this class vehicle,0.0,74.0,300.0,0.0,1.0,0.0,12.0,December,2018.0,12.0,2018.0,0.0,3.0,4.0,70.0,1.0,1.0,1.0,1.0,97.0,15.0,51.0,99.0,1.0,2.0,202.0,26.0,2.0,1.0,0.0,202305359223.0,12.0,5.0,10.0,2.0,1.0,1.0,80.0,34.0,1.0,2.0,1.0,20.0,8.0,37.0,2.0,0.0
260375,1,0,99.0,0.0,1.0,1.0,-99.0,26.0,25.0,12.0,51.0,66.0,32.0,1.0,1.0,0.0,3.0,0.0,20.0,0.0,0.0,0.0,0.0,26.0,4.0,12.0,1.0,0.0,4V4NC9EH2EN1,2014.0,487.0,1967.0,66.0,51.0,Volvo,881.0,66.0,1.0,0.0,0.0,998.0,2.0,0.0,0.0,12.0,6.0,12.0,1.0,0.0,1.0,26.0,48038.0,1.0,6.0,8.0,Unknown If CDL and/or CDL endorsement required for this vehicle,0.0,68.0,145.0,0.0,0.0,1.0,5.0,May,2022.0,5.0,2022.0,0.0,3.0,2.0,70.0,1.0,1.0,1.0,1.0,97.0,1.0,50.0,99.0,1.0,1.0,202.0,26.0,0.0,1.0,0.0,202305232879.0,12.0,5.0,2.0,0.0,1.0,1.0,66.0,68.0,1.0,0.0,1.0,20.0,0.0,51.0,2.0,98.0
260390,1,0,0.0,38.0,1.0,5060.0,7.4,26.0,121.0,12.0,20.0,4.0,32.0,2.0,1.0,0.0,3.0,0.0,1.0,0.0,0.0,0.0,0.0,26.0,2.0,12.0,1.0,0.0,1G1ZC5EBXAF2,2010.0,467.0,1834.0,13.0,20.0,Chevrolet,37.0,4.0,1.0,0.0,0.0,998.0,7.0,0.0,0.0,12.0,6.0,12.0,0.0,0.0,1.0,26.0,49442.0,1.0,6.0,3.0,Valid license for this class vehicle,0.0,67.0,135.0,0.0,0.0,1.0,9.0,September,2021.0,3.0,2022.0,0.0,1.0,2.0,50.0,1.0,8.0,8.0,1.0,97.0,11.0,15.0,99.0,1.0,1.0,401.0,26.0,0.0,1.0,0.0,202305494615.0,12.0,1.0,12.0,1.0,1.0,1.0,4.0,27.0,1.0,0.0,1.0,20.0,0.0,20.0,2.0,0.0
260391,1,0,0.0,31.0,1.0,5060.0,7.1,26.0,159.0,12.0,12.0,34.0,58.0,2.0,1.0,1.0,3.0,0.0,3.0,0.0,0.0,0.0,0.0,26.0,2.0,12.0,1.0,0.0,1FTFW1EG4JFA,2018.0,460.0,1801.0,60.0,12.0,Ford,481.0,34.0,1.0,0.0,0.0,998.0,7.0,0.0,0.0,82.0,6.0,12.0,0.0,0.0,1.0,26.0,49009.0,1.0,6.0,3.0,Valid license for this class vehicle,3.0,66.0,182.0,0.0,0.0,0.0,0.0,No Record,0.0,0.0,0.0,0.0,1.0,2.0,55.0,3.0,1.0,2.0,1.0,97.0,13.0,20.0,1.0,1.0,1.0,998.0,26.0,0.0,1.0,0.0,202304719223.0,12.0,6.0,2.0,0.0,1.0,1.0,34.0,18.0,1.0,0.0,1.0,20.0,0.0,12.0,2.0,0.0
260393,1,0,0.0,0.0,1.0,9995.0,-99.0,26.0,163.0,54.0,20.0,34.0,63.0,1.0,1.0,4.0,3.0,0.0,20.0,0.0,0.0,995.0,7.0,26.0,2.0,54.0,1.0,0.0,1GCVKREC7JZ1,2018.0,467.0,1850.0,60.0,20.0,Chevrolet,481.0,34.0,1.0,0.0,0.0,998.0,7.0,0.0,0.0,18.0,6.0,54.0,0.0,0.0,1.0,26.0,48348.0,1.0,6.0,3.0,Valid license for this class vehicle,0.0,71.0,185.0,0.0,0.0,1.0,11.0,November,2021.0,11.0,2021.0,0.0,3.0,4.0,70.0,1.0,8.0,2.0,1.0,97.0,1.0,98.0,99.0,1.0,1.0,998.0,26.0,1.0,1.0,0.0,202305092658.0,12.0,6.0,6.0,3.0,10.0,1.0,34.0,29.0,1.0,0.0,1.0,9.0,0.0,20.0,2.0,0.0
260399,1,99,0.0,6.0,1.0,9995.0,-99.0,26.0,145.0,42.0,20.0,4.0,33.0,1.0,1.0,4.0,20.0,7.0,8.0,0.0,0.0,995.0,7.0,26.0,1.0,42.0,1.0,0.0,1G1PC5SB5E74,2014.0,467.0,1832.0,13.0,20.0,Chevrolet,25.0,4.0,1.0,0.0,0.0,998.0,7.0,0.0,0.0,12.0,6.0,42.0,0.0,0.0,1.0,26.0,48601.0,1.0,6.0,3.0,Valid license for this class vehicle,0.0,72.0,185.0,0.0,0.0,0.0,0.0,No Record,0.0,0.0,0.0,0.0,1.0,2.0,35.0,1.0,8.0,8.0,2.0,97.0,1.0,12.0,99.0,5.0,4.0,102.0,26.0,2.0,1.0,0.0,202304750652.0,12.0,3.0,2.0,4.0,1.0,1.0,4.0,30.0,1.0,4.0,1.0,8.0,0.0,20.0,2.0,0.0
260407,1,99,99.0,28.0,1.0,5060.0,12.0,26.0,147.0,12.0,20.0,1.0,76.0,1.0,1.0,4.0,3.0,0.0,8.0,0.0,0.0,0.0,7.0,26.0,3.0,12.0,1.0,0.0,2G1FB3D32C91,2012.0,467.0,1829.0,1.0,20.0,Chevrolet,9.0,1.0,1.0,0.0,0.0,998.0,0.0,0.0,0.0,10.0,6.0,12.0,0.0,0.0,1.0,26.0,48048.0,1.0,6.0,3.0,Valid license for this class vehicle,0.0,70.0,170.0,0.0,0.0,0.0,0.0,No Record,0.0,0.0,0.0,0.0,1.0,2.0,55.0,1.0,1.0,2.0,1.0,97.0,1.0,10.0,99.0,1.0,2.0,301.0,26.0,1.0,1.0,0.0,202305003312.0,12.0,6.0,6.0,0.0,1.0,1.0,1.0,24.0,1.0,0.0,1.0,20.0,0.0,20.0,1.0,0.0
260431,1,9,99.0,0.0,1.0,9995.0,-99.0,26.0,163.0,12.0,72.0,80.0,35.0,1.0,1.0,4.0,20.0,7.0,20.0,8.0,1.0,270.0,7.0,26.0,2.0,12.0,1.0,0.0,1HD1KRC10JB6,2018.0,3888.0,12629.0,81.0,72.0,Harley-Davidson,706.0,80.0,1.0,0.0,0.0,998.0,7.0,8.0,8.0,12.0,6.0,12.0,0.0,1.0,1.0,26.0,48239.0,1.0,6.0,3.0,Valid license for this class vehicle,0.0,70.0,206.0,0.0,0.0,0.0,6.0,June,2019.0,6.0,2019.0,0.0,1.0,7.0,35.0,1.0,8.0,8.0,1.0,3.0,1.0,50.0,99.0,1.0,1.0,202.0,26.0,2.0,1.0,0.0,202305023843.0,12.0,3.0,5.0,2.0,1.0,1.0,80.0,39.0,1.0,2.0,1.0,20.0,8.0,72.0,2.0,0.0
260437,1,99,5.0,38.0,1.0,9995.0,-99.0,26.0,15.0,12.0,20.0,4.0,41.0,1.0,1.0,4.0,99.0,7.0,8.0,0.0,0.0,995.0,99.0,26.0,2.0,12.0,1.0,0.0,1G1ZD5ST9LF0,2020.0,467.0,1834.0,13.0,20.0,Chevrolet,37.0,4.0,1.0,0.0,0.0,998.0,0.0,0.0,0.0,9.0,6.0,12.0,0.0,0.0,1.0,26.0,49058.0,1.0,2.0,2.0,No valid license for this class vehicle,0.0,71.0,200.0,0.0,0.0,0.0,0.0,No Record,0.0,0.0,0.0,0.0,1.0,2.0,55.0,1.0,2.0,1.0,2.0,97.0,12.0,21.0,99.0,1.0,1.0,998.0,26.0,1.0,1.0,0.0,202304766581.0,42.0,7.0,2.0,2.0,1.0,1.0,4.0,36.0,1.0,2.0,1.0,8.0,0.0,20.0,1.0,9.0
260443,1,99,0.0,0.0,1.0,5060.0,-99.0,26.0,79.0,12.0,72.0,80.0,43.0,1.0,1.0,4.0,20.0,7.0,20.0,8.0,0.0,0.0,7.0,26.0,2.0,12.0,1.0,0.0,1HD1KRM10GB6,2016.0,3888.0,12629.0,81.0,72.0,Harley-Davidson,706.0,80.0,1.0,0.0,0.0,998.0,7.0,8.0,8.0,3.0,6.0,12.0,0.0,0.0,1.0,26.0,49633.0,1.0,6.0,3.0,Valid license for this class vehicle,0.0,68.0,240.0,0.0,0.0,0.0,6.0,June,2022.0,6.0,2022.0,0.0,1.0,2.0,55.0,1.0,1.0,2.0,1.0,97.0,1.0,66.0,99.0,1.0,1.0,502.0,26.0,1.0,1.0,0.0,202305224721.0,35.0,1.0,9.0,2.0,1.0,1.0,80.0,22.0,1.0,0.0,1.0,20.0,8.0,72.0,1.0,0.0
260448,1,99,0.0,36.0,1.0,9995.0,-99.0,26.0,49.0,40.0,20.0,34.0,41.0,2.0,1.0,4.0,20.0,7.0,20.0,1.0,0.0,995.0,7.0,26.0,1.0,40.0,1.0,0.0,1GCEK19J97Z5,2007.0,467.0,1850.0,60.0,20.0,Chevrolet,481.0,34.0,1.0,0.0,0.0,998.0,7.0,3.0,5.0,12.0,6.0,38.0,0.0,0.0,1.0,26.0,48505.0,1.0,2.0,2.0,No valid license for this class vehicle,3.0,69.0,240.0,0.0,0.0,0.0,0.0,No Record,0.0,0.0,0.0,2.0,5.0,3.0,35.0,1.0,2.0,2.0,1.0,97.0,1.0,9.0,99.0,5.0,4.0,101.0,26.0,2.0,1.0,0.0,202304925210.0,72.0,5.0,5.0,0.0,1.0,1.0,34.0,28.0,1.0,0.0,1.0,3.0,0.0,20.0,1.0,0.0
260461,1,0,0.0,51.0,1.0,5060.0,15.0,26.0,91.0,12.0,12.0,34.0,56.0,1.0,1.0,0.0,3.0,0.0,20.0,0.0,0.0,0.0,0.0,26.0,3.0,12.0,1.0,0.0,3FTTW8F95NRA,2022.0,460.0,28967.0,60.0,12.0,Ford,498.0,34.0,1.0,0.0,0.0,998.0,7.0,0.0,0.0,12.0,6.0,12.0,0.0,0.0,1.0,26.0,49221.0,1.0,6.0,3.0,Valid license for this class vehicle,3.0,70.0,185.0,0.0,0.0,0.0,0.0,No Record,0.0,0.0,0.0,0.0,1.0,2.0,55.0,3.0,1.0,1.0,1.0,97.0,8.0,54.0,99.0,1.0,7.0,303.0,26.0,0.0,1.0,0.0,202305147355.0,12.0,6.0,5.0,2.0,1.0,1.0,34.0,26.0,1.0,1.0,1.0,8.0,0.0,12.0,1.0,98.0
260481,1,99,99.0,38.0,1.0,0.0,-99.0,26.0,93.0,12.0,42.0,14.0,20.0,1.0,1.0,0.0,99.0,7.0,1.0,0.0,0.0,996.0,0.0,26.0,3.0,12.0,1.0,0.0,4JGBB8GB9BA6,2011.0,449.0,2129.0,7.0,42.0,Mercedes-Benz,401.0,14.0,1.0,0.0,0.0,998.0,8.0,0.0,0.0,12.0,6.0,12.0,0.0,0.0,1.0,26.0,48185.0,1.0,6.0,3.0,Valid license for this class vehicle,0.0,77.0,170.0,0.0,2.0,1.0,9.0,September,2022.0,5.0,2023.0,0.0,1.0,3.0,55.0,2.0,2.0,2.0,1.0,97.0,11.0,15.0,99.0,1.0,1.0,414.0,26.0,0.0,1.0,0.0,202305048207.0,12.0,3.0,4.0,1.0,1.0,1.0,14.0,71.0,2.0,1.0,1.0,20.0,0.0,42.0,2.0,0.0
260482,2,0,0.0,0.0,1.0,0.0,-99.0,26.0,49.0,12.0,35.0,4.0,37.0,2.0,1.0,3.0,3.0,0.0,1.0,0.0,0.0,996.0,0.0,26.0,2.0,12.0,2.0,0.0,3N1AB8CV8LY2,2020.0,478.0,1907.0,13.0,35.0,Nissan/Datsun,43.0,4.0,1.0,0.0,0.0,998.0,0.0,0.0,0.0,12.0,6.0,12.0,0.0,0.0,1.0,26.0,48336.0,1.0,6.0,3.0,Valid license for this class vehicle,0.0,66.0,290.0,0.0,0.0,0.0,10.0,October,2019.0,10.0,2019.0,0.0,1.0,4.0,98.0,1.0,8.0,8.0,1.0,97.0,1.0,66.0,6.0,1.0,1.0,503.0,26.0,0.0,1.0,0.0,202304744340.0,12.0,1.0,2.0,3.0,10.0,1.0,4.0,53.0,1.0,3.0,1.0,8.0,0.0,35.0,2.0,0.0
260485,1,0,99.0,38.0,1.0,9995.0,-99.0,26.0,85.0,12.0,12.0,4.0,70.0,2.0,1.0,4.0,3.0,0.0,20.0,0.0,0.0,995.0,99.0,26.0,2.0,12.0,2.0,0.0,3FAHP0HA1CR2,2012.0,460.0,1780.0,13.0,12.0,Ford,23.0,4.0,1.0,0.0,0.0,998.0,0.0,0.0,0.0,3.0,6.0,12.0,0.0,0.0,1.0,26.0,49623.0,1.0,6.0,3.0,Valid license for this class vehicle,3.0,65.0,130.0,0.0,0.0,0.0,7.0,July,2020.0,7.0,2020.0,0.0,1.0,2.0,55.0,1.0,1.0,2.0,1.0,4.0,1.0,17.0,99.0,1.0,1.0,502.0,26.0,1.0,1.0,0.0,202305124737.0,12.0,5.0,7.0,2.0,1.0,1.0,4.0,35.0,1.0,2.0,1.0,9.0,0.0,12.0,1.0,0.0
260487,1,8,99.0,0.0,1.0,3022.0,680.0,26.0,65.0,12.0,20.0,4.0,27.0,2.0,1.0,2.0,3.0,0.0,8.0,0.0,1.0,107.0,0.0,26.0,2.0,12.0,2.0,0.0,1G11C5SA7DF1,2013.0,467.0,1834.0,13.0,20.0,Chevrolet,37.0,4.0,1.0,0.0,0.0,998.0,7.0,0.0,0.0,82.0,6.0,12.0,0.0,1.0,1.0,26.0,48912.0,0.0,0.0,0.0,Not licensed,0.0,63.0,175.0,0.0,0.0,0.0,0.0,No Record,0.0,0.0,0.0,0.0,5.0,5.0,45.0,1.0,8.0,1.0,1.0,97.0,11.0,15.0,99.0,1.0,1.0,401.0,26.0,0.0,1.0,0.0,202305205181.0,12.0,6.0,8.0,0.0,1.0,1.0,4.0,27.0,2.0,0.0,1.0,20.0,0.0,20.0,1.0,0.0
260492,1,9,99.0,36.0,1.0,9995.0,-99.0,26.0,65.0,12.0,58.0,4.0,21.0,1.0,1.0,4.0,99.0,7.0,8.0,0.0,1.0,995.0,3.0,26.0,2.0,12.0,1.0,0.0,JN1CV6AR9CM6,2012.0,480.0,2337.0,13.0,58.0,Infiniti,37.0,4.0,1.0,0.0,0.0,998.0,0.0,0.0,0.0,61.0,6.0,42.0,0.0,1.0,1.0,26.0,48910.0,1.0,6.0,3.0,Valid license for this class vehicle,3.0,71.0,180.0,0.0,0.0,0.0,0.0,No Record,0.0,0.0,0.0,5.0,4.0,3.0,40.0,1.0,1.0,1.0,1.0,97.0,15.0,60.0,99.0,1.0,2.0,209.0,26.0,1.0,1.0,0.0,202305466363.0,12.0,3.0,12.0,2.0,1.0,1.0,4.0,61.0,1.0,2.0,1.0,1.0,0.0,58.0,1.0,0.0
260497,3,0,0.0,0.0,1.0,0.0,-99.0,26.0,125.0,12.0,20.0,14.0,62.0,2.0,1.0,2.0,3.0,0.0,20.0,0.0,0.0,996.0,0.0,26.0,4.0,12.0,1.0,0.0,3GNAXUEG5PL1,2023.0,467.0,1847.0,7.0,20.0,Chevrolet,404.0,14.0,1.0,0.0,0.0,0.0,8.0,0.0,0.0,6.0,4.0,12.0,0.0,0.0,1.0,26.0,48371.0,1.0,6.0,3.0,Valid license for this class vehicle,3.0,64.0,219.0,0.0,0.0,0.0,0.0,No Record,0.0,0.0,0.0,0.0,2.0,4.0,70.0,1.0,8.0,8.0,1.0,97.0,5.0,53.0,1.0,1.0,1.0,998.0,26.0,0.0,1.0,0.0,202304988202.0,12.0,5.0,4.0,1.0,1.0,1.0,14.0,38.0,1.0,0.0,1.0,20.0,0.0,20.0,2.0,0.0
260497,4,0,0.0,0.0,1.0,0.0,-99.0,26.0,125.0,12.0,37.0,15.0,47.0,1.0,1.0,0.0,3.0,0.0,3.0,0.0,0.0,996.0,0.0,26.0,4.0,12.0,1.0,0.0,5FNYF6H03KB0,2019.0,474.0,1864.0,7.0,37.0,Honda,421.0,15.0,1.0,0.0,0.0,0.0,8.0,0.0,0.0,3.0,4.0,12.0,0.0,0.0,1.0,26.0,48188.0,1.0,6.0,3.0,Valid license for this class vehicle,0.0,71.0,260.0,0.0,0.0,0.0,0.0,No Record,0.0,0.0,0.0,0.0,2.0,4.0,70.0,1.0,8.0,8.0,1.0,3.0,5.0,60.0,1.0,1.0,1.0,998.0,26.0,0.0,1.0,0.0,202305259359.0,12.0,7.0,9.0,0.0,1.0,1.0,15.0,64.0,1.0,0.0,1.0,20.0,0.0,37.0,2.0,98.0
260502,1,0,99.0,0.0,1.0,0.0,-99.0,26.0,147.0,12.0,48.0,14.0,40.0,2.0,1.0,0.0,3.0,0.0,20.0,0.0,0.0,0.0,0.0,26.0,2.0,12.0,3.0,0.0,JF2SKAGC8KH4,2019.0,523.0,2234.0,7.0,48.0,Subaru,401.0,14.0,1.0,0.0,0.0,998.0,7.0,0.0,0.0,11.0,4.0,12.0,0.0,0.0,1.0,26.0,48039.0,1.0,6.0,3.0,Valid license for this class vehicle,0.0,67.0,212.0,0.0,0.0,0.0,0.0,No Record,0.0,0.0,0.0,0.0,1.0,2.0,55.0,1.0,1.0,5.0,11.0,97.0,11.0,15.0,99.0,1.0,1.0,401.0,26.0,0.0,1.0,0.0,202305499135.0,12.0,3.0,10.0,0.0,1.0,1.0,14.0,47.0,2.0,0.0,1.0,20.0,0.0,48.0,2.0,0.0
260507,1,10,0.0,28.0,1.0,1.0,-99.0,26.0,81.0,12.0,98.0,84.0,61.0,1.0,1.0,4.0,20.0,7.0,20.0,8.0,0.0,0.0,6.0,26.0,2.0,12.0,1.0,0.0,L9NTCGPS9L10,2020.0,3350.0,25682.0,12.0,98.0,Other Make,703.0,84.0,1.0,0.0,0.0,998.0,7.0,8.0,8.0,12.0,6.0,12.0,0.0,0.0,1.0,26.0,49321.0,1.0,6.0,3.0,Valid license for this class vehicle,0.0,70.0,280.0,0.0,0.0,0.0,0.0,No Record,0.0,0.0,0.0,5.0,0.0,0.0,0.0,0.0,0.0,0.0,0.0,97.0,10.0,16.0,99.0,1.0,2.0,412.0,26.0,1.0,1.0,0.0,202305101301.0,1.0,6.0,6.0,2.0,1.0,1.0,84.0,67.0,1.0,2.0,1.0,20.0,8.0,98.0,1.0,98.0
260513,2,0,0.0,0.0,1.0,9995.0,-99.0,26.0,11.0,12.0,20.0,34.0,65.0,1.0,1.0,4.0,3.0,0.0,8.0,0.0,0.0,995.0,99.0,26.0,3.0,12.0,2.0,0.0,1GCVKREC0EZ4,2014.0,467.0,1850.0,60.0,20.0,Chevrolet,481.0,34.0,1.0,0.0,0.0,998.0,8.0,0.0,0.0,6.0,6.0,12.0,0.0,0.0,1.0,26.0,48439.0,1.0,6.0,3.0,Valid license for this class vehicle,3.0,70.0,205.0,0.0,0.0,0.0,7.0,July,2023.0,7.0,2023.0,0.0,1.0,2.0,65.0,1.0,8.0,8.0,1.0,97.0,11.0,15.0,1.0,1.0,1.0,203.0,26.0,1.0,1.0,0.0,202304729649.0,12.0,2.0,1.0,2.0,10.0,1.0,34.0,36.0,1.0,0.0,1.0,20.0,0.0,20.0,2.0,0.0
260527,1,99,99.0,0.0,1.0,5060.0,37.5,26.0,73.0,42.0,12.0,4.0,23.0,1.0,1.0,4.0,99.0,7.0,99.0,0.0,0.0,241.0,7.0,26.0,1.0,42.0,1.0,0.0,3FA6P0HD1KR1,2019.0,460.0,1780.0,13.0,12.0,Ford,23.0,4.0,1.0,0.0,0.0,998.0,7.0,0.0,0.0,12.0,6.0,2.0,1.0,1.0,1.0,26.0,49305.0,1.0,6.0,3.0,Valid license for this class vehicle,3.0,71.0,185.0,0.0,0.0,0.0,11.0,November,2020.0,11.0,2020.0,9.0,1.0,2.0,55.0,3.0,8.0,8.0,1.0,97.0,14.0,13.0,99.0,1.0,4.0,101.0,26.0,1.0,1.0,0.0,202304853456.0,1.0,3.0,3.0,1.0,4.0,1.0,4.0,24.0,2.0,1.0,1.0,9.0,0.0,12.0,1.0,98.0
260530,1,0,99.0,36.0,1.0,2216.0,-99.0,26.0,163.0,12.0,20.0,4.0,20.0,1.0,1.0,3.0,98.0,7.0,1.0,0.0,0.0,995.0,0.0,26.0,2.0,12.0,1.0,0.0,2G1WB5EK3A11,2010.0,467.0,1833.0,13.0,20.0,Chevrolet,2.0,4.0,1.0,0.0,0.0,998.0,0.0,0.0,0.0,12.0,6.0,12.0,0.0,0.0,1.0,26.0,48017.0,1.0,6.0,3.0,Valid license for this class vehicle,0.0,73.0,175.0,0.0,0.0,0.0,0.0,No Record,0.0,0.0,0.0,0.0,1.0,6.0,98.0,1.0,8.0,8.0,1.0,3.0,1.0,66.0,99.0,1.0,1.0,503.0,26.0,0.0,1.0,0.0,202304922595.0,12.0,7.0,4.0,0.0,1.0,1.0,4.0,61.0,2.0,0.0,1.0,20.0,0.0,20.0,2.0,0.0
260554,1,99,99.0,0.0,1.0,9995.0,-99.0,26.0,101.0,42.0,55.0,4.0,32.0,1.0,1.0,4.0,99.0,7.0,99.0,0.0,1.0,995.0,7.0,26.0,1.0,42.0,1.0,0.0,5NPD84LF2LH5,2020.0,498.0,2735.0,13.0,55.0,Hyundai,35.0,4.0,1.0,0.0,0.0,998.0,7.0,0.0,0.0,12.0,6.0,2.0,1.0,1.0,1.0,26.0,49614.0,1.0,6.0,3.0,Valid license for this class vehicle,3.0,75.0,215.0,0.0,0.0,0.0,0.0,No Record,0.0,0.0,0.0,9.0,1.0,2.0,55.0,3.0,8.0,8.0,1.0,97.0,1.0,13.0,99.0,1.0,4.0,101.0,26.0,3.0,1.0,0.0,202304993279.0,12.0,7.0,5.0,1.0,1.0,1.0,4.0,28.0,1.0,1.0,1.0,20.0,0.0,55.0,2.0,0.0
260558,1,99,99.0,39.0,1.0,9995.0,-99.0,26.0,49.0,42.0,55.0,4.0,29.0,1.0,1.0,4.0,99.0,7.0,98.0,0.0,1.0,997.0,99.0,26.0,1.0,42.0,1.0,0.0,5NPD74LF9JH3,2018.0,498.0,2735.0,13.0,55.0,Hyundai,35.0,4.0,1.0,0.0,0.0,998.0,7.0,0.0,0.0,12.0,6.0,42.0,1.0,1.0,1.0,26.0,48473.0,1.0,6.0,3.0,Valid license for this class vehicle,0.0,73.0,195.0,0.0,0.0,0.0,0.0,No Record,0.0,0.0,0.0,5.0,1.0,2.0,55.0,1.0,1.0,2.0,1.0,20.0,1.0,14.0,99.0,1.0,4.0,103.0,26.0,1.0,1.0,0.0,202305266879.0,12.0,5.0,9.0,0.0,1.0,1.0,4.0,28.0,2.0,0.0,1.0,20.0,0.0,55.0,2.0,0.0
260561,1,99,99.0,0.0,1.0,9997.0,-99.0,26.0,65.0,42.0,49.0,14.0,43.0,1.0,1.0,4.0,3.0,0.0,1.0,0.0,0.0,997.0,7.0,26.0,1.0,42.0,1.0,0.0,JT3HN86R2103,2001.0,448.0,2216.0,7.0,49.0,Toyota,401.0,14.0,1.0,0.0,0.0,998.0,7.0,0.0,0.0,9.0,6.0,42.0,0.0,0.0,1.0,26.0,48073.0,1.0,6.0,3.0,Valid license for this class vehicle,0.0,75.0,300.0,0.0,0.0,1.0,11.0,November,2021.0,11.0,2021.0,9.0,3.0,2.0,70.0,1.0,1.0,1.0,1.0,97.0,1.0,13.0,99.0,1.0,4.0,101.0,26.0,1.0,1.0,0.0,202305368363.0,12.0,3.0,8.0,0.0,1.0,1.0,14.0,25.0,1.0,0.0,1.0,20.0,0.0,49.0,1.0,0.0
260572,2,99,0.0,0.0,1.0,9995.0,-99.0,26.0,77.0,12.0,72.0,80.0,36.0,1.0,1.0,4.0,20.0,7.0,20.0,8.0,0.0,995.0,7.0,26.0,2.0,12.0,1.0,0.0,1HD1KBC10MB6,2021.0,3888.0,12628.0,81.0,72.0,Harley-Davidson,706.0,80.0,1.0,0.0,0.0,998.0,7.0,8.0,8.0,6.0,6.0,12.0,0.0,0.0,1.0,26.0,49097.0,1.0,6.0,3.0,Valid license for this class vehicle,0.0,70.0,225.0,0.0,0.0,0.0,0.0,No Record,0.0,0.0,0.0,0.0,1.0,2.0,40.0,1.0,1.0,2.0,1.0,97.0,2.0,53.0,1.0,1.0,1.0,201.0,26.0,1.0,1.0,0.0,202304982845.0,12.0,2.0,5.0,1.0,1.0,1.0,80.0,47.0,1.0,1.0,1.0,20.0,8.0,72.0,2.0,98.0
260577,1,8,99.0,0.0,1.0,0.0,-99.0,26.0,75.0,42.0,20.0,4.0,20.0,2.0,1.0,3.0,3.0,0.0,8.0,0.0,0.0,0.0,0.0,26.0,1.0,42.0,3.0,0.0,1G1ZB5E19BF1,2011.0,467.0,1834.0,13.0,20.0,Chevrolet,37.0,4.0,1.0,0.0,0.0,998.0,7.0,0.0,0.0,12.0,6.0,42.0,0.0,0.0,1.0,26.0,49203.0,1.0,6.0,3.0,Valid license for this class vehicle,0.0,63.0,200.0,0.0,1.0,0.0,1.0,January,2023.0,1.0,2023.0,5.0,1.0,2.0,75.0,2.0,1.0,1.0,1.0,97.0,14.0,9.0,99.0,9.0,4.0,101.0,26.0,0.0,1.0,0.0,202304912690.0,8.0,4.0,4.0,2.0,1.0,1.0,4.0,37.0,1.0,0.0,1.0,20.0,0.0,20.0,1.0,0.0
260590,1,99,99.0,38.0,1.0,1.0,-99.0,26.0,151.0,12.0,49.0,6.0,71.0,1.0,1.0,4.0,20.0,7.0,2.0,0.0,0.0,0.0,7.0,26.0,2.0,12.0,1.0,0.0,JTDZN3EU6GJ0,2016.0,448.0,13822.0,15.0,49.0,Toyota,46.0,6.0,1.0,0.0,0.0,998.0,0.0,0.0,0.0,81.0,6.0,12.0,0.0,0.0,1.0,4.0,85260.0,1.0,6.0,3.0,Valid license for this class vehicle,0.0,71.0,200.0,0.0,1.0,0.0,5.0,May,2019.0,5.0,2019.0,0.0,1.0,2.0,55.0,3.0,2.0,2.0,1.0,97.0,99.0,15.0,99.0,1.0,7.0,407.0,26.0,97.0,1.0,0.0,202305219681.0,12.0,1.0,8.0,4.0,1.0,1.0,6.0,71.0,1.0,4.0,1.0,2.0,0.0,49.0,1.0,99.0