ST_CASE,VEH_NO_x,DRIMPAIR_x,DRDISTRACT,DRIVERRF,PER_NO_x,DRUGRES,DRUGACTQTY,STATE_x,COUNTY,HARM_EV_x,MAKE_x,BODY_TYP_x,AGE,SEX,PER_TYP_x,INJ_SEV,REST_USE,REST_MIS,AIR_BAG_x,EJECTION,DRINKING,ALC_RES,HISPANIC,STATE_y,VE_FORMS,HARM_EV_y,NUMOCCS,HIT_RUN,VIN,MOD_YEAR,VPICMAKE,VPICMODEL,VPICBODYCLASS,MAKE_y,MAKENAME,MODEL,BODY_TYP_y,HAZ_INV,HAZ_PLAC,HAZ_ID,TRAV_SP,UNDEROVERRIDE,ROLLOVER,ROLINLOC,IMPACT1,DEFORMED,M_HARM,FIRE_EXP,DR_DRINK,DR_PRES,L_STATE,DR_ZIP,L_TYPE,L_STATUS,L_COMPL,L_COMPLNAME,L_RESTRI,DR_HGT,DR_WGT,PREV_DWI,PREV_SPD,PREV_OTH,FIRST_MO,FIRST_MONAME,FIRST_YR,LAST_MO,LAST_YR,SPEEDREL,VTRAFWAY,VNUM_LAN,VSPD_LIM,VALIGN,VPROFILE,VPAVETYP,VSURCOND,VTRAFCON,P_CRASH1,P_CRASH2,P_CRASH3,PCRASH4,PCRASH5,ACC_CONFIG,STATE,RACE,ORDER,MULTRACE,CASENUM,HARM_EV,DAY_WEEK,MONTH,MAXSEV_IM,WEATHR_IM,PER_NO_y,BODY_TYP,AGE_IM,SEX_IM,INJSEV_IM,PER_TYP_y,AIR_BAG_y,EJECT_IM,MAKE,VEH_NO_y,DRIMPAIR_y
260603,1,99,99.0,6.0,1.0,1.0,-99.0,26.0,121.0,18.0,72.0,80.0,59.0,1.0,1.0,4.0,20.0,7.0,20.0,8.0,1.0,90.0,7.0,26.0,1.0,18.0,2.0,0.0,1HD1KBM1XCB6,2012.0,3888.0,11077.0,81.0,72.0,Harley-Davidson,706.0,80.0,1.0,0.0,0.0,71.0,7.0,8.0,8.0,12.0,6.0,18.0,0.0,1.0,1.0,26.0,49415.0,1.0,2.0,2.0,No valid license for this class vehicle,0.0,65.0,180.0,0.0,0.0,0.0,0.0,No Record,0.0,0.0,0.0,0.0,1.0,2.0,45.0,1.0,8.0,2.0,1.0,97.0,1.0,13.0,99.0,1.0,4.0,101.0,26.0,1.0,1.0,0.0,202304956896.0,1.0,6.0,5.0,3.0,1.0,1.0,80.0,43.0,1.0,3.0,1.0,20.0,8.0,72.0,1.0,98.0
260604,1,99,99.0,0.0,1.0,9995.0,-99.0,26.0,109.0,59.0,12.0,14.0,27.0,1.0,1.0,4.0,3.0,0.0,8.0,0.0,1.0,995.0,7.0,26.0,1.0,59.0,1.0,0.0,1FMCU9DG1AKB,2010.0,460.0,1798.0,7.0,12.0,Ford,402.0,14.0,1.0,0.0,0.0,998.0,7.0,3.0,5.0,12.0,6.0,1.0,0.0,1.0,1.0,26.0,49887.0,1.0,6.0,3.0,Valid license for this class vehicle,3.0,69.0,180.0,0.0,1.0,0.0,3.0,March,2020.0,9.0,2022.0,0.0,1.0,2.0,55.0,3.0,1.0,2.0,1.0,97.0,14.0,13.0,99.0,1.0,4.0,101.0,26.0,1.0,1.0,0.0,202305374812.0,12.0,5.0,10.0,0.0,1.0,1.0,14.0,73.0,2.0,0.0,1.0,9.0,0.0,12.0,2.0,98.0
260613,1,8,3.0,48.0,1.0,0.0,-99.0,26.0,77.0,12.0,2.0,14.0,34.0,2.0,1.0,0.0,3.0,0.0,20.0,0.0,0.0,996.0,0.0,26.0,2.0,12.0,2.0,0.0,1C4PJMDS4EW1,2014.0,483.0,1945.0,7.0,2.0,Jeep / Kaiser-Jeep / Willys- Jeep,404.0,14.0,1.0,0.0,0.0,998.0,7.0,0.0,0.0,81.0,4.0,12.0,0.0,0.0,1.0,26.0,49684.0,1.0,6.0,3.0,Valid license for this class vehicle,3.0,60.0,190.0,0.0,0.0,0.0,11.0,November,2020.0,11.0,2020.0,0.0,5.0,5.0,40.0,1.0,1.0,2.0,1.0,97.0,11.0,15.0,99.0,1.0,1.0,401.0,26.0,0.0,1.0,0.0,202305195049.0,12.0,1.0,8.0,0.0,10.0,1.0,14.0,49.0,1.0,0.0,1.0,20.0,0.0,2.0,2.0,0.0
260618,3,0,0.0,0.0,1.0,0.0,-99.0,26.0,81.0,12.0,7.0,20.0,24.0,2.0,1.0,1.0,3.0,0.0,8.0,0.0,0.0,996.0,0.0,26.0,4.0,12.0,3.0,0.0,2C4RDGCGXJR2,2018.0,476.0,14832.0,2.0,7.0,Dodge,442.0,20.0,1.0,0.0,0.0,998.0,7.0,0.0,0.0,3.0,6.0,12.0,0.0,0.0,1.0,26.0,48072.0,1.0,6.0,3.0,Valid license for this class vehicle,3.0,62.0,120.0,0.0,0.0,0.0,3.0,March,2022.0,3.0,2022.0,0.0,1.0,5.0,25.0,1.0,2.0,1.0,1.0,3.0,11.0,15.0,99.0,1.0,1.0,401.0,26.0,0.0,1.0,0.0,202305118563.0,11.0,6.0,6.0,0.0,1.0,1.0,20.0,29.0,2.0,0.0,1.0,20.0,0.0,7.0,1.0,0.0
260619,1,9,99.0,6.0,1.0,9995.0,-99.0,26.0,81.0,33.0,49.0,4.0,44.0,1.0,1.0,4.0,20.0,7.0,1.0,0.0,1.0,995.0,7.0,26.0,1.0,33.0,1.0,0.0,4T1BE32K42U5,2002.0,448.0,2469.0,13.0,49.0,Toyota,40.0,4.0,1.0,0.0,0.0,998.0,7.0,0.0,0.0,12.0,6.0,43.0,0.0,1.0,1.0,26.0,49503.0,1.0,2.0,2.0,No valid license for this class vehicle,0.0,77.0,245.0,0.0,0.0,0.0,0.0,No Record,0.0,0.0,0.0,0.0,3.0,3.0,70.0,1.0,1.0,1.0,1.0,97.0,1.0,12.0,99.0,1.0,4.0,102.0,26.0,2.0,1.0,0.0,202304823446.0,12.0,5.0,3.0,0.0,1.0,1.0,4.0,58.0,2.0,0.0,1.0,20.0,0.0,49.0,2.0,0.0
260632,1,0,0.0,0.0,1.0,1.0,-99.0,26.0,113.0,42.0,53.0,80.0,90.0,2.0,1.0,4.0,20.0,7.0,20.0,8.0,0.0,0.0,7.0,26.0,1.0,42.0,1.0,0.0,JS1NP41AXC21,2012.0,509.0,2110.0,98.0,53.0,Suzuki,705.0,80.0,1.0,0.0,0.0,40.0,7.0,8.0,8.0,12.0,2.0,42.0,0.0,0.0,1.0,26.0,49657.0,1.0,6.0,3.0,Valid license for this class vehicle,3.0,63.0,135.0,0.0,0.0,0.0,0.0,No Record,0.0,0.0,0.0,0.0,1.0,2.0,55.0,3.0,1.0,2.0,1.0,97.0,1.0,13.0,99.0,1.0,4.0,101.0,26.0,1.0,1.0,0.0,202305534035.0,1.0,6.0,12.0,3.0,1.0,1.0,80.0,29.0,1.0,3.0,1.0,20.0,8.0,53.0,1.0,98.0
260639,2,99,0.0,0.0,1.0,0.0,-99.0,26.0,125.0,12.0,12.0,15.0,33.0,2.0,1.0,2.0,3.0,0.0,8.0,0.0,0.0,996.0,0.0,26.0,2.0,12.0,1.0,0.0,1FMSK8DH3NGB,2022.0,460.0,1800.0,7.0,12.0,Ford,425.0,15.0,1.0,0.0,0.0,998.0,8.0,0.0,0.0,12.0,6.0,12.0,0.0,0.0,1.0,26.0,48238.0,1.0,6.0,3.0,Valid license for this class vehicle,3.0,62.0,188.0,0.0,0.0,1.0,6.0,June,2023.0,6.0,2023.0,0.0,5.0,5.0,45.0,1.0,1.0,1.0,1.0,97.0,1.0,62.0,99.0,1.0,1.0,302.0,26.0,0.0,1.0,0.0,202305435910.0,12.0,7.0,10.0,2.0,1.0,1.0,15.0,48.0,1.0,0.0,1.0,8.0,0.0,12.0,2.0,0.0
260642,1,0,99.0,39.0,1.0,1.0,-99.0,26.0,151.0,12.0,20.0,4.0,17.0,2.0,1.0,2.0,3.0,0.0,1.0,0.0,0.0,0.0,0.0,26.0,2.0,12.0,2.0,0.0,2G1WC58R2792,2007.0,467.0,1833.0,13.0,20.0,Chevrolet,2.0,4.0,1.0,0.0,0.0,998.0,0.0,0.0,0.0,12.0,6.0,12.0,0.0,0.0,1.0,26.0,48767.0,1.0,6.0,3.0,Valid license for this class vehicle,0.0,64.0,170.0,0.0,0.0,0.0,0.0,No Record,0.0,0.0,0.0,0.0,1.0,2.0,55.0,1.0,1.0,2.0,1.0,20.0,1.0,17.0,99.0,1.0,1.0,501.0,26.0,0.0,1.0,0.0,202304863981.0,42.0,5.0,4.0,3.0,1.0,1.0,4.0,79.0,1.0,3.0,1.0,20.0,0.0,20.0,1.0,0.0
260646,1,99,99.0,0.0,1.0,9996.0,-99.0,26.0,81.0,42.0,12.0,4.0,18.0,1.0,1.0,4.0,3.0,0.0,8.0,0.0,1.0,0.0,7.0,26.0,1.0,42.0,1.0,0.0,1FAHP2E87DG1,2013.0,460.0,1782.0,13.0,12.0,Ford,17.0,4.0,1.0,0.0,0.0,998.0,7.0,0.0,0.0,12.0,6.0,42.0,0.0,1.0,1.0,26.0,49316.0,1.0,6.0,3.0,Valid license for this class vehicle,0.0,69.0,146.0,0.0,1.0,0.0,8.0,August,2023.0,8.0,2023.0,0.0,2.0,2.0,75.0,2.0,1.0,1.0,1.0,97.0,1.0,12.0,99.0,1.0,4.0,102.0,26.0,2.0,1.0,0.0,202304977390.0,59.0,7.0,3.0,0.0,1.0,1.0,4.0,28.0,1.0,0.0,1.0,20.0,0.0,12.0,1.0,9.0
260652,1,9,0.0,39.0,1.0,9995.0,-99.0,26.0,65.0,59.0,12.0,34.0,45.0,1.0,1.0,4.0,20.0,7.0,1.0,0.0,1.0,218.0,99.0,26.0,1.0,59.0,1.0,0.0,1FTNW21L53EB,2003.0,460.0,1805.0,60.0,12.0,Ford,481.0,34.0,1.0,0.0,0.0,998.0,7.0,0.0,0.0,12.0,6.0,42.0,0.0,1.0,1.0,26.0,49264.0,1.0,6.0,3.0,Valid license for this class vehicle,3.0,70.0,160.0,0.0,0.0,0.0,0.0,No Record,0.0,0.0,0.0,0.0,1.0,2.0,55.0,1.0,1.0,8.0,2.0,20.0,1.0,10.0,99.0,1.0,4.0,102.0,26.0,1.0,1.0,0.0,202304913560.0,12.0,3.0,5.0,0.0,1.0,1.0,34.0,56.0,1.0,0.0,1.0,20.0,0.0,12.0,2.0,0.0
260654,1,9,99.0,0.0,1.0,1.0,-99.0,26.0,135.0,53.0,20.0,34.0,22.0,1.0,1.0,2.0,20.0,7.0,20.0,1.0,1.0,140.0,0.0,26.0,1.0,53.0,2.0,0.0,1GCHK23D66F1,2006.0,467.0,1850.0,60.0,20.0,Chevrolet,481.0,34.0,1.0,0.0,0.0,998.0,7.0,3.0,5.0,82.0,6.0,42.0,0.0,1.0,1.0,26.0,48894.0,1.0,6.0,3.0,Valid license for this class vehicle,1.0,75.0,170.0,0.0,4.0,0.0,6.0,June,2020.0,9.0,2022.0,5.0,1.0,2.0,45.0,1.0,1.0,2.0,1.0,97.0,1.0,9.0,99.0,9.0,4.0,101.0,26.0,0.0,1.0,0.0,202304987823.0,12.0,3.0,5.0,0.0,1.0,1.0,34.0,59.0,1.0,0.0,1.0,20.0,0.0,20.0,2.0,0.0
260662,1,99,99.0,0.0,1.0,9995.0,-99.0,26.0,19.0,12.0,72.0,80.0,53.0,1.0,1.0,4.0,20.0,7.0,20.0,8.0,0.0,997.0,7.0,26.0,2.0,12.0,1.0,0.0,1HD1KRM11FB6,2015.0,3888.0,8516.0,81.0,72.0,Harley-Davidson,706.0,80.0,1.0,0.0,0.0,998.0,7.0,8.0,8.0,12.0,6.0,12.0,0.0,0.0,1.0,26.0,49643.0,1.0,6.0,3.0,Valid license for this class vehicle,0.0,68.0,160.0,0.0,0.0,0.0,0.0,No Record,0.0,0.0,0.0,5.0,1.0,2.0,55.0,1.0,1.0,2.0,1.0,97.0,1.0,51.0,99.0,1.0,1.0,202.0,26.0,1.0,1.0,0.0,202304839953.0,1.0,7.0,1.0,3.0,1.0,1.0,80.0,39.0,1.0,0.0,1.0,20.0,8.0,72.0,1.0,0.0
260675,1,10,99.0,0.0,1.0,1059.0,-99.0,26.0,151.0,1.0,23.0,34.0,49.0,1.0,1.0,4.0,20.0,7.0,8.0,1.0,1.0,206.0,7.0,26.0,1.0,1.0,3.0,0.0,1GTEK14C77Z5,2007.0,472.0,1857.0,60.0,23.0,GMC,481.0,34.0,1.0,0.0,0.0,998.0,7.0,3.0,5.0,0.0,6.0,1.0,0.0,1.0,1.0,26.0,48472.0,1.0,6.0,3.0,Valid license for this class vehicle,3.0,66.0,180.0,0.0,0.0,0.0,9.0,September,2020.0,9.0,2020.0,5.0,1.0,2.0,55.0,1.0,1.0,4.0,11.0,97.0,1.0,6.0,99.0,9.0,4.0,101.0,26.0,1.0,1.0,0.0,202305289041.0,1.0,6.0,9.0,4.0,1.0,1.0,34.0,49.0,1.0,4.0,1.0,8.0,1.0,23.0,1.0,10.0
260677,3,0,0.0,0.0,1.0,0.0,-99.0,26.0,99.0,12.0,54.0,4.0,22.0,1.0,1.0,3.0,3.0,0.0,8.0,0.0,0.0,996.0,0.0,26.0,3.0,12.0,1.0,0.0,JH4CU26649C0,2009.0,475.0,1874.0,13.0,54.0,Acura,39.0,4.0,1.0,0.0,0.0,998.0,8.0,0.0,0.0,12.0,6.0,12.0,0.0,0.0,1.0,26.0,48089.0,1.0,6.0,3.0,Valid license for this class vehicle,0.0,66.0,155.0,0.0,0.0,0.0,0.0,No Record,0.0,0.0,0.0,0.0,1.0,4.0,40.0,1.0,1.0,2.0,1.0,97.0,1.0,62.0,99.0,1.0,1.0,998.0,26.0,0.0,1.0,0.0,202304771883.0,12.0,4.0,2.0,2.0,10.0,1.0,4.0,26.0,2.0,2.0,1.0,20.0,0.0,54.0,1.0,0.0
260679,1,10,0.0,0.0,1.0,1.0,-99.0,26.0,65.0,12.0,37.0,4.0,88.0,2.0,1.0,4.0,3.0,0.0,8.0,0.0,0.0,0.0,7.0,26.0,2.0,12.0,1.0,0.0,1HGCM66555A0,2005.0,474.0,1861.0,13.0,37.0,Honda,32.0,4.0,1.0,0.0,0.0,998.0,0.0,0.0,0.0,82.0,6.0,12.0,0.0,0.0,1.0,26.0,48864.0,1.0,6.0,3.0,Valid license for this class vehicle,0.0,65.0,124.0,0.0,0.0,0.0,0.0,No Record,0.0,0.0,0.0,0.0,5.0,5.0,45.0,1.0,1.0,1.0,1.0,3.0,11.0,63.0,99.0,1.0,1.0,401.0,26.0,1.0,1.0,0.0,202305259270.0,12.0,3.0,8.0,2.0,1.0,1.0,4.0,32.0,1.0,0.0,1.0,20.0,0.0,37.0,1.0,0.0
260680,1,2,99.0,36.0,1.0,0.0,-99.0,26.0,163.0,12.0,29.0,5.0,50.0,2.0,1.0,1.0,3.0,0.0,8.0,0.0,0.0,0.0,0.0,26.0,5.0,12.0,1.0,0.0,5YJSA1E28JF2,2018.0,441.0,1685.0,5.0,29.0,Other Domestic Manufacturers,5.0,5.0,1.0,0.0,0.0,998.0,8.0,0.0,0.0,12.0,6.0,12.0,0.0,0.0,1.0,26.0,48111.0,1.0,6.0,3.0,Valid license for this class vehicle,3.0,64.0,209.0,0.0,0.0,3.0,8.0,August,2020.0,9.0,2023.0,5.0,3.0,3.0,45.0,1.0,1.0,2.0,1.0,3.0,1.0,51.0,99.0,1.0,1.0,202.0,26.0,0.0,1.0,0.0,202305040074.0,12.0,3.0,4.0,0.0,1.0,1.0,5.0,70.0,2.0,0.0,1.0,20.0,0.0,29.0,2.0,0.0
260687,1,0,0.0,0.0,1.0,5060.0,-99.0,26.0,111.0,5.0,98.0,95.0,43.0,1.0,1.0,0.0,20.0,7.0,20.0,0.0,1.0,48.0,0.0,26.0,1.0,5.0,2.0,0.0,0,2022.0,99997.0,99997.0,124.0,98.0,Other Make,998.0,95.0,1.0,0.0,0.0,998.0,7.0,0.0,0.0,0.0,0.0,5.0,0.0,1.0,1.0,26.0,48657.0,1.0,6.0,1.0,No license required for this class vehicle,0.0,71.0,190.0,0.0,0.0,0.0,0.0,No Record,0.0,0.0,0.0,5.0,1.0,2.0,55.0,1.0,1.0,2.0,1.0,97.0,11.0,15.0,99.0,1.0,1.0,0.0,26.0,0.0,1.0,0.0,202304636966.0,43.0,1.0,1.0,2.0,1.0,1.0,83.0,49.0,1.0,2.0,1.0,20.0,8.0,73.0,1.0,98.0
260700,1,9,99.0,60.0,1.0,9995.0,-99.0,26.0,109.0,42.0,42.0,4.0,28.0,2.0,1.0,4.0,20.0,7.0,8.0,0.0,1.0,995.0,7.0,26.0,1.0,42.0,1.0,0.0,55SWF4JB3JU2,2018.0,449.0,2085.0,13.0,42.0,Mercedes-Benz,42.0,4.0,1.0,0.0,0.0,998.0,7.0,0.0,0.0,61.0,6.0,42.0,0.0,1.0,1.0,26.0,49858.0,9.0,9.0,9.0,Unknown,9.0,999.0,999.0,99.0,99.0,99.0,99.0,Unknown,9999.0,99.0,9999.0,4.0,1.0,2.0,25.0,2.0,8.0,8.0,1.0,97.0,14.0,6.0,99.0,3.0,4.0,102.0,26.0,2.0,1.0,0.0,202305350901.0,12.0,1.0,10.0,0.0,1.0,1.0,4.0,50.0,1.0,0.0,1.0,20.0,0.0,42.0,1.0,98.0
260703,1,10,99.0,0.0,1.0,0.0,-99.0,26.0,83.0,33.0,54.0,15.0,50.0,1.0,1.0,4.0,20.0,7.0,3.0,0.0,1.0,260.0,7.0,26.0,1.0,33.0,1.0,0.0,2HNYD282X8H5,2008.0,475.0,2147.0,7.0,54.0,Acura,421.0,15.0,1.0,0.0,0.0,998.0,0.0,3.0,5.0,12.0,6.0,19.0,0.0,1.0,1.0,26.0,49950.0,1.0,6.0,3.0,Valid license for this class vehicle,0.0,67.0,205.0,0.0,0.0,0.0,0.0,No Record,0.0,0.0,0.0,0.0,1.0,2.0,40.0,3.0,8.0,8.0,1.0,97.0,14.0,9.0,99.0,5.0,4.0,102.0,26.0,1.0,1.0,0.0,202305589496.0,12.0,5.0,7.0,2.0,1.0,1.0,15.0,23.0,2.0,0.0,1.0,9.0,0.0,54.0,1.0,98.0
260710,2,99,99.0,0.0,1.0,0.0,-99.0,26.0,163.0,12.0,20.0,6.0,77.0,2.0,1.0,4.0,3.0,0.0,8.0,0.0,0.0,996.0,7.0,26.0,3.0,12.0,1.0,0.0,3GNCA13B89S6,2009.0,467.0,4586.0,7.0,20.0,Chevrolet,23.0,6.0,1.0,0.0,0.0,0.0,8.0,0.0,0.0,6.0,6.0,12.0,0.0,0.0,1.0,26.0,48188.0,1.0,6.0,3.0,Valid license for this class vehicle,0.0,64.0,178.0,0.0,0.0,0.0,0.0,No Record,0.0,0.0,0.0,0.0,1.0,2.0,45.0,1.0,1.0,1.0,1.0,97.0,5.0,53.0,1.0,1.0,1.0,201.0,26.0,2.0,1.0,0.0,202304765550.0,12.0,3.0,2.0,0.0,1.0,1.0,6.0,39.0,2.0,0.0,1.0,20.0,0.0,20.0,2.0,0.0
260712,1,10,99.0,0.0,1.0,0.0,-99.0,26.0,49.0,12.0,53.0,80.0,39.0,1.0,1.0,4.0,20.0,7.0,20.0,8.0,0.0,996.0,7.0,26.0,2.0,12.0,1.0,0.0,JS1GR7KA7721,2007.0,509.0,13163.0,80.0,53.0,Suzuki,706.0,80.0,1.0,0.0,0.0,998.0,7.0,8.0,8.0,12.0,6.0,12.0,0.0,0.0,1.0,26.0,48505.0,1.0,6.0,3.0,Valid license for this class vehicle,0.0,73.0,160.0,0.0,1.0,0.0,9.0,September,2019.0,9.0,2019.0,5.0,5.0,5.0,35.0,1.0,8.0,8.0,1.0,97.0,1.0,51.0,99.0,1.0,1.0,202.0,26.0,2.0,1.0,0.0,202304999327.0,12.0,7.0,5.0,2.0,1.0,1.0,80.0,24.0,1.0,2.0,1.0,20.0,8.0,53.0,1.0,98.0
260716,1,99,99.0,6.0,1.0,3053.0,-99.0,26.0,81.0,12.0,35.0,4.0,25.0,1.0,1.0,1.0,99.0,7.0,20.0,0.0,0.0,0.0,0.0,26.0,2.0,12.0,2.0,0.0,1N4AL3AP8EN2,2014.0,478.0,1904.0,13.0,35.0,Nissan/Datsun,47.0,4.0,1.0,0.0,0.0,998.0,7.0,0.0,0.0,12.0,4.0,12.0,0.0,0.0,1.0,26.0,49507.0,0.0,0.0,0.0,Not licensed,0.0,74.0,220.0,0.0,0.0,0.0,0.0,No Record,0.0,0.0,0.0,0.0,1.0,3.0,30.0,1.0,1.0,2.0,1.0,3.0,1.0,17.0,99.0,1.0,1.0,503.0,26.0,0.0,1.0,0.0,202304678544.0,58.0,2.0,1.0,0.0,1.0,1.0,4.0,59.0,1.0,0.0,1.0,20.0,0.0,35.0,1.0,0.0
260720,1,2,92.0,0.0,1.0,9995.0,-99.0,26.0,125.0,33.0,12.0,15.0,74.0,1.0,1.0,4.0,3.0,0.0,8.0,0.0,0.0,995.0,7.0,26.0,1.0,33.0,1.0,0.0,1FMSK8DH6MGB,2021.0,460.0,1800.0,7.0,12.0,Ford,425.0,15.0,1.0,0.0,0.0,998.0,7.0,0.0,0.0,12.0,6.0,42.0,0.0,0.0,1.0,26.0,48390.0,1.0,6.0,3.0,Valid license for this class vehicle,0.0,77.0,300.0,0.0,0.0,0.0,0.0,No Record,0.0,0.0,0.0,0.0,1.0,2.0,25.0,1.0,8.0,8.0,1.0,97.0,1.0,13.0,99.0,1.0,4.0,101.0,26.0,1.0,1.0,0.0,202305753016.0,12.0,5.0,10.0,2.0,1.0,1.0,15.0,42.0,1.0,0.0,1.0,20.0,0.0,12.0,2.0,0.0
260722,2,0,0.0,0.0,1.0,0.0,-99.0,26.0,87.0,12.0,35.0,4.0,55.0,2.0,1.0,3.0,3.0,0.0,8.0,0.0,0.0,996.0,0.0,26.0,2.0,12.0,1.0,0.0,3N1AB8CV2NY2,2022.0,478.0,1907.0,13.0,35.0,Nissan/Datsun,43.0,4.0,1.0,0.0,0.0,55.0,0.0,0.0,0.0,12.0,6.0,12.0,0.0,0.0,1.0,26.0,48412.0,1.0,6.0,3.0,Valid license for this class vehicle,0.0,65.0,185.0,0.0,0.0,0.0,0.0,No Record,0.0,0.0,0.0,0.0,1.0,2.0,98.0,1.0,8.0,8.0,1.0,97.0,1.0,66.0,99.0,1.0,1.0,503.0,26.0,0.0,1.0,0.0,202304752421.0,12.0,6.0,2.0,0.0,1.0,1.0,4.0,63.0,1.0,0.0,1.0,20.0,0.0,35.0,2.0,0.0
260730,2,8,0.0,0.0,1.0,0.0,-99.0,26.0,145.0,5.0,20.0,4.0,36.0,2.0,1.0,2.0,3.0,0.0,20.0,0.0,0.0,996.0,0.0,26.0,2.0,5.0,3.0,0.0,1G1ZC5E09CF2,2012.0,467.0,1834.0,13.0,20.0,Chevrolet,37.0,4.0,1.0,0.0,0.0,998.0,7.0,0.0,0.0,6.0,4.0,12.0,0.0,0.0,1.0,26.0,48601.0,1.0,6.0,3.0,Valid license for this class vehicle,0.0,66.0,155.0,0.0,0.0,0.0,0.0,No Record,0.0,0.0,0.0,0.0,5.0,3.0,35.0,1.0,8.0,8.0,1.0,97.0,15.0,53.0,99.0,1.0,2.0,998.0,26.0,0.0,1.0,0.0,202305237280.0,12.0,5.0,8.0,1.0,1.0,1.0,4.0,21.0,2.0,1.0,1.0,20.0,0.0,20.0,2.0,98.0
260737,2,0,0.0,38.0,1.0,0.0,-99.0,26.0,65.0,12.0,41.0,14.0,26.0,2.0,1.0,0.0,3.0,0.0,20.0,0.0,0.0,996.0,0.0,26.0,2.0,12.0,1.0,0.0,JM3KE4DYXE03,2014.0,473.0,2369.0,7.0,41.0,Mazda,403.0,14.0,1.0,0.0,0.0,998.0,7.0,0.0,0.0,5.0,2.0,12.0,0.0,0.0,1.0,26.0,48820.0,1.0,6.0,3.0,Valid license for this class vehicle,3.0,69.0,150.0,0.0,0.0,0.0,0.0,No Record,0.0,0.0,0.0,0.0,1.0,5.0,98.0,1.0,8.0,8.0,1.0,3.0,11.0,15.0,99.0,1.0,1.0,401.0,26.0,0.0,1.0,0.0,202305272572.0,12.0,7.0,9.0,3.0,1.0,1.0,14.0,44.0,2.0,3.0,1.0,1.0,0.0,41.0,1.0,0.0
260738,1,99,99.0,0.0,1.0,9995.0,-99.0,26.0,163.0,12.0,72.0,80.0,42.0,1.0,1.0,4.0,20.0,7.0,20.0,8.0,0.0,995.0,7.0,26.0,2.0,12.0,1.0,0.0,1HD1KTP11MB6,2021.0,3888.0,12631.0,81.0,72.0,Harley-Davidson,706.0,80.0,1.0,0.0,0.0,998.0,7.0,8.0,8.0,12.0,6.0,12.0,0.0,0.0,1.0,26.0,48205.0,1.0,6.0,3.0,Valid license for this class vehicle,0.0,71.0,220.0,0.0,1.0,1.0,11.0,November,2018.0,5.0,2022.0,5.0,1.0,5.0,98.0,1.0,8.0,8.0,1.0,3.0,1.0,62.0,99.0,1.0,1.0,402.0,26.0,2.0,1.0,0.0,202305149235.0,12.0,6.0,7.0,1.0,1.0,1.0,80.0,38.0,1.0,1.0,1.0,20.0,8.0,72.0,2.0,98.0
260740,1,99,99.0,0.0,1.0,9995.0,-99.0,26.0,75.0,12.0,20.0,21.0,24.0,1.0,1.0,4.0,3.0,0.0,98.0,0.0,0.0,995.0,7.0,26.0,2.0,12.0,1.0,0.0,1GCWGAFG6L11,2020.0,467.0,1848.0,95.0,20.0,Chevrolet,461.0,21.0,1.0,0.0,0.0,998.0,8.0,0.0,0.0,12.0,6.0,12.0,1.0,0.0,1.0,26.0,49045.0,1.0,6.0,3.0,Valid license for this class vehicle,0.0,73.0,230.0,0.0,1.0,1.0,10.0,October,2019.0,6.0,2021.0,0.0,3.0,2.0,60.0,1.0,1.0,2.0,1.0,97.0,1.0,50.0,99.0,1.0,1.0,203.0,26.0,1.0,1.0,0.0,202305406501.0,12.0,2.0,11.0,0.0,1.0,1.0,21.0,39.0,1.0,0.0,1.0,20.0,0.0,20.0,2.0,0.0
260754,1,99,99.0,0.0,1.0,9995.0,-99.0,26.0,123.0,12.0,20.0,4.0,63.0,2.0,1.0,4.0,3.0,0.0,8.0,0.0,0.0,995.0,99.0,26.0,2.0,12.0,1.0,0.0,1G1PC5SH8C72,2012.0,467.0,1832.0,13.0,20.0,Chevrolet,25.0,4.0,1.0,0.0,0.0,998.0,0.0,0.0,0.0,11.0,6.0,12.0,0.0,0.0,1.0,26.0,49345.0,1.0,6.0,3.0,Valid license for this class vehicle,3.0,69.0,330.0,0.0,1.0,1.0,11.0,November,2018.0,6.0,2019.0,9.0,1.0,2.0,55.0,1.0,8.0,8.0,2.0,20.0,1.0,19.0,99.0,1.0,1.0,504.0,26.0,1.0,1.0,0.0,202305081948.0,12.0,5.0,7.0,0.0,2.0,1.0,4.0,16.0,2.0,0.0,1.0,20.0,0.0,20.0,1.0,0.0
260763,2,10,99.0,0.0,1.0,9995.0,-99.0,26.0,77.0,12.0,98.0,97.0,48.0,1.0,1.0,4.0,20.0,7.0,20.0,0.0,0.0,995.0,7.0,26.0,5.0,12.0,1.0,0.0,0,9999.0,99997.0,99997.0,88.0,98.0,Other Make,998.0,97.0,1.0,0.0,0.0,998.0,7.0,0.0,0.0,6.0,6.0,12.0,0.0,0.0,1.0,26.0,49053.0,1.0,2.0,2.0,No valid license for this class vehicle,0.0,72.0,181.0,0.0,0.0,0.0,0.0,No Record,0.0,0.0,0.0,0.0,1.0,2.0,55.0,1.0,2.0,1.0,1.0,97.0,1.0,53.0,1.0,1.0,1.0,201.0,26.0,1.0,1.0,0.0,202304636966.0,43.0,1.0,1.0,2.0,1.0,1.0,83.0,49.0,1.0,2.0,1.0,20.0,8.0,73.0,1.0,98.0