ST_CASE,VEH_NO_x,DRIMPAIR_x,DRDISTRACT,DRIVERRF,PER_NO_x,DRUGRES,DRUGACTQTY,STATE_x,COUNTY,HARM_EV_x,MAKE_x,BODY_TYP_x,AGE,SEX,PER_TYP_x,INJ_SEV,REST_USE,REST_MIS,AIR_BAG_x,EJECTION,DRINKING,ALC_RES,HISPANIC,STATE_y,VE_FORMS,HARM_EV_y,NUMOCCS,HIT_RUN,VIN,MOD_YEAR,VPICMAKE,VPICMODEL,VPICBODYCLASS,MAKE_y,MAKENAME,MODEL,BODY_TYP_y,HAZ_INV,HAZ_PLAC,HAZ_ID,TRAV_SP,UNDEROVERRIDE,ROLLOVER,ROLINLOC,IMPACT1,DEFORMED,M_HARM,FIRE_EXP,DR_DRINK,DR_PRES,L_STATE,DR_ZIP,L_TYPE,L_STATUS,L_COMPL,L_COMPLNAME,L_RESTRI,DR_HGT,DR_WGT,PREV_DWI,PREV_SPD,PREV_OTH,FIRST_MO,FIRST_MONAME,FIRST_YR,LAST_MO,LAST_YR,SPEEDREL,VTRAFWAY,VNUM_LAN,VSPD_LIM,VALIGN,VPROFILE,VPAVETYP,VSURCOND,VTRAFCON,P_CRASH1,P_CRASH2,P_CRASH3,PCRASH4,PCRASH5,ACC_CONFIG,STATE,RACE,ORDER,MULTRACE,CASENUM,HARM_EV,DAY_WEEK,MONTH,MAXSEV_IM,WEATHR_IM,PER_NO_y,BODY_TYP,AGE_IM,SEX_IM,INJSEV_IM,PER_TYP_y,AIR_BAG_y,EJECT_IM,MAKE,VEH_NO_y,DRIMPAIR_y
260767,1,10,0.0,0.0,1.0,0.0,-99.0,26.0,5.0,11.0,49.0,4.0,55.0,1.0,1.0,3.0,3.0,0.0,8.0,0.0,0.0,996.0,0.0,26.0,1.0,11.0,2.0,0.0,4T1C11AK1LU9,2020.0,448.0,2469.0,13.0,49.0,Toyota,40.0,4.0,1.0,0.0,0.0,998.0,7.0,0.0,0.0,12.0,6.0,11.0,0.0,0.0,1.0,26.0,49418.0,1.0,6.0,3.0,Valid license for this class vehicle,3.0,69.0,205.0,0.0,0.0,0.0,0.0,No Record,0.0,0.0,0.0,0.0,2.0,2.0,70.0,1.0,8.0,2.0,2.0,97.0,1.0,87.0,99.0,1.0,1.0,103.0,26.0,0.0,1.0,0.0,202304994628.0,12.0,2.0,5.0,4.0,10.0,1.0,4.0,48.0,2.0,0.0,1.0,20.0,0.0,49.0,5.0,98.0
260789,1,10,0.0,0.0,1.0,9995.0,-99.0,26.0,133.0,12.0,18.0,6.0,65.0,1.0,1.0,4.0,3.0,0.0,2.0,0.0,0.0,995.0,7.0,26.0,4.0,12.0,1.0,0.0,5GALVBED5AJ1,2010.0,468.0,1841.0,7.0,18.0,Buick / Opel,24.0,6.0,1.0,0.0,0.0,0.0,8.0,0.0,0.0,6.0,6.0,12.0,0.0,0.0,1.0,26.0,49685.0,1.0,6.0,3.0,Valid license for this class vehicle,3.0,72.0,175.0,0.0,0.0,0.0,10.0,October,2022.0,6.0,2023.0,0.0,1.0,2.0,55.0,1.0,1.0,1.0,2.0,97.0,5.0,53.0,1.0,1.0,1.0,201.0,26.0,1.0,1.0,0.0,202304898915.0,14.0,6.0,4.0,0.0,10.0,1.0,6.0,53.0,2.0,0.0,1.0,20.0,0.0,18.0,1.0,0.0
260794,1,0,0.0,0.0,1.0,9997.0,-99.0,26.0,115.0,12.0,49.0,4.0,44.0,1.0,1.0,3.0,3.0,0.0,8.0,0.0,0.0,997.0,0.0,26.0,5.0,12.0,3.0,0.0,4T1BF1FKXEU8,2014.0,448.0,2469.0,13.0,49.0,Toyota,40.0,4.0,1.0,0.0,0.0,998.0,8.0,0.0,0.0,6.0,6.0,12.0,0.0,0.0,1.0,39.0,44121.0,1.0,6.0,3.0,Valid license for this class vehicle,0.0,999.0,145.0,0.0,0.0,2.0,12.0,December,2018.0,8.0,2019.0,0.0,3.0,3.0,70.0,1.0,1.0,1.0,1.0,97.0,2.0,53.0,1.0,1.0,1.0,201.0,26.0,0.0,1.0,0.0,202305064544.0,12.0,6.0,6.0,0.0,1.0,1.0,4.0,36.0,2.0,0.0,1.0,20.0,0.0,49.0,3.0,0.0
260796,1,99,99.0,38.0,1.0,0.0,-99.0,26.0,49.0,12.0,7.0,4.0,999.0,9.0,1.0,9.0,99.0,7.0,99.0,0.0,9.0,996.0,0.0,26.0,2.0,12.0,99.0,1.0,2B3CL3CG6BH5,2011.0,476.0,1895.0,13.0,7.0,Dodge,24.0,4.0,1.0,0.0,0.0,998.0,8.0,0.0,0.0,12.0,6.0,12.0,0.0,0.0,1.0,99.0,99999.0,9.0,9.0,9.0,Unknown,9.0,999.0,999.0,99.0,99.0,99.0,99.0,Unknown,9999.0,99.0,9999.0,0.0,5.0,5.0,35.0,1.0,1.0,2.0,2.0,97.0,11.0,15.0,99.0,1.0,1.0,401.0,26.0,0.0,1.0,0.0,202305645790.0,12.0,6.0,12.0,0.0,1.0,1.0,4.0,28.0,1.0,0.0,1.0,20.0,0.0,7.0,2.0,98.0
260799,1,0,92.0,6.0,1.0,0.0,-99.0,26.0,65.0,43.0,59.0,14.0,81.0,1.0,1.0,4.0,20.0,7.0,1.0,0.0,0.0,996.0,7.0,26.0,1.0,43.0,1.0,0.0,JT6HF10U3X00,1999.0,515.0,2214.0,7.0,59.0,Lexus,401.0,14.0,1.0,0.0,0.0,998.0,7.0,0.0,0.0,12.0,6.0,53.0,0.0,0.0,1.0,26.0,49251.0,1.0,6.0,3.0,Valid license for this class vehicle,3.0,69.0,250.0,0.0,0.0,0.0,0.0,No Record,0.0,0.0,0.0,0.0,1.0,2.0,55.0,1.0,8.0,8.0,2.0,97.0,1.0,13.0,99.0,1.0,4.0,101.0,26.0,1.0,1.0,0.0,202305606729.0,12.0,7.0,6.0,4.0,1.0,1.0,14.0,45.0,2.0,0.0,1.0,9.0,0.0,59.0,1.0,98.0
260815,1,99,99.0,38.0,1.0,0.0,-99.0,26.0,77.0,12.0,49.0,14.0,88.0,1.0,1.0,4.0,3.0,0.0,3.0,0.0,0.0,996.0,7.0,26.0,2.0,12.0,2.0,0.0,JTMRFREV6HJ1,2017.0,448.0,2217.0,7.0,49.0,Toyota,402.0,14.0,1.0,0.0,0.0,998.0,8.0,0.0,0.0,81.0,6.0,12.0,0.0,0.0,1.0,26.0,49034.0,1.0,6.0,3.0,Valid license for this class vehicle,3.0,70.0,180.0,0.0,0.0,1.0,9.0,September,2020.0,9.0,2020.0,0.0,5.0,3.0,98.0,1.0,8.0,8.0,1.0,20.0,1.0,17.0,99.0,1.0,1.0,502.0,26.0,1.0,1.0,0.0,202305292847.0,9.0,5.0,9.0,2.0,1.0,1.0,14.0,24.0,2.0,0.0,1.0,20.0,0.0,49.0,1.0,98.0
260823,1,0,0.0,39.0,1.0,3073.0,-99.0,26.0,25.0,12.0,19.0,14.0,29.0,2.0,1.0,4.0,20.0,7.0,1.0,3.0,0.0,0.0,7.0,26.0,2.0,12.0,1.0,0.0,1GYKNDRS1HZ1,2017.0,469.0,11442.0,7.0,19.0,Cadillac,401.0,14.0,1.0,0.0,0.0,998.0,8.0,0.0,0.0,12.0,6.0,12.0,0.0,0.0,1.0,26.0,49014.0,1.0,6.0,3.0,Valid license for this class vehicle,0.0,69.0,265.0,0.0,0.0,1.0,11.0,November,2019.0,7.0,2021.0,0.0,1.0,2.0,55.0,1.0,1.0,2.0,1.0,20.0,1.0,17.0,99.0,1.0,1.0,501.0,26.0,1.0,1.0,0.0,202305550158.0,12.0,6.0,12.0,2.0,1.0,1.0,14.0,53.0,1.0,0.0,1.0,8.0,0.0,19.0,1.0,98.0
260826,1,99,99.0,28.0,1.0,1.0,-99.0,26.0,93.0,12.0,63.0,14.0,65.0,1.0,1.0,4.0,3.0,0.0,8.0,0.0,0.0,62.0,7.0,26.0,2.0,12.0,2.0,0.0,KNDJ23AU6P78,2023.0,499.0,2460.0,7.0,63.0,KIA,498.0,14.0,1.0,0.0,0.0,998.0,8.0,0.0,0.0,12.0,6.0,12.0,0.0,1.0,1.0,26.0,48072.0,1.0,6.0,3.0,Valid license for this class vehicle,3.0,76.0,279.0,0.0,0.0,0.0,0.0,No Record,0.0,0.0,0.0,0.0,5.0,3.0,55.0,1.0,2.0,2.0,1.0,97.0,1.0,10.0,99.0,1.0,2.0,301.0,26.0,1.0,1.0,0.0,202305181038.0,8.0,2.0,8.0,1.0,1.0,1.0,14.0,43.0,1.0,1.0,1.0,20.0,0.0,63.0,1.0,98.0
260843,1,9,6.0,0.0,1.0,9997.0,-99.0,26.0,13.0,14.0,20.0,4.0,36.0,1.0,1.0,4.0,3.0,0.0,8.0,0.0,0.0,995.0,99.0,26.0,1.0,14.0,1.0,0.0,2G1WB58K5791,2007.0,467.0,1833.0,13.0,20.0,Chevrolet,2.0,4.0,1.0,0.0,0.0,998.0,8.0,0.0,0.0,12.0,6.0,14.0,0.0,0.0,1.0,26.0,49946.0,1.0,6.0,3.0,Valid license for this class vehicle,0.0,68.0,190.0,0.0,0.0,0.0,0.0,No Record,0.0,0.0,0.0,0.0,1.0,2.0,55.0,1.0,8.0,8.0,1.0,97.0,1.0,13.0,99.0,1.0,4.0,101.0,26.0,99.0,1.0,0.0,202304668832.0,12.0,7.0,1.0,0.0,1.0,1.0,4.0,36.0,1.0,0.0,1.0,1.0,0.0,20.0,2.0,0.0
260848,1,0,99.0,6.0,1.0,0.0,-99.0,26.0,145.0,42.0,35.0,6.0,18.0,2.0,1.0,1.0,99.0,7.0,8.0,0.0,0.0,996.0,0.0,26.0,1.0,42.0,3.0,0.0,JN8AS58VX9W1,2009.0,478.0,1913.0,7.0,35.0,Nissan/Datsun,51.0,6.0,1.0,0.0,0.0,998.0,7.0,0.0,0.0,12.0,6.0,42.0,0.0,0.0,1.0,26.0,48601.0,1.0,3.0,2.0,No valid license for this class vehicle,0.0,62.0,130.0,0.0,0.0,0.0,0.0,No Record,0.0,0.0,0.0,0.0,1.0,2.0,30.0,1.0,8.0,8.0,1.0,97.0,1.0,12.0,99.0,1.0,4.0,102.0,26.0,0.0,1.0,0.0,202304825189.0,12.0,2.0,3.0,2.0,1.0,1.0,6.0,34.0,2.0,2.0,1.0,20.0,0.0,35.0,1.0,0.0
260859,1,99,99.0,28.0,1.0,9995.0,-99.0,26.0,147.0,12.0,24.0,4.0,18.0,2.0,1.0,4.0,20.0,7.0,1.0,0.0,0.0,995.0,7.0,26.0,2.0,12.0,1.0,0.0,1G8AJ55F76Z1,2006.0,1056.0,4781.0,13.0,24.0,Saturn,7.0,4.0,1.0,0.0,0.0,998.0,8.0,0.0,0.0,12.0,6.0,12.0,0.0,0.0,1.0,26.0,48001.0,1.0,6.0,3.0,Valid license for this class vehicle,0.0,63.0,145.0,0.0,0.0,0.0,3.0,March,2022.0,8.0,2023.0,0.0,1.0,2.0,55.0,1.0,8.0,8.0,1.0,97.0,1.0,10.0,99.0,1.0,2.0,301.0,26.0,1.0,1.0,0.0,202305216928.0,9.0,6.0,9.0,1.0,1.0,1.0,4.0,91.0,1.0,0.0,1.0,20.0,0.0,24.0,1.0,0.0
260873,1,0,0.0,0.0,1.0,1.0,-99.0,26.0,159.0,42.0,37.0,4.0,70.0,2.0,1.0,4.0,3.0,0.0,8.0,0.0,0.0,0.0,7.0,26.0,1.0,42.0,1.0,0.0,1HGFA16897L0,2007.0,474.0,1863.0,13.0,37.0,Honda,31.0,4.0,1.0,0.0,0.0,998.0,7.0,0.0,0.0,12.0,6.0,42.0,0.0,0.0,1.0,26.0,49064.0,1.0,6.0,3.0,Valid license for this class vehicle,0.0,68.0,170.0,0.0,0.0,0.0,0.0,No Record,0.0,0.0,0.0,0.0,1.0,2.0,55.0,1.0,8.0,8.0,1.0,97.0,1.0,12.0,99.0,1.0,4.0,102.0,26.0,1.0,1.0,0.0,202305343143.0,12.0,1.0,10.0,2.0,1.0,1.0,4.0,29.0,1.0,2.0,1.0,20.0,0.0,37.0,2.0,0.0
260881,1,0,99.0,36.0,1.0,9997.0,-99.0,26.0,81.0,12.0,20.0,14.0,18.0,1.0,1.0,2.0,99.0,7.0,8.0,0.0,0.0,995.0,0.0,26.0,2.0,12.0,2.0,1.0,2GNAXKEV1K61,2019.0,467.0,1847.0,7.0,20.0,Chevrolet,404.0,14.0,1.0,0.0,0.0,998.0,7.0,0.0,0.0,12.0,4.0,12.0,0.0,0.0,1.0,40.0,73003.0,1.0,6.0,3.0,Valid license for this class vehicle,0.0,77.0,180.0,0.0,0.0,0.0,0.0,No Record,0.0,0.0,0.0,5.0,1.0,2.0,25.0,1.0,1.0,2.0,1.0,97.0,1.0,51.0,99.0,1.0,1.0,202.0,26.0,0.0,1.0,0.0,202305237280.0,12.0,5.0,8.0,1.0,1.0,1.0,14.0,32.0,2.0,1.0,1.0,20.0,0.0,20.0,1.0,98.0
260883,1,9,99.0,0.0,1.0,9995.0,-99.0,26.0,135.0,42.0,7.0,34.0,71.0,1.0,1.0,4.0,3.0,0.0,8.0,0.0,1.0,995.0,7.0,26.0,1.0,42.0,2.0,0.0,1D7HU18D44S5,2004.0,476.0,1938.0,60.0,7.0,Dodge,482.0,34.0,1.0,0.0,0.0,998.0,7.0,0.0,0.0,12.0,6.0,42.0,0.0,1.0,1.0,26.0,48162.0,1.0,3.0,2.0,No valid license for this class vehicle,0.0,70.0,172.0,0.0,0.0,0.0,0.0,No Record,0.0,0.0,0.0,0.0,1.0,2.0,55.0,1.0,1.0,2.0,1.0,97.0,1.0,9.0,99.0,4.0,4.0,102.0,26.0,1.0,1.0,0.0,202305076373.0,12.0,1.0,6.0,2.0,1.0,1.0,34.0,22.0,1.0,0.0,1.0,20.0,0.0,7.0,1.0,0.0
260884,1,0,0.0,0.0,1.0,0.0,-99.0,26.0,115.0,12.0,12.0,14.0,64.0,1.0,1.0,0.0,3.0,0.0,20.0,0.0,0.0,996.0,0.0,26.0,2.0,12.0,1.0,0.0,1FMCU0GD7HUE,2017.0,460.0,1798.0,7.0,12.0,Ford,402.0,14.0,1.0,0.0,0.0,998.0,7.0,0.0,0.0,6.0,4.0,12.0,0.0,0.0,1.0,39.0,43613.0,1.0,6.0,3.0,Valid license for this class vehicle,0.0,72.0,205.0,0.0,0.0,0.0,0.0,No Record,0.0,0.0,0.0,0.0,3.0,2.0,60.0,1.0,1.0,1.0,1.0,97.0,1.0,53.0,99.0,1.0,1.0,201.0,26.0,0.0,1.0,0.0,202305268918.0,12.0,1.0,9.0,1.0,1.0,1.0,14.0,82.0,1.0,1.0,1.0,20.0,0.0,12.0,1.0,9.0
260885,1,10,0.0,0.0,1.0,1.0,-99.0,26.0,33.0,12.0,49.0,20.0,23.0,1.0,1.0,3.0,3.0,0.0,20.0,0.0,0.0,0.0,0.0,26.0,2.0,12.0,5.0,0.0,5TDYK3DC9BS1,2011.0,448.0,2468.0,2.0,49.0,Toyota,442.0,20.0,1.0,0.0,0.0,998.0,2.0,0.0,0.0,12.0,6.0,12.0,0.0,0.0,1.0,8.0,80016.0,1.0,6.0,3.0,Valid license for this class vehicle,0.0,72.0,230.0,0.0,1.0,0.0,10.0,October,2019.0,10.0,2019.0,0.0,2.0,2.0,75.0,1.0,1.0,1.0,1.0,97.0,1.0,51.0,99.0,1.0,1.0,202.0,26.0,0.0,1.0,0.0,202304936799.0,15.0,7.0,3.0,2.0,1.0,1.0,20.0,32.0,1.0,0.0,1.0,20.0,0.0,49.0,1.0,0.0
260891,2,0,99.0,0.0,1.0,0.0,-99.0,26.0,37.0,12.0,98.0,84.0,30.0,1.0,1.0,4.0,20.0,7.0,20.0,8.0,0.0,996.0,7.0,26.0,2.0,12.0,1.0,0.0,0,9999.0,99997.0,99997.0,12.0,98.0,Other Make,709.0,84.0,1.0,0.0,0.0,998.0,7.0,8.0,8.0,6.0,2.0,12.0,0.0,0.0,1.0,26.0,48822.0,1.0,6.0,3.0,Valid license for this class vehicle,0.0,69.0,130.0,0.0,0.0,0.0,0.0,No Record,0.0,0.0,0.0,0.0,1.0,2.0,55.0,1.0,1.0,2.0,2.0,97.0,1.0,53.0,99.0,1.0,1.0,201.0,26.0,1.0,1.0,0.0,202304636966.0,43.0,1.0,1.0,2.0,1.0,1.0,83.0,49.0,1.0,2.0,1.0,20.0,8.0,73.0,1.0,98.0
260901,1,8,99.0,0.0,1.0,5060.0,-99.0,26.0,117.0,42.0,22.0,4.0,29.0,1.0,1.0,4.0,3.0,0.0,20.0,0.0,0.0,147.0,7.0,26.0,1.0,42.0,1.0,0.0,2G2WP5227512,2005.0,536.0,4262.0,13.0,22.0,Pontiac,20.0,4.0,1.0,0.0,0.0,998.0,7.0,3.0,5.0,11.0,6.0,1.0,0.0,1.0,1.0,26.0,48809.0,1.0,1.0,2.0,No valid license for this class vehicle,0.0,72.0,155.0,1.0,0.0,0.0,12.0,December,2021.0,12.0,2021.0,5.0,1.0,2.0,55.0,1.0,1.0,4.0,8.0,97.0,1.0,6.0,99.0,3.0,4.0,101.0,26.0,3.0,1.0,0.0,202305637991.0,12.0,1.0,12.0,0.0,10.0,1.0,4.0,22.0,1.0,0.0,1.0,1.0,0.0,22.0,1.0,0.0
260905,1,10,99.0,28.0,1.0,9995.0,-99.0,26.0,75.0,12.0,49.0,4.0,21.0,2.0,1.0,4.0,3.0,0.0,1.0,0.0,1.0,995.0,7.0,26.0,2.0,12.0,1.0,0.0,4T1BE46K27U6,2007.0,448.0,2469.0,13.0,49.0,Toyota,40.0,4.0,1.0,0.0,0.0,998.0,8.0,0.0,0.0,12.0,6.0,12.0,0.0,1.0,1.0,26.0,48821.0,1.0,6.0,3.0,Valid license for this class vehicle,0.0,61.0,103.0,0.0,0.0,1.0,2.0,February,2022.0,2.0,2022.0,0.0,1.0,2.0,55.0,1.0,1.0,2.0,2.0,97.0,1.0,10.0,99.0,1.0,2.0,301.0,26.0,28.0,1.0,0.0,202304874202.0,12.0,7.0,4.0,2.0,1.0,1.0,4.0,43.0,1.0,2.0,1.0,8.0,0.0,49.0,1.0,9.0
260919,1,10,99.0,0.0,1.0,9995.0,-99.0,26.0,75.0,42.0,37.0,14.0,20.0,1.0,1.0,4.0,20.0,7.0,2.0,3.0,0.0,995.0,99.0,26.0,1.0,42.0,1.0,0.0,2HKRM4H50GH6,2016.0,474.0,1865.0,7.0,37.0,Honda,402.0,14.0,1.0,0.0,0.0,998.0,7.0,0.0,0.0,12.0,6.0,42.0,0.0,0.0,1.0,26.0,49201.0,1.0,6.0,3.0,Valid license for this class vehicle,0.0,71.0,150.0,0.0,0.0,0.0,0.0,No Record,0.0,0.0,0.0,5.0,1.0,2.0,55.0,1.0,1.0,1.0,1.0,97.0,1.0,13.0,99.0,1.0,4.0,101.0,26.0,1.0,1.0,0.0,202305034542.0,12.0,1.0,5.0,1.0,1.0,1.0,14.0,44.0,1.0,1.0,1.0,8.0,0.0,37.0,2.0,98.0
260930,1,0,99.0,6.0,1.0,5063.0,6.2,26.0,81.0,1.0,19.0,6.0,26.0,1.0,1.0,3.0,20.0,7.0,8.0,1.0,1.0,194.0,0.0,26.0,1.0,1.0,2.0,0.0,3GYFNDE30CS5,2012.0,469.0,1844.0,7.0,19.0,Cadillac,20.0,6.0,1.0,0.0,0.0,998.0,7.0,3.0,5.0,0.0,6.0,1.0,0.0,1.0,1.0,26.0,49408.0,1.0,2.0,2.0,No valid license for this class vehicle,0.0,69.0,180.0,0.0,1.0,2.0,2.0,February,2019.0,7.0,2022.0,0.0,3.0,3.0,70.0,1.0,1.0,2.0,2.0,97.0,1.0,13.0,99.0,1.0,4.0,998.0,26.0,0.0,1.0,0.0,202304904277.0,12.0,7.0,4.0,0.0,10.0,1.0,6.0,32.0,1.0,0.0,1.0,20.0,0.0,19.0,2.0,0.0
260931,1,99,99.0,6.0,1.0,9997.0,-99.0,26.0,81.0,1.0,12.0,34.0,58.0,1.0,1.0,4.0,20.0,7.0,20.0,1.0,0.0,997.0,7.0,26.0,1.0,1.0,1.0,0.0,1FTPX14V07FB,2007.0,460.0,1801.0,60.0,12.0,Ford,481.0,34.0,1.0,0.0,0.0,998.0,7.0,3.0,5.0,0.0,6.0,1.0,0.0,0.0,1.0,26.0,49341.0,1.0,6.0,3.0,Valid license for this class vehicle,3.0,70.0,200.0,0.0,0.0,0.0,7.0,July,2023.0,9.0,2023.0,0.0,2.0,2.0,70.0,1.0,8.0,8.0,1.0,97.0,17.0,13.0,99.0,1.0,4.0,101.0,26.0,1.0,1.0,0.0,202305152417.0,12.0,5.0,8.0,0.0,10.0,1.0,34.0,39.0,1.0,0.0,1.0,20.0,0.0,12.0,2.0,0.0
260937,1,8,0.0,0.0,1.0,0.0,-99.0,26.0,131.0,12.0,12.0,4.0,50.0,2.0,1.0,0.0,3.0,0.0,1.0,0.0,0.0,996.0,0.0,26.0,2.0,12.0,1.0,0.0,1FAHP35NX8W2,2008.0,460.0,1779.0,13.0,12.0,Ford,37.0,4.0,1.0,0.0,0.0,998.0,0.0,0.0,0.0,12.0,6.0,12.0,0.0,0.0,1.0,26.0,49947.0,1.0,6.0,3.0,Valid license for this class vehicle,0.0,64.0,145.0,0.0,1.0,0.0,1.0,January,2020.0,11.0,2022.0,0.0,1.0,2.0,98.0,1.0,8.0,8.0,2.0,97.0,1.0,66.0,99.0,1.0,1.0,503.0,26.0,0.0,1.0,0.0,202305345444.0,34.0,5.0,10.0,0.0,2.0,1.0,4.0,18.0,1.0,0.0,1.0,20.0,0.0,12.0,1.0,0.0
260941,2,0,0.0,0.0,1.0,0.0,-99.0,26.0,57.0,12.0,37.0,4.0,25.0,2.0,1.0,1.0,3.0,0.0,8.0,0.0,0.0,996.0,0.0,26.0,2.0,12.0,1.0,0.0,19XFC2F57HE0,2017.0,474.0,1863.0,13.0,37.0,Honda,31.0,4.0,1.0,0.0,0.0,998.0,8.0,0.0,0.0,12.0,6.0,12.0,0.0,0.0,1.0,26.0,49306.0,1.0,6.0,3.0,Valid license for this class vehicle,0.0,66.0,120.0,0.0,0.0,0.0,0.0,No Record,0.0,0.0,0.0,0.0,1.0,2.0,55.0,1.0,1.0,2.0,2.0,97.0,1.0,54.0,1.0,1.0,1.0,303.0,26.0,0.0,1.0,0.0,202305166523.0,12.0,2.0,2.0,2.0,1.0,1.0,4.0,29.0,2.0,2.0,1.0,9.0,0.0,37.0,1.0,0.0
260942,1,10,99.0,0.0,1.0,9995.0,-99.0,26.0,45.0,42.0,20.0,4.0,71.0,2.0,1.0,4.0,3.0,0.0,8.0,0.0,0.0,995.0,7.0,26.0,1.0,42.0,1.0,0.0,1G1BC5SM0H71,2017.0,467.0,1832.0,13.0,20.0,Chevrolet,25.0,4.0,1.0,0.0,0.0,998.0,7.0,3.0,5.0,12.0,6.0,42.0,0.0,0.0,1.0,26.0,48503.0,1.0,6.0,3.0,Valid license for this class vehicle,3.0,61.0,220.0,0.0,0.0,0.0,0.0,No Record,0.0,0.0,0.0,9.0,1.0,2.0,55.0,3.0,8.0,8.0,1.0,97.0,14.0,6.0,99.0,9.0,4.0,101.0,26.0,2.0,1.0,0.0,202305004305.0,33.0,7.0,6.0,0.0,1.0,1.0,4.0,21.0,1.0,0.0,1.0,8.0,0.0,20.0,1.0,0.0
260953,1,0,99.0,0.0,1.0,5997.0,-99.0,26.0,163.0,12.0,20.0,15.0,34.0,1.0,1.0,2.0,20.0,7.0,1.0,0.0,0.0,0.0,0.0,26.0,4.0,12.0,1.0,0.0,1GNFK130X7R1,2007.0,467.0,1852.0,7.0,20.0,Chevrolet,421.0,15.0,1.0,0.0,0.0,998.0,8.0,0.0,0.0,12.0,6.0,12.0,0.0,0.0,1.0,26.0,48203.0,1.0,1.0,2.0,No valid license for this class vehicle,0.0,73.0,300.0,0.0,0.0,0.0,0.0,No Record,0.0,0.0,0.0,0.0,3.0,3.0,55.0,1.0,8.0,8.0,1.0,97.0,1.0,50.0,16.0,1.0,1.0,202.0,26.0,0.0,1.0,0.0,202305157273.0,12.0,3.0,7.0,2.0,1.0,1.0,15.0,21.0,2.0,0.0,1.0,8.0,0.0,20.0,1.0,0.0
260954,1,99,0.0,0.0,1.0,9995.0,-99.0,26.0,99.0,33.0,37.0,80.0,24.0,1.0,1.0,4.0,20.0,7.0,20.0,8.0,0.0,995.0,7.0,26.0,1.0,33.0,1.0,0.0,JH2SC7708HK0,2017.0,474.0,33515.0,80.0,37.0,Honda,706.0,80.0,1.0,0.0,0.0,998.0,7.0,8.0,8.0,12.0,6.0,33.0,0.0,0.0,1.0,26.0,48021.0,1.0,6.0,3.0,Valid license for this class vehicle,0.0,73.0,125.0,0.0,0.0,0.0,7.0,July,2022.0,7.0,2022.0,5.0,5.0,5.0,45.0,1.0,8.0,8.0,1.0,97.0,1.0,12.0,99.0,1.0,4.0,102.0,26.0,1.0,1.0,0.0,202305117156.0,5.0,4.0,7.0,3.0,10.0,1.0,80.0,33.0,1.0,3.0,1.0,20.0,8.0,37.0,1.0,0.0
260955,1,99,99.0,36.0,1.0,9995.0,-99.0,26.0,163.0,12.0,63.0,14.0,19.0,1.0,1.0,4.0,20.0,7.0,2.0,0.0,1.0,995.0,7.0,26.0,2.0,12.0,1.0,0.0,KNDPM3AC1K75,2019.0,499.0,2770.0,7.0,63.0,KIA,401.0,14.0,1.0,0.0,0.0,998.0,0.0,0.0,0.0,61.0,6.0,12.0,0.0,1.0,1.0,26.0,48035.0,1.0,6.0,3.0,Valid license for this class vehicle,0.0,73.0,189.0,0.0,0.0,0.0,0.0,No Record,0.0,0.0,0.0,0.0,1.0,2.0,98.0,1.0,8.0,8.0,1.0,20.0,12.0,21.0,99.0,1.0,1.0,998.0,26.0,2.0,1.0,0.0,202304927602.0,18.0,3.0,2.0,1.0,1.0,1.0,14.0,59.0,2.0,1.0,1.0,20.0,0.0,63.0,1.0,0.0
260958,1,10,99.0,0.0,1.0,9995.0,-99.0,26.0,109.0,30.0,20.0,34.0,58.0,1.0,1.0,4.0,3.0,0.0,20.0,0.0,0.0,995.0,99.0,26.0,1.0,30.0,1.0,0.0,1GCVKREC9JZ2,2018.0,467.0,1850.0,60.0,20.0,Chevrolet,481.0,34.0,1.0,0.0,0.0,998.0,7.0,0.0,0.0,12.0,6.0,30.0,0.0,0.0,1.0,26.0,49858.0,1.0,6.0,3.0,Valid license for this class vehicle,0.0,73.0,235.0,0.0,0.0,0.0,0.0,No Record,0.0,0.0,0.0,0.0,1.0,2.0,25.0,1.0,8.0,8.0,3.0,97.0,1.0,13.0,99.0,1.0,4.0,101.0,26.0,99.0,1.0,0.0,202304849405.0,32.0,7.0,4.0,3.0,2.0,1.0,34.0,74.0,1.0,3.0,1.0,8.0,0.0,20.0,1.0,0.0
260959,1,99,99.0,0.0,1.0,0.0,-99.0,26.0,65.0,12.0,20.0,4.0,27.0,1.0,1.0,1.0,3.0,0.0,8.0,0.0,1.0,996.0,0.0,26.0,2.0,12.0,1.0,0.0,1G1ZD5ST2MF0,2021.0,467.0,1834.0,13.0,20.0,Chevrolet,37.0,4.0,1.0,0.0,0.0,998.0,8.0,0.0,0.0,12.0,6.0,12.0,0.0,1.0,1.0,26.0,48911.0,1.0,6.0,3.0,Valid license for this class vehicle,0.0,67.0,145.0,0.0,0.0,0.0,0.0,No Record,0.0,0.0,0.0,9.0,4.0,2.0,45.0,1.0,1.0,2.0,1.0,97.0,1.0,66.0,99.0,1.0,1.0,503.0,26.0,0.0,1.0,0.0,202305171074.0,12.0,5.0,7.0,3.0,1.0,1.0,4.0,68.0,1.0,3.0,1.0,8.0,0.0,20.0,1.0,99.0