ST_CASE,VEH_NO_x,DRIMPAIR_x,DRDISTRACT,DRIVERRF,PER_NO_x,DRUGRES,DRUGACTQTY,STATE_x,COUNTY,HARM_EV_x,MAKE_x,BODY_TYP_x,AGE,SEX,PER_TYP_x,INJ_SEV,REST_USE,REST_MIS,AIR_BAG_x,EJECTION,DRINKING,ALC_RES,HISPANIC,STATE_y,VE_FORMS,HARM_EV_y,NUMOCCS,HIT_RUN,VIN,MOD_YEAR,VPICMAKE,VPICMODEL,VPICBODYCLASS,MAKE_y,MAKENAME,MODEL,BODY_TYP_y,HAZ_INV,HAZ_PLAC,HAZ_ID,TRAV_SP,UNDEROVERRIDE,ROLLOVER,ROLINLOC,IMPACT1,DEFORMED,M_HARM,FIRE_EXP,DR_DRINK,DR_PRES,L_STATE,DR_ZIP,L_TYPE,L_STATUS,L_COMPL,L_COMPLNAME,L_RESTRI,DR_HGT,DR_WGT,PREV_DWI,PREV_SPD,PREV_OTH,FIRST_MO,FIRST_MONAME,FIRST_YR,LAST_MO,LAST_YR,SPEEDREL,VTRAFWAY,VNUM_LAN,VSPD_LIM,VALIGN,VPROFILE,VPAVETYP,VSURCOND,VTRAFCON,P_CRASH1,P_CRASH2,P_CRASH3,PCRASH4,PCRASH5,ACC_CONFIG,STATE,RACE,ORDER,MULTRACE,CASENUM,HARM_EV,DAY_WEEK,MONTH,MAXSEV_IM,WEATHR_IM,PER_NO_y,BODY_TYP,AGE_IM,SEX_IM,INJSEV_IM,PER_TYP_y,AIR_BAG_y,EJECT_IM,MAKE,VEH_NO_y,DRIMPAIR_y
260969,1,0,0.0,38.0,1.0,0.0,-99.0,26.0,99.0,12.0,12.0,6.0,17.0,2.0,1.0,0.0,3.0,0.0,20.0,0.0,0.0,0.0,0.0,26.0,2.0,12.0,4.0,0.0,2FMDK51CX9BA,2009.0,460.0,1802.0,7.0,12.0,Ford,25.0,6.0,1.0,0.0,0.0,998.0,7.0,0.0,0.0,12.0,6.0,12.0,0.0,0.0,1.0,26.0,48044.0,2.0,6.0,3.0,Valid license for this class vehicle,3.0,62.0,150.0,0.0,0.0,0.0,0.0,No Record,0.0,0.0,0.0,0.0,0.0,0.0,0.0,0.0,0.0,0.0,0.0,97.0,11.0,15.0,99.0,1.0,1.0,414.0,26.0,0.0,1.0,0.0,202305345723.0,12.0,7.0,10.0,3.0,1.0,1.0,6.0,24.0,1.0,0.0,1.0,9.0,0.0,12.0,1.0,98.0
260979,1,99,99.0,36.0,1.0,0.0,-99.0,26.0,163.0,14.0,63.0,4.0,17.0,1.0,1.0,1.0,99.0,7.0,8.0,3.0,0.0,996.0,0.0,26.0,1.0,14.0,2.0,0.0,KNADM4A34G66,2016.0,499.0,2299.0,13.0,63.0,KIA,32.0,4.0,1.0,0.0,0.0,998.0,0.0,3.0,1.0,12.0,6.0,14.0,0.0,0.0,1.0,26.0,48221.0,0.0,0.0,0.0,Not licensed,0.0,71.0,152.0,0.0,0.0,0.0,0.0,No Record,0.0,0.0,0.0,0.0,1.0,2.0,25.0,1.0,8.0,8.0,1.0,97.0,1.0,11.0,99.0,1.0,4.0,103.0,26.0,0.0,1.0,0.0,202305052973.0,12.0,7.0,6.0,0.0,10.0,1.0,4.0,85.0,1.0,0.0,1.0,9.0,0.0,63.0,2.0,0.0
260981,1,0,12.0,38.0,1.0,9995.0,-99.0,26.0,17.0,12.0,12.0,34.0,86.0,1.0,1.0,4.0,20.0,7.0,20.0,1.0,0.0,995.0,7.0,26.0,2.0,12.0,2.0,0.0,1FTSW31F8YEC,2000.0,460.0,1806.0,60.0,12.0,Ford,481.0,34.0,1.0,0.0,0.0,998.0,0.0,3.0,9.0,12.0,6.0,12.0,0.0,0.0,1.0,26.0,48642.0,1.0,6.0,3.0,Valid license for this class vehicle,3.0,70.0,260.0,0.0,0.0,1.0,6.0,June,2022.0,6.0,2022.0,0.0,0.0,0.0,0.0,0.0,0.0,0.0,0.0,97.0,11.0,15.0,99.0,1.0,1.0,414.0,26.0,1.0,1.0,0.0,202304902170.0,12.0,3.0,2.0,0.0,1.0,1.0,34.0,70.0,1.0,0.0,1.0,20.0,0.0,12.0,1.0,98.0
260987,1,0,0.0,0.0,1.0,9995.0,-99.0,26.0,77.0,42.0,49.0,4.0,93.0,1.0,1.0,4.0,3.0,0.0,1.0,0.0,0.0,995.0,7.0,26.0,1.0,42.0,1.0,0.0,4T1BE46K08U2,2008.0,448.0,2469.0,13.0,49.0,Toyota,40.0,4.0,1.0,0.0,0.0,998.0,7.0,3.0,5.0,12.0,6.0,42.0,0.0,0.0,1.0,26.0,49004.0,1.0,6.0,3.0,Valid license for this class vehicle,0.0,74.0,174.0,0.0,0.0,0.0,0.0,No Record,0.0,0.0,0.0,0.0,1.0,2.0,50.0,1.0,8.0,8.0,1.0,97.0,1.0,12.0,99.0,1.0,4.0,102.0,26.0,1.0,1.0,0.0,202305150963.0,12.0,7.0,7.0,0.0,1.0,1.0,4.0,24.0,1.0,0.0,1.0,20.0,0.0,49.0,1.0,0.0
260994,1,99,99.0,60.0,1.0,1.0,-99.0,26.0,77.0,12.0,37.0,20.0,25.0,1.0,1.0,0.0,99.0,7.0,1.0,0.0,1.0,99.0,0.0,26.0,4.0,12.0,2.0,1.0,5FNRL18693B1,2003.0,474.0,1869.0,2.0,37.0,Honda,441.0,20.0,1.0,0.0,0.0,998.0,0.0,0.0,0.0,12.0,6.0,12.0,0.0,1.0,1.0,17.0,60426.0,1.0,6.0,3.0,Valid license for this class vehicle,0.0,67.0,200.0,0.0,0.0,0.0,0.0,No Record,0.0,0.0,0.0,5.0,1.0,4.0,98.0,1.0,8.0,8.0,1.0,3.0,1.0,17.0,99.0,1.0,1.0,503.0,26.0,0.0,1.0,0.0,202305367574.0,34.0,2.0,10.0,3.0,10.0,1.0,20.0,19.0,1.0,2.0,1.0,1.0,0.0,37.0,1.0,0.0
261002,1,99,99.0,0.0,1.0,9995.0,-99.0,26.0,81.0,19.0,13.0,4.0,79.0,1.0,1.0,4.0,99.0,7.0,8.0,0.0,0.0,995.0,7.0,26.0,1.0,19.0,1.0,0.0,1LNHL9EK7DG6,2013.0,464.0,1794.0,13.0,13.0,Lincoln,15.0,4.0,1.0,0.0,0.0,998.0,7.0,0.0,0.0,12.0,6.0,19.0,0.0,0.0,1.0,26.0,49428.0,1.0,6.0,3.0,Valid license for this class vehicle,0.0,68.0,175.0,0.0,0.0,1.0,6.0,June,2021.0,10.0,2022.0,0.0,1.0,3.0,98.0,1.0,8.0,8.0,1.0,97.0,1.0,19.0,99.0,9.0,4.0,103.0,26.0,1.0,1.0,0.0,202304840944.0,8.0,6.0,3.0,2.0,1.0,1.0,4.0,30.0,1.0,0.0,1.0,20.0,0.0,13.0,1.0,0.0
261007,1,99,99.0,0.0,1.0,9995.0,-99.0,26.0,163.0,12.0,37.0,96.0,18.0,1.0,1.0,4.0,20.0,7.0,20.0,3.0,0.0,995.0,7.0,26.0,2.0,12.0,1.0,0.0,0,1999.0,474.0,11603.0,105.0,37.0,Honda,739.0,96.0,1.0,0.0,0.0,998.0,0.0,0.0,0.0,12.0,6.0,12.0,0.0,0.0,1.0,26.0,48229.0,0.0,0.0,0.0,Not licensed,0.0,74.0,170.0,0.0,0.0,0.0,0.0,No Record,0.0,0.0,0.0,5.0,1.0,2.0,98.0,1.0,8.0,8.0,1.0,20.0,1.0,17.0,99.0,1.0,1.0,402.0,26.0,2.0,1.0,0.0,202304636966.0,43.0,1.0,1.0,2.0,1.0,1.0,83.0,49.0,1.0,2.0,1.0,20.0,8.0,73.0,1.0,98.0
261008,1,0,0.0,38.0,1.0,9995.0,-99.0,26.0,163.0,12.0,12.0,4.0,80.0,2.0,1.0,4.0,3.0,0.0,8.0,0.0,0.0,995.0,7.0,26.0,2.0,12.0,1.0,0.0,1FAHP35N88W2,2008.0,460.0,1779.0,13.0,12.0,Ford,37.0,4.0,1.0,0.0,0.0,998.0,0.0,0.0,0.0,12.0,6.0,12.0,0.0,0.0,1.0,26.0,48180.0,1.0,6.0,3.0,Valid license for this class vehicle,3.0,62.0,108.0,0.0,0.0,0.0,0.0,No Record,0.0,0.0,0.0,0.0,0.0,0.0,0.0,0.0,0.0,0.0,0.0,97.0,11.0,15.0,99.0,1.0,1.0,414.0,26.0,1.0,1.0,0.0,202305309497.0,30.0,2.0,10.0,3.0,1.0,1.0,4.0,32.0,2.0,3.0,1.0,1.0,0.0,12.0,1.0,99.0
261012,1,98,99.0,0.0,1.0,9995.0,-99.0,26.0,163.0,59.0,12.0,4.0,37.0,2.0,1.0,4.0,99.0,7.0,98.0,0.0,0.0,995.0,7.0,26.0,1.0,59.0,1.0,0.0,2FAHP71V49X1,2009.0,460.0,1778.0,13.0,12.0,Ford,16.0,4.0,1.0,0.0,0.0,998.0,7.0,0.0,0.0,12.0,6.0,59.0,0.0,0.0,1.0,26.0,48210.0,1.0,1.0,2.0,No valid license for this class vehicle,0.0,999.0,999.0,0.0,0.0,0.0,0.0,No Record,0.0,0.0,0.0,2.0,5.0,5.0,35.0,1.0,8.0,8.0,2.0,3.0,1.0,6.0,99.0,9.0,4.0,101.0,26.0,1.0,1.0,0.0,202305352327.0,35.0,6.0,10.0,3.0,10.0,1.0,4.0,35.0,2.0,3.0,1.0,1.0,0.0,12.0,1.0,0.0
261013,1,0,0.0,6.0,1.0,9995.0,-99.0,26.0,99.0,33.0,20.0,4.0,89.0,1.0,1.0,4.0,3.0,0.0,1.0,0.0,0.0,995.0,7.0,26.0,1.0,33.0,1.0,0.0,1G1ZD5ST2KF1,2019.0,467.0,1834.0,13.0,20.0,Chevrolet,37.0,4.0,1.0,0.0,0.0,998.0,7.0,3.0,5.0,12.0,6.0,42.0,0.0,0.0,1.0,26.0,48313.0,1.0,6.0,3.0,Valid license for this class vehicle,0.0,72.0,230.0,0.0,0.0,0.0,0.0,No Record,0.0,0.0,0.0,0.0,5.0,5.0,35.0,2.0,8.0,8.0,1.0,97.0,1.0,12.0,99.0,1.0,4.0,102.0,26.0,1.0,1.0,0.0,202304811575.0,12.0,7.0,3.0,0.0,1.0,1.0,4.0,35.0,1.0,0.0,1.0,1.0,0.0,20.0,1.0,0.0
261020,1,0,0.0,38.0,1.0,0.0,-99.0,26.0,77.0,12.0,12.0,14.0,19.0,2.0,1.0,2.0,3.0,0.0,8.0,0.0,0.0,996.0,0.0,26.0,2.0,12.0,1.0,0.0,1FMCU9GD0HUD,2017.0,460.0,1798.0,7.0,12.0,Ford,402.0,14.0,1.0,0.0,0.0,998.0,0.0,0.0,0.0,11.0,6.0,12.0,0.0,0.0,1.0,26.0,49024.0,1.0,6.0,3.0,Valid license for this class vehicle,0.0,63.0,160.0,0.0,0.0,0.0,0.0,No Record,0.0,0.0,0.0,0.0,1.0,2.0,55.0,1.0,8.0,8.0,1.0,20.0,11.0,15.0,99.0,1.0,1.0,414.0,26.0,0.0,1.0,0.0,202305425442.0,12.0,3.0,11.0,3.0,2.0,1.0,14.0,57.0,2.0,3.0,1.0,20.0,0.0,12.0,1.0,0.0
270002,1,0,99.0,36.0,1.0,1.0,-99.0,27.0,23.0,12.0,6.0,20.0,19.0,2.0,1.0,4.0,99.0,7.0,8.0,9.0,0.0,0.0,7.0,27.0,2.0,12.0,1.0,0.0,2A4RR5D14AR3,2010.0,477.0,1936.0,2.0,6.0,Chrysler,441.0,20.0,1.0,0.0,0.0,70.0,8.0,0.0,0.0,12.0,6.0,12.0,0.0,0.0,1.0,27.0,56222.0,1.0,6.0,3.0,Valid license for this class vehicle,0.0,68.0,165.0,0.0,0.0,0.0,0.0,No Record,0.0,0.0,0.0,9.0,1.0,2.0,60.0,1.0,1.0,1.0,4.0,0.0,6.0,54.0,99.0,1.0,2.0,301.0,27.0,1.0,1.0,0.0,202305222809.0,12.0,7.0,9.0,0.0,1.0,1.0,20.0,67.0,1.0,0.0,1.0,20.0,0.0,6.0,1.0,0.0
270007,1,99,99.0,28.0,1.0,9999.0,-99.0,27.0,115.0,12.0,49.0,4.0,82.0,2.0,1.0,4.0,3.0,0.0,1.0,0.0,0.0,995.0,7.0,27.0,2.0,12.0,1.0,0.0,4T4BF3EK6BR1,2011.0,448.0,2469.0,13.0,49.0,Toyota,40.0,4.0,1.0,0.0,0.0,60.0,1.0,0.0,0.0,12.0,6.0,12.0,0.0,0.0,1.0,27.0,55116.0,1.0,6.0,3.0,Valid license for this class vehicle,0.0,63.0,160.0,0.0,0.0,0.0,6.0,June,2019.0,6.0,2019.0,9.0,1.0,2.0,60.0,1.0,1.0,2.0,1.0,0.0,1.0,10.0,99.0,2.0,2.0,301.0,27.0,1.0,1.0,0.0,202304897214.0,12.0,4.0,4.0,1.0,2.0,1.0,4.0,23.0,2.0,1.0,1.0,20.0,0.0,49.0,1.0,98.0
270009,1,0,3.0,0.0,1.0,0.0,-99.0,27.0,37.0,42.0,35.0,4.0,15.0,1.0,1.0,1.0,3.0,0.0,8.0,0.0,0.0,996.0,0.0,27.0,1.0,42.0,2.0,0.0,1N4BL4BV2LC1,2020.0,478.0,1904.0,13.0,35.0,Nissan/Datsun,47.0,4.0,1.0,0.0,0.0,85.0,7.0,0.0,0.0,2.0,6.0,42.0,0.0,0.0,1.0,27.0,55337.0,0.0,0.0,0.0,Not licensed,0.0,64.0,110.0,0.0,0.0,0.0,0.0,No Record,0.0,0.0,0.0,3.0,2.0,2.0,40.0,3.0,6.0,2.0,1.0,0.0,14.0,12.0,15.0,9.0,4.0,102.0,27.0,0.0,1.0,0.0,202304975990.0,12.0,7.0,3.0,2.0,1.0,1.0,4.0,27.0,2.0,2.0,1.0,8.0,0.0,35.0,2.0,0.0
270010,1,9,99.0,0.0,1.0,9999.0,-99.0,27.0,5.0,1.0,98.0,91.0,34.0,1.0,1.0,4.0,20.0,7.0,20.0,1.0,1.0,246.0,7.0,27.0,1.0,1.0,1.0,0.0,0,2017.0,99997.0,99997.0,97.0,98.0,Other Make,998.0,91.0,1.0,0.0,0.0,50.0,7.0,3.0,5.0,0.0,4.0,1.0,0.0,1.0,1.0,38.0,58102.0,1.0,6.0,3.0,Valid license for this class vehicle,0.0,73.0,150.0,0.0,0.0,0.0,0.0,No Record,0.0,0.0,0.0,4.0,1.0,2.0,50.0,1.0,1.0,4.0,3.0,0.0,1.0,13.0,99.0,9.0,4.0,101.0,27.0,1.0,1.0,0.0,202304636966.0,43.0,1.0,1.0,2.0,1.0,1.0,83.0,49.0,1.0,2.0,1.0,20.0,8.0,73.0,1.0,98.0
270015,1,9,99.0,73.0,1.0,9999.0,-99.0,27.0,123.0,1.0,35.0,4.0,17.0,1.0,1.0,3.0,3.0,0.0,8.0,0.0,1.0,0.0,0.0,27.0,1.0,1.0,4.0,0.0,1N4BA41E58C8,2008.0,478.0,2302.0,13.0,35.0,Nissan/Datsun,39.0,4.0,1.0,0.0,0.0,100.0,7.0,3.0,5.0,0.0,6.0,1.0,0.0,1.0,1.0,55.0,54021.0,7.0,6.0,3.0,Valid license for this class vehicle,2.0,67.0,125.0,0.0,0.0,0.0,0.0,No Record,0.0,0.0,0.0,3.0,7.0,2.0,60.0,1.0,1.0,2.0,1.0,0.0,1.0,12.0,8.0,9.0,4.0,102.0,27.0,0.0,1.0,0.0,202305359382.0,12.0,5.0,9.0,3.0,1.0,1.0,4.0,19.0,1.0,3.0,1.0,9.0,0.0,35.0,1.0,0.0
270025,1,99,99.0,87.0,1.0,3019.0,260.0,27.0,85.0,1.0,20.0,34.0,39.0,2.0,1.0,4.0,20.0,7.0,20.0,1.0,9.0,0.0,7.0,27.0,1.0,1.0,1.0,0.0,3GCEK13M08G1,2008.0,467.0,1850.0,60.0,20.0,Chevrolet,481.0,34.0,1.0,0.0,0.0,60.0,7.0,3.0,5.0,0.0,6.0,1.0,0.0,0.0,1.0,27.0,55381.0,1.0,6.0,3.0,Valid license for this class vehicle,0.0,68.0,165.0,0.0,1.0,0.0,8.0,August,2020.0,8.0,2021.0,4.0,1.0,2.0,60.0,1.0,1.0,1.0,4.0,0.0,1.0,6.0,98.0,3.0,4.0,101.0,27.0,1.0,1.0,0.0,202304874240.0,12.0,2.0,4.0,0.0,1.0,1.0,34.0,27.0,2.0,0.0,1.0,20.0,0.0,20.0,1.0,0.0
270031,1,0,0.0,0.0,1.0,0.0,-99.0,27.0,99.0,12.0,49.0,20.0,45.0,2.0,1.0,2.0,3.0,0.0,1.0,0.0,0.0,996.0,0.0,27.0,2.0,12.0,1.0,0.0,5TDZK23C68S1,2008.0,448.0,2468.0,2.0,49.0,Toyota,442.0,20.0,1.0,0.0,0.0,998.0,0.0,0.0,0.0,12.0,6.0,12.0,0.0,0.0,1.0,27.0,55967.0,1.0,6.0,3.0,Valid license for this class vehicle,0.0,65.0,223.0,0.0,0.0,0.0,0.0,No Record,0.0,0.0,0.0,0.0,1.0,2.0,60.0,1.0,1.0,2.0,3.0,0.0,1.0,62.0,99.0,1.0,1.0,302.0,27.0,0.0,1.0,0.0,202305253117.0,12.0,3.0,9.0,0.0,1.0,1.0,20.0,57.0,2.0,0.0,1.0,20.0,0.0,49.0,2.0,0.0
270032,1,0,99.0,0.0,1.0,9999.0,-99.0,27.0,147.0,12.0,49.0,4.0,59.0,1.0,1.0,4.0,3.0,0.0,8.0,0.0,0.0,995.0,7.0,27.0,2.0,12.0,1.0,0.0,JTDBL40E7990,2009.0,448.0,2208.0,13.0,49.0,Toyota,32.0,4.0,1.0,0.0,0.0,50.0,0.0,0.0,0.0,3.0,6.0,12.0,0.0,0.0,1.0,27.0,55060.0,1.0,6.0,3.0,Valid license for this class vehicle,0.0,74.0,210.0,0.0,0.0,0.0,0.0,No Record,0.0,0.0,0.0,9.0,1.0,2.0,60.0,1.0,1.0,2.0,3.0,0.0,1.0,6.0,99.0,4.0,2.0,301.0,27.0,1.0,1.0,0.0,202304800373.0,12.0,5.0,3.0,2.0,1.0,1.0,4.0,35.0,2.0,2.0,1.0,1.0,0.0,49.0,1.0,0.0
270032,2,0,0.0,0.0,1.0,0.0,-99.0,27.0,147.0,12.0,2.0,14.0,58.0,2.0,1.0,2.0,3.0,0.0,8.0,0.0,0.0,996.0,0.0,27.0,2.0,12.0,1.0,0.0,1C4RJFAG3DC6,2013.0,483.0,1949.0,7.0,2.0,Jeep / Kaiser-Jeep / Willys- Jeep,404.0,14.0,1.0,0.0,0.0,35.0,0.0,0.0,0.0,12.0,6.0,12.0,0.0,0.0,1.0,27.0,55924.0,1.0,6.0,3.0,Valid license for this class vehicle,0.0,64.0,165.0,0.0,0.0,0.0,0.0,No Record,0.0,0.0,0.0,0.0,1.0,2.0,60.0,1.0,1.0,2.0,3.0,0.0,1.0,62.0,99.0,1.0,1.0,302.0,27.0,0.0,1.0,0.0,202305225900.0,12.0,4.0,9.0,0.0,2.0,1.0,14.0,18.0,2.0,0.0,1.0,20.0,0.0,2.0,2.0,0.0
270050,1,99,99.0,0.0,1.0,1.0,-99.0,27.0,123.0,42.0,7.0,20.0,29.0,1.0,1.0,4.0,20.0,7.0,1.0,0.0,0.0,185.0,7.0,27.0,1.0,42.0,2.0,0.0,2C4RDGBG5ER1,2014.0,476.0,14832.0,2.0,7.0,Dodge,442.0,20.0,1.0,0.0,0.0,998.0,7.0,0.0,0.0,12.0,6.0,42.0,0.0,1.0,1.0,27.0,55337.0,1.0,6.0,3.0,Valid license for this class vehicle,0.0,67.0,156.0,0.0,0.0,0.0,0.0,No Record,0.0,0.0,0.0,9.0,1.0,2.0,40.0,2.0,1.0,2.0,4.0,0.0,99.0,6.0,99.0,9.0,4.0,102.0,27.0,2.0,1.0,0.0,202304867554.0,42.0,1.0,4.0,4.0,1.0,1.0,20.0,29.0,1.0,4.0,1.0,1.0,0.0,7.0,1.0,99.0
270054,1,99,99.0,28.0,1.0,1059.0,5.6,27.0,137.0,12.0,12.0,4.0,35.0,2.0,1.0,4.0,3.0,0.0,8.0,0.0,0.0,0.0,7.0,27.0,2.0,12.0,2.0,0.0,3FAHP07Z39R2,2009.0,460.0,1780.0,13.0,12.0,Ford,23.0,4.0,1.0,0.0,0.0,45.0,0.0,0.0,0.0,2.0,6.0,12.0,0.0,0.0,1.0,27.0,55734.0,1.0,6.0,3.0,Valid license for this class vehicle,0.0,67.0,160.0,0.0,0.0,0.0,0.0,No Record,0.0,0.0,0.0,4.0,1.0,2.0,60.0,1.0,1.0,2.0,3.0,0.0,1.0,6.0,99.0,4.0,2.0,301.0,27.0,1.0,1.0,0.0,202305329617.0,12.0,5.0,10.0,0.0,1.0,1.0,4.0,24.0,1.0,0.0,1.0,20.0,0.0,12.0,2.0,0.0
270057,1,0,99.0,36.0,1.0,5063.0,5.4,27.0,13.0,12.0,12.0,4.0,94.0,2.0,1.0,4.0,3.0,0.0,1.0,0.0,0.0,0.0,7.0,27.0,3.0,12.0,1.0,0.0,1FADP3F26GL2,2016.0,460.0,1779.0,13.0,12.0,Ford,37.0,4.0,1.0,0.0,0.0,50.0,0.0,0.0,0.0,12.0,6.0,12.0,0.0,0.0,1.0,27.0,56001.0,1.0,6.0,3.0,Valid license for this class vehicle,1.0,63.0,115.0,0.0,0.0,0.0,0.0,No Record,0.0,0.0,0.0,9.0,2.0,2.0,45.0,1.0,1.0,1.0,1.0,0.0,1.0,52.0,1.0,1.0,1.0,202.0,27.0,1.0,1.0,0.0,202305515001.0,12.0,3.0,12.0,2.0,1.0,1.0,4.0,42.0,1.0,1.0,1.0,20.0,0.0,12.0,2.0,0.0
270063,1,99,99.0,0.0,1.0,1059.0,3.0,27.0,25.0,58.0,12.0,14.0,37.0,1.0,1.0,4.0,20.0,7.0,20.0,1.0,9.0,0.0,7.0,27.0,1.0,58.0,2.0,0.0,1FMYU01BX2KC,2002.0,460.0,1798.0,7.0,12.0,Ford,402.0,14.0,1.0,0.0,0.0,85.0,7.0,3.0,3.0,81.0,6.0,1.0,0.0,0.0,1.0,27.0,55113.0,1.0,2.0,2.0,No valid license for this class vehicle,0.0,70.0,195.0,0.0,0.0,0.0,2.0,February,2020.0,2.0,2020.0,3.0,3.0,2.0,70.0,1.0,1.0,1.0,1.0,0.0,1.0,13.0,6.0,4.0,4.0,102.0,27.0,1.0,1.0,0.0,202304914128.0,1.0,7.0,5.0,4.0,10.0,1.0,14.0,37.0,1.0,4.0,1.0,20.0,1.0,12.0,1.0,99.0
270065,1,99,99.0,38.0,1.0,1.0,-99.0,27.0,67.0,12.0,12.0,34.0,79.0,1.0,1.0,4.0,20.0,7.0,8.0,0.0,0.0,0.0,7.0,27.0,2.0,12.0,1.0,0.0,1FTFW1E84NKD,2022.0,460.0,1801.0,60.0,12.0,Ford,481.0,34.0,1.0,0.0,0.0,998.0,0.0,3.0,5.0,12.0,6.0,12.0,0.0,0.0,1.0,27.0,56209.0,1.0,4.0,2.0,No valid license for this class vehicle,0.0,74.0,260.0,0.0,0.0,0.0,0.0,No Record,0.0,0.0,0.0,9.0,1.0,2.0,50.0,2.0,6.0,2.0,1.0,20.0,14.0,17.0,1.0,1.0,1.0,501.0,27.0,1.0,1.0,0.0,202305260805.0,12.0,7.0,9.0,0.0,10.0,1.0,34.0,52.0,1.0,0.0,1.0,20.0,0.0,12.0,2.0,98.0
270068,1,0,0.0,0.0,1.0,0.0,-99.0,27.0,53.0,12.0,63.0,20.0,42.0,1.0,1.0,0.0,99.0,7.0,2.0,0.0,0.0,996.0,0.0,27.0,2.0,12.0,1.0,0.0,KNDMG4C7XC64,2012.0,499.0,2740.0,2.0,63.0,KIA,441.0,20.0,1.0,0.0,0.0,998.0,7.0,0.0,0.0,10.0,4.0,12.0,0.0,0.0,1.0,27.0,55121.0,1.0,6.0,3.0,Valid license for this class vehicle,0.0,65.0,143.0,0.0,0.0,0.0,0.0,No Record,0.0,0.0,0.0,0.0,7.0,2.0,30.0,1.0,1.0,2.0,1.0,3.0,1.0,66.0,99.0,1.0,1.0,504.0,27.0,0.0,1.0,0.0,202304926339.0,12.0,5.0,4.0,2.0,1.0,1.0,20.0,22.0,1.0,0.0,1.0,20.0,0.0,63.0,4.0,0.0
270071,1,0,99.0,34.0,1.0,9999.0,-99.0,27.0,171.0,1.0,72.0,80.0,39.0,1.0,1.0,4.0,20.0,7.0,20.0,8.0,0.0,260.0,7.0,27.0,1.0,1.0,1.0,0.0,1HD1FCM19EB6,2014.0,3888.0,8509.0,81.0,72.0,Harley-Davidson,706.0,80.0,1.0,0.0,0.0,75.0,7.0,8.0,8.0,0.0,6.0,1.0,0.0,1.0,1.0,27.0,55302.0,1.0,6.0,3.0,Valid license for this class vehicle,0.0,68.0,180.0,1.0,1.0,0.0,9.0,September,2019.0,6.0,2020.0,4.0,1.0,2.0,55.0,1.0,1.0,2.0,1.0,0.0,6.0,13.0,99.0,1.0,4.0,101.0,27.0,1.0,1.0,0.0,202305230373.0,54.0,7.0,9.0,0.0,1.0,1.0,80.0,28.0,1.0,0.0,1.0,20.0,8.0,72.0,2.0,0.0
270089,1,9,99.0,36.0,1.0,9999.0,-99.0,27.0,163.0,12.0,49.0,4.0,28.0,1.0,1.0,4.0,20.0,7.0,8.0,0.0,1.0,995.0,6.0,27.0,3.0,12.0,1.0,0.0,2T1BURHE9FC3,2015.0,448.0,2208.0,13.0,49.0,Toyota,32.0,4.0,1.0,0.0,0.0,60.0,0.0,0.0,0.0,12.0,6.0,12.0,0.0,1.0,1.0,27.0,55106.0,1.0,2.0,2.0,No valid license for this class vehicle,0.0,68.0,300.0,0.0,0.0,0.0,8.0,August,2021.0,8.0,2021.0,9.0,7.0,2.0,60.0,1.0,1.0,1.0,1.0,0.0,1.0,54.0,99.0,1.0,1.0,303.0,27.0,1.0,1.0,0.0,202305017245.0,12.0,1.0,6.0,2.0,2.0,1.0,4.0,40.0,1.0,0.0,1.0,8.0,0.0,49.0,2.0,0.0
270101,1,0,0.0,0.0,1.0,0.0,-99.0,27.0,163.0,12.0,20.0,34.0,20.0,1.0,1.0,0.0,99.0,7.0,1.0,0.0,0.0,996.0,0.0,27.0,2.0,12.0,1.0,0.0,1GCEK19ZX5Z3,2005.0,467.0,1850.0,60.0,20.0,Chevrolet,481.0,34.0,1.0,0.0,0.0,998.0,7.0,0.0,0.0,12.0,6.0,12.0,0.0,0.0,1.0,27.0,55376.0,1.0,6.0,3.0,Valid license for this class vehicle,0.0,74.0,160.0,0.0,1.0,0.0,5.0,May,2020.0,5.0,2020.0,0.0,1.0,2.0,55.0,1.0,1.0,2.0,1.0,0.0,11.0,15.0,1.0,1.0,1.0,401.0,27.0,0.0,1.0,0.0,202304996822.0,12.0,2.0,6.0,4.0,1.0,1.0,34.0,20.0,1.0,0.0,1.0,1.0,0.0,20.0,1.0,0.0
270101,2,99,0.0,0.0,1.0,9999.0,-99.0,27.0,163.0,12.0,72.0,80.0,31.0,1.0,1.0,4.0,20.0,7.0,20.0,8.0,0.0,995.0,7.0,27.0,2.0,12.0,1.0,0.0,1HD1YJJ33JC0,2018.0,3888.0,20344.0,94.0,72.0,Harley-Davidson,706.0,80.0,1.0,0.0,0.0,998.0,7.0,8.0,8.0,12.0,6.0,12.0,0.0,0.0,1.0,27.0,55092.0,1.0,6.0,3.0,Valid license for this class vehicle,0.0,70.0,160.0,0.0,2.0,1.0,7.0,July,2020.0,10.0,2022.0,9.0,1.0,2.0,55.0,1.0,1.0,2.0,1.0,0.0,1.0,62.0,99.0,1.0,1.0,402.0,27.0,1.0,1.0,0.0,202304996822.0,12.0,2.0,6.0,4.0,1.0,1.0,80.0,31.0,1.0,4.0,1.0,20.0,8.0,72.0,2.0,99.0