ST_CASE,VEH_NO_x,DRIMPAIR_x,DRDISTRACT,DRIVERRF,PER_NO_x,DRUGRES,DRUGACTQTY,STATE_x,COUNTY,HARM_EV_x,MAKE_x,BODY_TYP_x,AGE,SEX,PER_TYP_x,INJ_SEV,REST_USE,REST_MIS,AIR_BAG_x,EJECTION,DRINKING,ALC_RES,HISPANIC,STATE_y,VE_FORMS,HARM_EV_y,NUMOCCS,HIT_RUN,VIN,MOD_YEAR,VPICMAKE,VPICMODEL,VPICBODYCLASS,MAKE_y,MAKENAME,MODEL,BODY_TYP_y,HAZ_INV,HAZ_PLAC,HAZ_ID,TRAV_SP,UNDEROVERRIDE,ROLLOVER,ROLINLOC,IMPACT1,DEFORMED,M_HARM,FIRE_EXP,DR_DRINK,DR_PRES,L_STATE,DR_ZIP,L_TYPE,L_STATUS,L_COMPL,L_COMPLNAME,L_RESTRI,DR_HGT,DR_WGT,PREV_DWI,PREV_SPD,PREV_OTH,FIRST_MO,FIRST_MONAME,FIRST_YR,LAST_MO,LAST_YR,SPEEDREL,VTRAFWAY,VNUM_LAN,VSPD_LIM,VALIGN,VPROFILE,VPAVETYP,VSURCOND,VTRAFCON,P_CRASH1,P_CRASH2,P_CRASH3,PCRASH4,PCRASH5,ACC_CONFIG,STATE,RACE,ORDER,MULTRACE,CASENUM,HARM_EV,DAY_WEEK,MONTH,MAXSEV_IM,WEATHR_IM,PER_NO_y,BODY_TYP,AGE_IM,SEX_IM,INJSEV_IM,PER_TYP_y,AIR_BAG_y,EJECT_IM,MAKE,VEH_NO_y,DRIMPAIR_y
270105,2,10,0.0,38.0,1.0,0.0,-99.0,27.0,7.0,12.0,12.0,34.0,65.0,1.0,1.0,0.0,99.0,7.0,2.0,0.0,0.0,996.0,0.0,27.0,2.0,12.0,3.0,0.0,1FTEW1EP1FFC,2015.0,460.0,1801.0,60.0,12.0,Ford,481.0,34.0,1.0,0.0,0.0,998.0,7.0,0.0,0.0,4.0,6.0,12.0,0.0,0.0,1.0,27.0,56461.0,1.0,6.0,3.0,Valid license for this class vehicle,1.0,73.0,465.0,0.0,0.0,0.0,0.0,No Record,0.0,0.0,0.0,0.0,1.0,2.0,30.0,1.0,1.0,2.0,1.0,3.0,11.0,15.0,99.0,1.0,1.0,401.0,27.0,0.0,1.0,0.0,202305540869.0,8.0,2.0,7.0,1.0,10.0,1.0,34.0,66.0,2.0,0.0,1.0,20.0,0.0,12.0,1.0,98.0
270113,2,0,0.0,0.0,1.0,0.0,-99.0,27.0,49.0,12.0,98.0,92.0,19.0,1.0,1.0,0.0,20.0,7.0,20.0,0.0,0.0,996.0,0.0,27.0,2.0,12.0,1.0,0.0,0,1980.0,5431.0,99997.0,126.0,98.0,Other Make,998.0,92.0,1.0,0.0,0.0,998.0,8.0,0.0,0.0,9.0,6.0,12.0,0.0,0.0,1.0,27.0,55057.0,1.0,6.0,3.0,Valid license for this class vehicle,0.0,70.0,152.0,0.0,0.0,0.0,0.0,No Record,0.0,0.0,0.0,0.0,1.0,2.0,60.0,1.0,6.0,2.0,1.0,0.0,1.0,62.0,99.0,1.0,1.0,302.0,27.0,0.0,1.0,0.0,202304636966.0,43.0,1.0,1.0,2.0,1.0,1.0,83.0,49.0,1.0,2.0,1.0,20.0,8.0,73.0,1.0,98.0
270116,1,99,99.0,39.0,1.0,0.0,-99.0,27.0,53.0,12.0,19.0,15.0,27.0,1.0,1.0,1.0,99.0,7.0,8.0,9.0,0.0,996.0,0.0,27.0,2.0,12.0,1.0,1.0,1GYS4EKL1PR1,2023.0,469.0,1843.0,7.0,19.0,Cadillac,421.0,15.0,1.0,0.0,0.0,998.0,0.0,0.0,0.0,12.0,6.0,12.0,0.0,0.0,1.0,27.0,55443.0,1.0,6.0,3.0,Valid license for this class vehicle,0.0,77.0,235.0,0.0,0.0,0.0,3.0,March,2023.0,3.0,2023.0,3.0,4.0,2.0,20.0,1.0,1.0,2.0,1.0,3.0,1.0,17.0,99.0,1.0,1.0,503.0,27.0,0.0,1.0,0.0,202305508062.0,12.0,6.0,12.0,2.0,2.0,1.0,15.0,32.0,2.0,2.0,1.0,20.0,0.0,19.0,1.0,98.0
270116,2,99,99.0,0.0,1.0,1.0,-99.0,27.0,53.0,12.0,37.0,4.0,20.0,2.0,1.0,4.0,3.0,0.0,8.0,0.0,0.0,0.0,7.0,27.0,2.0,12.0,5.0,0.0,19XFB2F86EE0,2014.0,474.0,1863.0,13.0,37.0,Honda,31.0,4.0,1.0,0.0,0.0,20.0,0.0,0.0,0.0,9.0,6.0,12.0,0.0,0.0,1.0,27.0,55429.0,1.0,6.0,3.0,Valid license for this class vehicle,0.0,67.0,125.0,0.0,0.0,0.0,0.0,No Record,0.0,0.0,0.0,0.0,4.0,4.0,30.0,1.0,1.0,2.0,1.0,3.0,1.0,17.0,99.0,1.0,1.0,504.0,27.0,99.0,1.0,0.0,202305553319.0,12.0,3.0,11.0,0.0,1.0,1.0,4.0,20.0,2.0,0.0,1.0,20.0,0.0,37.0,1.0,0.0
270134,1,0,99.0,28.0,1.0,9999.0,-99.0,27.0,43.0,1.0,82.0,66.0,56.0,1.0,1.0,4.0,3.0,0.0,20.0,0.0,0.0,995.0,7.0,27.0,1.0,1.0,1.0,0.0,3AKJHHDR5PSU,2023.0,450.0,2501.0,66.0,82.0,Freightliner,881.0,66.0,1.0,0.0,0.0,65.0,7.0,3.0,5.0,0.0,6.0,1.0,0.0,0.0,1.0,26.0,48910.0,1.0,6.0,3.0,Valid license for this class vehicle,0.0,71.0,292.0,0.0,0.0,1.0,4.0,April,2019.0,4.0,2019.0,9.0,2.0,2.0,60.0,1.0,1.0,2.0,1.0,0.0,1.0,12.0,99.0,1.0,4.0,102.0,27.0,1.0,1.0,0.0,202304901042.0,12.0,5.0,3.0,2.0,1.0,1.0,66.0,70.0,1.0,0.0,1.0,20.0,0.0,82.0,2.0,98.0
270135,1,99,99.0,39.0,1.0,1.0,-99.0,27.0,141.0,12.0,20.0,34.0,60.0,1.0,1.0,4.0,20.0,7.0,20.0,2.0,0.0,0.0,7.0,27.0,2.0,12.0,1.0,0.0,1GCHK23U36F1,2006.0,467.0,1850.0,60.0,20.0,Chevrolet,481.0,34.0,1.0,0.0,0.0,55.0,0.0,0.0,0.0,1.0,6.0,12.0,0.0,0.0,1.0,27.0,56379.0,1.0,6.0,3.0,Valid license for this class vehicle,0.0,71.0,255.0,0.0,0.0,1.0,8.0,August,2019.0,11.0,2019.0,9.0,1.0,2.0,55.0,1.0,1.0,2.0,1.0,20.0,1.0,17.0,99.0,1.0,1.0,502.0,27.0,1.0,1.0,0.0,202305393303.0,12.0,4.0,11.0,4.0,1.0,1.0,34.0,18.0,1.0,4.0,1.0,20.0,0.0,20.0,1.0,98.0
270136,1,98,99.0,0.0,1.0,0.0,-99.0,27.0,123.0,25.0,72.0,80.0,26.0,1.0,1.0,4.0,20.0,7.0,20.0,8.0,1.0,158.0,6.0,27.0,1.0,25.0,1.0,0.0,1HD1FRW1X2Y7,2002.0,3888.0,11136.0,81.0,72.0,Harley-Davidson,706.0,80.0,1.0,0.0,0.0,998.0,7.0,8.0,8.0,98.0,6.0,25.0,0.0,1.0,1.0,27.0,55112.0,1.0,4.0,2.0,No valid license for this class vehicle,0.0,71.0,220.0,0.0,0.0,0.0,0.0,No Record,0.0,0.0,0.0,9.0,2.0,2.0,98.0,1.0,1.0,2.0,1.0,3.0,99.0,13.0,99.0,9.0,4.0,101.0,27.0,1.0,1.0,0.0,202305075308.0,25.0,3.0,7.0,4.0,1.0,1.0,80.0,26.0,1.0,4.0,1.0,98.0,8.0,72.0,1.0,9.0
270138,1,0,0.0,0.0,1.0,0.0,-99.0,27.0,137.0,12.0,49.0,14.0,60.0,2.0,1.0,2.0,3.0,0.0,1.0,0.0,0.0,996.0,0.0,27.0,2.0,12.0,1.0,0.0,5TDDK3EH8AS0,2010.0,448.0,2213.0,7.0,49.0,Toyota,403.0,14.0,1.0,0.0,0.0,998.0,0.0,0.0,0.0,12.0,6.0,12.0,0.0,0.0,1.0,27.0,55803.0,1.0,6.0,3.0,Valid license for this class vehicle,1.0,64.0,127.0,0.0,0.0,0.0,0.0,No Record,0.0,0.0,0.0,0.0,1.0,2.0,55.0,1.0,1.0,2.0,2.0,0.0,1.0,62.0,99.0,1.0,1.0,302.0,27.0,0.0,1.0,0.0,202305286044.0,12.0,4.0,10.0,2.0,1.0,1.0,14.0,61.0,1.0,2.0,1.0,1.0,0.0,49.0,1.0,98.0
270141,2,10,99.0,39.0,1.0,0.0,-99.0,27.0,37.0,12.0,18.0,4.0,58.0,1.0,1.0,3.0,3.0,0.0,8.0,0.0,0.0,996.0,0.0,27.0,2.0,12.0,2.0,0.0,1G4HP52K1341,2003.0,468.0,8842.0,13.0,18.0,Buick / Opel,2.0,4.0,1.0,0.0,0.0,998.0,0.0,0.0,0.0,12.0,6.0,12.0,0.0,0.0,1.0,27.0,55912.0,1.0,6.0,3.0,Valid license for this class vehicle,0.0,70.0,220.0,0.0,0.0,0.0,1.0,January,2020.0,1.0,2020.0,3.0,1.0,2.0,55.0,1.0,1.0,2.0,1.0,20.0,1.0,17.0,99.0,1.0,1.0,503.0,27.0,0.0,1.0,0.0,202304861571.0,12.0,1.0,3.0,2.0,1.0,1.0,4.0,69.0,2.0,0.0,1.0,20.0,0.0,18.0,1.0,98.0
270143,1,0,99.0,102.0,1.0,0.0,-99.0,27.0,53.0,12.0,29.0,14.0,20.0,1.0,1.0,1.0,99.0,7.0,8.0,0.0,0.0,996.0,0.0,27.0,2.0,12.0,1.0,0.0,5YJYGDED7MF1,2021.0,441.0,27027.0,7.0,29.0,Other Domestic Manufacturers,5.0,14.0,1.0,0.0,0.0,998.0,0.0,0.0,0.0,12.0,6.0,12.0,0.0,0.0,1.0,27.0,55412.0,7.0,6.0,2.0,No valid license for this class vehicle,0.0,73.0,198.0,0.0,0.0,0.0,0.0,No Record,0.0,0.0,0.0,3.0,1.0,2.0,30.0,1.0,1.0,2.0,1.0,20.0,1.0,17.0,99.0,1.0,1.0,503.0,27.0,0.0,1.0,0.0,202305298083.0,12.0,7.0,7.0,1.0,1.0,1.0,14.0,38.0,1.0,0.0,1.0,20.0,0.0,29.0,2.0,0.0
270144,1,2,0.0,28.0,1.0,0.0,-99.0,27.0,15.0,30.0,35.0,6.0,22.0,1.0,1.0,1.0,3.0,0.0,8.0,0.0,0.0,996.0,0.0,27.0,1.0,30.0,4.0,0.0,KNMAT2MT0GP6,2016.0,478.0,1913.0,8.0,35.0,Nissan/Datsun,51.0,6.0,1.0,0.0,0.0,55.0,7.0,3.0,5.0,12.0,6.0,1.0,0.0,0.0,1.0,27.0,56085.0,1.0,1.0,2.0,No valid license for this class vehicle,0.0,65.0,145.0,0.0,0.0,0.0,0.0,No Record,0.0,0.0,0.0,0.0,1.0,2.0,55.0,1.0,1.0,2.0,1.0,0.0,1.0,12.0,99.0,1.0,4.0,102.0,27.0,0.0,1.0,0.0,202304936529.0,9.0,6.0,3.0,0.0,10.0,1.0,6.0,57.0,2.0,0.0,1.0,20.0,0.0,35.0,1.0,0.0
270148,1,99,99.0,0.0,1.0,3019.0,25.0,27.0,53.0,1.0,20.0,21.0,32.0,1.0,1.0,4.0,1.0,0.0,20.0,1.0,9.0,0.0,7.0,27.0,1.0,1.0,1.0,0.0,1GCGG25V7511,2005.0,467.0,1848.0,95.0,20.0,Chevrolet,461.0,21.0,1.0,0.0,0.0,80.0,7.0,3.0,3.0,0.0,6.0,1.0,0.0,0.0,1.0,27.0,55411.0,1.0,4.0,2.0,No valid license for this class vehicle,0.0,72.0,190.0,0.0,0.0,0.0,7.0,July,2018.0,2.0,2023.0,9.0,7.0,3.0,70.0,1.0,1.0,2.0,1.0,0.0,99.0,12.0,99.0,9.0,4.0,102.0,27.0,1.0,1.0,0.0,202305233406.0,12.0,3.0,9.0,1.0,1.0,1.0,21.0,37.0,1.0,0.0,1.0,20.0,0.0,20.0,1.0,0.0
270155,2,0,0.0,0.0,1.0,0.0,-99.0,27.0,157.0,11.0,12.0,34.0,37.0,1.0,1.0,0.0,3.0,0.0,20.0,0.0,0.0,996.0,0.0,27.0,2.0,11.0,5.0,0.0,1FTEW1EG3GKE,2016.0,460.0,1801.0,60.0,12.0,Ford,481.0,34.0,1.0,0.0,0.0,998.0,7.0,0.0,0.0,14.0,0.0,54.0,0.0,0.0,1.0,27.0,55027.0,1.0,3.0,2.0,No valid license for this class vehicle,0.0,71.0,200.0,0.0,0.0,0.0,0.0,No Record,0.0,0.0,0.0,0.0,1.0,2.0,60.0,1.0,1.0,2.0,1.0,0.0,1.0,98.0,6.0,1.0,4.0,998.0,27.0,0.0,1.0,0.0,202305442577.0,12.0,4.0,11.0,3.0,1.0,1.0,34.0,28.0,1.0,1.0,1.0,1.0,0.0,12.0,1.0,98.0
270159,1,99,0.0,0.0,1.0,1.0,-99.0,27.0,131.0,12.0,63.0,6.0,85.0,1.0,1.0,4.0,3.0,0.0,8.0,0.0,0.0,0.0,7.0,27.0,2.0,12.0,1.0,0.0,KNDJN2A23G78,2016.0,499.0,2460.0,7.0,63.0,KIA,37.0,6.0,1.0,0.0,0.0,20.0,0.0,3.0,1.0,10.0,6.0,12.0,0.0,0.0,1.0,27.0,55057.0,1.0,6.0,3.0,Valid license for this class vehicle,0.0,69.0,164.0,0.0,0.0,0.0,0.0,No Record,0.0,0.0,0.0,0.0,1.0,2.0,30.0,1.0,5.0,2.0,2.0,0.0,1.0,64.0,99.0,1.0,1.0,998.0,27.0,1.0,1.0,0.0,202304992136.0,12.0,6.0,6.0,0.0,2.0,1.0,6.0,24.0,2.0,0.0,1.0,20.0,0.0,63.0,2.0,0.0
270178,3,0,99.0,38.0,1.0,9999.0,-99.0,27.0,53.0,12.0,55.0,4.0,84.0,1.0,1.0,4.0,3.0,0.0,8.0,0.0,0.0,995.0,99.0,27.0,3.0,12.0,1.0,0.0,5NPDH4AE8DH2,2013.0,498.0,2735.0,13.0,55.0,Hyundai,35.0,4.0,1.0,0.0,0.0,15.0,0.0,0.0,0.0,1.0,6.0,12.0,0.0,0.0,1.0,27.0,55344.0,1.0,6.0,3.0,Valid license for this class vehicle,0.0,69.0,153.0,0.0,0.0,0.0,0.0,No Record,0.0,0.0,0.0,0.0,7.0,2.0,35.0,3.0,1.0,2.0,1.0,0.0,11.0,62.0,99.0,1.0,1.0,401.0,27.0,99.0,1.0,0.0,202304907558.0,12.0,3.0,5.0,1.0,1.0,1.0,4.0,22.0,2.0,0.0,1.0,20.0,0.0,55.0,1.0,0.0
270191,1,99,99.0,0.0,1.0,1.0,-99.0,27.0,97.0,5.0,37.0,80.0,61.0,1.0,1.0,4.0,20.0,7.0,20.0,8.0,0.0,182.0,7.0,27.0,1.0,5.0,1.0,0.0,1HFSC46022A0,2002.0,474.0,12548.0,94.0,37.0,Honda,706.0,80.0,1.0,0.0,0.0,50.0,7.0,8.0,8.0,0.0,6.0,5.0,0.0,1.0,1.0,27.0,56466.0,1.0,6.0,3.0,Valid license for this class vehicle,0.0,72.0,215.0,1.0,0.0,0.0,6.0,June,2020.0,7.0,2022.0,4.0,1.0,2.0,55.0,2.0,1.0,2.0,99.0,0.0,14.0,12.0,99.0,1.0,4.0,0.0,27.0,1.0,1.0,0.0,202305352467.0,1.0,3.0,10.0,1.0,1.0,1.0,80.0,70.0,1.0,1.0,1.0,20.0,8.0,37.0,1.0,0.0
270193,2,8,99.0,28.0,1.0,9999.0,-99.0,27.0,7.0,12.0,37.0,34.0,80.0,1.0,1.0,4.0,3.0,0.0,8.0,0.0,0.0,995.0,7.0,27.0,3.0,12.0,1.0,0.0,2HJYK16586H5,2006.0,474.0,1866.0,60.0,37.0,Honda,471.0,34.0,1.0,0.0,0.0,998.0,0.0,0.0,0.0,12.0,6.0,12.0,0.0,0.0,1.0,27.0,56644.0,1.0,6.0,3.0,Valid license for this class vehicle,1.0,70.0,210.0,0.0,0.0,0.0,0.0,No Record,0.0,0.0,0.0,0.0,1.0,2.0,60.0,1.0,1.0,2.0,1.0,0.0,1.0,10.0,99.0,1.0,2.0,301.0,27.0,1.0,1.0,0.0,202305327049.0,12.0,5.0,8.0,0.0,1.0,1.0,34.0,28.0,1.0,0.0,1.0,20.0,0.0,37.0,2.0,98.0
270198,1,99,99.0,28.0,1.0,1.0,-99.0,27.0,171.0,42.0,18.0,4.0,66.0,1.0,1.0,4.0,20.0,7.0,8.0,0.0,9.0,0.0,7.0,27.0,1.0,42.0,1.0,0.0,1G4HD57256U1,2006.0,468.0,4267.0,13.0,18.0,Buick / Opel,23.0,4.0,1.0,0.0,0.0,60.0,7.0,0.0,0.0,10.0,6.0,42.0,0.0,0.0,1.0,27.0,55302.0,1.0,4.0,2.0,No valid license for this class vehicle,0.0,73.0,260.0,0.0,0.0,0.0,12.0,December,2022.0,12.0,2022.0,9.0,1.0,3.0,55.0,1.0,6.0,2.0,1.0,0.0,99.0,12.0,99.0,1.0,4.0,102.0,27.0,1.0,1.0,0.0,202305260789.0,12.0,2.0,9.0,1.0,1.0,1.0,4.0,28.0,2.0,1.0,1.0,20.0,0.0,18.0,1.0,98.0
270201,1,0,99.0,0.0,1.0,1.0,-99.0,27.0,131.0,12.0,49.0,14.0,63.0,2.0,1.0,4.0,3.0,0.0,8.0,0.0,0.0,0.0,7.0,27.0,2.0,12.0,1.0,0.0,5TDBK3EH6CS1,2012.0,448.0,2213.0,7.0,49.0,Toyota,403.0,14.0,1.0,0.0,0.0,50.0,0.0,0.0,0.0,12.0,6.0,12.0,0.0,0.0,1.0,27.0,56431.0,1.0,6.0,3.0,Valid license for this class vehicle,0.0,65.0,240.0,0.0,0.0,0.0,0.0,No Record,0.0,0.0,0.0,9.0,7.0,2.0,70.0,1.0,1.0,2.0,1.0,98.0,1.0,52.0,99.0,1.0,1.0,202.0,27.0,1.0,1.0,0.0,202304845878.0,12.0,5.0,3.0,2.0,1.0,1.0,14.0,23.0,2.0,0.0,1.0,20.0,0.0,49.0,3.0,0.0
270205,1,9,99.0,36.0,1.0,3033.0,-99.0,27.0,9.0,35.0,35.0,14.0,27.0,1.0,1.0,3.0,3.0,0.0,8.0,0.0,1.0,150.0,0.0,27.0,1.0,35.0,3.0,0.0,5N1DR2MM6KC6,2019.0,478.0,1911.0,7.0,35.0,Nissan/Datsun,401.0,14.0,1.0,0.0,0.0,91.0,7.0,3.0,3.0,12.0,6.0,1.0,0.0,1.0,1.0,27.0,56369.0,0.0,0.0,0.0,Not licensed,0.0,999.0,999.0,0.0,0.0,0.0,0.0,No Record,0.0,0.0,0.0,3.0,3.0,2.0,65.0,2.0,1.0,2.0,2.0,0.0,14.0,12.0,99.0,1.0,4.0,102.0,27.0,0.0,1.0,0.0,202304996512.0,12.0,7.0,6.0,3.0,1.0,1.0,14.0,55.0,2.0,3.0,1.0,8.0,0.0,35.0,2.0,0.0
270207,1,99,6.0,102.0,1.0,0.0,-99.0,27.0,141.0,12.0,58.0,4.0,23.0,1.0,1.0,1.0,3.0,0.0,1.0,0.0,1.0,996.0,0.0,27.0,2.0,12.0,2.0,0.0,JN1EV7AR5JM6,2018.0,480.0,1901.0,13.0,58.0,Infiniti,41.0,4.0,1.0,0.0,0.0,998.0,0.0,0.0,0.0,12.0,6.0,12.0,0.0,1.0,1.0,27.0,56310.0,1.0,6.0,3.0,Valid license for this class vehicle,0.0,68.0,140.0,0.0,2.0,0.0,9.0,September,2020.0,5.0,2022.0,3.0,2.0,2.0,65.0,1.0,1.0,1.0,1.0,0.0,1.0,51.0,99.0,1.0,2.0,202.0,27.0,0.0,1.0,0.0,202305090913.0,19.0,1.0,6.0,2.0,2.0,1.0,4.0,36.0,2.0,2.0,1.0,8.0,0.0,58.0,1.0,9.0
270210,1,0,0.0,0.0,1.0,0.0,-99.0,27.0,23.0,12.0,7.0,20.0,28.0,2.0,1.0,2.0,3.0,0.0,8.0,0.0,0.0,996.0,0.0,27.0,2.0,12.0,1.0,0.0,2C4RDGCG6KR8,2019.0,476.0,14832.0,2.0,7.0,Dodge,442.0,20.0,1.0,0.0,0.0,998.0,0.0,3.0,5.0,3.0,6.0,12.0,0.0,0.0,1.0,27.0,56215.0,1.0,6.0,3.0,Valid license for this class vehicle,0.0,69.0,165.0,0.0,0.0,0.0,0.0,No Record,0.0,0.0,0.0,0.0,1.0,2.0,60.0,1.0,1.0,2.0,1.0,20.0,4.0,17.0,99.0,1.0,1.0,502.0,27.0,0.0,1.0,0.0,202304879452.0,12.0,5.0,4.0,3.0,1.0,1.0,20.0,37.0,2.0,3.0,1.0,8.0,0.0,7.0,2.0,0.0
270214,1,0,99.0,39.0,1.0,0.0,-99.0,27.0,67.0,12.0,37.0,15.0,27.0,1.0,1.0,1.0,99.0,7.0,1.0,0.0,0.0,996.0,0.0,27.0,2.0,12.0,3.0,0.0,5FNYF6H92HB0,2017.0,474.0,1864.0,7.0,37.0,Honda,421.0,15.0,1.0,0.0,0.0,55.0,0.0,0.0,0.0,12.0,6.0,12.0,0.0,0.0,1.0,27.0,56258.0,1.0,6.0,3.0,Valid license for this class vehicle,1.0,64.0,150.0,0.0,2.0,2.0,10.0,October,2020.0,1.0,2023.0,9.0,1.0,2.0,55.0,1.0,1.0,2.0,1.0,20.0,1.0,17.0,99.0,1.0,1.0,503.0,27.0,0.0,1.0,0.0,202305538259.0,15.0,3.0,9.0,1.0,1.0,1.0,15.0,40.0,2.0,0.0,1.0,9.0,0.0,37.0,1.0,98.0
270217,1,99,99.0,0.0,1.0,1.0,-99.0,27.0,163.0,24.0,72.0,80.0,27.0,1.0,1.0,4.0,20.0,7.0,20.0,8.0,0.0,214.0,7.0,27.0,1.0,24.0,1.0,0.0,1HD1KB4147Y6,2007.0,3888.0,8515.0,81.0,72.0,Harley-Davidson,706.0,80.0,1.0,0.0,0.0,998.0,7.0,8.0,8.0,12.0,6.0,24.0,0.0,1.0,1.0,27.0,55126.0,1.0,6.0,2.0,No valid license for this class vehicle,0.0,70.0,185.0,0.0,0.0,0.0,0.0,No Record,0.0,0.0,0.0,3.0,1.0,2.0,40.0,2.0,6.0,2.0,1.0,97.0,14.0,6.0,99.0,9.0,4.0,102.0,27.0,1.0,1.0,0.0,202305202224.0,24.0,5.0,8.0,4.0,1.0,1.0,80.0,27.0,1.0,4.0,1.0,20.0,8.0,72.0,1.0,99.0
270220,1,0,98.0,0.0,1.0,0.0,-99.0,27.0,131.0,12.0,51.0,66.0,54.0,1.0,1.0,0.0,3.0,0.0,20.0,0.0,0.0,996.0,0.0,27.0,3.0,12.0,1.0,0.0,4V4NC9EHXMN2,2006.0,487.0,1967.0,66.0,51.0,Volvo,881.0,66.0,1.0,0.0,0.0,998.0,0.0,0.0,0.0,12.0,6.0,12.0,0.0,0.0,1.0,47.0,37770.0,1.0,6.0,3.0,Valid license for this class vehicle,0.0,69.0,220.0,0.0,0.0,1.0,7.0,July,2021.0,4.0,2023.0,4.0,7.0,2.0,70.0,1.0,1.0,2.0,1.0,0.0,1.0,51.0,99.0,1.0,1.0,202.0,27.0,0.0,1.0,0.0,202304993571.0,12.0,2.0,3.0,4.0,10.0,1.0,66.0,63.0,1.0,4.0,1.0,1.0,0.0,51.0,1.0,99.0
270220,2,0,0.0,0.0,1.0,1.0,-99.0,27.0,131.0,12.0,49.0,4.0,57.0,1.0,1.0,4.0,3.0,0.0,3.0,0.0,0.0,0.0,7.0,27.0,3.0,12.0,2.0,0.0,4T1B11HK0KU8,2019.0,448.0,2469.0,13.0,49.0,Toyota,40.0,4.0,1.0,0.0,0.0,13.0,0.0,0.0,0.0,6.0,6.0,12.0,0.0,0.0,1.0,19.0,50322.0,1.0,6.0,3.0,Valid license for this class vehicle,0.0,999.0,999.0,99.0,99.0,99.0,99.0,Unknown,9999.0,99.0,9999.0,0.0,7.0,2.0,70.0,1.0,1.0,2.0,1.0,0.0,1.0,53.0,99.0,1.0,1.0,201.0,27.0,1.0,1.0,0.0,202305469292.0,12.0,3.0,9.0,3.0,1.0,1.0,4.0,54.0,1.0,3.0,1.0,8.0,0.0,49.0,1.0,0.0
270224,1,0,0.0,0.0,1.0,0.0,-99.0,27.0,79.0,12.0,6.0,20.0,74.0,2.0,1.0,1.0,3.0,0.0,8.0,0.0,0.0,996.0,0.0,27.0,2.0,12.0,1.0,0.0,2C4RC1BG6ER2,2014.0,477.0,1936.0,2.0,6.0,Chrysler,441.0,20.0,1.0,0.0,0.0,998.0,7.0,0.0,0.0,11.0,6.0,12.0,0.0,0.0,1.0,27.0,56001.0,1.0,6.0,3.0,Valid license for this class vehicle,1.0,64.0,185.0,0.0,0.0,0.0,0.0,No Record,0.0,0.0,0.0,0.0,1.0,2.0,30.0,3.0,5.0,2.0,1.0,20.0,11.0,15.0,1.0,1.0,1.0,414.0,27.0,0.0,1.0,0.0,202305231660.0,12.0,2.0,7.0,0.0,1.0,1.0,20.0,17.0,1.0,0.0,1.0,20.0,0.0,6.0,1.0,98.0
270225,2,0,0.0,0.0,1.0,0.0,-99.0,27.0,53.0,12.0,20.0,4.0,25.0,2.0,1.0,0.0,3.0,0.0,8.0,0.0,0.0,996.0,0.0,27.0,2.0,12.0,1.0,0.0,1G1BE5SM7H72,2018.0,467.0,1832.0,13.0,20.0,Chevrolet,25.0,4.0,1.0,0.0,0.0,998.0,7.0,0.0,0.0,12.0,6.0,12.0,0.0,0.0,1.0,38.0,56560.0,1.0,6.0,3.0,Valid license for this class vehicle,0.0,65.0,216.0,0.0,1.0,0.0,2.0,February,2020.0,2.0,2020.0,0.0,2.0,3.0,20.0,1.0,1.0,2.0,1.0,3.0,1.0,17.0,1.0,1.0,1.0,505.0,27.0,0.0,1.0,0.0,202304991838.0,12.0,6.0,6.0,0.0,1.0,1.0,4.0,58.0,1.0,0.0,1.0,20.0,0.0,20.0,2.0,0.0
270230,1,99,99.0,0.0,1.0,1.0,-99.0,27.0,137.0,39.0,12.0,34.0,51.0,2.0,1.0,4.0,3.0,0.0,20.0,0.0,0.0,0.0,7.0,27.0,1.0,39.0,2.0,0.0,1FTRW08L91KE,2001.0,460.0,1801.0,60.0,12.0,Ford,481.0,34.0,1.0,0.0,0.0,50.0,7.0,0.0,0.0,12.0,6.0,39.0,0.0,0.0,1.0,27.0,55810.0,1.0,2.0,2.0,No valid license for this class vehicle,0.0,59.0,157.0,0.0,0.0,1.0,9.0,September,2018.0,5.0,2022.0,9.0,1.0,3.0,30.0,1.0,6.0,2.0,1.0,0.0,1.0,3.0,99.0,1.0,4.0,102.0,27.0,1.0,1.0,0.0,202305584704.0,12.0,5.0,11.0,1.0,1.0,1.0,34.0,47.0,1.0,1.0,1.0,20.0,0.0,12.0,2.0,98.0
270244,1,99,99.0,73.0,1.0,9999.0,-99.0,27.0,59.0,42.0,20.0,4.0,16.0,1.0,1.0,4.0,20.0,7.0,3.0,0.0,0.0,995.0,99.0,27.0,1.0,42.0,1.0,0.0,2G1WT58K5892,2008.0,467.0,1833.0,13.0,20.0,Chevrolet,2.0,4.0,1.0,0.0,0.0,80.0,7.0,0.0,0.0,12.0,6.0,42.0,0.0,0.0,1.0,27.0,55040.0,7.0,6.0,3.0,Valid license for this class vehicle,2.0,68.0,140.0,0.0,0.0,0.0,0.0,No Record,0.0,0.0,0.0,3.0,1.0,2.0,55.0,2.0,1.0,2.0,1.0,97.0,1.0,10.0,1.0,1.0,4.0,102.0,27.0,99.0,1.0,0.0,202304865072.0,12.0,5.0,1.0,1.0,1.0,1.0,4.0,22.0,1.0,0.0,1.0,20.0,0.0,20.0,1.0,0.0