ST_CASE,VEH_NO_x,DRIMPAIR_x,DRDISTRACT,DRIVERRF,PER_NO_x,DRUGRES,DRUGACTQTY,STATE_x,COUNTY,HARM_EV_x,MAKE_x,BODY_TYP_x,AGE,SEX,PER_TYP_x,INJ_SEV,REST_USE,REST_MIS,AIR_BAG_x,EJECTION,DRINKING,ALC_RES,HISPANIC,STATE_y,VE_FORMS,HARM_EV_y,NUMOCCS,HIT_RUN,VIN,MOD_YEAR,VPICMAKE,VPICMODEL,VPICBODYCLASS,MAKE_y,MAKENAME,MODEL,BODY_TYP_y,HAZ_INV,HAZ_PLAC,HAZ_ID,TRAV_SP,UNDEROVERRIDE,ROLLOVER,ROLINLOC,IMPACT1,DEFORMED,M_HARM,FIRE_EXP,DR_DRINK,DR_PRES,L_STATE,DR_ZIP,L_TYPE,L_STATUS,L_COMPL,L_COMPLNAME,L_RESTRI,DR_HGT,DR_WGT,PREV_DWI,PREV_SPD,PREV_OTH,FIRST_MO,FIRST_MONAME,FIRST_YR,LAST_MO,LAST_YR,SPEEDREL,VTRAFWAY,VNUM_LAN,VSPD_LIM,VALIGN,VPROFILE,VPAVETYP,VSURCOND,VTRAFCON,P_CRASH1,P_CRASH2,P_CRASH3,PCRASH4,PCRASH5,ACC_CONFIG,STATE,RACE,ORDER,MULTRACE,CASENUM,HARM_EV,DAY_WEEK,MONTH,MAXSEV_IM,WEATHR_IM,PER_NO_y,BODY_TYP,AGE_IM,SEX_IM,INJSEV_IM,PER_TYP_y,AIR_BAG_y,EJECT_IM,MAKE,VEH_NO_y,DRIMPAIR_y
280199,2,99,0.0,38.0,1.0,0.0,-99.0,28.0,49.0,12.0,49.0,4.0,22.0,2.0,1.0,3.0,3.0,0.0,1.0,0.0,0.0,996.0,0.0,28.0,2.0,12.0,2.0,0.0,4T1BG22K3YU7,2000.0,448.0,2469.0,13.0,49.0,Toyota,40.0,4.0,1.0,0.0,0.0,998.0,8.0,0.0,0.0,3.0,6.0,12.0,0.0,0.0,1.0,17.0,60636.0,1.0,6.0,3.0,Valid license for this class vehicle,0.0,70.0,130.0,0.0,1.0,0.0,7.0,July,2021.0,7.0,2021.0,0.0,2.0,5.0,50.0,1.0,1.0,8.0,1.0,3.0,11.0,15.0,1.0,1.0,1.0,401.0,28.0,0.0,1.0,0.0,202305619494.0,12.0,6.0,12.0,1.0,1.0,1.0,4.0,16.0,1.0,1.0,1.0,20.0,0.0,49.0,1.0,0.0
280200,2,0,0.0,38.0,1.0,0.0,-99.0,28.0,73.0,12.0,35.0,4.0,19.0,2.0,1.0,0.0,3.0,0.0,8.0,0.0,0.0,996.0,0.0,28.0,2.0,12.0,1.0,0.0,3N1AB7AP9FL6,2015.0,478.0,1907.0,13.0,35.0,Nissan/Datsun,43.0,4.0,1.0,0.0,0.0,998.0,7.0,0.0,0.0,11.0,6.0,12.0,0.0,0.0,1.0,28.0,39402.0,1.0,6.0,3.0,Valid license for this class vehicle,0.0,60.0,110.0,0.0,0.0,0.0,0.0,No Record,0.0,0.0,0.0,0.0,1.0,2.0,55.0,1.0,1.0,8.0,1.0,20.0,11.0,15.0,9.0,1.0,1.0,414.0,28.0,0.0,1.0,0.0,202305166120.0,12.0,1.0,7.0,1.0,1.0,1.0,4.0,28.0,2.0,1.0,1.0,20.0,0.0,35.0,4.0,0.0
280205,1,99,99.0,0.0,1.0,0.0,-99.0,28.0,79.0,1.0,49.0,15.0,20.0,1.0,1.0,4.0,20.0,7.0,20.0,1.0,0.0,996.0,7.0,28.0,1.0,1.0,3.0,0.0,5TDZT38A83S1,2003.0,448.0,2827.0,7.0,49.0,Toyota,422.0,15.0,1.0,0.0,0.0,998.0,7.0,3.0,1.0,0.0,6.0,1.0,0.0,0.0,1.0,28.0,39094.0,1.0,6.0,3.0,Valid license for this class vehicle,0.0,78.0,315.0,0.0,0.0,0.0,0.0,No Record,0.0,0.0,0.0,9.0,1.0,2.0,55.0,1.0,1.0,8.0,1.0,0.0,1.0,10.0,1.0,1.0,7.0,998.0,28.0,2.0,1.0,0.0,202304854845.0,12.0,2.0,1.0,1.0,1.0,1.0,15.0,30.0,2.0,0.0,1.0,20.0,0.0,49.0,1.0,0.0
280207,2,0,0.0,28.0,1.0,0.0,-99.0,28.0,143.0,12.0,12.0,2.0,78.0,1.0,1.0,4.0,3.0,0.0,8.0,0.0,0.0,996.0,7.0,28.0,2.0,12.0,1.0,0.0,1ZVFT80N0753,2007.0,460.0,1781.0,3.0,12.0,Ford,3.0,2.0,1.0,0.0,0.0,998.0,8.0,0.0,0.0,11.0,6.0,12.0,0.0,0.0,1.0,28.0,38671.0,1.0,6.0,3.0,Valid license for this class vehicle,0.0,70.0,140.0,0.0,0.0,0.0,0.0,No Record,0.0,0.0,0.0,0.0,2.0,2.0,65.0,1.0,1.0,8.0,1.0,0.0,15.0,10.0,1.0,1.0,2.0,208.0,28.0,2.0,1.0,0.0,202305451107.0,12.0,2.0,11.0,3.0,1.0,1.0,2.0,21.0,1.0,3.0,1.0,20.0,0.0,12.0,2.0,0.0
280213,2,0,0.0,0.0,1.0,0.0,-99.0,28.0,75.0,12.0,86.0,66.0,59.0,1.0,1.0,4.0,8.0,0.0,1.0,0.0,0.0,996.0,7.0,28.0,2.0,12.0,1.0,0.0,1M1AN4GY2LM0,2020.0,490.0,20842.0,66.0,86.0,Mack,881.0,66.0,1.0,0.0,0.0,998.0,8.0,0.0,0.0,12.0,6.0,23.0,0.0,0.0,1.0,28.0,39459.0,1.0,6.0,3.0,Valid license for this class vehicle,0.0,74.0,187.0,0.0,0.0,0.0,0.0,No Record,0.0,0.0,0.0,0.0,3.0,2.0,70.0,1.0,1.0,8.0,2.0,0.0,1.0,50.0,1.0,1.0,1.0,998.0,28.0,1.0,1.0,0.0,202305495089.0,12.0,4.0,12.0,2.0,1.0,1.0,66.0,58.0,1.0,0.0,1.0,20.0,0.0,86.0,4.0,0.0
280214,2,99,0.0,28.0,1.0,0.0,-99.0,28.0,91.0,12.0,20.0,4.0,76.0,2.0,1.0,4.0,20.0,7.0,1.0,0.0,0.0,996.0,7.0,28.0,2.0,12.0,1.0,0.0,2G1WG5E34C12,2012.0,467.0,1833.0,13.0,20.0,Chevrolet,2.0,4.0,1.0,0.0,0.0,998.0,8.0,0.0,0.0,12.0,6.0,12.0,0.0,0.0,1.0,28.0,39483.0,1.0,6.0,3.0,Valid license for this class vehicle,0.0,67.0,218.0,0.0,0.0,0.0,0.0,No Record,0.0,0.0,0.0,0.0,1.0,2.0,55.0,1.0,1.0,8.0,2.0,0.0,1.0,10.0,6.0,1.0,2.0,998.0,28.0,1.0,1.0,0.0,202305142171.0,12.0,5.0,6.0,0.0,1.0,1.0,4.0,28.0,1.0,0.0,1.0,20.0,0.0,20.0,1.0,0.0
280215,1,99,99.0,0.0,1.0,0.0,-99.0,28.0,75.0,35.0,63.0,4.0,59.0,1.0,1.0,4.0,3.0,0.0,8.0,0.0,0.0,996.0,7.0,28.0,1.0,35.0,1.0,0.0,5XXG14J24NG1,2022.0,499.0,27527.0,13.0,63.0,KIA,398.0,4.0,1.0,0.0,0.0,998.0,7.0,3.0,5.0,12.0,6.0,1.0,0.0,0.0,1.0,28.0,39301.0,0.0,0.0,0.0,Not licensed,0.0,70.0,170.0,0.0,0.0,0.0,0.0,No Record,0.0,0.0,0.0,0.0,1.0,2.0,45.0,1.0,1.0,8.0,1.0,0.0,1.0,12.0,1.0,1.0,4.0,102.0,28.0,1.0,1.0,0.0,202305353790.0,12.0,4.0,8.0,0.0,1.0,1.0,4.0,18.0,1.0,0.0,1.0,20.0,0.0,63.0,2.0,0.0
280221,1,99,99.0,39.0,1.0,9999.0,-99.0,28.0,11.0,12.0,37.0,90.0,15.0,1.0,1.0,4.0,20.0,7.0,20.0,0.0,0.0,999.0,7.0,28.0,2.0,12.0,1.0,0.0,0,2018.0,474.0,27902.0,69.0,37.0,Honda,734.0,90.0,1.0,0.0,0.0,998.0,7.0,0.0,0.0,12.0,6.0,12.0,0.0,0.0,1.0,28.0,38730.0,7.0,6.0,3.0,Valid license for this class vehicle,0.0,67.0,130.0,0.0,0.0,0.0,0.0,No Record,0.0,0.0,0.0,9.0,1.0,2.0,55.0,1.0,1.0,8.0,1.0,20.0,1.0,17.0,1.0,1.0,1.0,501.0,28.0,1.0,1.0,0.0,202304636966.0,43.0,1.0,1.0,2.0,1.0,1.0,83.0,49.0,1.0,2.0,1.0,20.0,8.0,73.0,1.0,98.0
280223,1,99,99.0,0.0,1.0,0.0,-99.0,28.0,47.0,12.0,55.0,4.0,95.0,1.0,1.0,4.0,3.0,0.0,8.0,0.0,0.0,996.0,7.0,28.0,2.0,12.0,1.0,0.0,5NPD74LF8JH3,2018.0,498.0,2735.0,13.0,55.0,Hyundai,35.0,4.0,1.0,0.0,0.0,998.0,8.0,0.0,0.0,6.0,6.0,12.0,0.0,0.0,1.0,28.0,39525.0,1.0,6.0,3.0,Valid license for this class vehicle,0.0,70.0,180.0,0.0,0.0,0.0,0.0,No Record,0.0,0.0,0.0,0.0,2.0,4.0,70.0,1.0,1.0,8.0,1.0,0.0,1.0,60.0,99.0,1.0,1.0,201.0,28.0,1.0,1.0,0.0,202304992237.0,12.0,2.0,5.0,2.0,1.0,1.0,4.0,56.0,2.0,2.0,1.0,1.0,0.0,55.0,2.0,98.0
280225,2,99,0.0,0.0,1.0,0.0,-99.0,28.0,109.0,12.0,20.0,2.0,27.0,1.0,1.0,4.0,99.0,7.0,99.0,0.0,0.0,996.0,7.0,28.0,2.0,12.0,1.0,0.0,1G1FH1R77N01,2022.0,467.0,1829.0,3.0,20.0,Chevrolet,9.0,2.0,1.0,0.0,0.0,998.0,8.0,0.0,0.0,12.0,6.0,2.0,1.0,0.0,1.0,22.0,70454.0,1.0,6.0,3.0,Valid license for this class vehicle,0.0,63.0,116.0,0.0,0.0,0.0,0.0,No Record,0.0,0.0,0.0,0.0,1.0,2.0,55.0,1.0,1.0,8.0,1.0,0.0,1.0,62.0,1.0,1.0,1.0,302.0,28.0,1.0,1.0,0.0,202305513473.0,12.0,1.0,10.0,0.0,1.0,1.0,2.0,24.0,1.0,0.0,1.0,1.0,0.0,20.0,2.0,0.0
280229,1,0,0.0,0.0,1.0,0.0,-99.0,28.0,33.0,12.0,30.0,14.0,17.0,2.0,1.0,2.0,3.0,0.0,8.0,0.0,0.0,996.0,0.0,28.0,2.0,12.0,1.0,0.0,1V2CR2CA9JC5,2018.0,482.0,17618.0,7.0,30.0,Volkswagen,403.0,14.0,1.0,0.0,0.0,998.0,9.0,0.0,0.0,12.0,6.0,12.0,0.0,0.0,1.0,28.0,38680.0,1.0,6.0,3.0,Valid license for this class vehicle,0.0,67.0,190.0,0.0,2.0,0.0,5.0,May,2022.0,2.0,2023.0,9.0,1.0,4.0,35.0,1.0,5.0,8.0,1.0,0.0,1.0,62.0,7.0,1.0,1.0,302.0,28.0,0.0,1.0,0.0,202305324711.0,12.0,5.0,8.0,0.0,1.0,1.0,14.0,28.0,2.0,0.0,1.0,20.0,0.0,30.0,1.0,0.0
280233,4,0,0.0,0.0,1.0,0.0,-99.0,28.0,49.0,12.0,55.0,4.0,23.0,2.0,1.0,0.0,20.0,7.0,20.0,0.0,0.0,996.0,0.0,28.0,5.0,12.0,4.0,0.0,5NPEB4AC8DH6,2013.0,498.0,2459.0,13.0,55.0,Hyundai,33.0,4.0,1.0,0.0,0.0,0.0,8.0,0.0,0.0,9.0,2.0,12.0,0.0,0.0,1.0,28.0,39567.0,1.0,6.0,3.0,Valid license for this class vehicle,0.0,62.0,248.0,0.0,0.0,0.0,0.0,No Record,0.0,0.0,0.0,0.0,5.0,5.0,35.0,1.0,1.0,8.0,1.0,3.0,5.0,60.0,1.0,1.0,1.0,998.0,28.0,0.0,1.0,0.0,202305151323.0,12.0,7.0,5.0,0.0,10.0,1.0,4.0,82.0,1.0,0.0,1.0,20.0,0.0,55.0,1.0,0.0
280235,2,99,99.0,0.0,1.0,9999.0,-99.0,28.0,49.0,12.0,42.0,4.0,37.0,1.0,1.0,3.0,3.0,0.0,8.0,0.0,0.0,999.0,0.0,28.0,2.0,12.0,1.0,0.0,WDDGF4HB3DR2,2013.0,449.0,2085.0,13.0,42.0,Mercedes-Benz,42.0,4.0,1.0,0.0,0.0,998.0,0.0,0.0,0.0,12.0,6.0,12.0,0.0,0.0,1.0,28.0,39213.0,0.0,0.0,0.0,Not licensed,0.0,72.0,145.0,0.0,0.0,0.0,0.0,No Record,0.0,0.0,0.0,9.0,3.0,2.0,70.0,1.0,1.0,8.0,1.0,0.0,1.0,54.0,6.0,1.0,1.0,303.0,28.0,0.0,1.0,0.0,202305505543.0,12.0,3.0,12.0,0.0,1.0,1.0,4.0,19.0,1.0,0.0,1.0,20.0,0.0,42.0,2.0,98.0
280238,2,99,99.0,0.0,1.0,9995.0,-99.0,28.0,101.0,12.0,7.0,34.0,61.0,1.0,1.0,4.0,99.0,7.0,20.0,0.0,0.0,996.0,7.0,28.0,2.0,12.0,1.0,0.0,1C6RREFT3KN5,2019.0,496.0,13620.0,60.0,7.0,Dodge,482.0,34.0,1.0,0.0,0.0,998.0,9.0,0.0,0.0,12.0,6.0,12.0,0.0,0.0,1.0,28.0,39365.0,1.0,6.0,3.0,Valid license for this class vehicle,0.0,75.0,185.0,0.0,0.0,0.0,0.0,No Record,0.0,0.0,0.0,9.0,5.0,3.0,55.0,1.0,1.0,8.0,1.0,0.0,1.0,60.0,99.0,1.0,1.0,998.0,28.0,1.0,1.0,0.0,202305520564.0,12.0,3.0,10.0,2.0,1.0,1.0,34.0,14.0,1.0,0.0,1.0,8.0,0.0,7.0,1.0,0.0
280239,1,0,99.0,0.0,1.0,0.0,-99.0,28.0,47.0,59.0,18.0,4.0,60.0,1.0,1.0,4.0,20.0,7.0,20.0,0.0,0.0,996.0,7.0,28.0,1.0,59.0,2.0,0.0,1G4HE57Y16U1,2006.0,468.0,4267.0,13.0,18.0,Buick / Opel,23.0,4.0,1.0,0.0,0.0,998.0,7.0,3.0,5.0,8.0,4.0,1.0,0.0,0.0,1.0,28.0,39503.0,0.0,0.0,0.0,Not licensed,0.0,69.0,178.0,0.0,0.0,0.0,0.0,No Record,0.0,0.0,0.0,0.0,1.0,2.0,35.0,1.0,1.0,8.0,1.0,23.0,1.0,13.0,1.0,3.0,4.0,101.0,28.0,1.0,1.0,0.0,202304884562.0,12.0,6.0,4.0,1.0,1.0,1.0,4.0,21.0,1.0,1.0,1.0,1.0,0.0,18.0,2.0,98.0
280240,2,0,0.0,0.0,1.0,5060.0,-99.0,28.0,109.0,12.0,55.0,4.0,24.0,2.0,1.0,1.0,3.0,0.0,8.0,0.0,0.0,996.0,0.0,28.0,2.0,12.0,1.0,0.0,5NPD84LF5HH0,2017.0,498.0,2735.0,13.0,55.0,Hyundai,35.0,4.0,1.0,0.0,0.0,998.0,0.0,0.0,0.0,12.0,6.0,12.0,0.0,0.0,1.0,22.0,70056.0,1.0,6.0,3.0,Valid license for this class vehicle,0.0,65.0,150.0,0.0,1.0,0.0,10.0,October,2021.0,10.0,2021.0,0.0,1.0,2.0,55.0,1.0,1.0,8.0,2.0,0.0,1.0,62.0,1.0,1.0,1.0,302.0,28.0,0.0,1.0,0.0,202305700999.0,12.0,6.0,7.0,0.0,1.0,1.0,4.0,17.0,2.0,0.0,1.0,20.0,0.0,55.0,1.0,0.0
280241,1,0,99.0,0.0,1.0,0.0,-99.0,28.0,29.0,1.0,7.0,4.0,20.0,1.0,9.0,4.0,99.0,7.0,99.0,2.0,0.0,996.0,6.0,28.0,1.0,1.0,2.0,0.0,2C3CDXHG3GH3,2016.0,476.0,1895.0,13.0,7.0,Dodge,24.0,4.0,1.0,0.0,0.0,998.0,7.0,3.0,5.0,0.0,6.0,1.0,0.0,0.0,1.0,99.0,99999.0,9.0,9.0,9.0,Unknown,9.0,999.0,999.0,99.0,99.0,99.0,99.0,Unknown,9999.0,99.0,9999.0,9.0,1.0,2.0,99.0,3.0,6.0,8.0,1.0,0.0,14.0,13.0,99.0,9.0,4.0,101.0,28.0,98.0,1.0,0.0,202304846680.0,12.0,5.0,3.0,0.0,1.0,1.0,4.0,29.0,1.0,0.0,1.0,20.0,0.0,7.0,1.0,98.0
280242,1,99,99.0,0.0,1.0,0.0,-99.0,28.0,39.0,42.0,37.0,4.0,35.0,2.0,1.0,4.0,20.0,7.0,8.0,0.0,0.0,996.0,7.0,28.0,1.0,42.0,1.0,0.0,1HGCM56447A0,2007.0,474.0,1861.0,13.0,37.0,Honda,32.0,4.0,1.0,0.0,0.0,998.0,7.0,0.0,0.0,12.0,6.0,42.0,0.0,0.0,1.0,28.0,39452.0,1.0,6.0,3.0,Valid license for this class vehicle,0.0,66.0,135.0,0.0,0.0,0.0,0.0,No Record,0.0,0.0,0.0,9.0,1.0,2.0,99.0,3.0,1.0,8.0,1.0,0.0,14.0,13.0,99.0,1.0,4.0,101.0,28.0,1.0,1.0,0.0,202304730134.0,8.0,2.0,1.0,4.0,1.0,1.0,4.0,20.0,1.0,1.0,1.0,20.0,0.0,37.0,1.0,98.0
280243,2,99,99.0,28.0,1.0,0.0,-99.0,28.0,123.0,12.0,12.0,5.0,66.0,1.0,1.0,4.0,3.0,0.0,8.0,0.0,0.0,996.0,7.0,28.0,2.0,12.0,1.0,0.0,1FADP3K29FL3,2015.0,460.0,1779.0,5.0,12.0,Ford,37.0,5.0,1.0,0.0,0.0,998.0,0.0,0.0,0.0,12.0,6.0,12.0,0.0,0.0,1.0,28.0,39117.0,1.0,6.0,3.0,Valid license for this class vehicle,0.0,75.0,212.0,0.0,0.0,0.0,0.0,No Record,0.0,0.0,0.0,0.0,1.0,2.0,55.0,1.0,1.0,8.0,1.0,0.0,6.0,10.0,1.0,1.0,2.0,301.0,28.0,2.0,1.0,0.0,202304902122.0,12.0,6.0,4.0,1.0,1.0,1.0,5.0,48.0,2.0,0.0,1.0,20.0,0.0,12.0,1.0,99.0
280247,1,99,99.0,58.0,1.0,0.0,-99.0,28.0,145.0,23.0,20.0,14.0,25.0,2.0,1.0,4.0,20.0,7.0,8.0,1.0,0.0,996.0,7.0,28.0,1.0,23.0,1.0,0.0,1GNDS13S3722,2007.0,467.0,4548.0,7.0,20.0,Chevrolet,403.0,14.0,1.0,0.0,0.0,998.0,7.0,3.0,5.0,12.0,6.0,1.0,0.0,0.0,1.0,28.0,38650.0,1.0,6.0,3.0,Valid license for this class vehicle,0.0,62.0,135.0,0.0,0.0,0.0,0.0,No Record,0.0,0.0,0.0,9.0,1.0,2.0,98.0,3.0,1.0,8.0,1.0,0.0,14.0,12.0,6.0,4.0,4.0,102.0,28.0,1.0,1.0,0.0,202305217604.0,35.0,3.0,8.0,3.0,10.0,1.0,14.0,66.0,1.0,3.0,1.0,20.0,0.0,20.0,1.0,0.0
280249,2,0,0.0,0.0,1.0,0.0,-99.0,28.0,141.0,12.0,24.0,14.0,16.0,2.0,1.0,0.0,3.0,0.0,20.0,0.0,0.0,996.0,0.0,28.0,2.0,12.0,1.0,0.0,3GSCL33P78S5,2008.0,1056.0,4595.0,7.0,24.0,Saturn,401.0,14.0,1.0,0.0,0.0,998.0,7.0,0.0,0.0,10.0,6.0,12.0,0.0,0.0,1.0,28.0,38852.0,1.0,6.0,3.0,Valid license for this class vehicle,0.0,60.0,110.0,0.0,0.0,0.0,0.0,No Record,0.0,0.0,0.0,0.0,1.0,2.0,45.0,1.0,1.0,8.0,1.0,20.0,1.0,17.0,1.0,1.0,1.0,504.0,28.0,0.0,1.0,0.0,202305053167.0,12.0,7.0,5.0,0.0,10.0,1.0,14.0,33.0,1.0,0.0,1.0,1.0,0.0,24.0,2.0,0.0
280254,1,9,99.0,36.0,1.0,0.0,-99.0,28.0,47.0,42.0,12.0,34.0,34.0,1.0,1.0,2.0,20.0,7.0,1.0,0.0,1.0,197.0,0.0,28.0,1.0,42.0,2.0,0.0,1FTEW1CP4KKD,2019.0,460.0,1801.0,60.0,12.0,Ford,481.0,34.0,1.0,0.0,0.0,998.0,7.0,0.0,0.0,12.0,6.0,30.0,0.0,1.0,1.0,22.0,70570.0,1.0,6.0,3.0,Valid license for this class vehicle,0.0,69.0,145.0,0.0,2.0,2.0,5.0,May,2019.0,3.0,2022.0,3.0,2.0,2.0,45.0,1.0,1.0,8.0,1.0,0.0,1.0,12.0,1.0,1.0,4.0,102.0,28.0,0.0,1.0,0.0,202304983457.0,38.0,6.0,5.0,0.0,1.0,1.0,34.0,19.0,1.0,0.0,1.0,20.0,0.0,12.0,1.0,9.0
280260,2,0,0.0,36.0,1.0,3026.0,-99.0,28.0,33.0,5.0,72.0,80.0,39.0,1.0,1.0,4.0,20.0,7.0,20.0,8.0,0.0,0.0,7.0,28.0,2.0,5.0,1.0,0.0,1HD1FVC20KB6,2019.0,3888.0,25739.0,81.0,72.0,Harley-Davidson,706.0,80.0,1.0,0.0,0.0,998.0,7.0,8.0,8.0,0.0,4.0,5.0,0.0,0.0,1.0,28.0,38637.0,1.0,6.0,3.0,Valid license for this class vehicle,0.0,71.0,200.0,0.0,0.0,0.0,0.0,No Record,0.0,0.0,0.0,0.0,1.0,5.0,45.0,1.0,1.0,8.0,1.0,3.0,1.0,62.0,16.0,1.0,1.0,0.0,28.0,1.0,1.0,0.0,202304980108.0,12.0,6.0,5.0,3.0,1.0,1.0,80.0,49.0,2.0,3.0,1.0,20.0,8.0,72.0,1.0,98.0
280261,1,99,99.0,39.0,1.0,0.0,-99.0,28.0,151.0,34.0,49.0,4.0,54.0,1.0,1.0,4.0,20.0,7.0,8.0,0.0,0.0,996.0,7.0,28.0,1.0,34.0,1.0,0.0,JTDBU4EE4AJ0,2010.0,448.0,2208.0,13.0,49.0,Toyota,32.0,4.0,1.0,0.0,0.0,998.0,7.0,0.0,0.0,12.0,6.0,34.0,0.0,0.0,1.0,28.0,38744.0,1.0,6.0,3.0,Valid license for this class vehicle,0.0,69.0,145.0,0.0,0.0,0.0,0.0,No Record,0.0,0.0,0.0,9.0,1.0,2.0,35.0,1.0,1.0,8.0,1.0,20.0,1.0,14.0,99.0,1.0,4.0,103.0,28.0,2.0,1.0,0.0,202305229152.0,12.0,1.0,9.0,0.0,10.0,1.0,4.0,58.0,1.0,0.0,1.0,20.0,0.0,49.0,1.0,99.0
280264,2,0,0.0,51.0,1.0,9999.0,-99.0,28.0,123.0,12.0,37.0,90.0,56.0,1.0,1.0,4.0,20.0,7.0,20.0,0.0,0.0,995.0,6.0,28.0,2.0,12.0,1.0,0.0,0,9999.0,474.0,99999.0,69.0,37.0,Honda,734.0,90.0,1.0,0.0,0.0,998.0,7.0,0.0,0.0,12.0,6.0,12.0,0.0,0.0,1.0,28.0,39074.0,0.0,0.0,0.0,Not licensed,0.0,66.0,160.0,0.0,0.0,0.0,0.0,No Record,0.0,0.0,0.0,0.0,1.0,2.0,35.0,2.0,3.0,8.0,1.0,0.0,14.0,11.0,9.0,1.0,2.0,998.0,28.0,2.0,1.0,0.0,202304636966.0,43.0,1.0,1.0,2.0,1.0,1.0,83.0,49.0,1.0,2.0,1.0,20.0,8.0,73.0,1.0,98.0
280265,1,0,99.0,0.0,1.0,0.0,-99.0,28.0,33.0,12.0,42.0,4.0,20.0,2.0,1.0,4.0,20.0,7.0,8.0,2.0,0.0,996.0,7.0,28.0,2.0,12.0,1.0,0.0,W1KAF4GB8NR0,2022.0,449.0,2085.0,13.0,42.0,Mercedes-Benz,42.0,4.0,1.0,0.0,0.0,998.0,9.0,0.0,0.0,12.0,6.0,12.0,0.0,0.0,1.0,28.0,38654.0,1.0,6.0,3.0,Valid license for this class vehicle,0.0,64.0,180.0,0.0,1.0,0.0,7.0,July,2021.0,8.0,2021.0,0.0,2.0,2.0,65.0,1.0,1.0,8.0,1.0,0.0,1.0,54.0,99.0,1.0,1.0,303.0,28.0,2.0,1.0,0.0,202305027129.0,12.0,7.0,4.0,1.0,1.0,1.0,4.0,23.0,2.0,1.0,1.0,1.0,0.0,42.0,2.0,0.0
280266,1,0,0.0,36.0,1.0,0.0,-99.0,28.0,89.0,30.0,37.0,90.0,19.0,1.0,1.0,4.0,20.0,7.0,20.0,0.0,0.0,996.0,7.0,28.0,1.0,30.0,1.0,0.0,0,9999.0,474.0,27902.0,69.0,37.0,Honda,739.0,90.0,1.0,0.0,0.0,998.0,7.0,3.0,5.0,12.0,6.0,1.0,0.0,0.0,1.0,28.0,39046.0,1.0,6.0,3.0,Valid license for this class vehicle,0.0,71.0,163.0,0.0,0.0,0.0,0.0,No Record,0.0,0.0,0.0,4.0,1.0,2.0,99.0,1.0,1.0,8.0,11.0,0.0,1.0,13.0,1.0,1.0,4.0,101.0,28.0,2.0,1.0,0.0,202304636966.0,43.0,1.0,1.0,2.0,1.0,1.0,83.0,49.0,1.0,2.0,1.0,20.0,8.0,73.0,1.0,98.0
280267,1,9,99.0,0.0,1.0,9999.0,-99.0,28.0,101.0,34.0,37.0,4.0,40.0,2.0,1.0,2.0,20.0,7.0,20.0,0.0,1.0,995.0,0.0,28.0,1.0,34.0,2.0,0.0,1HGFA16828L0,2008.0,474.0,1863.0,13.0,37.0,Honda,31.0,4.0,1.0,0.0,0.0,998.0,7.0,0.0,0.0,2.0,6.0,42.0,0.0,1.0,1.0,28.0,39336.0,1.0,6.0,3.0,Valid license for this class vehicle,0.0,59.0,95.0,0.0,0.0,0.0,0.0,No Record,0.0,0.0,0.0,9.0,2.0,2.0,70.0,1.0,1.0,8.0,2.0,0.0,1.0,13.0,1.0,1.0,4.0,101.0,28.0,0.0,1.0,0.0,202305477286.0,12.0,3.0,12.0,0.0,1.0,1.0,4.0,35.0,2.0,0.0,1.0,20.0,0.0,37.0,1.0,0.0
280269,1,99,99.0,0.0,1.0,0.0,-99.0,28.0,45.0,1.0,51.0,66.0,29.0,1.0,1.0,4.0,20.0,7.0,8.0,2.0,0.0,996.0,7.0,28.0,1.0,1.0,2.0,0.0,4V4NC9EJ6AN2,2010.0,487.0,1967.0,66.0,51.0,Volvo,881.0,66.0,1.0,0.0,0.0,998.0,7.0,3.0,3.0,0.0,6.0,1.0,0.0,0.0,1.0,45.0,29323.0,1.0,6.0,3.0,Valid license for this class vehicle,0.0,73.0,218.0,0.0,0.0,1.0,1.0,January,2019.0,1.0,2019.0,9.0,2.0,2.0,70.0,1.0,1.0,8.0,1.0,0.0,1.0,1.0,16.0,9.0,4.0,102.0,28.0,1.0,1.0,0.0,202304718731.0,12.0,5.0,2.0,2.0,2.0,1.0,66.0,50.0,1.0,0.0,1.0,20.0,0.0,51.0,1.0,0.0
280271,1,99,99.0,39.0,1.0,0.0,-99.0,28.0,117.0,12.0,7.0,20.0,72.0,1.0,1.0,4.0,3.0,0.0,8.0,0.0,0.0,996.0,7.0,28.0,2.0,12.0,1.0,0.0,2C4RDGCG9JR2,2018.0,476.0,14832.0,2.0,7.0,Dodge,442.0,20.0,1.0,0.0,0.0,998.0,0.0,0.0,0.0,12.0,6.0,12.0,0.0,0.0,1.0,28.0,38824.0,1.0,6.0,3.0,Valid license for this class vehicle,0.0,72.0,225.0,0.0,0.0,0.0,0.0,No Record,0.0,0.0,0.0,9.0,1.0,2.0,35.0,1.0,1.0,8.0,1.0,3.0,1.0,17.0,99.0,1.0,1.0,501.0,28.0,1.0,1.0,0.0,202304750288.0,12.0,4.0,2.0,1.0,1.0,1.0,20.0,60.0,2.0,0.0,1.0,1.0,0.0,7.0,2.0,0.0