ST_CASE,VEH_NO_x,DRIMPAIR_x,DRDISTRACT,DRIVERRF,PER_NO_x,DRUGRES,DRUGACTQTY,STATE_x,COUNTY,HARM_EV_x,MAKE_x,BODY_TYP_x,AGE,SEX,PER_TYP_x,INJ_SEV,REST_USE,REST_MIS,AIR_BAG_x,EJECTION,DRINKING,ALC_RES,HISPANIC,STATE_y,VE_FORMS,HARM_EV_y,NUMOCCS,HIT_RUN,VIN,MOD_YEAR,VPICMAKE,VPICMODEL,VPICBODYCLASS,MAKE_y,MAKENAME,MODEL,BODY_TYP_y,HAZ_INV,HAZ_PLAC,HAZ_ID,TRAV_SP,UNDEROVERRIDE,ROLLOVER,ROLINLOC,IMPACT1,DEFORMED,M_HARM,FIRE_EXP,DR_DRINK,DR_PRES,L_STATE,DR_ZIP,L_TYPE,L_STATUS,L_COMPL,L_COMPLNAME,L_RESTRI,DR_HGT,DR_WGT,PREV_DWI,PREV_SPD,PREV_OTH,FIRST_MO,FIRST_MONAME,FIRST_YR,LAST_MO,LAST_YR,SPEEDREL,VTRAFWAY,VNUM_LAN,VSPD_LIM,VALIGN,VPROFILE,VPAVETYP,VSURCOND,VTRAFCON,P_CRASH1,P_CRASH2,P_CRASH3,PCRASH4,PCRASH5,ACC_CONFIG,STATE,RACE,ORDER,MULTRACE,CASENUM,HARM_EV,DAY_WEEK,MONTH,MAXSEV_IM,WEATHR_IM,PER_NO_y,BODY_TYP,AGE_IM,SEX_IM,INJSEV_IM,PER_TYP_y,AIR_BAG_y,EJECT_IM,MAKE,VEH_NO_y,DRIMPAIR_y
280402,1,0,0.0,0.0,1.0,0.0,-99.0,28.0,57.0,12.0,12.0,92.0,89.0,1.0,1.0,4.0,99.0,7.0,20.0,1.0,0.0,996.0,7.0,28.0,2.0,12.0,1.0,0.0,0,9999.0,460.0,99997.0,126.0,12.0,Ford,998.0,92.0,1.0,0.0,0.0,998.0,0.0,0.0,0.0,6.0,6.0,12.0,0.0,0.0,1.0,28.0,38843.0,1.0,6.0,3.0,Valid license for this class vehicle,0.0,73.0,200.0,0.0,0.0,0.0,0.0,No Record,0.0,0.0,0.0,0.0,1.0,2.0,45.0,1.0,1.0,8.0,1.0,0.0,1.0,53.0,1.0,1.0,1.0,201.0,28.0,1.0,1.0,0.0,202304636966.0,43.0,1.0,1.0,2.0,1.0,1.0,83.0,49.0,1.0,2.0,1.0,20.0,8.0,73.0,1.0,98.0
280402,2,9,99.0,26.0,1.0,0.0,-99.0,28.0,57.0,12.0,6.0,4.0,38.0,2.0,1.0,2.0,99.0,7.0,8.0,0.0,0.0,996.0,0.0,28.0,2.0,12.0,1.0,0.0,1C3CCCAB4FN6,2015.0,477.0,2053.0,13.0,6.0,Chrysler,18.0,4.0,1.0,0.0,0.0,998.0,0.0,0.0,0.0,12.0,6.0,12.0,0.0,0.0,1.0,28.0,38843.0,1.0,6.0,3.0,Valid license for this class vehicle,0.0,63.0,154.0,1.0,0.0,0.0,10.0,October,2021.0,11.0,2021.0,9.0,1.0,2.0,45.0,1.0,1.0,8.0,1.0,0.0,1.0,51.0,1.0,1.0,1.0,202.0,28.0,0.0,1.0,0.0,202304744503.0,12.0,3.0,2.0,0.0,1.0,1.0,4.0,60.0,2.0,0.0,1.0,20.0,0.0,6.0,2.0,0.0
280403,1,99,99.0,36.0,1.0,9999.0,-99.0,28.0,109.0,42.0,58.0,4.0,20.0,1.0,1.0,4.0,99.0,7.0,99.0,0.0,0.0,995.0,7.0,28.0,2.0,42.0,2.0,0.0,JNKCV61E19M3,2009.0,480.0,2337.0,13.0,58.0,Infiniti,37.0,4.0,1.0,0.0,0.0,998.0,0.0,0.0,0.0,12.0,6.0,2.0,1.0,0.0,1.0,28.0,39466.0,1.0,6.0,3.0,Valid license for this class vehicle,0.0,63.0,110.0,0.0,1.0,0.0,5.0,May,2022.0,7.0,2022.0,3.0,1.0,2.0,55.0,3.0,1.0,8.0,1.0,0.0,14.0,12.0,99.0,1.0,4.0,102.0,28.0,2.0,1.0,0.0,202305217727.0,12.0,3.0,8.0,0.0,1.0,1.0,4.0,46.0,2.0,0.0,1.0,20.0,0.0,58.0,1.0,0.0
280407,1,0,0.0,58.0,1.0,0.0,-99.0,28.0,109.0,42.0,20.0,15.0,18.0,2.0,1.0,4.0,20.0,7.0,8.0,1.0,0.0,996.0,7.0,28.0,1.0,42.0,1.0,0.0,1GNEC13T11R2,2001.0,467.0,1852.0,7.0,20.0,Chevrolet,421.0,15.0,1.0,0.0,0.0,998.0,7.0,3.0,5.0,12.0,6.0,1.0,0.0,0.0,1.0,28.0,39667.0,1.0,6.0,3.0,Valid license for this class vehicle,0.0,65.0,170.0,0.0,0.0,0.0,0.0,No Record,0.0,0.0,0.0,0.0,1.0,2.0,55.0,3.0,1.0,8.0,1.0,0.0,14.0,12.0,1.0,1.0,4.0,102.0,28.0,2.0,1.0,0.0,202305085138.0,12.0,5.0,4.0,1.0,1.0,1.0,15.0,41.0,1.0,1.0,1.0,20.0,0.0,20.0,2.0,0.0
280410,1,98,0.0,0.0,1.0,0.0,-99.0,28.0,73.0,42.0,35.0,4.0,21.0,2.0,1.0,4.0,3.0,0.0,8.0,0.0,0.0,996.0,7.0,28.0,1.0,42.0,1.0,0.0,1N4AL21E87N4,2007.0,478.0,1904.0,13.0,35.0,Nissan/Datsun,47.0,4.0,1.0,0.0,0.0,998.0,7.0,0.0,0.0,2.0,6.0,42.0,0.0,0.0,1.0,28.0,39466.0,1.0,6.0,3.0,Valid license for this class vehicle,0.0,67.0,240.0,0.0,1.0,0.0,11.0,November,2020.0,12.0,2020.0,0.0,1.0,2.0,55.0,1.0,1.0,8.0,1.0,0.0,1.0,13.0,1.0,1.0,4.0,101.0,28.0,2.0,1.0,0.0,202304749859.0,12.0,1.0,1.0,1.0,1.0,1.0,4.0,24.0,2.0,1.0,1.0,8.0,0.0,35.0,2.0,98.0
280411,1,99,0.0,0.0,1.0,0.0,-99.0,28.0,49.0,1.0,6.0,20.0,51.0,1.0,1.0,4.0,3.0,0.0,98.0,0.0,0.0,996.0,7.0,28.0,1.0,1.0,8.0,0.0,2C4RC1BG1NR1,2022.0,477.0,3628.0,2.0,6.0,Chrysler,443.0,20.0,1.0,0.0,0.0,998.0,7.0,3.0,5.0,0.0,6.0,1.0,0.0,0.0,1.0,28.0,38771.0,1.0,6.0,3.0,Valid license for this class vehicle,0.0,69.0,270.0,0.0,2.0,0.0,2.0,February,2020.0,9.0,2021.0,0.0,2.0,2.0,65.0,1.0,1.0,8.0,1.0,0.0,1.0,13.0,1.0,1.0,4.0,101.0,28.0,2.0,1.0,0.0,202305463751.0,12.0,4.0,11.0,1.0,10.0,1.0,20.0,57.0,2.0,1.0,1.0,20.0,0.0,6.0,3.0,0.0
280415,2,99,99.0,39.0,1.0,0.0,-99.0,28.0,81.0,12.0,99.0,90.0,25.0,1.0,1.0,4.0,20.0,7.0,20.0,1.0,0.0,996.0,7.0,28.0,2.0,12.0,1.0,0.0,0,9999.0,99999.0,99999.0,69.0,99.0,Unknown Make,734.0,90.0,1.0,0.0,0.0,998.0,7.0,3.0,1.0,1.0,6.0,1.0,0.0,0.0,1.0,28.0,38801.0,0.0,0.0,0.0,Not licensed,0.0,68.0,165.0,0.0,0.0,0.0,0.0,No Record,0.0,0.0,0.0,9.0,1.0,2.0,30.0,1.0,1.0,8.0,1.0,20.0,1.0,19.0,99.0,1.0,1.0,505.0,28.0,2.0,1.0,0.0,202304636966.0,43.0,1.0,1.0,2.0,1.0,1.0,83.0,49.0,1.0,2.0,1.0,20.0,8.0,73.0,1.0,98.0
280416,1,99,0.0,36.0,1.0,0.0,-99.0,28.0,47.0,10.0,12.0,4.0,26.0,2.0,1.0,4.0,3.0,0.0,8.0,0.0,0.0,996.0,7.0,28.0,1.0,10.0,4.0,0.0,3FAHP0HA5BR2,2011.0,460.0,1780.0,13.0,12.0,Ford,23.0,4.0,1.0,0.0,0.0,0.0,7.0,0.0,0.0,3.0,6.0,10.0,0.0,0.0,1.0,28.0,39503.0,1.0,6.0,3.0,Valid license for this class vehicle,0.0,59.0,110.0,0.0,0.0,0.0,0.0,No Record,0.0,0.0,0.0,0.0,2.0,2.0,35.0,1.0,1.0,8.0,1.0,65.0,5.0,90.0,1.0,1.0,1.0,103.0,28.0,2.0,1.0,0.0,202304894595.0,9.0,7.0,2.0,1.0,1.0,1.0,4.0,40.0,1.0,0.0,1.0,20.0,0.0,12.0,1.0,0.0
280417,1,99,99.0,26.0,1.0,0.0,-99.0,28.0,11.0,12.0,35.0,4.0,28.0,2.0,1.0,4.0,20.0,7.0,2.0,0.0,0.0,996.0,7.0,28.0,2.0,12.0,1.0,0.0,1N4AL3APXHC2,2017.0,478.0,1904.0,13.0,35.0,Nissan/Datsun,47.0,4.0,1.0,0.0,0.0,998.0,0.0,0.0,0.0,12.0,6.0,12.0,0.0,0.0,1.0,51.0,23185.0,1.0,6.0,3.0,Valid license for this class vehicle,0.0,71.0,300.0,0.0,0.0,0.0,0.0,No Record,0.0,0.0,0.0,9.0,2.0,2.0,65.0,1.0,1.0,8.0,1.0,0.0,1.0,51.0,1.0,1.0,1.0,202.0,28.0,2.0,1.0,0.0,202304841467.0,12.0,4.0,3.0,2.0,1.0,1.0,4.0,19.0,2.0,0.0,1.0,20.0,0.0,35.0,1.0,0.0
280429,1,0,0.0,0.0,1.0,0.0,-99.0,28.0,137.0,12.0,55.0,4.0,20.0,2.0,1.0,3.0,3.0,0.0,8.0,0.0,0.0,996.0,0.0,28.0,2.0,12.0,1.0,0.0,5NPE34AF1FH0,2015.0,498.0,2459.0,13.0,55.0,Hyundai,33.0,4.0,1.0,0.0,0.0,998.0,0.0,0.0,0.0,12.0,6.0,12.0,0.0,0.0,1.0,28.0,38618.0,0.0,0.0,0.0,Not licensed,0.0,67.0,138.0,0.0,0.0,0.0,0.0,No Record,0.0,0.0,0.0,0.0,1.0,2.0,55.0,1.0,1.0,8.0,1.0,0.0,1.0,62.0,1.0,1.0,1.0,402.0,28.0,0.0,1.0,0.0,202304846254.0,12.0,2.0,1.0,0.0,1.0,1.0,4.0,25.0,2.0,0.0,1.0,20.0,0.0,55.0,1.0,0.0
280431,1,0,0.0,36.0,1.0,0.0,-99.0,28.0,93.0,14.0,20.0,14.0,23.0,1.0,1.0,0.0,20.0,7.0,8.0,0.0,1.0,995.0,0.0,28.0,1.0,14.0,2.0,0.0,2GNALAEK5F11,2015.0,467.0,1847.0,7.0,20.0,Chevrolet,404.0,14.0,1.0,0.0,0.0,998.0,0.0,0.0,0.0,12.0,6.0,14.0,0.0,1.0,1.0,28.0,38804.0,1.0,6.0,3.0,Valid license for this class vehicle,0.0,68.0,145.0,0.0,1.0,0.0,1.0,January,2019.0,11.0,2021.0,0.0,2.0,2.0,70.0,1.0,1.0,8.0,1.0,0.0,1.0,11.0,1.0,1.0,4.0,998.0,28.0,0.0,1.0,0.0,202305233334.0,49.0,2.0,9.0,2.0,1.0,1.0,14.0,73.0,1.0,0.0,1.0,20.0,0.0,20.0,1.0,0.0
280434,1,99,99.0,36.0,1.0,0.0,-99.0,28.0,29.0,12.0,49.0,34.0,33.0,1.0,1.0,4.0,20.0,7.0,20.0,1.0,0.0,996.0,6.0,28.0,2.0,12.0,1.0,0.0,5TEGN92N63Z1,2003.0,448.0,2223.0,60.0,49.0,Toyota,472.0,34.0,1.0,0.0,0.0,998.0,0.0,3.0,3.0,12.0,6.0,1.0,0.0,0.0,1.0,28.0,39083.0,0.0,0.0,0.0,Not licensed,0.0,999.0,999.0,0.0,0.0,0.0,0.0,No Record,0.0,0.0,0.0,4.0,2.0,2.0,70.0,1.0,6.0,8.0,1.0,0.0,1.0,51.0,1.0,1.0,1.0,202.0,28.0,98.0,1.0,0.0,202305265503.0,12.0,7.0,9.0,0.0,1.0,1.0,34.0,31.0,1.0,0.0,1.0,20.0,0.0,49.0,1.0,9.0
280441,1,1,0.0,0.0,1.0,0.0,-99.0,28.0,75.0,42.0,87.0,66.0,60.0,1.0,1.0,4.0,99.0,7.0,20.0,0.0,0.0,996.0,7.0,28.0,1.0,42.0,1.0,0.0,1XP5DB9X97N6,2007.0,495.0,2046.0,66.0,87.0,Peterbilt,881.0,66.0,1.0,0.0,0.0,998.0,7.0,0.0,0.0,12.0,2.0,42.0,0.0,0.0,1.0,28.0,39307.0,1.0,6.0,3.0,Valid license for this class vehicle,0.0,70.0,280.0,0.0,0.0,0.0,0.0,No Record,0.0,0.0,0.0,0.0,2.0,2.0,65.0,1.0,5.0,8.0,1.0,0.0,1.0,13.0,1.0,1.0,4.0,101.0,28.0,1.0,1.0,0.0,202305222203.0,12.0,6.0,9.0,4.0,1.0,1.0,66.0,65.0,1.0,0.0,1.0,20.0,0.0,87.0,4.0,0.0
280445,2,0,99.0,0.0,1.0,0.0,-99.0,28.0,49.0,12.0,12.0,4.0,26.0,2.0,1.0,4.0,3.0,0.0,20.0,0.0,0.0,996.0,7.0,28.0,2.0,12.0,1.0,0.0,3FA6P0H71HR3,2017.0,460.0,1780.0,13.0,12.0,Ford,23.0,4.0,1.0,0.0,0.0,998.0,0.0,0.0,0.0,11.0,2.0,12.0,0.0,0.0,1.0,28.0,39212.0,0.0,0.0,0.0,Not licensed,0.0,66.0,130.0,0.0,0.0,0.0,0.0,No Record,0.0,0.0,0.0,9.0,4.0,2.0,98.0,3.0,1.0,8.0,1.0,0.0,15.0,10.0,99.0,1.0,2.0,208.0,28.0,2.0,1.0,0.0,202305171120.0,12.0,6.0,7.0,2.0,1.0,1.0,4.0,25.0,1.0,0.0,1.0,1.0,0.0,12.0,2.0,98.0
280453,1,0,0.0,0.0,1.0,0.0,-99.0,28.0,67.0,12.0,37.0,2.0,30.0,1.0,1.0,0.0,3.0,0.0,1.0,0.0,0.0,996.0,0.0,28.0,2.0,12.0,3.0,0.0,1HGCM82633A0,2003.0,474.0,1861.0,3.0,37.0,Honda,32.0,2.0,1.0,0.0,0.0,998.0,0.0,0.0,0.0,12.0,6.0,12.0,0.0,0.0,1.0,28.0,39479.0,1.0,6.0,3.0,Valid license for this class vehicle,0.0,67.0,195.0,0.0,0.0,0.0,0.0,No Record,0.0,0.0,0.0,0.0,1.0,2.0,55.0,1.0,3.0,8.0,1.0,0.0,1.0,62.0,1.0,1.0,1.0,998.0,28.0,0.0,1.0,0.0,202304660339.0,30.0,4.0,1.0,1.0,2.0,1.0,2.0,22.0,2.0,1.0,1.0,9.0,0.0,37.0,1.0,98.0
280456,1,9,99.0,0.0,1.0,0.0,-99.0,28.0,131.0,30.0,49.0,4.0,31.0,2.0,1.0,4.0,20.0,7.0,99.0,0.0,1.0,996.0,7.0,28.0,1.0,30.0,1.0,0.0,4T1BE32K95U4,2005.0,448.0,2469.0,13.0,49.0,Toyota,40.0,4.0,1.0,0.0,0.0,998.0,7.0,0.0,0.0,12.0,6.0,42.0,0.0,1.0,1.0,28.0,39573.0,0.0,0.0,0.0,Not licensed,0.0,62.0,175.0,0.0,0.0,0.0,0.0,No Record,0.0,0.0,0.0,4.0,1.0,2.0,50.0,3.0,1.0,8.0,1.0,0.0,14.0,13.0,1.0,1.0,4.0,101.0,28.0,1.0,1.0,0.0,202304929830.0,12.0,5.0,5.0,0.0,1.0,1.0,4.0,74.0,2.0,0.0,1.0,20.0,0.0,49.0,2.0,0.0
280463,1,9,99.0,36.0,1.0,0.0,-99.0,28.0,57.0,42.0,49.0,14.0,40.0,1.0,1.0,4.0,20.0,7.0,8.0,2.0,1.0,996.0,6.0,28.0,1.0,42.0,1.0,0.0,2T3W1RFV0LC0,2020.0,448.0,2217.0,7.0,49.0,Toyota,402.0,14.0,1.0,0.0,0.0,998.0,7.0,0.0,0.0,12.0,6.0,42.0,0.0,1.0,1.0,28.0,38843.0,0.0,0.0,0.0,Not licensed,0.0,999.0,999.0,0.0,0.0,0.0,0.0,No Record,0.0,0.0,0.0,4.0,1.0,2.0,55.0,3.0,1.0,8.0,1.0,0.0,14.0,13.0,99.0,1.0,4.0,101.0,28.0,98.0,1.0,0.0,202305008381.0,12.0,2.0,4.0,0.0,1.0,1.0,14.0,85.0,2.0,0.0,1.0,20.0,0.0,49.0,2.0,0.0
280465,1,0,99.0,0.0,1.0,0.0,-99.0,28.0,25.0,30.0,35.0,4.0,70.0,1.0,1.0,4.0,8.0,0.0,2.0,0.0,0.0,996.0,7.0,28.0,1.0,30.0,1.0,0.0,1N4AL3AP8HC2,2017.0,478.0,1904.0,13.0,35.0,Nissan/Datsun,47.0,4.0,1.0,0.0,0.0,998.0,7.0,3.0,5.0,12.0,6.0,1.0,0.0,0.0,1.0,28.0,39773.0,1.0,6.0,3.0,Valid license for this class vehicle,0.0,67.0,190.0,0.0,0.0,0.0,0.0,No Record,0.0,0.0,0.0,9.0,1.0,2.0,25.0,1.0,1.0,8.0,1.0,0.0,1.0,12.0,1.0,1.0,4.0,102.0,28.0,2.0,1.0,0.0,202305109590.0,12.0,2.0,7.0,1.0,1.0,1.0,4.0,33.0,2.0,1.0,1.0,8.0,0.0,35.0,2.0,98.0
280470,1,0,99.0,39.0,1.0,0.0,-99.0,28.0,95.0,12.0,72.0,80.0,71.0,1.0,1.0,4.0,20.0,7.0,20.0,8.0,0.0,996.0,7.0,28.0,2.0,12.0,1.0,0.0,1HD1KRP16MB6,2021.0,3888.0,12629.0,81.0,72.0,Harley-Davidson,706.0,80.0,1.0,0.0,0.0,998.0,7.0,8.0,8.0,1.0,6.0,12.0,0.0,0.0,1.0,28.0,39730.0,1.0,6.0,3.0,Valid license for this class vehicle,0.0,71.0,212.0,0.0,0.0,0.0,0.0,No Record,0.0,0.0,0.0,0.0,5.0,5.0,35.0,1.0,1.0,8.0,1.0,3.0,11.0,15.0,99.0,1.0,1.0,401.0,28.0,1.0,1.0,0.0,202304893478.0,12.0,7.0,4.0,2.0,1.0,1.0,80.0,26.0,1.0,2.0,1.0,20.0,8.0,72.0,1.0,0.0
280473,1,0,0.0,0.0,1.0,0.0,-99.0,28.0,41.0,12.0,82.0,66.0,61.0,1.0,1.0,0.0,3.0,0.0,20.0,0.0,0.0,996.0,0.0,28.0,2.0,12.0,1.0,0.0,3AKJHHDR8NSN,2022.0,450.0,2501.0,66.0,82.0,Freightliner,881.0,66.0,1.0,0.0,0.0,998.0,0.0,0.0,0.0,2.0,6.0,12.0,0.0,0.0,1.0,28.0,39475.0,1.0,6.0,3.0,Valid license for this class vehicle,0.0,73.0,192.0,0.0,0.0,0.0,0.0,No Record,0.0,0.0,0.0,0.0,2.0,2.0,65.0,1.0,1.0,8.0,1.0,0.0,1.0,66.0,16.0,1.0,1.0,502.0,28.0,0.0,1.0,0.0,202304982046.0,12.0,2.0,5.0,0.0,1.0,1.0,66.0,26.0,1.0,0.0,1.0,20.0,0.0,82.0,2.0,98.0
280476,1,0,99.0,0.0,1.0,0.0,-99.0,28.0,153.0,42.0,49.0,34.0,53.0,1.0,1.0,4.0,3.0,0.0,8.0,0.0,0.0,996.0,7.0,28.0,1.0,42.0,1.0,0.0,5TFRV58167X0,2007.0,448.0,2467.0,60.0,49.0,Toyota,482.0,34.0,1.0,0.0,0.0,998.0,7.0,0.0,0.0,12.0,6.0,42.0,0.0,0.0,1.0,28.0,39367.0,1.0,6.0,3.0,Valid license for this class vehicle,0.0,75.0,240.0,0.0,0.0,0.0,0.0,No Record,0.0,0.0,0.0,9.0,2.0,2.0,65.0,2.0,1.0,8.0,1.0,0.0,14.0,12.0,99.0,1.0,4.0,102.0,28.0,1.0,1.0,0.0,202304718587.0,12.0,6.0,2.0,3.0,1.0,1.0,34.0,44.0,1.0,0.0,1.0,20.0,0.0,49.0,3.0,0.0
280480,1,99,99.0,28.0,1.0,0.0,-99.0,28.0,113.0,12.0,35.0,4.0,22.0,1.0,1.0,4.0,3.0,0.0,1.0,0.0,0.0,996.0,7.0,28.0,2.0,12.0,2.0,0.0,3N1AB8CV1NY2,2022.0,478.0,1907.0,13.0,35.0,Nissan/Datsun,43.0,4.0,1.0,0.0,0.0,998.0,0.0,0.0,0.0,12.0,6.0,12.0,0.0,0.0,1.0,28.0,39759.0,0.0,0.0,0.0,Not licensed,0.0,73.0,184.0,0.0,0.0,0.0,0.0,No Record,0.0,0.0,0.0,9.0,1.0,2.0,55.0,1.0,1.0,8.0,2.0,0.0,1.0,10.0,1.0,1.0,2.0,301.0,28.0,2.0,1.0,0.0,202304758566.0,8.0,6.0,2.0,1.0,1.0,1.0,4.0,22.0,2.0,0.0,1.0,20.0,0.0,35.0,1.0,0.0
280485,1,99,99.0,0.0,1.0,0.0,-99.0,28.0,49.0,12.0,35.0,4.0,31.0,1.0,1.0,4.0,3.0,0.0,1.0,0.0,0.0,996.0,7.0,28.0,3.0,12.0,1.0,0.0,1N4AL3AP0FN3,2015.0,478.0,1904.0,13.0,35.0,Nissan/Datsun,47.0,4.0,1.0,0.0,0.0,0.0,0.0,0.0,0.0,6.0,6.0,12.0,0.0,0.0,1.0,28.0,39206.0,1.0,6.0,3.0,Valid license for this class vehicle,0.0,77.0,175.0,0.0,0.0,0.0,0.0,No Record,0.0,0.0,0.0,0.0,3.0,3.0,60.0,1.0,1.0,8.0,1.0,0.0,5.0,53.0,1.0,1.0,1.0,998.0,28.0,2.0,1.0,0.0,202304699613.0,12.0,7.0,1.0,0.0,1.0,1.0,4.0,22.0,2.0,0.0,1.0,20.0,0.0,35.0,2.0,98.0
280485,2,0,0.0,0.0,1.0,0.0,-99.0,28.0,49.0,12.0,12.0,4.0,26.0,1.0,1.0,3.0,20.0,7.0,1.0,0.0,0.0,996.0,0.0,28.0,3.0,12.0,1.0,0.0,1FAHP2E87DG1,2013.0,460.0,1782.0,13.0,12.0,Ford,17.0,4.0,1.0,0.0,0.0,998.0,0.0,0.0,0.0,12.0,4.0,12.0,0.0,0.0,1.0,28.0,39212.0,1.0,6.0,3.0,Valid license for this class vehicle,0.0,66.0,240.0,0.0,0.0,0.0,0.0,No Record,0.0,0.0,0.0,9.0,3.0,3.0,60.0,1.0,1.0,8.0,1.0,0.0,1.0,51.0,1.0,1.0,1.0,202.0,28.0,0.0,1.0,0.0,202304977390.0,59.0,7.0,3.0,0.0,1.0,1.0,4.0,28.0,1.0,0.0,1.0,20.0,0.0,12.0,1.0,9.0
280490,1,99,0.0,0.0,1.0,0.0,-99.0,28.0,83.0,35.0,12.0,34.0,19.0,1.0,1.0,4.0,20.0,7.0,1.0,1.0,0.0,996.0,7.0,28.0,1.0,35.0,1.0,0.0,1FTNW21F22EC,2002.0,460.0,1805.0,60.0,12.0,Ford,481.0,34.0,1.0,0.0,0.0,998.0,7.0,3.0,5.0,12.0,6.0,1.0,0.0,0.0,1.0,28.0,38732.0,1.0,6.0,3.0,Valid license for this class vehicle,0.0,74.0,191.0,0.0,0.0,0.0,0.0,No Record,0.0,0.0,0.0,0.0,1.0,2.0,55.0,1.0,1.0,8.0,1.0,0.0,1.0,13.0,1.0,1.0,4.0,101.0,28.0,2.0,1.0,0.0,202305470150.0,1.0,1.0,12.0,3.0,10.0,1.0,34.0,30.0,1.0,3.0,1.0,20.0,0.0,12.0,1.0,98.0
280497,1,0,0.0,81.0,1.0,0.0,-99.0,28.0,149.0,18.0,12.0,6.0,28.0,2.0,1.0,4.0,3.0,0.0,8.0,0.0,0.0,996.0,7.0,28.0,2.0,18.0,2.0,0.0,2FMDK3GC8CBA,2012.0,460.0,1797.0,7.0,12.0,Ford,24.0,6.0,1.0,0.0,0.0,998.0,0.0,0.0,0.0,12.0,6.0,12.0,0.0,0.0,1.0,28.0,39180.0,1.0,6.0,3.0,Valid license for this class vehicle,0.0,70.0,250.0,0.0,0.0,0.0,0.0,No Record,0.0,0.0,0.0,0.0,1.0,2.0,55.0,1.0,1.0,8.0,1.0,0.0,1.0,90.0,8.0,1.0,1.0,103.0,28.0,1.0,1.0,0.0,202304772832.0,12.0,6.0,2.0,0.0,1.0,1.0,6.0,38.0,2.0,0.0,1.0,1.0,0.0,12.0,1.0,0.0
280500,1,0,0.0,0.0,1.0,0.0,-99.0,28.0,137.0,32.0,20.0,4.0,36.0,2.0,1.0,4.0,20.0,7.0,2.0,0.0,0.0,996.0,7.0,28.0,1.0,32.0,1.0,0.0,1G1PC5SH0C73,2012.0,467.0,1832.0,13.0,20.0,Chevrolet,25.0,4.0,1.0,0.0,0.0,998.0,7.0,0.0,0.0,12.0,6.0,32.0,0.0,0.0,1.0,28.0,38668.0,0.0,0.0,0.0,Not licensed,0.0,59.0,192.0,0.0,0.0,0.0,0.0,No Record,0.0,0.0,0.0,0.0,1.0,2.0,55.0,1.0,3.0,8.0,1.0,0.0,1.0,13.0,1.0,1.0,4.0,101.0,28.0,2.0,1.0,0.0,202304719390.0,12.0,4.0,1.0,2.0,1.0,1.0,4.0,22.0,1.0,2.0,1.0,20.0,0.0,20.0,2.0,0.0
280503,1,0,0.0,28.0,1.0,0.0,-99.0,28.0,163.0,12.0,54.0,4.0,32.0,1.0,1.0,3.0,3.0,0.0,8.0,0.0,0.0,996.0,0.0,28.0,3.0,12.0,2.0,0.0,19UUA66217A0,2007.0,475.0,1873.0,13.0,54.0,Acura,35.0,4.0,1.0,0.0,0.0,998.0,0.0,0.0,0.0,12.0,6.0,12.0,0.0,0.0,1.0,28.0,39180.0,0.0,0.0,0.0,Not licensed,0.0,72.0,170.0,0.0,0.0,0.0,0.0,No Record,0.0,0.0,0.0,0.0,1.0,2.0,55.0,1.0,1.0,8.0,1.0,0.0,1.0,10.0,1.0,1.0,2.0,301.0,28.0,0.0,1.0,0.0,202305253971.0,12.0,7.0,8.0,0.0,1.0,1.0,4.0,40.0,2.0,0.0,1.0,20.0,0.0,54.0,1.0,98.0
280504,1,99,99.0,28.0,1.0,0.0,-99.0,28.0,79.0,12.0,20.0,4.0,45.0,1.0,1.0,4.0,3.0,0.0,8.0,0.0,1.0,996.0,7.0,28.0,2.0,12.0,1.0,0.0,1G11C5SL1FF1,2015.0,467.0,1834.0,13.0,20.0,Chevrolet,37.0,4.0,1.0,0.0,0.0,998.0,0.0,0.0,0.0,12.0,6.0,12.0,0.0,1.0,1.0,28.0,39074.0,0.0,0.0,0.0,Not licensed,0.0,61.0,125.0,0.0,0.0,0.0,0.0,No Record,0.0,0.0,0.0,0.0,1.0,2.0,55.0,1.0,1.0,8.0,1.0,0.0,1.0,10.0,1.0,1.0,2.0,301.0,28.0,2.0,1.0,0.0,202304970947.0,12.0,6.0,5.0,2.0,1.0,1.0,4.0,38.0,2.0,0.0,1.0,20.0,0.0,20.0,1.0,0.0
280504,2,0,0.0,0.0,1.0,0.0,-99.0,28.0,79.0,12.0,23.0,14.0,42.0,1.0,1.0,3.0,20.0,7.0,8.0,0.0,0.0,996.0,0.0,28.0,2.0,12.0,1.0,0.0,2GKALUEK2C62,2012.0,472.0,1858.0,7.0,23.0,GMC,402.0,14.0,1.0,0.0,0.0,998.0,0.0,0.0,0.0,12.0,6.0,12.0,0.0,0.0,1.0,28.0,39074.0,0.0,0.0,0.0,Not licensed,0.0,999.0,999.0,0.0,0.0,0.0,0.0,No Record,0.0,0.0,0.0,0.0,1.0,2.0,55.0,1.0,1.0,8.0,1.0,0.0,1.0,62.0,1.0,1.0,1.0,302.0,28.0,0.0,1.0,0.0,202305480561.0,11.0,2.0,10.0,0.0,1.0,1.0,14.0,38.0,2.0,0.0,1.0,20.0,0.0,23.0,1.0,98.0