ST_CASE,VEH_NO_x,DRIMPAIR_x,DRDISTRACT,DRIVERRF,PER_NO_x,DRUGRES,DRUGACTQTY,STATE_x,COUNTY,HARM_EV_x,MAKE_x,BODY_TYP_x,AGE,SEX,PER_TYP_x,INJ_SEV,REST_USE,REST_MIS,AIR_BAG_x,EJECTION,DRINKING,ALC_RES,HISPANIC,STATE_y,VE_FORMS,HARM_EV_y,NUMOCCS,HIT_RUN,VIN,MOD_YEAR,VPICMAKE,VPICMODEL,VPICBODYCLASS,MAKE_y,MAKENAME,MODEL,BODY_TYP_y,HAZ_INV,HAZ_PLAC,HAZ_ID,TRAV_SP,UNDEROVERRIDE,ROLLOVER,ROLINLOC,IMPACT1,DEFORMED,M_HARM,FIRE_EXP,DR_DRINK,DR_PRES,L_STATE,DR_ZIP,L_TYPE,L_STATUS,L_COMPL,L_COMPLNAME,L_RESTRI,DR_HGT,DR_WGT,PREV_DWI,PREV_SPD,PREV_OTH,FIRST_MO,FIRST_MONAME,FIRST_YR,LAST_MO,LAST_YR,SPEEDREL,VTRAFWAY,VNUM_LAN,VSPD_LIM,VALIGN,VPROFILE,VPAVETYP,VSURCOND,VTRAFCON,P_CRASH1,P_CRASH2,P_CRASH3,PCRASH4,PCRASH5,ACC_CONFIG,STATE,RACE,ORDER,MULTRACE,CASENUM,HARM_EV,DAY_WEEK,MONTH,MAXSEV_IM,WEATHR_IM,PER_NO_y,BODY_TYP,AGE_IM,SEX_IM,INJSEV_IM,PER_TYP_y,AIR_BAG_y,EJECT_IM,MAKE,VEH_NO_y,DRIMPAIR_y
280615,1,0,0.0,0.0,1.0,0.0,-99.0,28.0,157.0,12.0,63.0,14.0,65.0,1.0,1.0,1.0,3.0,0.0,20.0,0.0,0.0,996.0,0.0,28.0,3.0,12.0,2.0,0.0,5XYRL4LC0NG1,2022.0,499.0,2769.0,7.0,63.0,KIA,402.0,14.0,1.0,0.0,0.0,0.0,0.0,0.0,0.0,6.0,4.0,12.0,0.0,0.0,1.0,28.0,39669.0,1.0,6.0,3.0,Valid license for this class vehicle,0.0,66.0,180.0,0.0,0.0,0.0,0.0,No Record,0.0,0.0,0.0,0.0,1.0,2.0,55.0,1.0,1.0,8.0,1.0,0.0,5.0,50.0,1.0,1.0,1.0,998.0,28.0,0.0,1.0,0.0,202304876767.0,12.0,4.0,3.0,0.0,1.0,1.0,14.0,38.0,2.0,0.0,1.0,8.0,0.0,63.0,3.0,0.0
280618,1,0,0.0,0.0,1.0,0.0,-99.0,28.0,59.0,43.0,37.0,4.0,29.0,2.0,1.0,2.0,3.0,0.0,20.0,0.0,0.0,996.0,0.0,28.0,2.0,43.0,1.0,0.0,1HGCP36838A0,2008.0,474.0,1861.0,13.0,37.0,Honda,32.0,4.0,1.0,0.0,0.0,998.0,7.0,0.0,0.0,9.0,6.0,12.0,0.0,0.0,1.0,28.0,39553.0,1.0,6.0,3.0,Valid license for this class vehicle,0.0,67.0,276.0,0.0,0.0,0.0,0.0,No Record,0.0,0.0,0.0,0.0,0.0,0.0,0.0,0.0,0.0,0.0,0.0,97.0,10.0,16.0,1.0,1.0,1.0,998.0,28.0,0.0,1.0,0.0,202305248736.0,12.0,2.0,9.0,3.0,1.0,1.0,4.0,28.0,1.0,3.0,1.0,8.0,0.0,37.0,1.0,0.0
280620,1,99,99.0,0.0,1.0,9029.0,-99.0,28.0,59.0,12.0,37.0,5.0,73.0,2.0,1.0,4.0,3.0,0.0,1.0,0.0,0.0,0.0,7.0,28.0,3.0,12.0,1.0,0.0,3HGGK5H89FM7,2015.0,474.0,2127.0,5.0,37.0,Honda,39.0,5.0,1.0,0.0,0.0,998.0,0.0,0.0,0.0,12.0,6.0,12.0,0.0,0.0,1.0,28.0,39567.0,1.0,6.0,3.0,Valid license for this class vehicle,0.0,64.0,110.0,0.0,0.0,0.0,0.0,No Record,0.0,0.0,0.0,9.0,2.0,4.0,65.0,1.0,1.0,8.0,1.0,3.0,1.0,62.0,1.0,1.0,1.0,402.0,28.0,1.0,1.0,0.0,202304769945.0,12.0,1.0,2.0,0.0,1.0,1.0,5.0,44.0,2.0,0.0,1.0,20.0,0.0,37.0,1.0,98.0
280623,1,0,99.0,0.0,1.0,0.0,-99.0,28.0,49.0,35.0,53.0,80.0,57.0,1.0,1.0,4.0,20.0,7.0,20.0,8.0,0.0,996.0,7.0,28.0,1.0,35.0,1.0,0.0,JS1GW71A8621,2006.0,509.0,2123.0,80.0,53.0,Suzuki,706.0,80.0,1.0,0.0,0.0,998.0,7.0,8.0,8.0,12.0,6.0,35.0,0.0,0.0,1.0,28.0,39170.0,1.0,6.0,3.0,Valid license for this class vehicle,0.0,65.0,190.0,0.0,0.0,0.0,0.0,No Record,0.0,0.0,0.0,9.0,1.0,2.0,98.0,2.0,1.0,8.0,99.0,0.0,14.0,12.0,99.0,1.0,4.0,102.0,28.0,1.0,1.0,0.0,202305537439.0,12.0,6.0,12.0,2.0,1.0,1.0,80.0,41.0,1.0,2.0,1.0,20.0,8.0,53.0,1.0,99.0
280627,1,99,99.0,0.0,1.0,0.0,-99.0,28.0,49.0,12.0,35.0,34.0,22.0,1.0,1.0,2.0,3.0,0.0,20.0,0.0,0.0,996.0,0.0,28.0,2.0,12.0,1.0,0.0,1N6AD07U58C4,2008.0,478.0,1919.0,60.0,35.0,Nissan/Datsun,472.0,34.0,1.0,0.0,0.0,998.0,9.0,0.0,0.0,12.0,6.0,12.0,0.0,0.0,1.0,28.0,39175.0,1.0,6.0,3.0,Valid license for this class vehicle,0.0,64.0,135.0,0.0,2.0,0.0,3.0,March,2022.0,4.0,2023.0,9.0,2.0,3.0,70.0,1.0,1.0,8.0,1.0,3.0,1.0,17.0,99.0,1.0,1.0,503.0,28.0,0.0,1.0,0.0,202305157742.0,34.0,6.0,7.0,2.0,1.0,1.0,34.0,34.0,1.0,2.0,1.0,20.0,0.0,35.0,1.0,9.0
280627,2,99,99.0,0.0,1.0,0.0,-99.0,28.0,49.0,12.0,35.0,4.0,23.0,2.0,1.0,4.0,20.0,7.0,2.0,0.0,0.0,996.0,7.0,28.0,2.0,12.0,1.0,0.0,1N4AL3AP6FC1,2015.0,478.0,1904.0,13.0,35.0,Nissan/Datsun,47.0,4.0,1.0,0.0,0.0,998.0,9.0,0.0,0.0,10.0,6.0,12.0,0.0,0.0,1.0,28.0,39209.0,1.0,6.0,3.0,Valid license for this class vehicle,0.0,67.0,210.0,0.0,0.0,0.0,0.0,No Record,0.0,0.0,0.0,9.0,1.0,3.0,99.0,1.0,1.0,8.0,1.0,3.0,1.0,17.0,99.0,1.0,1.0,504.0,28.0,2.0,1.0,0.0,202304755940.0,34.0,2.0,2.0,2.0,1.0,1.0,4.0,28.0,1.0,2.0,1.0,20.0,0.0,35.0,1.0,2.0
280628,2,0,0.0,38.0,1.0,0.0,-99.0,28.0,105.0,12.0,49.0,5.0,22.0,1.0,1.0,4.0,20.0,7.0,1.0,0.0,0.0,996.0,7.0,28.0,2.0,12.0,1.0,0.0,JTDKN3DU3A11,2010.0,448.0,2209.0,5.0,49.0,Toyota,46.0,5.0,1.0,0.0,0.0,998.0,0.0,0.0,0.0,12.0,6.0,12.0,0.0,0.0,1.0,28.0,39752.0,1.0,6.0,3.0,Valid license for this class vehicle,0.0,71.0,153.0,0.0,1.0,0.0,3.0,March,2023.0,5.0,2023.0,0.0,2.0,2.0,65.0,1.0,1.0,8.0,1.0,0.0,1.0,51.0,1.0,1.0,1.0,202.0,28.0,1.0,1.0,0.0,202305411222.0,12.0,5.0,11.0,2.0,1.0,1.0,5.0,30.0,1.0,2.0,1.0,20.0,0.0,49.0,2.0,0.0
280632,2,0,0.0,38.0,1.0,0.0,-99.0,28.0,75.0,12.0,12.0,34.0,63.0,1.0,1.0,3.0,3.0,0.0,1.0,0.0,0.0,996.0,0.0,28.0,2.0,12.0,1.0,0.0,1FTYR10D97PA,2007.0,460.0,1803.0,60.0,12.0,Ford,471.0,34.0,1.0,0.0,0.0,998.0,7.0,0.0,0.0,11.0,6.0,12.0,0.0,0.0,1.0,28.0,39325.0,1.0,6.0,3.0,Valid license for this class vehicle,0.0,71.0,240.0,0.0,0.0,0.0,0.0,No Record,0.0,0.0,0.0,0.0,0.0,0.0,0.0,0.0,0.0,0.0,0.0,0.0,8.0,19.0,1.0,1.0,1.0,504.0,28.0,0.0,1.0,0.0,202304891077.0,12.0,4.0,4.0,0.0,2.0,1.0,34.0,38.0,1.0,0.0,1.0,20.0,0.0,12.0,2.0,0.0
280634,1,99,99.0,0.0,1.0,5997.0,-99.0,28.0,149.0,42.0,20.0,15.0,34.0,1.0,1.0,4.0,20.0,7.0,1.0,2.0,1.0,153.0,7.0,28.0,1.0,42.0,1.0,0.0,1GNEC13Z33R1,2003.0,467.0,1852.0,7.0,20.0,Chevrolet,421.0,15.0,1.0,0.0,0.0,998.0,7.0,0.0,0.0,10.0,6.0,42.0,0.0,1.0,1.0,28.0,39180.0,0.0,0.0,0.0,Not licensed,0.0,73.0,215.0,0.0,0.0,0.0,0.0,No Record,0.0,0.0,0.0,9.0,6.0,1.0,98.0,2.0,1.0,8.0,1.0,0.0,14.0,13.0,1.0,1.0,4.0,101.0,28.0,2.0,1.0,0.0,202304747374.0,12.0,2.0,2.0,0.0,10.0,1.0,15.0,55.0,1.0,0.0,1.0,20.0,0.0,20.0,2.0,98.0
280655,1,99,99.0,26.0,1.0,0.0,-99.0,28.0,101.0,12.0,20.0,15.0,53.0,1.0,1.0,4.0,8.0,0.0,1.0,0.0,0.0,996.0,7.0,28.0,2.0,12.0,1.0,0.0,1GNFC13JX8R1,2008.0,467.0,1852.0,7.0,20.0,Chevrolet,421.0,15.0,1.0,0.0,0.0,998.0,0.0,0.0,0.0,12.0,6.0,12.0,0.0,0.0,1.0,28.0,39206.0,1.0,6.0,3.0,Valid license for this class vehicle,0.0,69.0,235.0,0.0,0.0,0.0,0.0,No Record,0.0,0.0,0.0,0.0,1.0,2.0,45.0,1.0,1.0,8.0,1.0,0.0,1.0,52.0,99.0,1.0,1.0,202.0,28.0,1.0,1.0,0.0,202305217583.0,9.0,1.0,9.0,3.0,1.0,1.0,15.0,36.0,1.0,0.0,1.0,20.0,0.0,20.0,1.0,0.0
280655,2,0,0.0,0.0,1.0,0.0,-99.0,28.0,101.0,12.0,85.0,66.0,46.0,1.0,1.0,0.0,3.0,0.0,20.0,0.0,0.0,996.0,0.0,28.0,2.0,12.0,1.0,0.0,1XKYDP9X8PJ2,2023.0,532.0,2733.0,66.0,85.0,Kenworth,881.0,66.0,1.0,0.0,0.0,998.0,0.0,0.0,0.0,6.0,2.0,12.0,0.0,0.0,1.0,28.0,38952.0,1.0,6.0,3.0,Valid license for this class vehicle,0.0,74.0,260.0,0.0,0.0,0.0,0.0,No Record,0.0,0.0,0.0,0.0,1.0,2.0,45.0,1.0,1.0,8.0,1.0,0.0,2.0,53.0,1.0,1.0,1.0,201.0,28.0,0.0,1.0,0.0,202305061798.0,12.0,3.0,6.0,0.0,1.0,1.0,66.0,53.0,1.0,0.0,1.0,20.0,0.0,85.0,2.0,98.0
280657,1,0,0.0,0.0,1.0,0.0,-99.0,28.0,79.0,42.0,35.0,4.0,71.0,1.0,1.0,4.0,3.0,0.0,20.0,0.0,0.0,996.0,7.0,28.0,1.0,42.0,1.0,0.0,1N4AL2AP5CC1,2012.0,478.0,1904.0,13.0,35.0,Nissan/Datsun,47.0,4.0,1.0,0.0,0.0,998.0,7.0,3.0,5.0,12.0,6.0,1.0,0.0,0.0,1.0,28.0,39350.0,1.0,6.0,3.0,Valid license for this class vehicle,0.0,69.0,140.0,0.0,0.0,0.0,0.0,No Record,0.0,0.0,0.0,0.0,1.0,2.0,99.0,2.0,6.0,8.0,1.0,0.0,14.0,12.0,1.0,1.0,4.0,102.0,28.0,1.0,1.0,0.0,202305109510.0,12.0,5.0,3.0,2.0,1.0,1.0,4.0,70.0,2.0,0.0,1.0,20.0,0.0,35.0,1.0,0.0
280658,1,0,99.0,0.0,1.0,0.0,-99.0,28.0,111.0,42.0,35.0,4.0,20.0,2.0,1.0,4.0,3.0,0.0,1.0,0.0,0.0,996.0,7.0,28.0,1.0,42.0,2.0,0.0,1N4AL11D45C2,2005.0,478.0,1904.0,13.0,35.0,Nissan/Datsun,47.0,4.0,1.0,0.0,0.0,998.0,7.0,0.0,0.0,11.0,6.0,42.0,0.0,0.0,1.0,28.0,39464.0,1.0,6.0,3.0,Valid license for this class vehicle,0.0,65.0,138.0,0.0,0.0,0.0,0.0,No Record,0.0,0.0,0.0,9.0,1.0,2.0,45.0,1.0,1.0,8.0,1.0,0.0,1.0,13.0,99.0,1.0,4.0,101.0,28.0,1.0,1.0,0.0,202305578229.0,12.0,5.0,12.0,1.0,1.0,1.0,4.0,68.0,2.0,0.0,1.0,20.0,0.0,35.0,1.0,99.0
280659,1,2,99.0,0.0,1.0,9999.0,-99.0,28.0,15.0,23.0,55.0,4.0,18.0,1.0,1.0,2.0,8.0,0.0,1.0,0.0,1.0,0.0,0.0,28.0,1.0,23.0,2.0,0.0,KMHCT4AE0EU6,2014.0,498.0,2773.0,13.0,55.0,Hyundai,36.0,4.0,1.0,0.0,0.0,998.0,7.0,3.0,5.0,12.0,6.0,1.0,0.0,1.0,1.0,28.0,38606.0,1.0,6.0,3.0,Valid license for this class vehicle,0.0,66.0,146.0,0.0,0.0,0.0,0.0,No Record,0.0,0.0,0.0,9.0,2.0,2.0,70.0,1.0,1.0,8.0,1.0,0.0,1.0,12.0,1.0,1.0,4.0,102.0,28.0,0.0,1.0,0.0,202304714239.0,9.0,4.0,2.0,1.0,1.0,1.0,4.0,25.0,2.0,0.0,1.0,20.0,0.0,55.0,1.0,0.0
280660,1,9,99.0,0.0,1.0,3026.0,-99.0,28.0,81.0,1.0,37.0,90.0,41.0,1.0,1.0,4.0,20.0,7.0,20.0,1.0,1.0,157.0,7.0,28.0,1.0,1.0,2.0,0.0,0,2021.0,474.0,10791.0,69.0,37.0,Honda,734.0,90.0,1.0,0.0,0.0,998.0,7.0,3.0,5.0,0.0,2.0,1.0,0.0,1.0,1.0,28.0,38868.0,1.0,6.0,3.0,Valid license for this class vehicle,0.0,72.0,155.0,1.0,1.0,0.0,4.0,April,2019.0,12.0,2020.0,9.0,1.0,2.0,55.0,1.0,1.0,8.0,1.0,0.0,1.0,13.0,99.0,1.0,4.0,101.0,28.0,1.0,1.0,0.0,202304636966.0,43.0,1.0,1.0,2.0,1.0,1.0,83.0,49.0,1.0,2.0,1.0,20.0,8.0,73.0,1.0,98.0
280667,1,9,99.0,38.0,1.0,0.0,-99.0,28.0,11.0,12.0,20.0,15.0,60.0,1.0,1.0,0.0,99.0,7.0,20.0,0.0,1.0,999.0,0.0,28.0,3.0,12.0,1.0,0.0,1GNEC16Z04J1,2004.0,467.0,1851.0,7.0,20.0,Chevrolet,422.0,15.0,1.0,0.0,0.0,998.0,9.0,0.0,0.0,12.0,6.0,12.0,0.0,1.0,1.0,28.0,38762.0,1.0,6.0,3.0,Valid license for this class vehicle,0.0,66.0,148.0,0.0,1.0,0.0,3.0,March,2023.0,4.0,2023.0,0.0,1.0,2.0,45.0,1.0,1.0,8.0,1.0,0.0,1.0,51.0,1.0,1.0,1.0,202.0,28.0,0.0,1.0,0.0,202305470759.0,12.0,4.0,12.0,1.0,1.0,1.0,15.0,53.0,1.0,0.0,1.0,20.0,0.0,20.0,1.0,98.0
280672,1,98,96.0,0.0,1.0,3026.0,-99.0,28.0,155.0,12.0,12.0,34.0,31.0,1.0,1.0,4.0,20.0,7.0,20.0,0.0,8.0,0.0,7.0,28.0,2.0,12.0,1.0,0.0,1FTPW14594KB,2004.0,460.0,1801.0,60.0,12.0,Ford,481.0,34.0,1.0,0.0,0.0,998.0,8.0,0.0,0.0,12.0,6.0,12.0,0.0,0.0,1.0,28.0,39744.0,1.0,6.0,3.0,Valid license for this class vehicle,0.0,74.0,230.0,0.0,0.0,0.0,0.0,No Record,0.0,0.0,0.0,9.0,1.0,2.0,98.0,8.0,8.0,8.0,98.0,0.0,99.0,54.0,99.0,1.0,9.0,303.0,28.0,1.0,1.0,0.0,202305384183.0,12.0,3.0,11.0,0.0,1.0,1.0,34.0,45.0,1.0,0.0,1.0,20.0,0.0,12.0,1.0,0.0
290002,1,98,96.0,0.0,1.0,9013.0,-99.0,29.0,201.0,59.0,12.0,2.0,55.0,1.0,1.0,4.0,20.0,7.0,8.0,0.0,1.0,236.0,7.0,29.0,1.0,59.0,1.0,0.0,1FA6P8CF4K51,2019.0,460.0,1781.0,3.0,12.0,Ford,3.0,2.0,1.0,0.0,0.0,998.0,7.0,3.0,5.0,12.0,6.0,1.0,0.0,1.0,1.0,29.0,63736.0,1.0,6.0,3.0,Valid license for this class vehicle,0.0,67.0,175.0,0.0,0.0,0.0,0.0,No Record,0.0,0.0,0.0,4.0,1.0,2.0,55.0,3.0,1.0,2.0,2.0,40.0,14.0,13.0,99.0,1.0,4.0,101.0,29.0,1.0,1.0,0.0,202304894443.0,12.0,3.0,4.0,2.0,1.0,1.0,2.0,23.0,1.0,2.0,1.0,8.0,0.0,12.0,1.0,9.0
290004,2,98,96.0,0.0,1.0,9995.0,-99.0,29.0,77.0,12.0,49.0,4.0,18.0,2.0,1.0,2.0,3.0,0.0,8.0,0.0,0.0,0.0,0.0,29.0,2.0,12.0,2.0,0.0,5YFBURHE7GP4,2016.0,448.0,2208.0,13.0,49.0,Toyota,32.0,4.0,1.0,0.0,0.0,65.0,0.0,0.0,0.0,12.0,6.0,12.0,0.0,0.0,1.0,29.0,65725.0,1.0,6.0,3.0,Valid license for this class vehicle,0.0,65.0,150.0,0.0,0.0,0.0,0.0,No Record,0.0,0.0,0.0,0.0,2.0,2.0,65.0,3.0,5.0,2.0,1.0,0.0,14.0,54.0,15.0,1.0,3.0,302.0,29.0,0.0,1.0,0.0,202305204017.0,12.0,1.0,6.0,0.0,1.0,1.0,4.0,42.0,2.0,0.0,1.0,20.0,0.0,49.0,2.0,0.0
290006,1,98,6.0,6.0,1.0,9995.0,-99.0,29.0,151.0,12.0,37.0,4.0,31.0,2.0,1.0,2.0,3.0,0.0,8.0,0.0,0.0,0.0,0.0,29.0,2.0,12.0,2.0,0.0,1HGCP2F68CA0,2012.0,474.0,1861.0,13.0,37.0,Honda,32.0,4.0,1.0,0.0,0.0,998.0,0.0,0.0,0.0,12.0,6.0,12.0,0.0,0.0,1.0,29.0,63080.0,1.0,6.0,3.0,Valid license for this class vehicle,3.0,67.0,165.0,0.0,0.0,0.0,0.0,No Record,0.0,0.0,0.0,0.0,1.0,2.0,55.0,1.0,6.0,2.0,1.0,0.0,1.0,62.0,99.0,1.0,1.0,302.0,29.0,0.0,1.0,0.0,202305128203.0,12.0,1.0,7.0,0.0,1.0,1.0,4.0,36.0,2.0,0.0,1.0,9.0,0.0,37.0,2.0,0.0
290022,1,98,96.0,0.0,1.0,9999.0,-99.0,29.0,510.0,12.0,55.0,4.0,18.0,2.0,1.0,1.0,20.0,7.0,1.0,0.0,9.0,995.0,0.0,29.0,3.0,12.0,3.0,0.0,KMHD84LF9KU8,2019.0,498.0,2735.0,13.0,55.0,Hyundai,35.0,4.0,1.0,0.0,0.0,998.0,8.0,0.0,0.0,12.0,6.0,12.0,0.0,0.0,1.0,29.0,63125.0,0.0,0.0,0.0,Not licensed,0.0,65.0,140.0,0.0,0.0,0.0,5.0,May,2021.0,5.0,2021.0,0.0,5.0,5.0,35.0,1.0,1.0,2.0,1.0,3.0,1.0,17.0,99.0,1.0,1.0,503.0,29.0,0.0,1.0,0.0,202305034415.0,12.0,6.0,6.0,2.0,10.0,1.0,4.0,30.0,2.0,2.0,1.0,8.0,0.0,55.0,2.0,0.0
290023,1,9,96.0,58.0,1.0,5060.0,2.7,29.0,43.0,35.0,55.0,4.0,20.0,2.0,1.0,4.0,20.0,7.0,8.0,1.0,1.0,114.0,1.0,29.0,1.0,35.0,2.0,0.0,5NPEB4AC8CH4,2012.0,498.0,2459.0,13.0,55.0,Hyundai,33.0,4.0,1.0,0.0,0.0,65.0,7.0,3.0,5.0,11.0,6.0,1.0,0.0,1.0,1.0,29.0,65616.0,1.0,6.0,3.0,Valid license for this class vehicle,3.0,65.0,175.0,0.0,0.0,0.0,0.0,No Record,0.0,0.0,0.0,0.0,2.0,2.0,65.0,4.0,6.0,2.0,1.0,0.0,14.0,12.0,7.0,2.0,4.0,102.0,29.0,1.0,1.0,0.0,202304881756.0,9.0,5.0,1.0,3.0,1.0,1.0,4.0,34.0,1.0,0.0,1.0,20.0,0.0,55.0,1.0,0.0
290049,1,98,96.0,0.0,1.0,2007.0,185.0,29.0,183.0,1.0,72.0,80.0,74.0,1.0,1.0,4.0,20.0,7.0,20.0,8.0,0.0,0.0,7.0,29.0,1.0,1.0,1.0,0.0,1HD1CWP486K4,2006.0,3888.0,11131.0,94.0,72.0,Harley-Davidson,706.0,80.0,1.0,0.0,0.0,998.0,7.0,8.0,8.0,0.0,6.0,1.0,0.0,0.0,1.0,29.0,63376.0,1.0,6.0,3.0,Valid license for this class vehicle,3.0,70.0,190.0,0.0,0.0,0.0,7.0,July,2022.0,7.0,2022.0,4.0,1.0,2.0,45.0,3.0,6.0,2.0,1.0,0.0,14.0,13.0,99.0,1.0,4.0,101.0,29.0,1.0,1.0,0.0,202305371677.0,33.0,1.0,9.0,2.0,1.0,1.0,80.0,53.0,1.0,2.0,1.0,20.0,8.0,72.0,1.0,0.0
290053,1,98,96.0,0.0,1.0,1.0,-99.0,29.0,229.0,38.0,63.0,6.0,81.0,1.0,1.0,4.0,20.0,7.0,99.0,0.0,9.0,0.0,7.0,29.0,1.0,38.0,1.0,0.0,KNDJN2A22G73,2016.0,499.0,2460.0,7.0,63.0,KIA,37.0,6.0,1.0,0.0,0.0,998.0,7.0,3.0,6.0,12.0,6.0,42.0,1.0,0.0,1.0,29.0,65711.0,1.0,6.0,3.0,Valid license for this class vehicle,3.0,73.0,200.0,0.0,0.0,0.0,0.0,No Record,0.0,0.0,0.0,4.0,1.0,2.0,55.0,3.0,6.0,2.0,2.0,0.0,14.0,13.0,99.0,1.0,4.0,101.0,29.0,1.0,1.0,0.0,202305266944.0,12.0,3.0,9.0,0.0,1.0,1.0,6.0,57.0,1.0,0.0,1.0,20.0,0.0,63.0,1.0,0.0
290056,1,98,96.0,0.0,1.0,1.0,-99.0,29.0,99.0,25.0,55.0,14.0,68.0,2.0,1.0,4.0,20.0,7.0,8.0,0.0,0.0,0.0,7.0,29.0,1.0,25.0,1.0,0.0,KM8K1CAA4LU4,2020.0,498.0,22249.0,7.0,55.0,Hyundai,404.0,14.0,1.0,0.0,0.0,998.0,7.0,0.0,0.0,12.0,6.0,25.0,0.0,0.0,1.0,29.0,63012.0,1.0,6.0,3.0,Valid license for this class vehicle,0.0,65.0,150.0,0.0,0.0,0.0,0.0,No Record,0.0,0.0,0.0,0.0,3.0,4.0,70.0,1.0,1.0,1.0,1.0,0.0,1.0,12.0,99.0,1.0,4.0,102.0,29.0,1.0,1.0,0.0,202305122137.0,12.0,7.0,6.0,2.0,1.0,1.0,14.0,29.0,2.0,2.0,1.0,20.0,0.0,55.0,2.0,0.0
290060,1,98,96.0,26.0,1.0,0.0,-99.0,29.0,95.0,12.0,7.0,2.0,23.0,1.0,1.0,9.0,99.0,7.0,99.0,0.0,9.0,996.0,0.0,29.0,2.0,12.0,99.0,1.0,2C3CDZBT9NH2,2022.0,476.0,1893.0,13.0,7.0,Dodge,28.0,2.0,1.0,0.0,0.0,110.0,0.0,3.0,1.0,12.0,6.0,12.0,0.0,0.0,1.0,29.0,64127.0,1.0,3.0,2.0,No valid license for this class vehicle,0.0,72.0,140.0,0.0,0.0,0.0,8.0,August,2020.0,8.0,2020.0,3.0,3.0,3.0,55.0,1.0,1.0,2.0,1.0,0.0,1.0,51.0,6.0,1.0,2.0,202.0,29.0,0.0,1.0,0.0,202305330350.0,12.0,6.0,10.0,0.0,1.0,1.0,2.0,26.0,2.0,0.0,1.0,1.0,0.0,7.0,1.0,0.0
290060,2,98,96.0,0.0,1.0,1.0,-99.0,29.0,95.0,12.0,37.0,14.0,68.0,1.0,1.0,4.0,3.0,0.0,8.0,0.0,0.0,0.0,7.0,29.0,2.0,12.0,1.0,0.0,3CZRU5H50GM7,2016.0,474.0,9212.0,7.0,37.0,Honda,404.0,14.0,1.0,0.0,0.0,42.0,0.0,0.0,0.0,6.0,6.0,12.0,0.0,0.0,1.0,29.0,64050.0,1.0,6.0,3.0,Valid license for this class vehicle,3.0,74.0,270.0,0.0,0.0,0.0,0.0,No Record,0.0,0.0,0.0,0.0,3.0,3.0,55.0,1.0,1.0,2.0,1.0,0.0,1.0,53.0,99.0,1.0,1.0,201.0,29.0,1.0,1.0,0.0,202305230473.0,12.0,4.0,9.0,0.0,1.0,1.0,14.0,19.0,2.0,0.0,1.0,20.0,0.0,37.0,2.0,0.0
290085,1,98,96.0,0.0,1.0,1.0,-99.0,29.0,29.0,1.0,53.0,80.0,20.0,1.0,1.0,4.0,20.0,7.0,20.0,8.0,9.0,29.0,7.0,29.0,1.0,1.0,2.0,0.0,JS1GT75A7321,2003.0,509.0,13236.0,80.0,53.0,Suzuki,706.0,80.0,1.0,0.0,0.0,41.0,7.0,8.0,8.0,0.0,6.0,1.0,0.0,1.0,1.0,29.0,65101.0,1.0,6.0,2.0,No valid license for this class vehicle,3.0,72.0,150.0,0.0,1.0,0.0,12.0,December,2021.0,12.0,2021.0,4.0,1.0,2.0,35.0,2.0,1.0,2.0,1.0,0.0,14.0,6.0,16.0,2.0,4.0,102.0,29.0,1.0,1.0,0.0,202305340213.0,12.0,6.0,10.0,4.0,10.0,1.0,80.0,49.0,1.0,4.0,1.0,20.0,8.0,53.0,2.0,98.0
290086,1,98,96.0,28.0,1.0,1.0,-99.0,29.0,17.0,12.0,20.0,15.0,42.0,1.0,1.0,4.0,20.0,7.0,1.0,0.0,1.0,245.0,7.0,29.0,2.0,12.0,1.0,0.0,1GNEK13Z53J2,2003.0,467.0,1852.0,7.0,20.0,Chevrolet,421.0,15.0,1.0,0.0,0.0,51.0,8.0,0.0,0.0,12.0,6.0,12.0,0.0,1.0,1.0,29.0,63662.0,1.0,6.0,3.0,Valid license for this class vehicle,3.0,71.0,140.0,0.0,2.0,0.0,6.0,June,2020.0,1.0,2023.0,0.0,1.0,2.0,55.0,1.0,3.0,2.0,1.0,0.0,1.0,10.0,1.0,1.0,2.0,301.0,29.0,1.0,1.0,0.0,202305227366.0,12.0,2.0,4.0,1.0,1.0,1.0,15.0,21.0,1.0,0.0,1.0,20.0,0.0,20.0,1.0,98.0
290094,2,98,96.0,28.0,1.0,9999.0,-99.0,29.0,207.0,12.0,63.0,4.0,52.0,2.0,1.0,4.0,3.0,0.0,8.0,0.0,9.0,995.0,7.0,29.0,2.0,12.0,1.0,0.0,3KPF24AD3KE0,2019.0,499.0,2462.0,13.0,63.0,KIA,38.0,4.0,1.0,0.0,0.0,998.0,8.0,0.0,0.0,12.0,6.0,12.0,0.0,0.0,1.0,29.0,63841.0,1.0,6.0,3.0,Valid license for this class vehicle,3.0,64.0,180.0,0.0,3.0,0.0,5.0,May,2018.0,7.0,2022.0,0.0,1.0,2.0,55.0,1.0,5.0,2.0,1.0,0.0,1.0,10.0,99.0,1.0,2.0,301.0,29.0,1.0,1.0,0.0,202304894566.0,12.0,5.0,2.0,0.0,2.0,1.0,4.0,46.0,1.0,0.0,1.0,20.0,0.0,63.0,2.0,0.0