ST_CASE,VEH_NO_x,DRIMPAIR_x,DRDISTRACT,DRIVERRF,PER_NO_x,DRUGRES,DRUGACTQTY,STATE_x,COUNTY,HARM_EV_x,MAKE_x,BODY_TYP_x,AGE,SEX,PER_TYP_x,INJ_SEV,REST_USE,REST_MIS,AIR_BAG_x,EJECTION,DRINKING,ALC_RES,HISPANIC,STATE_y,VE_FORMS,HARM_EV_y,NUMOCCS,HIT_RUN,VIN,MOD_YEAR,VPICMAKE,VPICMODEL,VPICBODYCLASS,MAKE_y,MAKENAME,MODEL,BODY_TYP_y,HAZ_INV,HAZ_PLAC,HAZ_ID,TRAV_SP,UNDEROVERRIDE,ROLLOVER,ROLINLOC,IMPACT1,DEFORMED,M_HARM,FIRE_EXP,DR_DRINK,DR_PRES,L_STATE,DR_ZIP,L_TYPE,L_STATUS,L_COMPL,L_COMPLNAME,L_RESTRI,DR_HGT,DR_WGT,PREV_DWI,PREV_SPD,PREV_OTH,FIRST_MO,FIRST_MONAME,FIRST_YR,LAST_MO,LAST_YR,SPEEDREL,VTRAFWAY,VNUM_LAN,VSPD_LIM,VALIGN,VPROFILE,VPAVETYP,VSURCOND,VTRAFCON,P_CRASH1,P_CRASH2,P_CRASH3,PCRASH4,PCRASH5,ACC_CONFIG,STATE,RACE,ORDER,MULTRACE,CASENUM,HARM_EV,DAY_WEEK,MONTH,MAXSEV_IM,WEATHR_IM,PER_NO_y,BODY_TYP,AGE_IM,SEX_IM,INJSEV_IM,PER_TYP_y,AIR_BAG_y,EJECT_IM,MAKE,VEH_NO_y,DRIMPAIR_y
290273,1,98,96.0,0.0,1.0,9999.0,-99.0,29.0,223.0,38.0,49.0,6.0,29.0,1.0,1.0,4.0,20.0,7.0,8.0,0.0,1.0,995.0,7.0,29.0,1.0,38.0,1.0,0.0,JTLKE50E5810,2008.0,448.0,2210.0,7.0,49.0,Toyota,49.0,6.0,1.0,0.0,0.0,998.0,7.0,3.0,6.0,12.0,6.0,42.0,0.0,1.0,1.0,29.0,63620.0,1.0,6.0,3.0,Valid license for this class vehicle,0.0,82.0,331.0,0.0,1.0,0.0,3.0,March,2021.0,3.0,2021.0,4.0,1.0,2.0,55.0,3.0,3.0,2.0,1.0,0.0,14.0,13.0,99.0,1.0,4.0,101.0,29.0,1.0,1.0,0.0,202304852124.0,12.0,7.0,4.0,3.0,1.0,1.0,6.0,17.0,2.0,0.0,1.0,20.0,0.0,49.0,1.0,98.0
290278,1,98,96.0,0.0,1.0,1.0,-99.0,29.0,155.0,12.0,87.0,66.0,57.0,1.0,1.0,4.0,20.0,7.0,20.0,0.0,0.0,0.0,7.0,29.0,2.0,12.0,1.0,0.0,1XPXD49X5ND8,2022.0,495.0,2794.0,66.0,87.0,Peterbilt,881.0,66.0,1.0,0.0,0.0,70.0,0.0,0.0,0.0,12.0,6.0,12.0,0.0,0.0,1.0,29.0,63852.0,1.0,6.0,3.0,Valid license for this class vehicle,0.0,72.0,300.0,0.0,0.0,0.0,0.0,No Record,0.0,0.0,0.0,0.0,2.0,4.0,65.0,1.0,1.0,1.0,1.0,0.0,1.0,62.0,9.0,1.0,2.0,402.0,29.0,1.0,1.0,0.0,202305109285.0,12.0,6.0,6.0,0.0,1.0,1.0,66.0,48.0,1.0,0.0,1.0,20.0,0.0,87.0,2.0,0.0
290281,1,98,96.0,0.0,1.0,0.0,-99.0,29.0,95.0,12.0,7.0,4.0,21.0,1.0,1.0,0.0,3.0,0.0,1.0,0.0,0.0,0.0,0.0,29.0,2.0,12.0,1.0,0.0,2B3CA3CV7AH2,2010.0,476.0,1895.0,13.0,7.0,Dodge,24.0,4.0,1.0,0.0,0.0,998.0,8.0,0.0,0.0,12.0,6.0,12.0,0.0,0.0,1.0,20.0,66104.0,1.0,6.0,3.0,Valid license for this class vehicle,0.0,69.0,155.0,0.0,1.0,0.0,3.0,March,2022.0,3.0,2022.0,0.0,1.0,4.0,40.0,1.0,1.0,2.0,2.0,0.0,1.0,62.0,7.0,1.0,1.0,301.0,29.0,0.0,1.0,0.0,202304854670.0,12.0,7.0,3.0,1.0,1.0,1.0,4.0,36.0,1.0,1.0,1.0,20.0,0.0,7.0,2.0,0.0
290285,1,98,96.0,0.0,1.0,3019.0,41.0,29.0,189.0,12.0,12.0,4.0,56.0,2.0,1.0,4.0,20.0,7.0,8.0,0.0,9.0,0.0,7.0,29.0,2.0,12.0,1.0,0.0,1FA6P0H73E53,2014.0,460.0,1780.0,13.0,12.0,Ford,23.0,4.0,1.0,0.0,0.0,998.0,8.0,0.0,0.0,12.0,6.0,12.0,0.0,0.0,1.0,29.0,63136.0,1.0,6.0,3.0,Valid license for this class vehicle,3.0,66.0,180.0,0.0,0.0,0.0,7.0,July,2020.0,7.0,2020.0,0.0,5.0,5.0,45.0,1.0,1.0,2.0,1.0,0.0,1.0,10.0,99.0,1.0,2.0,301.0,29.0,1.0,1.0,0.0,202305037399.0,12.0,7.0,4.0,1.0,1.0,1.0,4.0,17.0,1.0,0.0,1.0,1.0,0.0,12.0,1.0,0.0
290289,1,98,96.0,0.0,1.0,1.0,-99.0,29.0,165.0,12.0,49.0,4.0,18.0,1.0,1.0,2.0,3.0,0.0,8.0,0.0,0.0,0.0,0.0,29.0,3.0,12.0,3.0,0.0,JTDEPMAE7NJ2,2022.0,448.0,2208.0,13.0,49.0,Toyota,32.0,4.0,1.0,0.0,0.0,86.0,0.0,3.0,5.0,12.0,6.0,12.0,0.0,0.0,1.0,29.0,64152.0,1.0,6.0,3.0,Valid license for this class vehicle,3.0,65.0,110.0,0.0,0.0,0.0,0.0,No Record,0.0,0.0,0.0,3.0,2.0,2.0,40.0,3.0,5.0,2.0,1.0,3.0,14.0,62.0,9.0,2.0,1.0,402.0,29.0,0.0,1.0,0.0,202305305122.0,9.0,5.0,7.0,1.0,1.0,1.0,4.0,40.0,2.0,0.0,1.0,20.0,0.0,49.0,1.0,0.0
290290,1,98,96.0,83.0,1.0,2061.0,-99.0,29.0,77.0,11.0,72.0,80.0,53.0,1.0,1.0,4.0,20.0,7.0,20.0,8.0,1.0,135.0,7.0,29.0,1.0,11.0,2.0,0.0,1HD1KEM11BB6,2011.0,3888.0,11121.0,81.0,72.0,Harley-Davidson,706.0,80.0,1.0,0.0,0.0,54.0,7.0,8.0,8.0,12.0,6.0,11.0,0.0,1.0,1.0,29.0,65803.0,1.0,6.0,3.0,Valid license for this class vehicle,3.0,75.0,235.0,0.0,2.0,0.0,8.0,August,2018.0,1.0,2021.0,0.0,1.0,2.0,45.0,1.0,1.0,2.0,1.0,0.0,1.0,87.0,9.0,2.0,1.0,103.0,29.0,1.0,1.0,0.0,202305370894.0,1.0,7.0,10.0,2.0,1.0,1.0,80.0,34.0,1.0,2.0,1.0,20.0,8.0,72.0,1.0,9.0
290302,1,98,96.0,83.0,1.0,0.0,-99.0,29.0,27.0,59.0,72.0,80.0,61.0,1.0,1.0,4.0,20.0,7.0,20.0,8.0,0.0,0.0,7.0,29.0,1.0,59.0,1.0,0.0,1HD1KBM1XCB6,2012.0,3888.0,11077.0,81.0,72.0,Harley-Davidson,706.0,80.0,1.0,0.0,0.0,998.0,7.0,8.0,8.0,12.0,6.0,59.0,0.0,0.0,1.0,29.0,65203.0,1.0,1.0,2.0,No valid license for this class vehicle,2.0,71.0,210.0,0.0,3.0,0.0,12.0,December,2019.0,2.0,2023.0,0.0,3.0,2.0,70.0,1.0,1.0,2.0,1.0,0.0,1.0,13.0,99.0,2.0,4.0,101.0,29.0,1.0,1.0,0.0,202304956896.0,1.0,6.0,5.0,3.0,1.0,1.0,80.0,43.0,1.0,3.0,1.0,20.0,8.0,72.0,1.0,98.0
290313,1,98,96.0,58.0,1.0,2005.0,-99.0,29.0,213.0,58.0,35.0,34.0,66.0,1.0,1.0,4.0,20.0,7.0,3.0,0.0,9.0,0.0,7.0,29.0,1.0,58.0,1.0,0.0,1N6AD0EV9KN7,2019.0,478.0,1919.0,60.0,35.0,Nissan/Datsun,472.0,34.0,1.0,0.0,0.0,998.0,7.0,3.0,5.0,12.0,6.0,1.0,0.0,0.0,1.0,29.0,65803.0,1.0,6.0,3.0,Valid license for this class vehicle,0.0,71.0,180.0,0.0,0.0,0.0,0.0,No Record,0.0,0.0,0.0,0.0,2.0,2.0,65.0,1.0,6.0,2.0,1.0,0.0,1.0,13.0,99.0,1.0,4.0,101.0,29.0,1.0,1.0,0.0,202305048859.0,12.0,1.0,5.0,5.0,1.0,1.0,34.0,65.0,1.0,0.0,1.0,20.0,0.0,35.0,2.0,0.0
290324,1,2,96.0,28.0,1.0,9999.0,-99.0,29.0,109.0,12.0,49.0,4.0,51.0,2.0,1.0,2.0,3.0,0.0,8.0,0.0,0.0,995.0,0.0,29.0,6.0,12.0,1.0,0.0,5YFBURHE5GP4,2016.0,448.0,2208.0,13.0,49.0,Toyota,32.0,4.0,1.0,0.0,0.0,52.0,7.0,0.0,0.0,12.0,6.0,12.0,0.0,0.0,1.0,29.0,65605.0,1.0,6.0,3.0,Valid license for this class vehicle,3.0,65.0,200.0,0.0,0.0,0.0,10.0,October,2019.0,10.0,2019.0,0.0,1.0,2.0,55.0,1.0,1.0,2.0,1.0,0.0,1.0,10.0,7.0,1.0,2.0,301.0,29.0,0.0,1.0,0.0,202304900647.0,42.0,7.0,4.0,0.0,10.0,1.0,4.0,62.0,1.0,0.0,1.0,20.0,0.0,49.0,1.0,98.0
290336,1,9,96.0,58.0,1.0,9999.0,-99.0,29.0,145.0,1.0,35.0,4.0,17.0,1.0,1.0,2.0,20.0,7.0,20.0,0.0,0.0,995.0,0.0,29.0,1.0,1.0,3.0,0.0,1N4AL21E27C2,2007.0,478.0,1904.0,13.0,35.0,Nissan/Datsun,47.0,4.0,1.0,0.0,0.0,68.0,7.0,3.0,5.0,0.0,6.0,1.0,0.0,0.0,1.0,29.0,64865.0,2.0,6.0,2.0,No valid license for this class vehicle,0.0,66.0,140.0,0.0,0.0,0.0,0.0,No Record,0.0,0.0,0.0,4.0,1.0,8.0,50.0,4.0,6.0,2.0,1.0,0.0,14.0,13.0,7.0,3.0,4.0,101.0,29.0,0.0,1.0,0.0,202305340818.0,12.0,2.0,8.0,0.0,1.0,1.0,4.0,38.0,1.0,0.0,1.0,20.0,0.0,35.0,2.0,0.0
290341,1,98,96.0,38.0,1.0,5060.0,6.6,29.0,95.0,12.0,73.0,80.0,19.0,1.0,1.0,4.0,20.0,7.0,20.0,8.0,9.0,0.0,7.0,29.0,2.0,12.0,1.0,0.0,ML5EXEM14MDA,2021.0,510.0,3391.0,80.0,73.0,Kawasaki,705.0,80.0,1.0,0.0,0.0,50.0,7.0,8.0,8.0,1.0,7.0,12.0,0.0,0.0,1.0,29.0,64133.0,1.0,6.0,3.0,Valid license for this class vehicle,0.0,66.0,103.0,0.0,0.0,0.0,0.0,No Record,0.0,0.0,0.0,3.0,1.0,2.0,35.0,4.0,1.0,2.0,1.0,0.0,14.0,54.0,99.0,1.0,1.0,207.0,29.0,1.0,1.0,0.0,202305055755.0,33.0,5.0,4.0,2.0,1.0,1.0,80.0,18.0,1.0,2.0,1.0,20.0,8.0,73.0,1.0,0.0
290345,1,98,96.0,0.0,1.0,9999.0,-99.0,29.0,510.0,25.0,12.0,6.0,22.0,1.0,1.0,0.0,99.0,7.0,8.0,0.0,9.0,995.0,0.0,29.0,1.0,25.0,5.0,0.0,2FMDK39C19BA,2009.0,460.0,1797.0,7.0,12.0,Ford,24.0,6.0,1.0,0.0,0.0,998.0,7.0,0.0,0.0,12.0,6.0,25.0,0.0,0.0,1.0,29.0,63121.0,1.0,6.0,3.0,Valid license for this class vehicle,0.0,73.0,155.0,0.0,1.0,0.0,1.0,January,2022.0,12.0,2022.0,3.0,1.0,6.0,35.0,1.0,1.0,2.0,1.0,0.0,1.0,13.0,99.0,1.0,4.0,101.0,29.0,0.0,1.0,0.0,202304713134.0,8.0,5.0,1.0,2.0,10.0,1.0,6.0,31.0,1.0,0.0,1.0,20.0,0.0,12.0,1.0,0.0
290360,1,9,96.0,73.0,1.0,1.0,-99.0,29.0,113.0,12.0,20.0,14.0,21.0,1.0,1.0,4.0,20.0,7.0,1.0,0.0,1.0,271.0,7.0,29.0,2.0,12.0,1.0,0.0,1GNET16S5561,2005.0,467.0,4548.0,7.0,20.0,Chevrolet,403.0,14.0,1.0,0.0,0.0,55.0,0.0,0.0,0.0,12.0,6.0,12.0,0.0,1.0,1.0,29.0,63379.0,2.0,6.0,3.0,Valid license for this class vehicle,2.0,71.0,140.0,0.0,1.0,0.0,6.0,June,2021.0,10.0,2021.0,0.0,1.0,2.0,55.0,1.0,1.0,1.0,1.0,0.0,1.0,10.0,1.0,1.0,2.0,303.0,29.0,1.0,1.0,0.0,202305648679.0,12.0,7.0,12.0,0.0,1.0,1.0,14.0,18.0,1.0,0.0,1.0,20.0,0.0,20.0,1.0,0.0
290361,1,98,96.0,0.0,1.0,9999.0,-99.0,29.0,63.0,34.0,20.0,21.0,71.0,1.0,1.0,4.0,3.0,0.0,8.0,0.0,0.0,0.0,7.0,29.0,1.0,34.0,1.0,0.0,1GCWGBFP8P11,2023.0,467.0,1848.0,95.0,20.0,Chevrolet,461.0,21.0,1.0,0.0,0.0,998.0,7.0,3.0,5.0,12.0,6.0,1.0,0.0,0.0,1.0,29.0,64507.0,1.0,3.0,2.0,No valid license for this class vehicle,0.0,69.0,178.0,0.0,0.0,0.0,0.0,No Record,0.0,0.0,0.0,0.0,1.0,2.0,65.0,3.0,1.0,2.0,1.0,0.0,14.0,13.0,99.0,1.0,4.0,101.0,29.0,1.0,1.0,0.0,202305071611.0,12.0,3.0,6.0,0.0,1.0,1.0,21.0,30.0,1.0,0.0,1.0,20.0,0.0,20.0,1.0,0.0
290367,2,98,96.0,0.0,1.0,9002.0,1210.0,29.0,183.0,12.0,37.0,4.0,31.0,2.0,1.0,4.0,3.0,0.0,8.0,0.0,0.0,0.0,7.0,29.0,2.0,12.0,1.0,0.0,19XFC2F58JE0,2018.0,474.0,1863.0,13.0,37.0,Honda,31.0,4.0,1.0,0.0,0.0,62.0,0.0,0.0,0.0,12.0,6.0,12.0,0.0,0.0,1.0,29.0,63369.0,1.0,6.0,3.0,Valid license for this class vehicle,0.0,69.0,125.0,0.0,0.0,0.0,9.0,September,2018.0,9.0,2018.0,0.0,1.0,2.0,60.0,1.0,1.0,1.0,1.0,0.0,1.0,62.0,9.0,1.0,4.0,302.0,29.0,1.0,1.0,0.0,202304658951.0,12.0,2.0,1.0,0.0,1.0,1.0,4.0,23.0,1.0,0.0,1.0,20.0,0.0,37.0,1.0,0.0
290368,1,9,6.0,104.0,1.0,3033.0,-99.0,29.0,9.0,12.0,20.0,34.0,19.0,1.0,1.0,0.0,20.0,7.0,1.0,0.0,1.0,87.0,0.0,29.0,2.0,12.0,1.0,0.0,2GCEK13T5611,2006.0,467.0,1850.0,60.0,20.0,Chevrolet,481.0,34.0,1.0,0.0,0.0,88.0,0.0,0.0,0.0,12.0,6.0,12.0,0.0,1.0,1.0,29.0,65708.0,1.0,2.0,2.0,No valid license for this class vehicle,0.0,68.0,190.0,0.0,0.0,2.0,8.0,August,2020.0,6.0,2023.0,3.0,1.0,3.0,45.0,1.0,5.0,2.0,1.0,3.0,1.0,17.0,16.0,1.0,1.0,503.0,29.0,0.0,1.0,0.0,202305604293.0,32.0,6.0,12.0,0.0,1.0,1.0,34.0,34.0,1.0,0.0,1.0,20.0,0.0,20.0,1.0,99.0
290369,1,9,96.0,39.0,1.0,9999.0,-99.0,29.0,95.0,12.0,49.0,4.0,22.0,2.0,1.0,0.0,3.0,0.0,3.0,0.0,1.0,78.0,0.0,29.0,3.0,12.0,2.0,0.0,5YFBURHE2HP6,2017.0,448.0,2208.0,13.0,49.0,Toyota,32.0,4.0,1.0,0.0,0.0,998.0,7.0,0.0,0.0,12.0,6.0,12.0,0.0,1.0,1.0,29.0,64015.0,1.0,6.0,3.0,Valid license for this class vehicle,3.0,66.0,140.0,0.0,0.0,0.0,9.0,September,2020.0,9.0,2020.0,3.0,1.0,2.0,30.0,1.0,1.0,2.0,1.0,20.0,1.0,17.0,99.0,1.0,1.0,503.0,29.0,0.0,1.0,0.0,202304739366.0,41.0,4.0,1.0,1.0,1.0,1.0,4.0,27.0,2.0,1.0,1.0,20.0,0.0,49.0,1.0,0.0
290377,1,98,96.0,28.0,1.0,0.0,-99.0,29.0,215.0,12.0,55.0,14.0,50.0,1.0,1.0,3.0,3.0,0.0,8.0,0.0,9.0,0.0,0.0,29.0,2.0,12.0,1.0,0.0,KM8J3CAL5KU9,2019.0,498.0,2058.0,7.0,55.0,Hyundai,402.0,14.0,1.0,0.0,0.0,998.0,8.0,0.0,0.0,12.0,6.0,12.0,0.0,0.0,1.0,29.0,65711.0,1.0,6.0,3.0,Valid license for this class vehicle,0.0,69.0,293.0,0.0,0.0,0.0,0.0,No Record,0.0,0.0,0.0,3.0,5.0,3.0,45.0,1.0,3.0,1.0,1.0,0.0,1.0,10.0,99.0,1.0,2.0,301.0,29.0,0.0,1.0,0.0,202305031495.0,11.0,1.0,6.0,2.0,1.0,1.0,14.0,33.0,2.0,2.0,1.0,20.0,0.0,55.0,1.0,0.0
290377,2,98,96.0,0.0,1.0,3026.0,0.4,29.0,215.0,12.0,63.0,4.0,76.0,1.0,1.0,4.0,3.0,0.0,8.0,0.0,9.0,0.0,7.0,29.0,2.0,12.0,2.0,0.0,5XXGT4L38KG2,2019.0,499.0,2739.0,13.0,63.0,KIA,34.0,4.0,1.0,0.0,0.0,998.0,8.0,0.0,0.0,12.0,6.0,12.0,0.0,0.0,1.0,29.0,63830.0,1.0,6.0,3.0,Valid license for this class vehicle,3.0,71.0,194.0,0.0,0.0,0.0,0.0,No Record,0.0,0.0,0.0,0.0,5.0,3.0,45.0,1.0,3.0,1.0,1.0,0.0,1.0,62.0,7.0,1.0,1.0,302.0,29.0,1.0,1.0,0.0,202304755968.0,12.0,3.0,2.0,0.0,1.0,1.0,4.0,34.0,1.0,0.0,1.0,20.0,0.0,63.0,2.0,0.0
290378,2,98,96.0,0.0,1.0,0.0,-99.0,29.0,225.0,12.0,12.0,4.0,15.0,1.0,1.0,2.0,3.0,0.0,1.0,0.0,0.0,0.0,0.0,29.0,2.0,12.0,3.0,0.0,3FA6P0H78GR3,2016.0,460.0,1780.0,13.0,12.0,Ford,23.0,4.0,1.0,0.0,0.0,68.0,8.0,0.0,0.0,12.0,6.0,12.0,0.0,0.0,1.0,29.0,65721.0,7.0,6.0,3.0,Valid license for this class vehicle,0.0,70.0,145.0,0.0,0.0,0.0,0.0,No Record,0.0,0.0,0.0,0.0,2.0,2.0,65.0,1.0,1.0,2.0,1.0,0.0,1.0,66.0,6.0,1.0,1.0,503.0,29.0,0.0,1.0,0.0,202304757349.0,12.0,5.0,1.0,0.0,2.0,1.0,4.0,31.0,2.0,0.0,1.0,1.0,0.0,12.0,1.0,0.0
290385,1,98,96.0,0.0,1.0,1.0,-99.0,29.0,143.0,23.0,20.0,14.0,34.0,1.0,1.0,4.0,20.0,7.0,20.0,1.0,9.0,242.0,7.0,29.0,1.0,23.0,1.0,0.0,1GNDS13S4521,2005.0,467.0,4548.0,7.0,20.0,Chevrolet,403.0,14.0,1.0,0.0,0.0,998.0,7.0,3.0,6.0,11.0,6.0,1.0,0.0,1.0,1.0,29.0,63862.0,1.0,1.0,2.0,No valid license for this class vehicle,0.0,65.0,240.0,0.0,1.0,1.0,4.0,April,2019.0,5.0,2022.0,0.0,1.0,8.0,55.0,1.0,1.0,2.0,1.0,0.0,1.0,13.0,6.0,1.0,4.0,102.0,29.0,2.0,1.0,0.0,202305151760.0,12.0,3.0,5.0,0.0,1.0,1.0,14.0,55.0,1.0,0.0,1.0,20.0,0.0,20.0,1.0,0.0
290387,1,2,96.0,0.0,1.0,0.0,-99.0,29.0,75.0,35.0,2.0,14.0,46.0,1.0,1.0,3.0,3.0,0.0,20.0,0.0,0.0,0.0,0.0,29.0,1.0,35.0,3.0,0.0,1C4BJWDG4HL6,2017.0,483.0,1943.0,7.0,2.0,Jeep / Kaiser-Jeep / Willys- Jeep,403.0,14.0,1.0,0.0,0.0,22.0,7.0,3.0,5.0,12.0,6.0,1.0,0.0,0.0,1.0,29.0,64424.0,1.0,6.0,3.0,Valid license for this class vehicle,3.0,69.0,145.0,0.0,0.0,0.0,2.0,February,2019.0,2.0,2019.0,0.0,1.0,2.0,60.0,1.0,1.0,2.0,1.0,0.0,1.0,13.0,16.0,1.0,4.0,101.0,29.0,0.0,1.0,0.0,202304686742.0,14.0,7.0,1.0,0.0,1.0,1.0,14.0,51.0,1.0,0.0,1.0,20.0,0.0,2.0,1.0,99.0
290412,1,9,96.0,28.0,1.0,9999.0,-99.0,29.0,113.0,12.0,12.0,4.0,25.0,1.0,1.0,3.0,20.0,7.0,20.0,0.0,1.0,995.0,0.0,29.0,2.0,12.0,1.0,0.0,1FAHP35N48W2,2008.0,460.0,1779.0,13.0,12.0,Ford,37.0,4.0,1.0,0.0,0.0,55.0,7.0,0.0,0.0,12.0,6.0,12.0,0.0,1.0,1.0,29.0,63379.0,1.0,6.0,3.0,Valid license for this class vehicle,3.0,73.0,180.0,0.0,1.0,0.0,4.0,April,2023.0,4.0,2023.0,0.0,1.0,2.0,55.0,4.0,5.0,2.0,1.0,0.0,14.0,10.0,1.0,1.0,2.0,301.0,29.0,0.0,1.0,0.0,202305222906.0,12.0,6.0,9.0,2.0,1.0,1.0,4.0,33.0,2.0,0.0,1.0,98.0,0.0,12.0,1.0,98.0
290425,2,98,96.0,0.0,1.0,1.0,-99.0,29.0,219.0,12.0,49.0,5.0,69.0,2.0,1.0,4.0,3.0,0.0,8.0,0.0,0.0,0.0,7.0,29.0,2.0,12.0,1.0,0.0,JTDKDTB3XF15,2015.0,448.0,13823.0,5.0,49.0,Toyota,46.0,5.0,1.0,0.0,0.0,998.0,0.0,0.0,0.0,12.0,6.0,12.0,0.0,0.0,1.0,29.0,63084.0,1.0,6.0,3.0,Valid license for this class vehicle,0.0,64.0,155.0,0.0,0.0,0.0,0.0,No Record,0.0,0.0,0.0,0.0,1.0,2.0,55.0,3.0,6.0,2.0,1.0,0.0,14.0,62.0,99.0,1.0,1.0,302.0,29.0,18.0,1.0,0.0,202305455697.0,12.0,1.0,11.0,0.0,1.0,1.0,5.0,20.0,2.0,0.0,1.0,20.0,0.0,49.0,3.0,0.0
290431,1,98,96.0,34.0,1.0,9995.0,-99.0,29.0,189.0,12.0,20.0,4.0,26.0,2.0,1.0,0.0,3.0,0.0,8.0,0.0,9.0,995.0,0.0,29.0,2.0,12.0,2.0,0.0,1G1ZD5ST2MF0,2021.0,467.0,1834.0,13.0,20.0,Chevrolet,37.0,4.0,1.0,0.0,0.0,998.0,7.0,0.0,0.0,12.0,6.0,12.0,0.0,0.0,1.0,29.0,63102.0,0.0,0.0,0.0,Not licensed,0.0,63.0,150.0,0.0,0.0,0.0,0.0,No Record,0.0,0.0,0.0,3.0,5.0,5.0,35.0,1.0,1.0,2.0,1.0,0.0,3.0,51.0,99.0,1.0,1.0,202.0,29.0,0.0,1.0,0.0,202305171074.0,12.0,5.0,7.0,3.0,1.0,1.0,4.0,68.0,1.0,3.0,1.0,8.0,0.0,20.0,1.0,99.0
290457,2,98,96.0,0.0,1.0,0.0,-99.0,29.0,95.0,33.0,37.0,2.0,24.0,1.0,1.0,0.0,3.0,0.0,20.0,0.0,0.0,0.0,0.0,29.0,2.0,33.0,1.0,0.0,1HGCG22542A0,2002.0,474.0,1861.0,3.0,37.0,Honda,32.0,2.0,1.0,0.0,0.0,38.0,7.0,0.0,0.0,14.0,0.0,54.0,0.0,0.0,1.0,29.0,64127.0,1.0,6.0,3.0,Valid license for this class vehicle,0.0,66.0,279.0,0.0,0.0,0.0,2.0,February,2020.0,2.0,2020.0,0.0,2.0,2.0,35.0,1.0,1.0,2.0,1.0,0.0,1.0,98.0,6.0,1.0,2.0,998.0,29.0,0.0,1.0,0.0,202305464171.0,12.0,4.0,11.0,1.0,1.0,1.0,2.0,24.0,2.0,1.0,1.0,8.0,0.0,37.0,2.0,98.0
290460,1,98,96.0,0.0,1.0,0.0,-99.0,29.0,183.0,12.0,51.0,66.0,61.0,1.0,1.0,0.0,3.0,0.0,20.0,0.0,0.0,0.0,0.0,29.0,2.0,12.0,1.0,0.0,4V4NC9EH1FN1,2015.0,487.0,1967.0,66.0,51.0,Volvo,881.0,66.0,1.0,0.0,0.0,59.0,0.0,0.0,0.0,6.0,2.0,12.0,0.0,0.0,1.0,12.0,33334.0,1.0,6.0,3.0,Valid license for this class vehicle,0.0,69.0,999.0,0.0,0.0,1.0,10.0,October,2019.0,10.0,2019.0,0.0,3.0,2.0,50.0,1.0,6.0,8.0,1.0,40.0,2.0,53.0,1.0,1.0,1.0,201.0,29.0,0.0,1.0,0.0,202304681584.0,12.0,1.0,1.0,0.0,10.0,1.0,66.0,44.0,1.0,0.0,1.0,20.0,0.0,51.0,2.0,98.0
290460,2,99,5.0,6.0,1.0,3019.0,-99.0,29.0,183.0,12.0,7.0,34.0,36.0,1.0,1.0,4.0,99.0,7.0,99.0,0.0,9.0,0.0,7.0,29.0,2.0,12.0,1.0,0.0,1C6SRFFT8KN5,2019.0,496.0,13620.0,60.0,7.0,Dodge,482.0,34.0,1.0,0.0,0.0,56.0,0.0,0.0,0.0,12.0,6.0,2.0,1.0,0.0,1.0,29.0,63389.0,1.0,2.0,2.0,No valid license for this class vehicle,3.0,68.0,165.0,0.0,0.0,0.0,8.0,August,2018.0,2.0,2023.0,0.0,3.0,2.0,50.0,1.0,6.0,8.0,1.0,40.0,1.0,52.0,7.0,1.0,1.0,202.0,29.0,1.0,1.0,0.0,202304831562.0,12.0,7.0,3.0,0.0,10.0,1.0,34.0,42.0,1.0,0.0,1.0,20.0,0.0,7.0,2.0,0.0
290465,1,98,96.0,39.0,1.0,9999.0,-99.0,29.0,77.0,12.0,6.0,4.0,17.0,1.0,1.0,2.0,20.0,7.0,8.0,0.0,1.0,995.0,0.0,29.0,6.0,12.0,2.0,0.0,1C3CCCAB7FN7,2015.0,477.0,2053.0,13.0,6.0,Chrysler,18.0,4.0,1.0,0.0,0.0,998.0,8.0,0.0,0.0,12.0,6.0,12.0,0.0,1.0,1.0,29.0,65686.0,2.0,2.0,2.0,No valid license for this class vehicle,0.0,72.0,170.0,0.0,0.0,0.0,5.0,May,2023.0,5.0,2023.0,0.0,2.0,2.0,45.0,1.0,1.0,2.0,1.0,3.0,1.0,17.0,99.0,1.0,1.0,503.0,29.0,0.0,1.0,0.0,202305283212.0,12.0,3.0,7.0,0.0,1.0,1.0,4.0,88.0,2.0,0.0,1.0,20.0,0.0,6.0,2.0,0.0
290466,2,98,96.0,0.0,1.0,0.0,-99.0,29.0,79.0,12.0,12.0,34.0,66.0,1.0,1.0,2.0,20.0,7.0,20.0,0.0,0.0,996.0,0.0,29.0,2.0,12.0,1.0,0.0,1FT7X2B68BEB,2011.0,460.0,1805.0,60.0,12.0,Ford,481.0,34.0,1.0,0.0,0.0,0.0,8.0,0.0,0.0,6.0,7.0,12.0,0.0,0.0,1.0,29.0,64683.0,1.0,6.0,3.0,Valid license for this class vehicle,3.0,70.0,190.0,0.0,0.0,0.0,0.0,No Record,0.0,0.0,0.0,0.0,1.0,2.0,50.0,1.0,1.0,2.0,1.0,3.0,5.0,53.0,1.0,1.0,1.0,201.0,29.0,0.0,1.0,0.0,202304850235.0,8.0,4.0,3.0,3.0,4.0,1.0,34.0,19.0,1.0,3.0,1.0,20.0,0.0,12.0,1.0,0.0