ST_CASE,VEH_NO_x,DRIMPAIR_x,DRDISTRACT,DRIVERRF,PER_NO_x,DRUGRES,DRUGACTQTY,STATE_x,COUNTY,HARM_EV_x,MAKE_x,BODY_TYP_x,AGE,SEX,PER_TYP_x,INJ_SEV,REST_USE,REST_MIS,AIR_BAG_x,EJECTION,DRINKING,ALC_RES,HISPANIC,STATE_y,VE_FORMS,HARM_EV_y,NUMOCCS,HIT_RUN,VIN,MOD_YEAR,VPICMAKE,VPICMODEL,VPICBODYCLASS,MAKE_y,MAKENAME,MODEL,BODY_TYP_y,HAZ_INV,HAZ_PLAC,HAZ_ID,TRAV_SP,UNDEROVERRIDE,ROLLOVER,ROLINLOC,IMPACT1,DEFORMED,M_HARM,FIRE_EXP,DR_DRINK,DR_PRES,L_STATE,DR_ZIP,L_TYPE,L_STATUS,L_COMPL,L_COMPLNAME,L_RESTRI,DR_HGT,DR_WGT,PREV_DWI,PREV_SPD,PREV_OTH,FIRST_MO,FIRST_MONAME,FIRST_YR,LAST_MO,LAST_YR,SPEEDREL,VTRAFWAY,VNUM_LAN,VSPD_LIM,VALIGN,VPROFILE,VPAVETYP,VSURCOND,VTRAFCON,P_CRASH1,P_CRASH2,P_CRASH3,PCRASH4,PCRASH5,ACC_CONFIG,STATE,RACE,ORDER,MULTRACE,CASENUM,HARM_EV,DAY_WEEK,MONTH,MAXSEV_IM,WEATHR_IM,PER_NO_y,BODY_TYP,AGE_IM,SEX_IM,INJSEV_IM,PER_TYP_y,AIR_BAG_y,EJECT_IM,MAKE,VEH_NO_y,DRIMPAIR_y
290474,2,9,17.0,26.0,1.0,9999.0,-99.0,29.0,189.0,12.0,2.0,14.0,38.0,2.0,1.0,2.0,3.0,0.0,1.0,0.0,0.0,0.0,0.0,29.0,2.0,12.0,1.0,0.0,1C4NJRFBXGD7,2016.0,483.0,1947.0,7.0,2.0,Jeep / Kaiser-Jeep / Willys- Jeep,407.0,14.0,1.0,0.0,0.0,70.0,0.0,0.0,0.0,12.0,6.0,12.0,0.0,0.0,1.0,29.0,63010.0,1.0,6.0,3.0,Valid license for this class vehicle,0.0,63.0,110.0,0.0,0.0,0.0,12.0,December,2020.0,12.0,2020.0,3.0,3.0,2.0,50.0,1.0,1.0,1.0,1.0,40.0,1.0,50.0,16.0,1.0,1.0,202.0,29.0,0.0,1.0,0.0,202304967585.0,58.0,1.0,4.0,3.0,1.0,1.0,14.0,58.0,2.0,3.0,1.0,9.0,0.0,2.0,1.0,9.0
290480,1,98,96.0,23.0,1.0,3019.0,21.0,29.0,189.0,12.0,72.0,80.0,62.0,1.0,1.0,4.0,20.0,7.0,20.0,8.0,9.0,0.0,7.0,29.0,2.0,12.0,1.0,0.0,1HD1YDJ17JC0,2018.0,3888.0,20340.0,94.0,72.0,Harley-Davidson,706.0,80.0,1.0,0.0,0.0,35.0,7.0,8.0,8.0,12.0,6.0,12.0,0.0,0.0,1.0,29.0,63303.0,1.0,6.0,3.0,Valid license for this class vehicle,0.0,63.0,145.0,0.0,0.0,0.0,8.0,August,2018.0,8.0,2022.0,9.0,5.0,5.0,30.0,1.0,3.0,2.0,1.0,0.0,1.0,72.0,8.0,2.0,1.0,415.0,29.0,1.0,1.0,0.0,202304987377.0,12.0,1.0,5.0,0.0,1.0,1.0,80.0,30.0,1.0,0.0,1.0,20.0,8.0,72.0,2.0,0.0
290487,1,98,96.0,0.0,1.0,3053.0,-99.0,29.0,77.0,1.0,53.0,80.0,35.0,1.0,1.0,4.0,20.0,7.0,20.0,8.0,0.0,0.0,7.0,29.0,2.0,1.0,1.0,0.0,JS1GN7FA8B21,2011.0,509.0,2103.0,98.0,53.0,Suzuki,705.0,80.0,1.0,0.0,0.0,998.0,7.0,8.0,8.0,0.0,6.0,12.0,0.0,0.0,1.0,29.0,65803.0,1.0,6.0,3.0,Valid license for this class vehicle,0.0,70.0,200.0,0.0,0.0,0.0,8.0,August,2020.0,8.0,2020.0,3.0,5.0,5.0,40.0,1.0,3.0,2.0,1.0,3.0,1.0,62.0,16.0,2.0,1.0,998.0,29.0,1.0,1.0,0.0,202305261513.0,33.0,6.0,9.0,3.0,1.0,1.0,80.0,21.0,1.0,3.0,1.0,20.0,8.0,53.0,1.0,98.0
290515,2,98,96.0,0.0,1.0,0.0,-99.0,29.0,21.0,12.0,20.0,34.0,73.0,1.0,1.0,3.0,3.0,0.0,8.0,0.0,0.0,996.0,0.0,29.0,4.0,12.0,3.0,0.0,3GCUYEED6LG3,2020.0,467.0,1850.0,60.0,20.0,Chevrolet,481.0,34.0,1.0,0.0,0.0,0.0,0.0,0.0,0.0,6.0,6.0,12.0,0.0,0.0,1.0,29.0,64504.0,1.0,6.0,3.0,Valid license for this class vehicle,3.0,70.0,175.0,0.0,0.0,0.0,0.0,No Record,0.0,0.0,0.0,0.0,6.0,2.0,55.0,1.0,5.0,1.0,1.0,3.0,5.0,53.0,1.0,1.0,1.0,201.0,29.0,0.0,1.0,0.0,202305391403.0,12.0,3.0,11.0,0.0,1.0,1.0,34.0,81.0,1.0,0.0,1.0,1.0,0.0,20.0,1.0,0.0
290525,1,98,96.0,28.0,1.0,9999.0,-99.0,29.0,107.0,12.0,18.0,4.0,61.0,1.0,1.0,4.0,20.0,7.0,8.0,0.0,0.0,0.0,7.0,29.0,2.0,12.0,1.0,0.0,1G4HD57236U2,2006.0,468.0,4267.0,13.0,18.0,Buick / Opel,23.0,4.0,1.0,0.0,0.0,58.0,8.0,0.0,0.0,12.0,6.0,12.0,0.0,0.0,1.0,29.0,64643.0,1.0,6.0,3.0,Valid license for this class vehicle,0.0,73.0,200.0,0.0,1.0,0.0,1.0,January,2020.0,9.0,2020.0,0.0,1.0,2.0,55.0,1.0,5.0,2.0,1.0,0.0,1.0,10.0,7.0,1.0,2.0,301.0,29.0,1.0,1.0,0.0,202304988018.0,12.0,3.0,5.0,4.0,1.0,1.0,4.0,34.0,2.0,4.0,1.0,20.0,0.0,18.0,1.0,98.0
290528,2,98,96.0,0.0,1.0,0.0,-99.0,29.0,91.0,12.0,63.0,6.0,41.0,1.0,1.0,3.0,3.0,0.0,8.0,0.0,9.0,996.0,0.0,29.0,2.0,12.0,2.0,0.0,KNDJN2A29E70,2014.0,499.0,2460.0,7.0,63.0,KIA,37.0,6.0,1.0,0.0,0.0,65.0,8.0,0.0,0.0,12.0,6.0,12.0,0.0,0.0,1.0,29.0,65791.0,0.0,0.0,0.0,Not licensed,0.0,74.0,250.0,0.0,0.0,0.0,5.0,May,2023.0,5.0,2023.0,0.0,1.0,2.0,55.0,1.0,5.0,2.0,1.0,20.0,1.0,62.0,9.0,1.0,1.0,302.0,29.0,0.0,1.0,0.0,202305481039.0,15.0,5.0,11.0,2.0,1.0,1.0,6.0,20.0,2.0,0.0,1.0,20.0,0.0,63.0,1.0,98.0
290533,1,98,96.0,0.0,1.0,1.0,-99.0,29.0,209.0,32.0,20.0,34.0,73.0,1.0,1.0,4.0,20.0,7.0,8.0,0.0,0.0,0.0,7.0,29.0,1.0,32.0,1.0,0.0,1GCGTDENXK12,2019.0,467.0,4086.0,60.0,20.0,Chevrolet,473.0,34.0,1.0,0.0,0.0,998.0,7.0,3.0,5.0,12.0,6.0,1.0,0.0,0.0,1.0,5.0,72638.0,1.0,6.0,3.0,Valid license for this class vehicle,0.0,71.0,205.0,0.0,0.0,0.0,0.0,No Record,0.0,0.0,0.0,4.0,1.0,2.0,55.0,3.0,6.0,2.0,1.0,0.0,14.0,12.0,99.0,1.0,4.0,102.0,29.0,1.0,1.0,0.0,202305366936.0,12.0,4.0,10.0,2.0,4.0,1.0,34.0,16.0,1.0,0.0,1.0,20.0,0.0,20.0,2.0,0.0
290541,1,9,96.0,51.0,1.0,9999.0,-99.0,29.0,183.0,12.0,55.0,14.0,24.0,1.0,1.0,3.0,3.0,0.0,8.0,0.0,1.0,995.0,0.0,29.0,2.0,12.0,1.0,0.0,KMHRC8A34NU1,2022.0,498.0,26441.0,15.0,55.0,Hyundai,406.0,14.0,1.0,0.0,0.0,105.0,0.0,3.0,3.0,12.0,6.0,12.0,0.0,1.0,1.0,20.0,67214.0,1.0,1.0,2.0,No valid license for this class vehicle,0.0,69.0,150.0,0.0,1.0,0.0,5.0,May,2022.0,5.0,2022.0,3.0,3.0,2.0,70.0,3.0,1.0,2.0,1.0,0.0,14.0,54.0,9.0,1.0,1.0,303.0,29.0,0.0,1.0,0.0,202304658605.0,12.0,1.0,1.0,1.0,1.0,1.0,14.0,42.0,1.0,1.0,1.0,8.0,0.0,55.0,1.0,98.0
290556,1,98,96.0,0.0,1.0,3019.0,-99.0,29.0,189.0,1.0,49.0,20.0,58.0,1.0,1.0,4.0,20.0,7.0,20.0,1.0,9.0,0.0,7.0,29.0,1.0,1.0,1.0,0.0,4T3ZF13C8WU0,1998.0,448.0,2468.0,2.0,49.0,Toyota,442.0,20.0,1.0,0.0,0.0,998.0,7.0,3.0,4.0,0.0,6.0,1.0,0.0,0.0,1.0,29.0,63301.0,1.0,3.0,2.0,No valid license for this class vehicle,0.0,68.0,135.0,0.0,0.0,0.0,0.0,No Record,0.0,0.0,0.0,9.0,6.0,2.0,20.0,2.0,5.0,2.0,1.0,0.0,14.0,9.0,99.0,9.0,4.0,102.0,29.0,1.0,1.0,0.0,202305250138.0,12.0,5.0,9.0,0.0,1.0,1.0,20.0,55.0,2.0,0.0,1.0,20.0,0.0,49.0,1.0,0.0
290557,1,98,96.0,39.0,1.0,0.0,-99.0,29.0,83.0,12.0,35.0,4.0,20.0,1.0,1.0,2.0,3.0,0.0,8.0,0.0,0.0,0.0,0.0,29.0,2.0,12.0,1.0,0.0,1N4BL4DV5PN3,2023.0,478.0,1904.0,13.0,35.0,Nissan/Datsun,47.0,4.0,1.0,0.0,0.0,998.0,7.0,0.0,0.0,5.0,6.0,12.0,0.0,0.0,1.0,29.0,64133.0,1.0,6.0,3.0,Valid license for this class vehicle,3.0,72.0,290.0,0.0,1.0,0.0,5.0,May,2021.0,4.0,2023.0,9.0,1.0,2.0,55.0,1.0,1.0,2.0,1.0,21.0,11.0,15.0,1.0,1.0,1.0,401.0,29.0,0.0,1.0,0.0,202305189896.0,12.0,7.0,8.0,0.0,1.0,1.0,4.0,22.0,1.0,0.0,1.0,20.0,0.0,35.0,2.0,0.0
290567,1,99,96.0,58.0,1.0,5997.0,-99.0,29.0,189.0,24.0,49.0,4.0,34.0,1.0,1.0,4.0,20.0,7.0,3.0,1.0,0.0,0.0,7.0,29.0,1.0,24.0,2.0,0.0,JTDBL40E4990,2009.0,448.0,2208.0,13.0,49.0,Toyota,32.0,4.0,1.0,0.0,0.0,83.0,7.0,3.0,5.0,83.0,6.0,1.0,0.0,0.0,1.0,47.0,63101.0,1.0,1.0,2.0,No valid license for this class vehicle,0.0,999.0,999.0,0.0,0.0,0.0,0.0,No Record,0.0,0.0,0.0,3.0,3.0,3.0,60.0,1.0,1.0,8.0,1.0,0.0,1.0,9.0,99.0,4.0,4.0,101.0,29.0,2.0,1.0,0.0,202304754243.0,12.0,2.0,2.0,2.0,1.0,1.0,4.0,30.0,2.0,2.0,1.0,8.0,0.0,49.0,1.0,98.0
290583,1,98,3.0,21.0,1.0,3019.0,-99.0,29.0,9.0,35.0,76.0,90.0,61.0,1.0,1.0,4.0,20.0,7.0,20.0,1.0,9.0,0.0,7.0,29.0,1.0,35.0,2.0,0.0,0,9999.0,564.0,99999.0,69.0,76.0,Yamaha,739.0,90.0,1.0,0.0,0.0,998.0,7.0,0.0,0.0,12.0,6.0,35.0,0.0,0.0,1.0,29.0,65747.0,1.0,1.0,1.0,No license required for this class vehicle,0.0,69.0,135.0,0.0,0.0,0.0,5.0,May,2021.0,8.0,2022.0,0.0,1.0,2.0,50.0,1.0,5.0,4.0,1.0,0.0,1.0,12.0,99.0,1.0,4.0,102.0,29.0,1.0,1.0,0.0,202304636966.0,43.0,1.0,1.0,2.0,1.0,1.0,83.0,49.0,1.0,2.0,1.0,20.0,8.0,73.0,1.0,98.0
290594,1,98,96.0,0.0,1.0,0.0,-99.0,29.0,119.0,38.0,12.0,34.0,21.0,1.0,1.0,4.0,20.0,7.0,8.0,0.0,9.0,996.0,7.0,29.0,1.0,38.0,1.0,0.0,1FT7W2BT2EEA,2014.0,460.0,1805.0,60.0,12.0,Ford,481.0,34.0,1.0,0.0,0.0,998.0,7.0,0.0,0.0,12.0,6.0,42.0,0.0,0.0,1.0,29.0,64843.0,1.0,6.0,3.0,Valid license for this class vehicle,0.0,69.0,145.0,0.0,0.0,0.0,0.0,No Record,0.0,0.0,0.0,4.0,1.0,2.0,55.0,3.0,6.0,2.0,1.0,0.0,14.0,13.0,99.0,1.0,4.0,101.0,29.0,99.0,1.0,0.0,202304994078.0,12.0,5.0,4.0,0.0,1.0,1.0,34.0,43.0,1.0,0.0,1.0,20.0,0.0,12.0,2.0,0.0
290601,1,98,96.0,0.0,1.0,1.0,-99.0,29.0,189.0,38.0,49.0,1.0,68.0,1.0,1.0,4.0,3.0,0.0,1.0,0.0,0.0,0.0,7.0,29.0,1.0,38.0,1.0,0.0,4T1FA38P97U1,2007.0,448.0,2803.0,1.0,49.0,Toyota,44.0,1.0,1.0,0.0,0.0,998.0,7.0,0.0,0.0,12.0,6.0,42.0,0.0,0.0,1.0,29.0,63119.0,1.0,6.0,3.0,Valid license for this class vehicle,0.0,67.0,180.0,0.0,0.0,0.0,0.0,No Record,0.0,0.0,0.0,0.0,1.0,5.0,40.0,1.0,1.0,2.0,1.0,0.0,1.0,13.0,99.0,1.0,4.0,101.0,29.0,1.0,1.0,0.0,202305045694.0,12.0,3.0,6.0,0.0,1.0,1.0,1.0,70.0,2.0,0.0,1.0,20.0,0.0,49.0,1.0,98.0
290610,1,9,96.0,39.0,1.0,9999.0,-99.0,29.0,95.0,12.0,41.0,14.0,17.0,1.0,1.0,3.0,20.0,7.0,1.0,0.0,1.0,995.0,0.0,29.0,2.0,12.0,2.0,0.0,JM3KE4CY0E03,2014.0,473.0,2369.0,7.0,41.0,Mazda,403.0,14.0,1.0,0.0,0.0,998.0,8.0,0.0,0.0,12.0,6.0,12.0,0.0,1.0,1.0,29.0,64015.0,0.0,0.0,0.0,Not licensed,0.0,74.0,210.0,0.0,0.0,0.0,0.0,No Record,0.0,0.0,0.0,4.0,1.0,2.0,30.0,1.0,1.0,2.0,1.0,20.0,1.0,17.0,1.0,1.0,1.0,503.0,29.0,0.0,1.0,0.0,202304995684.0,12.0,7.0,4.0,3.0,1.0,1.0,14.0,20.0,1.0,0.0,1.0,2.0,0.0,41.0,2.0,0.0
290612,1,98,96.0,0.0,1.0,0.0,-99.0,29.0,189.0,30.0,63.0,4.0,20.0,1.0,1.0,4.0,99.0,7.0,99.0,0.0,9.0,996.0,7.0,29.0,1.0,30.0,1.0,0.0,5XXGM4A72DG1,2013.0,499.0,2739.0,13.0,63.0,KIA,34.0,4.0,1.0,0.0,0.0,998.0,7.0,0.0,0.0,12.0,6.0,30.0,0.0,0.0,1.0,29.0,63136.0,0.0,0.0,0.0,Not licensed,0.0,67.0,160.0,0.0,0.0,0.0,0.0,No Record,0.0,0.0,0.0,0.0,1.0,4.0,35.0,1.0,1.0,2.0,1.0,0.0,1.0,13.0,99.0,1.0,4.0,101.0,29.0,2.0,1.0,0.0,202304752461.0,30.0,5.0,2.0,0.0,1.0,1.0,4.0,20.0,1.0,0.0,1.0,20.0,0.0,63.0,1.0,0.0
290621,1,98,96.0,0.0,1.0,6001.0,572.0,29.0,510.0,12.0,12.0,2.0,31.0,1.0,1.0,4.0,99.0,7.0,20.0,0.0,9.0,150.0,7.0,29.0,2.0,12.0,1.0,0.0,1ZVFT80N5552,2005.0,460.0,1781.0,3.0,12.0,Ford,3.0,2.0,1.0,0.0,0.0,998.0,0.0,0.0,0.0,12.0,6.0,12.0,0.0,1.0,1.0,29.0,63103.0,1.0,6.0,3.0,Valid license for this class vehicle,0.0,71.0,160.0,0.0,0.0,0.0,0.0,No Record,0.0,0.0,0.0,3.0,1.0,5.0,25.0,1.0,1.0,2.0,1.0,20.0,1.0,17.0,99.0,1.0,1.0,503.0,29.0,2.0,1.0,0.0,202304938212.0,12.0,4.0,4.0,0.0,2.0,1.0,2.0,19.0,2.0,0.0,1.0,20.0,0.0,12.0,2.0,0.0
290626,2,98,96.0,0.0,1.0,0.0,-99.0,29.0,189.0,12.0,59.0,4.0,73.0,2.0,1.0,3.0,3.0,0.0,1.0,0.0,0.0,996.0,0.0,29.0,2.0,12.0,3.0,0.0,JTHBF5C21B51,2011.0,515.0,2184.0,13.0,59.0,Lexus,35.0,4.0,1.0,0.0,0.0,16.0,0.0,0.0,0.0,3.0,6.0,12.0,0.0,0.0,1.0,29.0,63118.0,1.0,6.0,3.0,Valid license for this class vehicle,3.0,66.0,145.0,0.0,0.0,0.0,0.0,No Record,0.0,0.0,0.0,0.0,2.0,3.0,35.0,1.0,1.0,1.0,1.0,3.0,11.0,15.0,99.0,1.0,1.0,401.0,29.0,0.0,1.0,0.0,202305411005.0,12.0,4.0,11.0,0.0,1.0,1.0,4.0,43.0,2.0,0.0,1.0,20.0,0.0,59.0,2.0,0.0
290628,1,98,96.0,0.0,1.0,5060.0,-99.0,29.0,189.0,53.0,59.0,4.0,73.0,2.0,1.0,4.0,20.0,7.0,1.0,0.0,9.0,0.0,7.0,29.0,1.0,53.0,1.0,0.0,JTHBJ46G6822,2008.0,515.0,2475.0,13.0,59.0,Lexus,31.0,4.0,1.0,0.0,0.0,76.0,7.0,0.0,0.0,98.0,6.0,19.0,0.0,0.0,1.0,29.0,63116.0,1.0,6.0,3.0,Valid license for this class vehicle,3.0,65.0,140.0,0.0,0.0,0.0,6.0,June,2021.0,6.0,2021.0,3.0,1.0,4.0,40.0,2.0,6.0,2.0,2.0,0.0,1.0,12.0,1.0,1.0,4.0,102.0,29.0,1.0,1.0,0.0,202304800274.0,12.0,7.0,3.0,0.0,1.0,1.0,4.0,79.0,1.0,0.0,1.0,20.0,0.0,59.0,2.0,0.0
290631,1,98,96.0,0.0,1.0,5060.0,-99.0,29.0,77.0,1.0,49.0,4.0,23.0,2.0,1.0,0.0,3.0,0.0,20.0,0.0,0.0,0.0,0.0,29.0,2.0,1.0,1.0,0.0,4T1BF12B9VU1,1997.0,448.0,2465.0,13.0,49.0,Toyota,43.0,4.0,1.0,0.0,0.0,998.0,7.0,0.0,0.0,3.0,6.0,12.0,0.0,0.0,1.0,29.0,65807.0,1.0,6.0,3.0,Valid license for this class vehicle,0.0,61.0,130.0,0.0,0.0,0.0,0.0,No Record,0.0,0.0,0.0,0.0,1.0,5.0,40.0,1.0,1.0,2.0,1.0,3.0,11.0,15.0,99.0,1.0,1.0,998.0,29.0,0.0,1.0,0.0,202304886807.0,14.0,1.0,1.0,0.0,5.0,1.0,4.0,50.0,2.0,0.0,1.0,20.0,0.0,49.0,1.0,2.0
290642,1,96,96.0,39.0,1.0,0.0,-99.0,29.0,225.0,12.0,2.0,14.0,81.0,1.0,1.0,4.0,20.0,7.0,20.0,0.0,0.0,996.0,7.0,29.0,2.0,12.0,1.0,0.0,ZACNJDBB9MPN,2021.0,483.0,6160.0,7.0,2.0,Jeep / Kaiser-Jeep / Willys- Jeep,408.0,14.0,1.0,0.0,0.0,34.0,8.0,0.0,0.0,12.0,6.0,12.0,1.0,0.0,1.0,29.0,65738.0,1.0,6.0,3.0,Valid license for this class vehicle,0.0,72.0,165.0,0.0,0.0,0.0,3.0,March,2022.0,3.0,2022.0,0.0,2.0,2.0,65.0,4.0,1.0,2.0,1.0,3.0,14.0,17.0,16.0,1.0,1.0,503.0,29.0,1.0,1.0,0.0,202304664881.0,12.0,1.0,1.0,2.0,1.0,1.0,14.0,26.0,2.0,0.0,1.0,20.0,0.0,2.0,2.0,98.0
290644,1,98,96.0,0.0,1.0,9999.0,-99.0,29.0,145.0,53.0,49.0,4.0,77.0,2.0,1.0,4.0,3.0,0.0,8.0,0.0,0.0,995.0,7.0,29.0,1.0,53.0,1.0,0.0,5YFB4MDE7PP0,2023.0,448.0,2208.0,13.0,49.0,Toyota,32.0,4.0,1.0,0.0,0.0,998.0,7.0,3.0,5.0,1.0,6.0,1.0,0.0,0.0,1.0,29.0,64850.0,1.0,6.0,3.0,Valid license for this class vehicle,3.0,63.0,204.0,0.0,0.0,0.0,0.0,No Record,0.0,0.0,0.0,0.0,1.0,8.0,45.0,1.0,6.0,2.0,1.0,0.0,1.0,13.0,99.0,1.0,4.0,101.0,29.0,1.0,1.0,0.0,202305361698.0,12.0,6.0,8.0,0.0,1.0,1.0,4.0,27.0,1.0,0.0,1.0,20.0,0.0,49.0,1.0,0.0
290653,1,98,96.0,58.0,1.0,3019.0,53.0,29.0,183.0,24.0,73.0,80.0,25.0,1.0,1.0,4.0,20.0,7.0,20.0,8.0,9.0,123.0,7.0,29.0,1.0,24.0,1.0,0.0,JKBZXJE1XDA0,2013.0,510.0,3173.0,80.0,73.0,Kawasaki,705.0,80.0,1.0,0.0,0.0,998.0,7.0,8.0,8.0,81.0,6.0,33.0,0.0,1.0,1.0,12.0,32539.0,1.0,6.0,3.0,Valid license for this class vehicle,0.0,67.0,999.0,0.0,0.0,1.0,3.0,March,2023.0,3.0,2023.0,0.0,1.0,2.0,35.0,2.0,5.0,2.0,1.0,0.0,14.0,13.0,99.0,1.0,4.0,101.0,29.0,1.0,1.0,0.0,202305151750.0,12.0,5.0,5.0,2.0,1.0,1.0,80.0,20.0,1.0,0.0,1.0,20.0,8.0,73.0,2.0,0.0
290660,1,98,96.0,39.0,1.0,9999.0,-99.0,29.0,510.0,12.0,20.0,4.0,36.0,1.0,1.0,3.0,99.0,7.0,8.0,0.0,9.0,995.0,0.0,29.0,5.0,12.0,1.0,0.0,1G1BC5SM6K71,2019.0,467.0,1832.0,13.0,20.0,Chevrolet,25.0,4.0,1.0,0.0,0.0,998.0,0.0,0.0,0.0,12.0,6.0,12.0,0.0,0.0,1.0,29.0,63136.0,0.0,0.0,0.0,Not licensed,0.0,71.0,205.0,0.0,0.0,0.0,12.0,December,2018.0,2.0,2020.0,3.0,1.0,2.0,35.0,1.0,1.0,2.0,1.0,3.0,1.0,50.0,99.0,1.0,1.0,202.0,29.0,0.0,1.0,0.0,202304853389.0,12.0,6.0,4.0,2.0,10.0,1.0,4.0,87.0,1.0,2.0,1.0,9.0,0.0,20.0,2.0,0.0
290662,1,98,96.0,28.0,1.0,5063.0,3.7,29.0,510.0,14.0,49.0,4.0,22.0,2.0,1.0,4.0,20.0,7.0,1.0,2.0,9.0,148.0,7.0,29.0,1.0,14.0,2.0,0.0,1NXBR32EX5Z4,2005.0,448.0,2208.0,13.0,49.0,Toyota,32.0,4.0,1.0,0.0,0.0,998.0,0.0,0.0,0.0,82.0,6.0,19.0,0.0,1.0,1.0,29.0,63119.0,1.0,6.0,3.0,Valid license for this class vehicle,3.0,65.0,135.0,0.0,0.0,0.0,3.0,March,2023.0,3.0,2023.0,3.0,5.0,5.0,35.0,3.0,1.0,2.0,1.0,0.0,14.0,11.0,99.0,1.0,4.0,103.0,29.0,2.0,1.0,0.0,202304795383.0,12.0,2.0,3.0,0.0,10.0,1.0,4.0,58.0,2.0,0.0,1.0,20.0,0.0,49.0,1.0,0.0
290666,1,98,96.0,51.0,1.0,1.0,-99.0,29.0,95.0,12.0,41.0,6.0,32.0,2.0,1.0,4.0,20.0,7.0,20.0,0.0,0.0,0.0,7.0,29.0,2.0,12.0,1.0,0.0,JM1CR2W35A03,2010.0,473.0,2075.0,15.0,41.0,Mazda,52.0,6.0,1.0,0.0,0.0,104.0,0.0,0.0,0.0,12.0,6.0,12.0,0.0,0.0,1.0,29.0,64127.0,1.0,6.0,3.0,Valid license for this class vehicle,0.0,69.0,283.0,0.0,0.0,1.0,2.0,February,2023.0,8.0,2023.0,3.0,1.0,4.0,35.0,1.0,8.0,2.0,1.0,0.0,1.0,54.0,99.0,1.0,2.0,303.0,29.0,2.0,1.0,0.0,202305102461.0,12.0,1.0,7.0,1.0,2.0,1.0,6.0,35.0,1.0,1.0,1.0,1.0,0.0,41.0,1.0,9.0
290666,2,98,96.0,0.0,1.0,0.0,-99.0,29.0,95.0,12.0,49.0,20.0,32.0,1.0,1.0,2.0,3.0,0.0,8.0,0.0,0.0,0.0,0.0,29.0,2.0,12.0,5.0,0.0,5TDZK3DC9ES4,2014.0,448.0,2468.0,2.0,49.0,Toyota,442.0,20.0,1.0,0.0,0.0,40.0,0.0,0.0,0.0,12.0,6.0,12.0,0.0,0.0,1.0,29.0,64114.0,1.0,6.0,3.0,Valid license for this class vehicle,0.0,67.0,165.0,0.0,0.0,0.0,0.0,No Record,0.0,0.0,0.0,0.0,1.0,4.0,35.0,1.0,8.0,2.0,1.0,0.0,1.0,54.0,9.0,1.0,1.0,303.0,29.0,0.0,1.0,0.0,202304710435.0,12.0,1.0,1.0,1.0,1.0,1.0,20.0,38.0,1.0,0.0,1.0,9.0,0.0,49.0,2.0,0.0
290673,1,1,96.0,0.0,1.0,1.0,-99.0,29.0,213.0,33.0,12.0,34.0,75.0,1.0,1.0,4.0,20.0,7.0,8.0,0.0,9.0,192.0,7.0,29.0,1.0,33.0,1.0,0.0,1FTEW1EGXHKC,2017.0,460.0,1801.0,60.0,12.0,Ford,481.0,34.0,1.0,0.0,0.0,998.0,7.0,3.0,5.0,12.0,6.0,1.0,0.0,1.0,1.0,19.0,51060.0,1.0,6.0,3.0,Valid license for this class vehicle,0.0,70.0,208.0,0.0,0.0,0.0,0.0,No Record,0.0,0.0,0.0,0.0,2.0,3.0,25.0,2.0,8.0,2.0,1.0,0.0,14.0,8.0,99.0,1.0,4.0,101.0,29.0,1.0,1.0,0.0,202305273551.0,12.0,6.0,9.0,2.0,1.0,1.0,34.0,40.0,1.0,0.0,1.0,20.0,0.0,12.0,1.0,98.0
290675,1,98,96.0,0.0,1.0,0.0,-99.0,29.0,91.0,59.0,49.0,4.0,93.0,2.0,1.0,4.0,20.0,7.0,1.0,0.0,0.0,996.0,7.0,29.0,1.0,59.0,1.0,0.0,1NXBU4EE7AZ3,2010.0,448.0,2208.0,13.0,49.0,Toyota,32.0,4.0,1.0,0.0,0.0,998.0,7.0,0.0,0.0,12.0,6.0,42.0,0.0,0.0,1.0,29.0,65548.0,1.0,6.0,3.0,Valid license for this class vehicle,0.0,62.0,140.0,0.0,0.0,0.0,0.0,No Record,0.0,0.0,0.0,0.0,1.0,4.0,55.0,2.0,6.0,2.0,1.0,0.0,1.0,12.0,99.0,1.0,4.0,102.0,29.0,1.0,1.0,0.0,202304863297.0,12.0,7.0,1.0,0.0,1.0,1.0,4.0,56.0,1.0,0.0,1.0,1.0,0.0,49.0,1.0,0.0
290683,1,98,96.0,28.0,1.0,0.0,-99.0,29.0,169.0,12.0,20.0,34.0,40.0,1.0,1.0,3.0,20.0,7.0,8.0,0.0,0.0,0.0,0.0,29.0,2.0,12.0,1.0,0.0,3GCUKSEC9EG2,2014.0,467.0,1850.0,60.0,20.0,Chevrolet,481.0,34.0,1.0,0.0,0.0,53.0,0.0,0.0,0.0,12.0,6.0,12.0,0.0,0.0,1.0,29.0,65584.0,1.0,6.0,3.0,Valid license for this class vehicle,0.0,68.0,172.0,0.0,0.0,0.0,0.0,No Record,0.0,0.0,0.0,9.0,1.0,2.0,55.0,3.0,5.0,2.0,1.0,0.0,14.0,10.0,16.0,1.0,4.0,301.0,29.0,0.0,1.0,0.0,202305497031.0,32.0,4.0,12.0,2.0,1.0,1.0,34.0,23.0,1.0,2.0,1.0,20.0,0.0,20.0,1.0,98.0