ST_CASE,VEH_NO_x,DRIMPAIR_x,DRDISTRACT,DRIVERRF,PER_NO_x,DRUGRES,DRUGACTQTY,STATE_x,COUNTY,HARM_EV_x,MAKE_x,BODY_TYP_x,AGE,SEX,PER_TYP_x,INJ_SEV,REST_USE,REST_MIS,AIR_BAG_x,EJECTION,DRINKING,ALC_RES,HISPANIC,STATE_y,VE_FORMS,HARM_EV_y,NUMOCCS,HIT_RUN,VIN,MOD_YEAR,VPICMAKE,VPICMODEL,VPICBODYCLASS,MAKE_y,MAKENAME,MODEL,BODY_TYP_y,HAZ_INV,HAZ_PLAC,HAZ_ID,TRAV_SP,UNDEROVERRIDE,ROLLOVER,ROLINLOC,IMPACT1,DEFORMED,M_HARM,FIRE_EXP,DR_DRINK,DR_PRES,L_STATE,DR_ZIP,L_TYPE,L_STATUS,L_COMPL,L_COMPLNAME,L_RESTRI,DR_HGT,DR_WGT,PREV_DWI,PREV_SPD,PREV_OTH,FIRST_MO,FIRST_MONAME,FIRST_YR,LAST_MO,LAST_YR,SPEEDREL,VTRAFWAY,VNUM_LAN,VSPD_LIM,VALIGN,VPROFILE,VPAVETYP,VSURCOND,VTRAFCON,P_CRASH1,P_CRASH2,P_CRASH3,PCRASH4,PCRASH5,ACC_CONFIG,STATE,RACE,ORDER,MULTRACE,CASENUM,HARM_EV,DAY_WEEK,MONTH,MAXSEV_IM,WEATHR_IM,PER_NO_y,BODY_TYP,AGE_IM,SEX_IM,INJSEV_IM,PER_TYP_y,AIR_BAG_y,EJECT_IM,MAKE,VEH_NO_y,DRIMPAIR_y
290689,1,98,12.0,26.0,1.0,0.0,-99.0,29.0,71.0,12.0,6.0,20.0,65.0,1.0,1.0,2.0,3.0,0.0,8.0,0.0,0.0,0.0,0.0,29.0,2.0,12.0,1.0,0.0,2C4RC1BG0CR3,2012.0,477.0,1936.0,2.0,6.0,Chrysler,441.0,20.0,1.0,0.0,0.0,50.0,7.0,0.0,0.0,12.0,6.0,12.0,0.0,0.0,1.0,29.0,63068.0,1.0,6.0,3.0,Valid license for this class vehicle,0.0,66.0,190.0,0.0,0.0,0.0,0.0,No Record,0.0,0.0,0.0,0.0,1.0,2.0,55.0,1.0,3.0,2.0,1.0,0.0,1.0,52.0,16.0,1.0,1.0,202.0,29.0,0.0,1.0,0.0,202305086392.0,12.0,5.0,7.0,0.0,1.0,1.0,20.0,47.0,2.0,0.0,1.0,20.0,0.0,6.0,1.0,0.0
290714,1,98,96.0,0.0,1.0,9995.0,-99.0,29.0,510.0,30.0,37.0,2.0,20.0,2.0,1.0,4.0,99.0,7.0,20.0,9.0,9.0,132.0,2.0,29.0,1.0,30.0,2.0,0.0,2HGFG12879H5,2009.0,474.0,1863.0,3.0,37.0,Honda,31.0,2.0,1.0,0.0,0.0,998.0,7.0,0.0,0.0,3.0,6.0,30.0,0.0,1.0,1.0,29.0,63116.0,0.0,0.0,0.0,Not licensed,0.0,999.0,999.0,0.0,0.0,0.0,0.0,No Record,0.0,0.0,0.0,3.0,1.0,6.0,35.0,4.0,6.0,2.0,1.0,0.0,14.0,12.0,99.0,1.0,4.0,102.0,29.0,1.0,1.0,0.0,202304866262.0,12.0,6.0,4.0,0.0,1.0,1.0,2.0,52.0,2.0,0.0,1.0,20.0,0.0,37.0,2.0,0.0
290727,1,98,96.0,0.0,1.0,9999.0,-99.0,29.0,189.0,25.0,20.0,34.0,78.0,1.0,1.0,4.0,3.0,0.0,8.0,0.0,0.0,995.0,7.0,29.0,1.0,25.0,1.0,0.0,1GCCS19W1YK2,2000.0,467.0,11483.0,60.0,20.0,Chevrolet,471.0,34.0,1.0,0.0,0.0,998.0,7.0,0.0,0.0,12.0,6.0,25.0,0.0,0.0,1.0,29.0,63125.0,1.0,6.0,3.0,Valid license for this class vehicle,0.0,67.0,160.0,0.0,0.0,0.0,0.0,No Record,0.0,0.0,0.0,0.0,3.0,4.0,50.0,2.0,1.0,1.0,1.0,0.0,14.0,13.0,99.0,1.0,4.0,101.0,29.0,1.0,1.0,0.0,202305347055.0,42.0,6.0,9.0,0.0,1.0,1.0,34.0,59.0,1.0,0.0,1.0,20.0,0.0,20.0,1.0,98.0
290737,1,98,96.0,0.0,1.0,1.0,-99.0,29.0,143.0,12.0,35.0,4.0,23.0,1.0,1.0,4.0,3.0,0.0,8.0,0.0,9.0,0.0,7.0,29.0,2.0,12.0,1.0,0.0,1N4AL2AP6CN5,2012.0,478.0,1904.0,13.0,35.0,Nissan/Datsun,47.0,4.0,1.0,0.0,0.0,60.0,8.0,0.0,0.0,11.0,6.0,12.0,0.0,0.0,1.0,29.0,63863.0,1.0,6.0,3.0,Valid license for this class vehicle,0.0,74.0,315.0,0.0,0.0,0.0,0.0,No Record,0.0,0.0,0.0,0.0,2.0,2.0,65.0,1.0,1.0,1.0,1.0,4.0,1.0,66.0,1.0,1.0,1.0,504.0,29.0,1.0,1.0,0.0,202305270212.0,12.0,3.0,8.0,4.0,1.0,1.0,4.0,18.0,1.0,0.0,1.0,1.0,0.0,35.0,1.0,9.0
290749,1,98,96.0,38.0,1.0,0.0,-99.0,29.0,153.0,12.0,20.0,4.0,85.0,2.0,1.0,4.0,20.0,7.0,20.0,0.0,0.0,996.0,7.0,29.0,2.0,12.0,1.0,0.0,2G1WT58K1791,2007.0,467.0,1833.0,13.0,20.0,Chevrolet,2.0,4.0,1.0,0.0,0.0,12.0,0.0,0.0,0.0,12.0,6.0,12.0,0.0,0.0,1.0,29.0,65655.0,1.0,6.0,3.0,Valid license for this class vehicle,3.0,65.0,132.0,0.0,0.0,0.0,0.0,No Record,0.0,0.0,0.0,0.0,1.0,2.0,50.0,1.0,8.0,8.0,1.0,20.0,4.0,17.0,99.0,1.0,1.0,503.0,29.0,1.0,1.0,0.0,202305394687.0,12.0,4.0,10.0,0.0,10.0,1.0,4.0,41.0,2.0,0.0,1.0,98.0,0.0,20.0,1.0,98.0
290751,1,98,96.0,0.0,1.0,2102.0,2933.0,29.0,510.0,33.0,99.0,95.0,37.0,1.0,1.0,4.0,20.0,7.0,20.0,1.0,9.0,0.0,7.0,29.0,1.0,33.0,1.0,0.0,0,9999.0,99999.0,99999.0,124.0,99.0,Unknown Make,998.0,95.0,1.0,0.0,0.0,998.0,7.0,3.0,5.0,98.0,0.0,1.0,0.0,0.0,1.0,29.0,63104.0,1.0,1.0,2.0,No valid license for this class vehicle,0.0,71.0,200.0,0.0,0.0,0.0,2.0,February,2022.0,10.0,2023.0,9.0,3.0,2.0,35.0,1.0,1.0,1.0,1.0,0.0,1.0,13.0,99.0,1.0,4.0,101.0,29.0,1.0,1.0,0.0,202304636966.0,43.0,1.0,1.0,2.0,1.0,1.0,83.0,49.0,1.0,2.0,1.0,20.0,8.0,73.0,1.0,98.0
290766,1,98,96.0,26.0,1.0,9995.0,-99.0,29.0,149.0,12.0,12.0,14.0,32.0,1.0,1.0,3.0,3.0,0.0,8.0,0.0,0.0,0.0,0.0,29.0,3.0,12.0,1.0,0.0,1FM5K8AR7HGC,2017.0,460.0,1800.0,7.0,12.0,Ford,401.0,14.0,1.0,0.0,0.0,75.0,8.0,0.0,0.0,12.0,6.0,12.0,0.0,0.0,1.0,29.0,65791.0,1.0,6.0,3.0,Valid license for this class vehicle,0.0,73.0,245.0,0.0,0.0,0.0,0.0,No Record,0.0,0.0,0.0,3.0,1.0,3.0,65.0,1.0,1.0,2.0,1.0,0.0,1.0,50.0,1.0,1.0,1.0,202.0,29.0,0.0,1.0,0.0,202304718377.0,18.0,7.0,1.0,0.0,5.0,1.0,14.0,40.0,1.0,0.0,1.0,20.0,0.0,12.0,1.0,98.0
290770,1,98,96.0,0.0,1.0,1.0,-99.0,29.0,95.0,42.0,35.0,34.0,78.0,1.0,1.0,4.0,20.0,7.0,8.0,0.0,9.0,0.0,7.0,29.0,1.0,42.0,1.0,0.0,1N6AD0EV4KN7,2019.0,478.0,1919.0,60.0,35.0,Nissan/Datsun,472.0,34.0,1.0,0.0,0.0,998.0,7.0,0.0,0.0,12.0,6.0,42.0,0.0,0.0,1.0,20.0,66030.0,1.0,6.0,3.0,Valid license for this class vehicle,3.0,71.0,225.0,0.0,0.0,1.0,7.0,July,2023.0,7.0,2023.0,0.0,1.0,2.0,35.0,1.0,1.0,2.0,2.0,0.0,1.0,13.0,99.0,1.0,4.0,101.0,29.0,1.0,1.0,0.0,202304892681.0,30.0,5.0,4.0,0.0,10.0,1.0,34.0,46.0,2.0,0.0,1.0,20.0,0.0,35.0,1.0,9.0
290773,1,2,96.0,26.0,1.0,1123.0,-99.0,29.0,189.0,12.0,37.0,20.0,54.0,2.0,1.0,4.0,20.0,7.0,8.0,0.0,9.0,0.0,7.0,29.0,2.0,12.0,2.0,0.0,5FNRL38458B0,2008.0,474.0,1869.0,2.0,37.0,Honda,441.0,20.0,1.0,0.0,0.0,68.0,1.0,0.0,0.0,12.0,6.0,14.0,0.0,0.0,1.0,29.0,63368.0,1.0,6.0,3.0,Valid license for this class vehicle,0.0,63.0,300.0,0.0,0.0,0.0,11.0,November,2021.0,11.0,2021.0,0.0,3.0,5.0,60.0,1.0,1.0,2.0,2.0,0.0,1.0,51.0,1.0,1.0,1.0,202.0,29.0,1.0,1.0,0.0,202305234427.0,12.0,1.0,9.0,3.0,1.0,1.0,20.0,84.0,2.0,0.0,1.0,20.0,0.0,37.0,1.0,0.0
290808,1,99,96.0,0.0,1.0,3026.0,-99.0,29.0,195.0,57.0,55.0,4.0,18.0,1.0,1.0,4.0,20.0,7.0,8.0,1.0,9.0,238.0,7.0,29.0,3.0,57.0,1.0,0.0,5NPEB4AC5BH2,2011.0,498.0,2459.0,13.0,55.0,Hyundai,33.0,4.0,1.0,0.0,0.0,999.0,8.0,0.0,0.0,12.0,6.0,12.0,1.0,1.0,1.0,20.0,66048.0,1.0,6.0,3.0,Valid license for this class vehicle,0.0,68.0,140.0,0.0,0.0,0.0,11.0,November,2023.0,11.0,2023.0,9.0,3.0,2.0,70.0,1.0,1.0,2.0,1.0,0.0,1.0,12.0,7.0,1.0,4.0,102.0,29.0,1.0,1.0,0.0,202305256761.0,14.0,6.0,9.0,0.0,1.0,1.0,4.0,69.0,1.0,0.0,1.0,20.0,0.0,55.0,1.0,0.0
290838,1,98,96.0,39.0,1.0,5060.0,5.1,29.0,95.0,12.0,13.0,6.0,31.0,2.0,1.0,4.0,20.0,7.0,8.0,0.0,1.0,191.0,7.0,29.0,2.0,12.0,1.0,0.0,2LMDU88C98BJ,2008.0,464.0,1813.0,7.0,13.0,Lincoln,14.0,6.0,1.0,0.0,0.0,102.0,0.0,0.0,0.0,12.0,6.0,12.0,0.0,1.0,1.0,29.0,64109.0,0.0,0.0,0.0,Not licensed,0.0,66.0,145.0,0.0,0.0,0.0,11.0,November,2020.0,8.0,2022.0,3.0,2.0,3.0,35.0,1.0,6.0,2.0,2.0,3.0,1.0,17.0,99.0,1.0,1.0,503.0,29.0,2.0,1.0,0.0,202305666026.0,11.0,2.0,8.0,0.0,1.0,1.0,6.0,71.0,1.0,0.0,1.0,20.0,0.0,13.0,1.0,0.0
290841,1,98,96.0,39.0,1.0,9999.0,-99.0,29.0,207.0,42.0,12.0,34.0,30.0,1.0,1.0,4.0,20.0,7.0,8.0,0.0,1.0,995.0,7.0,29.0,1.0,42.0,1.0,0.0,1FT7W2BT6CEB,2012.0,460.0,1805.0,60.0,12.0,Ford,481.0,34.0,1.0,0.0,0.0,998.0,7.0,0.0,0.0,12.0,6.0,42.0,0.0,1.0,1.0,29.0,63960.0,1.0,6.0,3.0,Valid license for this class vehicle,0.0,77.0,200.0,0.0,0.0,0.0,0.0,No Record,0.0,0.0,0.0,4.0,1.0,2.0,55.0,1.0,1.0,8.0,1.0,20.0,1.0,14.0,1.0,1.0,4.0,103.0,29.0,1.0,1.0,0.0,202305405893.0,12.0,4.0,9.0,0.0,1.0,1.0,34.0,42.0,1.0,0.0,1.0,20.0,0.0,12.0,1.0,0.0
290846,2,98,96.0,73.0,1.0,5060.0,0.9,29.0,95.0,12.0,37.0,4.0,19.0,1.0,1.0,4.0,20.0,7.0,8.0,0.0,9.0,0.0,2.0,29.0,2.0,12.0,1.0,0.0,1HGCM568X7A0,2007.0,474.0,1861.0,13.0,37.0,Honda,32.0,4.0,1.0,0.0,0.0,55.0,0.0,0.0,0.0,3.0,6.0,12.0,0.0,0.0,1.0,29.0,64050.0,2.0,6.0,3.0,Valid license for this class vehicle,2.0,69.0,210.0,0.0,0.0,0.0,0.0,No Record,0.0,0.0,0.0,4.0,2.0,2.0,55.0,2.0,6.0,2.0,1.0,0.0,15.0,6.0,99.0,4.0,4.0,301.0,29.0,1.0,1.0,0.0,202305496498.0,12.0,4.0,8.0,2.0,1.0,1.0,4.0,53.0,1.0,0.0,1.0,20.0,0.0,37.0,2.0,98.0
290849,2,98,96.0,0.0,1.0,1.0,-99.0,29.0,95.0,12.0,35.0,4.0,43.0,1.0,1.0,4.0,20.0,7.0,3.0,0.0,0.0,0.0,2.0,29.0,2.0,12.0,1.0,0.0,3N1AB7AP5EL6,2014.0,478.0,1907.0,13.0,35.0,Nissan/Datsun,43.0,4.0,1.0,0.0,0.0,64.0,8.0,0.0,0.0,12.0,6.0,12.0,0.0,0.0,1.0,29.0,64152.0,1.0,6.0,3.0,Valid license for this class vehicle,0.0,999.0,999.0,0.0,0.0,0.0,0.0,No Record,0.0,0.0,0.0,0.0,3.0,4.0,55.0,1.0,1.0,1.0,1.0,0.0,1.0,54.0,99.0,1.0,1.0,303.0,29.0,1.0,1.0,0.0,202305165411.0,9.0,7.0,7.0,2.0,1.0,1.0,4.0,67.0,1.0,0.0,1.0,20.0,0.0,35.0,1.0,0.0
290856,1,98,96.0,0.0,1.0,3053.0,621.0,29.0,13.0,42.0,24.0,4.0,44.0,1.0,1.0,4.0,20.0,7.0,20.0,0.0,0.0,0.0,7.0,29.0,1.0,42.0,1.0,0.0,1G8AJ55F46Z1,2006.0,1056.0,4781.0,13.0,24.0,Saturn,7.0,4.0,1.0,0.0,0.0,998.0,7.0,0.0,0.0,9.0,6.0,42.0,0.0,0.0,1.0,29.0,64720.0,1.0,6.0,3.0,Valid license for this class vehicle,0.0,66.0,250.0,0.0,1.0,0.0,3.0,March,2021.0,3.0,2021.0,4.0,1.0,2.0,55.0,2.0,6.0,2.0,2.0,0.0,14.0,12.0,99.0,3.0,4.0,102.0,29.0,1.0,1.0,0.0,202304769252.0,12.0,3.0,2.0,0.0,10.0,1.0,4.0,42.0,2.0,0.0,1.0,20.0,0.0,24.0,2.0,0.0
290864,1,98,96.0,26.0,1.0,9995.0,-99.0,29.0,95.0,12.0,30.0,4.0,27.0,1.0,1.0,4.0,20.0,7.0,8.0,1.0,1.0,219.0,2.0,29.0,2.0,12.0,1.0,0.0,3VWE57BU1KM0,2019.0,482.0,3137.0,13.0,30.0,Volkswagen,40.0,4.0,1.0,0.0,0.0,104.0,0.0,3.0,1.0,12.0,6.0,1.0,0.0,1.0,1.0,29.0,64056.0,1.0,6.0,3.0,Valid license for this class vehicle,0.0,74.0,220.0,0.0,0.0,0.0,0.0,No Record,0.0,0.0,0.0,3.0,3.0,3.0,55.0,1.0,1.0,2.0,2.0,0.0,1.0,51.0,8.0,1.0,2.0,202.0,29.0,1.0,1.0,0.0,202305335928.0,12.0,3.0,9.0,0.0,10.0,1.0,4.0,33.0,2.0,0.0,1.0,20.0,0.0,30.0,1.0,0.0
290864,2,98,96.0,0.0,1.0,0.0,-99.0,29.0,95.0,12.0,2.0,14.0,30.0,2.0,1.0,1.0,3.0,0.0,20.0,0.0,0.0,0.0,0.0,29.0,2.0,12.0,1.0,0.0,1J8GR48K08C1,2008.0,483.0,1949.0,7.0,2.0,Jeep / Kaiser-Jeep / Willys- Jeep,404.0,14.0,1.0,0.0,0.0,998.0,0.0,0.0,0.0,6.0,6.0,12.0,0.0,0.0,1.0,29.0,64130.0,1.0,6.0,3.0,Valid license for this class vehicle,3.0,62.0,165.0,0.0,0.0,0.0,0.0,No Record,0.0,0.0,0.0,0.0,3.0,3.0,55.0,1.0,1.0,2.0,2.0,0.0,1.0,53.0,98.0,1.0,1.0,201.0,29.0,0.0,1.0,0.0,202305365082.0,34.0,3.0,10.0,2.0,1.0,1.0,14.0,17.0,1.0,2.0,1.0,9.0,0.0,2.0,1.0,0.0
290866,1,98,96.0,0.0,1.0,9995.0,-99.0,29.0,77.0,12.0,6.0,20.0,49.0,2.0,1.0,0.0,3.0,0.0,20.0,0.0,0.0,0.0,0.0,29.0,2.0,12.0,2.0,0.0,2A4RR5D13AR1,2010.0,477.0,1936.0,2.0,6.0,Chrysler,441.0,20.0,1.0,0.0,0.0,998.0,7.0,0.0,0.0,11.0,7.0,12.0,0.0,0.0,1.0,29.0,65648.0,1.0,6.0,3.0,Valid license for this class vehicle,0.0,62.0,197.0,0.0,0.0,0.0,0.0,No Record,0.0,0.0,0.0,0.0,1.0,5.0,40.0,1.0,1.0,2.0,1.0,3.0,1.0,66.0,16.0,1.0,1.0,504.0,29.0,0.0,1.0,0.0,202304669066.0,52.0,3.0,1.0,4.0,1.0,1.0,20.0,61.0,1.0,4.0,1.0,1.0,0.0,6.0,2.0,99.0
290868,1,98,96.0,0.0,1.0,0.0,-99.0,29.0,77.0,12.0,35.0,34.0,90.0,1.0,1.0,4.0,3.0,0.0,8.0,0.0,0.0,996.0,7.0,29.0,2.0,12.0,2.0,0.0,1N6AD0ER8GN7,2016.0,478.0,1919.0,60.0,35.0,Nissan/Datsun,472.0,34.0,1.0,0.0,0.0,998.0,8.0,0.0,0.0,12.0,6.0,12.0,0.0,0.0,1.0,29.0,65802.0,1.0,6.0,3.0,Valid license for this class vehicle,3.0,74.0,200.0,0.0,0.0,0.0,0.0,No Record,0.0,0.0,0.0,0.0,1.0,3.0,35.0,1.0,1.0,2.0,1.0,0.0,11.0,15.0,99.0,1.0,1.0,401.0,29.0,1.0,1.0,0.0,202305323151.0,12.0,6.0,10.0,0.0,1.0,1.0,34.0,73.0,1.0,0.0,1.0,20.0,0.0,35.0,2.0,0.0
290869,1,98,96.0,28.0,1.0,5060.0,33.2,29.0,95.0,12.0,7.0,34.0,29.0,2.0,1.0,4.0,20.0,7.0,20.0,1.0,9.0,0.0,7.0,29.0,2.0,12.0,2.0,0.0,1D7HU18237S2,2007.0,476.0,1938.0,60.0,7.0,Dodge,482.0,34.0,1.0,0.0,0.0,998.0,8.0,3.0,3.0,7.0,6.0,1.0,0.0,0.0,1.0,27.0,64014.0,1.0,2.0,2.0,No valid license for this class vehicle,0.0,66.0,215.0,0.0,0.0,0.0,0.0,No Record,0.0,0.0,0.0,0.0,2.0,3.0,55.0,4.0,6.0,1.0,1.0,0.0,15.0,10.0,99.0,1.0,2.0,208.0,29.0,99.0,1.0,0.0,202305348900.0,8.0,3.0,10.0,2.0,1.0,1.0,34.0,35.0,1.0,0.0,1.0,20.0,0.0,7.0,1.0,98.0
290873,1,98,96.0,0.0,1.0,9999.0,-99.0,29.0,155.0,12.0,85.0,66.0,51.0,1.0,1.0,9.0,99.0,7.0,20.0,0.0,9.0,995.0,0.0,29.0,2.0,12.0,1.0,0.0,1XKYD49X7PJ2,2023.0,532.0,2733.0,66.0,85.0,Kenworth,881.0,66.0,1.0,0.0,0.0,72.0,8.0,0.0,0.0,12.0,6.0,12.0,0.0,0.0,1.0,26.0,48235.0,1.0,6.0,3.0,Valid license for this class vehicle,0.0,75.0,298.0,0.0,0.0,0.0,0.0,No Record,0.0,0.0,0.0,0.0,3.0,2.0,70.0,1.0,1.0,2.0,1.0,0.0,1.0,51.0,1.0,1.0,1.0,202.0,29.0,0.0,1.0,0.0,202304831684.0,1.0,5.0,3.0,0.0,7.0,1.0,66.0,40.0,2.0,0.0,1.0,20.0,0.0,85.0,1.0,98.0
290880,1,98,96.0,50.0,1.0,0.0,-99.0,29.0,95.0,12.0,55.0,4.0,17.0,1.0,1.0,2.0,20.0,7.0,8.0,0.0,0.0,996.0,0.0,29.0,2.0,12.0,3.0,0.0,5NPE24AFXFH1,2015.0,498.0,2459.0,13.0,55.0,Hyundai,33.0,4.0,1.0,0.0,0.0,998.0,8.0,0.0,0.0,12.0,6.0,12.0,0.0,0.0,1.0,29.0,64128.0,0.0,0.0,0.0,Not licensed,0.0,999.0,999.0,0.0,0.0,0.0,0.0,No Record,0.0,0.0,0.0,3.0,4.0,1.0,25.0,8.0,8.0,8.0,1.0,0.0,1.0,17.0,99.0,1.0,1.0,503.0,29.0,0.0,1.0,0.0,202305029640.0,30.0,7.0,6.0,4.0,1.0,1.0,4.0,17.0,1.0,4.0,1.0,8.0,0.0,55.0,1.0,0.0
290881,1,98,96.0,28.0,1.0,1.0,-99.0,29.0,215.0,34.0,7.0,34.0,34.0,1.0,1.0,4.0,20.0,7.0,20.0,2.0,1.0,271.0,7.0,29.0,1.0,34.0,1.0,0.0,3D7KU28623G7,2003.0,476.0,1938.0,60.0,7.0,Dodge,482.0,34.0,1.0,0.0,0.0,998.0,7.0,0.0,0.0,12.0,6.0,35.0,0.0,1.0,1.0,29.0,65793.0,1.0,6.0,3.0,Valid license for this class vehicle,3.0,70.0,170.0,0.0,0.0,0.0,11.0,November,2023.0,11.0,2023.0,4.0,1.0,2.0,50.0,3.0,6.0,4.0,1.0,0.0,14.0,12.0,99.0,1.0,4.0,102.0,29.0,1.0,1.0,0.0,202305546724.0,31.0,6.0,12.0,3.0,2.0,1.0,34.0,53.0,1.0,1.0,1.0,1.0,0.0,7.0,1.0,0.0
290891,1,98,96.0,85.0,1.0,0.0,-99.0,29.0,167.0,58.0,6.0,20.0,80.0,1.0,1.0,1.0,3.0,0.0,20.0,0.0,0.0,996.0,0.0,29.0,1.0,58.0,3.0,0.0,2C4RC1BG4GR2,2016.0,477.0,1936.0,2.0,6.0,Chrysler,441.0,20.0,1.0,0.0,0.0,79.0,7.0,0.0,0.0,14.0,6.0,58.0,0.0,0.0,1.0,46.0,57104.0,1.0,6.0,3.0,Valid license for this class vehicle,3.0,73.0,221.0,0.0,0.0,0.0,2.0,February,2019.0,2.0,2019.0,0.0,2.0,4.0,65.0,1.0,6.0,2.0,1.0,0.0,1.0,61.0,8.0,1.0,4.0,102.0,29.0,0.0,1.0,0.0,202304758469.0,54.0,2.0,2.0,0.0,1.0,1.0,20.0,51.0,2.0,0.0,1.0,20.0,0.0,6.0,2.0,0.0
290893,1,9,96.0,51.0,1.0,1.0,-99.0,29.0,95.0,23.0,35.0,4.0,32.0,1.0,1.0,4.0,99.0,7.0,99.0,0.0,1.0,167.0,1.0,29.0,1.0,23.0,1.0,0.0,3N1AB7AP5JY2,2018.0,478.0,1907.0,13.0,35.0,Nissan/Datsun,43.0,4.0,1.0,0.0,0.0,998.0,7.0,0.0,0.0,12.0,6.0,2.0,1.0,1.0,1.0,20.0,66104.0,1.0,6.0,3.0,Valid license for this class vehicle,0.0,71.0,230.0,0.0,0.0,0.0,0.0,No Record,0.0,0.0,0.0,4.0,3.0,3.0,55.0,2.0,6.0,2.0,2.0,0.0,14.0,13.0,99.0,1.0,4.0,101.0,29.0,1.0,1.0,0.0,202304940095.0,12.0,6.0,5.0,0.0,1.0,1.0,4.0,28.0,2.0,0.0,1.0,20.0,0.0,35.0,2.0,99.0
290898,1,98,96.0,0.0,1.0,5060.0,12.0,29.0,510.0,43.0,52.0,6.0,27.0,2.0,1.0,4.0,20.0,7.0,8.0,2.0,9.0,224.0,7.0,29.0,1.0,43.0,1.0,0.0,JA4AP4AU7CZ0,2012.0,481.0,13867.0,7.0,52.0,Mitsubishi,47.0,6.0,1.0,0.0,0.0,998.0,7.0,0.0,0.0,83.0,6.0,43.0,0.0,1.0,1.0,29.0,63111.0,0.0,0.0,0.0,Not licensed,0.0,63.0,120.0,0.0,0.0,0.0,8.0,August,2022.0,9.0,2023.0,9.0,1.0,4.0,35.0,2.0,1.0,2.0,2.0,0.0,14.0,6.0,99.0,4.0,4.0,102.0,29.0,2.0,1.0,0.0,202304981921.0,12.0,2.0,4.0,0.0,1.0,1.0,6.0,47.0,2.0,0.0,1.0,20.0,0.0,52.0,2.0,0.0
290911,2,98,96.0,54.0,1.0,9999.0,-99.0,29.0,95.0,12.0,12.0,4.0,48.0,2.0,1.0,0.0,3.0,0.0,20.0,0.0,0.0,995.0,0.0,29.0,3.0,12.0,1.0,0.0,3FA6P0H70GR1,2016.0,460.0,1780.0,13.0,12.0,Ford,23.0,4.0,1.0,0.0,0.0,0.0,7.0,0.0,0.0,6.0,6.0,12.0,0.0,0.0,1.0,29.0,64063.0,1.0,6.0,3.0,Valid license for this class vehicle,0.0,61.0,155.0,0.0,0.0,0.0,0.0,No Record,0.0,0.0,0.0,0.0,3.0,3.0,60.0,1.0,6.0,2.0,2.0,0.0,5.0,53.0,1.0,1.0,1.0,201.0,29.0,0.0,1.0,0.0,202305640206.0,12.0,3.0,12.0,2.0,1.0,1.0,4.0,30.0,2.0,2.0,1.0,20.0,0.0,12.0,2.0,0.0
290911,3,98,96.0,0.0,1.0,9999.0,-99.0,29.0,95.0,12.0,23.0,14.0,46.0,2.0,1.0,0.0,3.0,0.0,1.0,0.0,0.0,995.0,0.0,29.0,3.0,12.0,1.0,0.0,3GKALPEV0ML3,2021.0,472.0,1858.0,7.0,23.0,GMC,402.0,14.0,1.0,0.0,0.0,998.0,7.0,0.0,0.0,12.0,6.0,12.0,0.0,0.0,1.0,29.0,64081.0,1.0,6.0,3.0,Valid license for this class vehicle,3.0,61.0,110.0,0.0,0.0,0.0,5.0,May,2021.0,5.0,2021.0,0.0,3.0,3.0,60.0,1.0,6.0,2.0,2.0,0.0,1.0,60.0,1.0,1.0,1.0,998.0,29.0,0.0,1.0,0.0,202305137991.0,12.0,4.0,5.0,0.0,10.0,1.0,14.0,25.0,2.0,0.0,1.0,8.0,0.0,23.0,1.0,0.0
290918,1,98,96.0,28.0,1.0,9999.0,-99.0,29.0,91.0,12.0,2.0,6.0,32.0,2.0,1.0,4.0,3.0,0.0,8.0,0.0,9.0,0.0,7.0,29.0,3.0,12.0,1.0,0.0,3C4NJDDB4KT6,2019.0,483.0,1946.0,7.0,2.0,Jeep / Kaiser-Jeep / Willys- Jeep,1.0,6.0,1.0,0.0,0.0,67.0,0.0,0.0,0.0,61.0,6.0,12.0,0.0,0.0,1.0,29.0,65791.0,1.0,6.0,3.0,Valid license for this class vehicle,3.0,63.0,130.0,0.0,0.0,0.0,0.0,No Record,0.0,0.0,0.0,0.0,1.0,3.0,65.0,3.0,1.0,2.0,1.0,97.0,14.0,10.0,99.0,1.0,2.0,301.0,29.0,1.0,1.0,0.0,202304993667.0,12.0,3.0,5.0,0.0,1.0,1.0,6.0,52.0,1.0,0.0,1.0,20.0,0.0,2.0,1.0,0.0
290922,1,98,96.0,39.0,1.0,0.0,-99.0,29.0,97.0,12.0,51.0,66.0,56.0,2.0,1.0,0.0,3.0,0.0,20.0,0.0,0.0,0.0,0.0,29.0,2.0,12.0,2.0,0.0,4V4NC9EH1EN1,2014.0,487.0,1967.0,66.0,51.0,Volvo,881.0,66.0,1.0,0.0,0.0,999.0,2.0,0.0,0.0,83.0,4.0,12.0,0.0,0.0,1.0,12.0,33169.0,1.0,6.0,3.0,Valid license for this class vehicle,3.0,65.0,999.0,0.0,0.0,0.0,0.0,No Record,0.0,0.0,0.0,3.0,1.0,2.0,55.0,1.0,5.0,2.0,1.0,20.0,1.0,17.0,10.0,1.0,1.0,502.0,29.0,0.0,1.0,0.0,202304684268.0,12.0,3.0,1.0,2.0,10.0,1.0,66.0,43.0,1.0,0.0,1.0,20.0,0.0,51.0,2.0,0.0
290927,2,98,96.0,0.0,1.0,0.0,-99.0,29.0,153.0,12.0,13.0,4.0,44.0,1.0,1.0,3.0,3.0,0.0,1.0,0.0,0.0,996.0,0.0,29.0,2.0,12.0,1.0,0.0,3LNHM28T98R6,2008.0,464.0,1790.0,13.0,13.0,Lincoln,13.0,4.0,1.0,0.0,0.0,998.0,0.0,0.0,0.0,12.0,6.0,12.0,1.0,0.0,1.0,5.0,72653.0,1.0,6.0,3.0,Valid license for this class vehicle,0.0,69.0,165.0,0.0,0.0,0.0,0.0,No Record,0.0,0.0,0.0,0.0,1.0,2.0,60.0,1.0,1.0,2.0,1.0,0.0,1.0,62.0,7.0,1.0,1.0,302.0,29.0,0.0,1.0,0.0,202304888015.0,12.0,4.0,4.0,0.0,2.0,1.0,4.0,43.0,2.0,0.0,1.0,20.0,0.0,13.0,2.0,0.0