ST_CASE,VEH_NO_x,DRIMPAIR_x,DRDISTRACT,DRIVERRF,PER_NO_x,DRUGRES,DRUGACTQTY,STATE_x,COUNTY,HARM_EV_x,MAKE_x,BODY_TYP_x,AGE,SEX,PER_TYP_x,INJ_SEV,REST_USE,REST_MIS,AIR_BAG_x,EJECTION,DRINKING,ALC_RES,HISPANIC,STATE_y,VE_FORMS,HARM_EV_y,NUMOCCS,HIT_RUN,VIN,MOD_YEAR,VPICMAKE,VPICMODEL,VPICBODYCLASS,MAKE_y,MAKENAME,MODEL,BODY_TYP_y,HAZ_INV,HAZ_PLAC,HAZ_ID,TRAV_SP,UNDEROVERRIDE,ROLLOVER,ROLINLOC,IMPACT1,DEFORMED,M_HARM,FIRE_EXP,DR_DRINK,DR_PRES,L_STATE,DR_ZIP,L_TYPE,L_STATUS,L_COMPL,L_COMPLNAME,L_RESTRI,DR_HGT,DR_WGT,PREV_DWI,PREV_SPD,PREV_OTH,FIRST_MO,FIRST_MONAME,FIRST_YR,LAST_MO,LAST_YR,SPEEDREL,VTRAFWAY,VNUM_LAN,VSPD_LIM,VALIGN,VPROFILE,VPAVETYP,VSURCOND,VTRAFCON,P_CRASH1,P_CRASH2,P_CRASH3,PCRASH4,PCRASH5,ACC_CONFIG,STATE,RACE,ORDER,MULTRACE,CASENUM,HARM_EV,DAY_WEEK,MONTH,MAXSEV_IM,WEATHR_IM,PER_NO_y,BODY_TYP,AGE_IM,SEX_IM,INJSEV_IM,PER_TYP_y,AIR_BAG_y,EJECT_IM,MAKE,VEH_NO_y,DRIMPAIR_y
350017,2,99,96.0,0.0,1.0,5063.0,2.5,35.0,45.0,12.0,37.0,80.0,21.0,1.0,1.0,4.0,20.0,7.0,20.0,8.0,9.0,0.0,99.0,35.0,2.0,12.0,1.0,0.0,JH2PC40049K2,2009.0,474.0,14060.0,80.0,37.0,Honda,705.0,80.0,1.0,0.0,0.0,998.0,7.0,8.0,8.0,12.0,6.0,12.0,0.0,0.0,1.0,35.0,87418.0,1.0,1.0,2.0,No valid license for this class vehicle,3.0,75.0,180.0,0.0,1.0,1.0,2.0,February,2022.0,3.0,2022.0,4.0,2.0,2.0,45.0,1.0,1.0,2.0,1.0,0.0,1.0,61.0,99.0,1.0,1.0,402.0,35.0,1.0,1.0,0.0,202305118326.0,12.0,3.0,5.0,3.0,1.0,1.0,80.0,25.0,1.0,3.0,1.0,20.0,8.0,37.0,2.0,0.0
350022,2,99,96.0,0.0,1.0,0.0,-99.0,35.0,1.0,12.0,53.0,80.0,19.0,1.0,1.0,4.0,20.0,7.0,20.0,8.0,9.0,996.0,6.0,35.0,4.0,12.0,1.0,0.0,JS1GN7DA6621,2006.0,509.0,13162.0,80.0,53.0,Suzuki,705.0,80.0,1.0,0.0,0.0,998.0,7.0,8.0,8.0,12.0,6.0,12.0,0.0,0.0,1.0,35.0,87107.0,1.0,6.0,2.0,No valid license for this class vehicle,0.0,68.0,127.0,0.0,0.0,2.0,7.0,July,2021.0,4.0,2022.0,0.0,1.0,2.0,35.0,1.0,5.0,2.0,1.0,0.0,1.0,65.0,6.0,1.0,2.0,411.0,35.0,1.0,1.0,0.0,202305121184.0,12.0,3.0,5.0,3.0,1.0,1.0,80.0,24.0,1.0,3.0,1.0,20.0,8.0,53.0,2.0,0.0
350048,1,0,6.0,28.0,1.0,5062.0,52.0,35.0,13.0,12.0,18.0,4.0,17.0,1.0,1.0,4.0,20.0,7.0,8.0,0.0,0.0,0.0,6.0,35.0,2.0,12.0,1.0,0.0,1G4PR5SKXE41,2014.0,468.0,1823.0,13.0,18.0,Buick / Opel,25.0,4.0,1.0,0.0,0.0,73.0,8.0,0.0,0.0,12.0,6.0,12.0,0.0,0.0,1.0,35.0,87937.0,0.0,0.0,0.0,Not licensed,0.0,67.0,182.0,0.0,0.0,1.0,7.0,July,2021.0,7.0,2021.0,0.0,1.0,2.0,45.0,2.0,1.0,2.0,1.0,0.0,14.0,10.0,7.0,2.0,2.0,301.0,35.0,1.0,1.0,0.0,202305196215.0,12.0,6.0,7.0,0.0,1.0,1.0,4.0,45.0,2.0,0.0,1.0,20.0,0.0,18.0,1.0,0.0
350057,1,99,96.0,0.0,1.0,0.0,-99.0,35.0,1.0,12.0,49.0,4.0,34.0,1.0,1.0,4.0,3.0,0.0,20.0,0.0,9.0,996.0,6.0,35.0,4.0,12.0,1.0,0.0,4T1BE32K94U3,2004.0,448.0,2469.0,13.0,49.0,Toyota,40.0,4.0,1.0,0.0,0.0,998.0,8.0,0.0,0.0,6.0,6.0,12.0,0.0,0.0,1.0,35.0,87123.0,1.0,1.0,2.0,No valid license for this class vehicle,0.0,63.0,250.0,0.0,0.0,0.0,0.0,No Record,0.0,0.0,0.0,0.0,3.0,3.0,65.0,1.0,1.0,2.0,1.0,0.0,1.0,9.0,99.0,1.0,1.0,203.0,35.0,1.0,1.0,0.0,202305070321.0,52.0,3.0,6.0,0.0,1.0,1.0,4.0,18.0,2.0,0.0,1.0,20.0,0.0,49.0,1.0,0.0
350057,3,0,96.0,0.0,1.0,9995.0,-99.0,35.0,1.0,12.0,82.0,66.0,31.0,1.0,1.0,0.0,3.0,0.0,20.0,0.0,0.0,995.0,0.0,35.0,4.0,12.0,1.0,0.0,3AKJHHDR5PSU,2023.0,450.0,2501.0,66.0,82.0,Freightliner,881.0,66.0,1.0,0.0,0.0,998.0,8.0,0.0,0.0,12.0,6.0,12.0,0.0,0.0,1.0,36.0,11417.0,1.0,6.0,3.0,Valid license for this class vehicle,3.0,69.0,999.0,0.0,0.0,0.0,0.0,No Record,0.0,0.0,0.0,0.0,3.0,3.0,65.0,1.0,1.0,2.0,1.0,0.0,1.0,50.0,99.0,1.0,1.0,998.0,35.0,0.0,1.0,0.0,202304901042.0,12.0,5.0,3.0,2.0,1.0,1.0,66.0,70.0,1.0,0.0,1.0,20.0,0.0,82.0,2.0,98.0
350061,1,9,96.0,51.0,1.0,5060.0,-99.0,35.0,35.0,12.0,12.0,6.0,32.0,2.0,1.0,2.0,3.0,0.0,1.0,0.0,1.0,0.0,0.0,35.0,3.0,12.0,1.0,0.0,2FMDK3JC0EBA,2014.0,460.0,1797.0,7.0,12.0,Ford,24.0,6.0,1.0,0.0,0.0,998.0,8.0,0.0,0.0,12.0,6.0,12.0,0.0,1.0,1.0,48.0,79912.0,1.0,6.0,3.0,Valid license for this class vehicle,0.0,999.0,999.0,99.0,99.0,99.0,99.0,Unknown,9999.0,99.0,9999.0,0.0,2.0,2.0,70.0,1.0,1.0,2.0,1.0,0.0,1.0,54.0,99.0,1.0,1.0,303.0,35.0,0.0,1.0,0.0,202305111091.0,12.0,3.0,7.0,2.0,10.0,1.0,6.0,55.0,1.0,2.0,1.0,20.0,0.0,12.0,1.0,0.0
350061,2,0,96.0,0.0,1.0,0.0,-99.0,35.0,35.0,12.0,35.0,4.0,21.0,1.0,1.0,4.0,3.0,0.0,8.0,2.0,0.0,996.0,6.0,35.0,3.0,12.0,1.0,0.0,3N1AB7AP7FY2,2015.0,478.0,1907.0,13.0,35.0,Nissan/Datsun,43.0,4.0,1.0,0.0,0.0,998.0,8.0,0.0,0.0,12.0,6.0,12.0,0.0,0.0,1.0,48.0,79905.0,1.0,6.0,3.0,Valid license for this class vehicle,0.0,999.0,999.0,99.0,99.0,99.0,99.0,Unknown,9999.0,99.0,9999.0,0.0,2.0,2.0,70.0,1.0,1.0,2.0,1.0,0.0,1.0,54.0,99.0,1.0,1.0,303.0,35.0,1.0,1.0,0.0,202304716316.0,12.0,3.0,1.0,1.0,1.0,1.0,4.0,47.0,1.0,1.0,1.0,8.0,0.0,35.0,2.0,0.0
350061,3,0,96.0,0.0,1.0,9995.0,-99.0,35.0,35.0,12.0,35.0,6.0,57.0,2.0,1.0,0.0,3.0,0.0,20.0,0.0,0.0,995.0,0.0,35.0,3.0,12.0,1.0,0.0,KNMAT2MT4HP5,2017.0,478.0,1913.0,8.0,35.0,Nissan/Datsun,51.0,6.0,1.0,0.0,0.0,998.0,7.0,0.0,0.0,14.0,6.0,54.0,0.0,0.0,1.0,48.0,79924.0,1.0,6.0,3.0,Valid license for this class vehicle,0.0,999.0,999.0,99.0,99.0,99.0,99.0,Unknown,9999.0,99.0,9999.0,0.0,2.0,2.0,70.0,1.0,1.0,2.0,1.0,0.0,1.0,98.0,99.0,1.0,1.0,998.0,35.0,0.0,1.0,0.0,202304938582.0,12.0,2.0,5.0,0.0,1.0,1.0,6.0,43.0,1.0,0.0,1.0,8.0,0.0,35.0,1.0,98.0
350075,2,99,96.0,0.0,1.0,0.0,-99.0,35.0,1.0,12.0,55.0,4.0,71.0,1.0,1.0,4.0,3.0,0.0,8.0,0.0,9.0,996.0,99.0,35.0,2.0,12.0,2.0,0.0,KMHLM4AJ5PU0,2023.0,498.0,2735.0,13.0,55.0,Hyundai,35.0,4.0,1.0,0.0,0.0,998.0,0.0,0.0,0.0,81.0,6.0,12.0,0.0,0.0,1.0,54.0,26802.0,1.0,6.0,3.0,Valid license for this class vehicle,0.0,999.0,999.0,99.0,99.0,99.0,99.0,Unknown,9999.0,99.0,9999.0,0.0,2.0,3.0,98.0,1.0,1.0,2.0,1.0,3.0,1.0,17.0,99.0,1.0,1.0,502.0,35.0,1.0,1.0,0.0,202305047716.0,11.0,5.0,6.0,0.0,1.0,1.0,4.0,29.0,2.0,0.0,1.0,20.0,0.0,55.0,1.0,0.0
350080,2,0,96.0,0.0,1.0,9995.0,-99.0,35.0,27.0,12.0,85.0,66.0,50.0,1.0,1.0,2.0,3.0,0.0,20.0,0.0,0.0,995.0,0.0,35.0,2.0,12.0,1.0,0.0,1XKYD49X3PJ2,2023.0,532.0,2733.0,66.0,85.0,Kenworth,881.0,66.0,1.0,0.0,0.0,998.0,8.0,0.0,0.0,12.0,6.0,12.0,0.0,0.0,1.0,48.0,79915.0,1.0,6.0,3.0,Valid license for this class vehicle,0.0,999.0,999.0,99.0,99.0,99.0,99.0,Unknown,9999.0,99.0,9999.0,0.0,1.0,2.0,65.0,3.0,1.0,2.0,1.0,0.0,14.0,54.0,7.0,1.0,2.0,302.0,35.0,0.0,1.0,0.0,202304752518.0,12.0,6.0,2.0,0.0,1.0,1.0,66.0,24.0,1.0,0.0,1.0,20.0,0.0,85.0,2.0,98.0
350085,1,2,96.0,0.0,1.0,9995.0,-99.0,35.0,1.0,24.0,82.0,66.0,42.0,2.0,1.0,2.0,98.0,7.0,8.0,1.0,0.0,995.0,0.0,35.0,1.0,24.0,2.0,0.0,3AKJHHDRXMSM,2021.0,450.0,2501.0,66.0,82.0,Freightliner,881.0,66.0,1.0,0.0,0.0,998.0,7.0,3.0,5.0,98.0,6.0,1.0,0.0,0.0,1.0,4.0,85204.0,1.0,6.0,3.0,Valid license for this class vehicle,3.0,999.0,999.0,99.0,99.0,99.0,99.0,Unknown,9999.0,99.0,9999.0,0.0,2.0,2.0,75.0,1.0,1.0,2.0,1.0,0.0,1.0,13.0,99.0,1.0,4.0,101.0,35.0,0.0,1.0,0.0,202304697992.0,12.0,3.0,1.0,0.0,1.0,1.0,66.0,24.0,1.0,0.0,1.0,20.0,0.0,82.0,2.0,98.0
350095,2,99,96.0,0.0,1.0,1.0,-99.0,35.0,17.0,12.0,49.0,34.0,49.0,1.0,1.0,4.0,3.0,0.0,8.0,0.0,9.0,97.0,6.0,35.0,2.0,12.0,2.0,0.0,5TFPX4EN4CX0,2012.0,448.0,2223.0,60.0,49.0,Toyota,472.0,34.0,1.0,0.0,0.0,998.0,0.0,3.0,1.0,82.0,6.0,12.0,0.0,1.0,1.0,35.0,88061.0,1.0,6.0,3.0,Valid license for this class vehicle,3.0,69.0,170.0,0.0,0.0,0.0,0.0,No Record,0.0,0.0,0.0,0.0,1.0,2.0,35.0,1.0,1.0,2.0,1.0,20.0,1.0,17.0,99.0,1.0,1.0,502.0,35.0,1.0,1.0,0.0,202305116803.0,18.0,5.0,7.0,0.0,1.0,1.0,34.0,67.0,1.0,0.0,1.0,20.0,0.0,49.0,1.0,0.0
350111,1,99,93.0,6.0,1.0,3019.0,130.0,35.0,7.0,12.0,6.0,4.0,42.0,1.0,1.0,4.0,20.0,7.0,1.0,0.0,9.0,0.0,6.0,35.0,2.0,12.0,1.0,0.0,2C3HC56G6YH4,2000.0,477.0,6475.0,13.0,6.0,Chrysler,42.0,4.0,1.0,0.0,0.0,998.0,0.0,0.0,0.0,98.0,6.0,12.0,0.0,0.0,1.0,8.0,80260.0,1.0,6.0,3.0,Valid license for this class vehicle,0.0,71.0,135.0,0.0,0.0,3.0,5.0,May,2018.0,7.0,2020.0,0.0,2.0,2.0,75.0,1.0,1.0,2.0,1.0,0.0,1.0,12.0,7.0,2.0,6.0,301.0,35.0,1.0,1.0,0.0,202305442413.0,12.0,6.0,11.0,1.0,1.0,1.0,4.0,57.0,1.0,1.0,1.0,20.0,0.0,6.0,1.0,98.0
350116,1,0,96.0,0.0,1.0,1.0,-99.0,35.0,1.0,12.0,12.0,4.0,64.0,2.0,1.0,4.0,3.0,0.0,8.0,0.0,0.0,0.0,6.0,35.0,3.0,12.0,1.0,0.0,1FAHP35N68W2,2008.0,460.0,1779.0,13.0,12.0,Ford,37.0,4.0,1.0,0.0,0.0,998.0,8.0,0.0,0.0,6.0,6.0,12.0,0.0,0.0,1.0,35.0,87401.0,1.0,6.0,3.0,Valid license for this class vehicle,3.0,60.0,153.0,0.0,0.0,0.0,0.0,No Record,0.0,0.0,0.0,0.0,3.0,5.0,55.0,1.0,1.0,1.0,2.0,0.0,15.0,10.0,99.0,1.0,2.0,203.0,35.0,1.0,1.0,0.0,202305078907.0,12.0,5.0,6.0,0.0,1.0,1.0,4.0,17.0,1.0,0.0,1.0,20.0,0.0,12.0,1.0,98.0
350123,1,0,93.0,6.0,1.0,9995.0,-99.0,35.0,45.0,12.0,49.0,4.0,23.0,1.0,1.0,0.0,1.0,0.0,8.0,0.0,0.0,995.0,0.0,35.0,2.0,12.0,1.0,0.0,4T1BD1FK6CU0,2012.0,448.0,2469.0,13.0,49.0,Toyota,40.0,4.0,1.0,0.0,0.0,998.0,7.0,0.0,0.0,12.0,6.0,12.0,0.0,0.0,1.0,35.0,87401.0,1.0,6.0,3.0,Valid license for this class vehicle,0.0,75.0,215.0,0.0,2.0,1.0,12.0,December,2020.0,2.0,2023.0,3.0,1.0,2.0,65.0,1.0,6.0,2.0,1.0,0.0,1.0,51.0,1.0,1.0,1.0,202.0,35.0,0.0,1.0,0.0,202305477059.0,12.0,3.0,10.0,0.0,1.0,1.0,4.0,38.0,1.0,0.0,1.0,20.0,0.0,49.0,2.0,98.0
350123,2,0,96.0,0.0,1.0,1.0,-99.0,35.0,45.0,12.0,72.0,80.0,65.0,1.0,1.0,4.0,20.0,7.0,20.0,8.0,0.0,0.0,7.0,35.0,2.0,12.0,1.0,0.0,1HD1KEL1XFB6,2015.0,3888.0,11121.0,81.0,72.0,Harley-Davidson,706.0,80.0,1.0,0.0,0.0,998.0,7.0,8.0,8.0,6.0,6.0,12.0,0.0,0.0,1.0,35.0,87455.0,1.0,6.0,2.0,No valid license for this class vehicle,3.0,73.0,179.0,0.0,0.0,0.0,0.0,No Record,0.0,0.0,0.0,0.0,1.0,2.0,65.0,1.0,6.0,2.0,1.0,0.0,1.0,53.0,1.0,1.0,1.0,201.0,35.0,3.0,1.0,0.0,202305291529.0,12.0,2.0,10.0,3.0,1.0,1.0,80.0,60.0,1.0,3.0,1.0,20.0,8.0,72.0,1.0,0.0
350126,1,0,96.0,54.0,1.0,1082.0,22.0,35.0,37.0,12.0,63.0,4.0,72.0,1.0,1.0,4.0,20.0,7.0,2.0,1.0,0.0,0.0,7.0,35.0,2.0,12.0,1.0,0.0,KNAFK4A67F53,2015.0,499.0,2462.0,13.0,63.0,KIA,38.0,4.0,1.0,0.0,0.0,0.0,8.0,0.0,0.0,6.0,6.0,12.0,0.0,0.0,1.0,6.0,90002.0,1.0,6.0,3.0,Valid license for this class vehicle,0.0,69.0,185.0,0.0,0.0,0.0,0.0,No Record,0.0,0.0,0.0,0.0,2.0,2.0,75.0,1.0,1.0,2.0,2.0,0.0,7.0,53.0,1.0,1.0,1.0,201.0,35.0,1.0,1.0,0.0,202305305482.0,12.0,5.0,8.0,0.0,2.0,1.0,4.0,30.0,1.0,0.0,1.0,20.0,0.0,63.0,1.0,0.0
350126,2,0,96.0,0.0,1.0,9995.0,-99.0,35.0,37.0,12.0,82.0,66.0,72.0,1.0,1.0,1.0,3.0,0.0,20.0,0.0,0.0,995.0,0.0,35.0,2.0,12.0,2.0,0.0,3AKJHHDR7PSU,2023.0,450.0,2501.0,66.0,82.0,Freightliner,881.0,66.0,1.0,0.0,0.0,65.0,8.0,0.0,0.0,12.0,6.0,12.0,0.0,0.0,1.0,6.0,90065.0,1.0,6.0,3.0,Valid license for this class vehicle,3.0,65.0,165.0,0.0,0.0,0.0,0.0,No Record,0.0,0.0,0.0,0.0,2.0,2.0,75.0,1.0,1.0,2.0,2.0,0.0,1.0,50.0,98.0,1.0,1.0,202.0,35.0,0.0,1.0,0.0,202304729232.0,12.0,3.0,1.0,0.0,1.0,1.0,66.0,38.0,1.0,0.0,1.0,20.0,0.0,82.0,2.0,98.0
350133,1,0,96.0,0.0,1.0,5060.0,0.9,35.0,6.0,21.0,49.0,4.0,21.0,2.0,1.0,4.0,3.0,0.0,8.0,0.0,0.0,231.0,99.0,35.0,1.0,21.0,1.0,0.0,JTDP4RCE0LJ0,2020.0,448.0,2208.0,13.0,49.0,Toyota,32.0,4.0,1.0,0.0,0.0,998.0,7.0,0.0,0.0,12.0,6.0,21.0,0.0,1.0,1.0,35.0,87007.0,1.0,6.0,3.0,Valid license for this class vehicle,1.0,62.0,125.0,0.0,1.0,0.0,8.0,August,2022.0,8.0,2022.0,5.0,2.0,2.0,75.0,1.0,1.0,2.0,1.0,0.0,1.0,9.0,1.0,1.0,4.0,102.0,35.0,3.0,1.0,0.0,202305198087.0,42.0,2.0,8.0,1.0,10.0,1.0,4.0,23.0,2.0,1.0,1.0,1.0,0.0,49.0,1.0,9.0
350134,1,2,96.0,0.0,1.0,9995.0,-99.0,35.0,31.0,1.0,55.0,14.0,26.0,1.0,1.0,9.0,98.0,7.0,98.0,0.0,0.0,0.0,0.0,35.0,1.0,1.0,4.0,0.0,KMHRC8A38PU2,2023.0,498.0,26441.0,15.0,55.0,Hyundai,406.0,14.0,1.0,0.0,0.0,998.0,7.0,3.0,1.0,0.0,6.0,1.0,0.0,0.0,1.0,4.0,86512.0,0.0,0.0,0.0,Not licensed,0.0,71.0,190.0,0.0,0.0,0.0,0.0,No Record,0.0,0.0,0.0,0.0,1.0,2.0,55.0,1.0,1.0,2.0,1.0,0.0,1.0,9.0,99.0,1.0,1.0,998.0,35.0,0.0,1.0,0.0,202305217774.0,12.0,5.0,8.0,0.0,1.0,1.0,14.0,56.0,2.0,0.0,1.0,20.0,0.0,55.0,1.0,0.0
350137,2,0,96.0,0.0,1.0,1.0,-99.0,35.0,1.0,12.0,49.0,34.0,69.0,1.0,1.0,4.0,3.0,0.0,8.0,0.0,0.0,0.0,6.0,35.0,2.0,12.0,3.0,0.0,5TBRT34113S3,2003.0,448.0,2467.0,60.0,49.0,Toyota,482.0,34.0,1.0,0.0,0.0,998.0,8.0,3.0,5.0,6.0,6.0,1.0,0.0,0.0,1.0,35.0,87507.0,1.0,6.0,3.0,Valid license for this class vehicle,0.0,65.0,185.0,0.0,0.0,0.0,0.0,No Record,0.0,0.0,0.0,0.0,3.0,3.0,75.0,1.0,1.0,2.0,1.0,0.0,1.0,53.0,1.0,1.0,1.0,201.0,35.0,1.0,1.0,0.0,202304647633.0,12.0,6.0,1.0,0.0,1.0,1.0,34.0,35.0,1.0,0.0,1.0,20.0,0.0,49.0,1.0,0.0
350138,2,0,96.0,54.0,1.0,9995.0,-99.0,35.0,57.0,12.0,49.0,14.0,33.0,1.0,1.0,3.0,3.0,0.0,8.0,0.0,9.0,995.0,0.0,35.0,3.0,12.0,2.0,0.0,2T3W1RFV4LC0,2020.0,448.0,2217.0,7.0,49.0,Toyota,402.0,14.0,1.0,0.0,0.0,0.0,1.0,0.0,0.0,6.0,6.0,12.0,0.0,0.0,1.0,35.0,87106.0,0.0,0.0,0.0,Not licensed,0.0,999.0,999.0,0.0,0.0,0.0,0.0,No Record,0.0,0.0,0.0,0.0,2.0,1.0,55.0,1.0,1.0,2.0,1.0,40.0,5.0,53.0,1.0,1.0,1.0,201.0,35.0,0.0,1.0,0.0,202305176026.0,12.0,4.0,6.0,2.0,1.0,1.0,14.0,86.0,1.0,0.0,1.0,20.0,0.0,49.0,1.0,0.0
350143,1,2,93.0,58.0,1.0,9995.0,-99.0,35.0,31.0,1.0,20.0,34.0,18.0,2.0,1.0,5.0,3.0,0.0,20.0,0.0,0.0,995.0,0.0,35.0,1.0,1.0,4.0,0.0,1GCHK231X3F1,2003.0,467.0,1850.0,60.0,20.0,Chevrolet,481.0,34.0,1.0,0.0,0.0,998.0,7.0,3.0,5.0,0.0,6.0,1.0,0.0,0.0,1.0,40.0,73127.0,1.0,6.0,3.0,Valid license for this class vehicle,3.0,999.0,999.0,0.0,0.0,0.0,0.0,No Record,0.0,0.0,0.0,0.0,2.0,2.0,75.0,1.0,1.0,2.0,1.0,0.0,1.0,12.0,7.0,2.0,4.0,102.0,35.0,0.0,1.0,0.0,202305235632.0,12.0,1.0,7.0,0.0,1.0,1.0,34.0,44.0,1.0,0.0,1.0,20.0,0.0,20.0,2.0,98.0
350154,1,0,93.0,6.0,1.0,9995.0,-99.0,35.0,13.0,12.0,58.0,4.0,20.0,1.0,1.0,2.0,98.0,7.0,8.0,0.0,9.0,995.0,0.0,35.0,2.0,12.0,6.0,0.0,JNKBV61E67M7,2007.0,480.0,2305.0,13.0,58.0,Infiniti,37.0,4.0,1.0,0.0,0.0,998.0,0.0,0.0,0.0,61.0,6.0,12.0,0.0,0.0,1.0,35.0,87105.0,1.0,1.0,2.0,No valid license for this class vehicle,0.0,68.0,140.0,0.0,0.0,0.0,0.0,No Record,0.0,0.0,0.0,3.0,2.0,2.0,45.0,1.0,1.0,2.0,1.0,3.0,1.0,17.0,99.0,1.0,1.0,504.0,35.0,0.0,1.0,0.0,202304754638.0,12.0,1.0,2.0,0.0,1.0,1.0,4.0,22.0,1.0,0.0,1.0,20.0,0.0,58.0,1.0,0.0
350161,1,0,96.0,28.0,1.0,1.0,-99.0,35.0,29.0,12.0,82.0,66.0,50.0,1.0,1.0,4.0,20.0,7.0,20.0,0.0,0.0,0.0,99.0,35.0,2.0,12.0,1.0,0.0,3AKJHHDR6PSN,2023.0,450.0,2501.0,66.0,82.0,Freightliner,881.0,66.0,1.0,0.0,0.0,998.0,0.0,0.0,0.0,61.0,6.0,12.0,0.0,0.0,1.0,18.0,46237.0,1.0,6.0,3.0,Valid license for this class vehicle,3.0,999.0,999.0,99.0,99.0,99.0,99.0,Unknown,9999.0,99.0,9999.0,0.0,1.0,2.0,65.0,1.0,1.0,2.0,1.0,0.0,1.0,10.0,99.0,1.0,2.0,301.0,35.0,99.0,1.0,0.0,202305377737.0,46.0,7.0,10.0,0.0,1.0,1.0,66.0,27.0,1.0,0.0,1.0,20.0,0.0,82.0,1.0,98.0
350161,2,0,96.0,0.0,1.0,9995.0,-99.0,35.0,29.0,12.0,82.0,66.0,66.0,1.0,1.0,2.0,3.0,0.0,20.0,0.0,0.0,995.0,0.0,35.0,2.0,12.0,2.0,0.0,3AKJHHDR4NSN,2022.0,450.0,2501.0,66.0,82.0,Freightliner,881.0,66.0,1.0,0.0,0.0,998.0,0.0,0.0,0.0,61.0,6.0,12.0,0.0,0.0,1.0,51.0,24089.0,1.0,6.0,3.0,Valid license for this class vehicle,1.0,999.0,999.0,99.0,99.0,99.0,99.0,Unknown,9999.0,99.0,9999.0,0.0,1.0,2.0,65.0,1.0,1.0,2.0,1.0,0.0,1.0,54.0,7.0,1.0,2.0,302.0,35.0,0.0,1.0,0.0,202304784281.0,12.0,4.0,3.0,0.0,10.0,1.0,66.0,49.0,1.0,0.0,1.0,20.0,0.0,82.0,1.0,98.0
350162,1,99,93.0,6.0,1.0,5063.0,1.6,35.0,43.0,34.0,35.0,34.0,44.0,1.0,1.0,4.0,20.0,7.0,20.0,1.0,9.0,136.0,99.0,35.0,1.0,34.0,1.0,0.0,1N6AA06A04N5,2004.0,478.0,1920.0,60.0,35.0,Nissan/Datsun,473.0,34.0,1.0,0.0,0.0,998.0,7.0,3.0,5.0,12.0,6.0,1.0,0.0,1.0,1.0,35.0,87121.0,1.0,3.0,2.0,No valid license for this class vehicle,0.0,65.0,150.0,0.0,0.0,0.0,0.0,No Record,0.0,0.0,0.0,0.0,1.0,2.0,55.0,1.0,1.0,2.0,1.0,97.0,1.0,13.0,6.0,2.0,4.0,101.0,35.0,1.0,1.0,0.0,202305167966.0,12.0,7.0,7.0,0.0,1.0,1.0,34.0,55.0,1.0,0.0,1.0,20.0,0.0,35.0,1.0,98.0
350164,1,0,96.0,28.0,1.0,1.0,-99.0,35.0,27.0,12.0,6.0,20.0,23.0,1.0,1.0,4.0,1.0,0.0,8.0,0.0,0.0,0.0,99.0,35.0,2.0,12.0,2.0,0.0,2C4RC1BG9MR5,2021.0,477.0,3628.0,2.0,6.0,Chrysler,443.0,20.0,1.0,0.0,0.0,998.0,8.0,0.0,0.0,12.0,6.0,12.0,0.0,0.0,1.0,49.0,84720.0,1.0,6.0,3.0,Valid license for this class vehicle,0.0,999.0,999.0,0.0,0.0,0.0,0.0,No Record,0.0,0.0,0.0,0.0,1.0,2.0,65.0,1.0,1.0,2.0,1.0,0.0,1.0,10.0,99.0,1.0,2.0,301.0,35.0,99.0,1.0,0.0,202305157430.0,12.0,7.0,4.0,0.0,1.0,1.0,20.0,48.0,2.0,0.0,1.0,20.0,0.0,6.0,1.0,0.0
350167,1,0,0.0,54.0,1.0,0.0,-99.0,35.0,57.0,12.0,12.0,34.0,41.0,1.0,1.0,0.0,3.0,0.0,20.0,0.0,0.0,995.0,0.0,35.0,3.0,12.0,4.0,0.0,1FTFW1EF7DKD,2013.0,460.0,1801.0,60.0,12.0,Ford,481.0,34.0,1.0,0.0,0.0,0.0,0.0,0.0,0.0,6.0,6.0,12.0,1.0,0.0,1.0,49.0,84032.0,1.0,6.0,3.0,Valid license for this class vehicle,0.0,73.0,190.0,0.0,1.0,1.0,1.0,January,2019.0,1.0,2019.0,0.0,2.0,2.0,55.0,1.0,1.0,2.0,1.0,0.0,5.0,53.0,1.0,1.0,1.0,998.0,35.0,0.0,1.0,0.0,202305378279.0,12.0,6.0,8.0,0.0,1.0,1.0,34.0,24.0,1.0,0.0,1.0,20.0,0.0,12.0,1.0,98.0
350180,1,99,93.0,6.0,1.0,1.0,-99.0,35.0,1.0,33.0,34.0,15.0,53.0,1.0,1.0,4.0,8.0,0.0,8.0,0.0,9.0,281.0,7.0,35.0,1.0,33.0,1.0,0.0,5UXTA6C08P9P,2023.0,452.0,1717.0,7.0,34.0,BMW,421.0,15.0,1.0,0.0,0.0,998.0,7.0,3.0,5.0,98.0,6.0,1.0,0.0,1.0,1.0,35.0,87144.0,1.0,6.0,3.0,Valid license for this class vehicle,0.0,76.0,230.0,0.0,0.0,0.0,0.0,No Record,0.0,0.0,0.0,0.0,6.0,2.0,45.0,2.0,6.0,2.0,1.0,0.0,14.0,12.0,99.0,1.0,4.0,102.0,35.0,1.0,1.0,0.0,202304914714.0,12.0,1.0,4.0,0.0,1.0,1.0,15.0,48.0,1.0,0.0,1.0,20.0,0.0,34.0,1.0,0.0