ST_CASE,VEH_NO_x,DRIMPAIR_x,DRDISTRACT,DRIVERRF,PER_NO_x,DRUGRES,DRUGACTQTY,STATE_x,COUNTY,HARM_EV_x,MAKE_x,BODY_TYP_x,AGE,SEX,PER_TYP_x,INJ_SEV,REST_USE,REST_MIS,AIR_BAG_x,EJECTION,DRINKING,ALC_RES,HISPANIC,STATE_y,VE_FORMS,HARM_EV_y,NUMOCCS,HIT_RUN,VIN,MOD_YEAR,VPICMAKE,VPICMODEL,VPICBODYCLASS,MAKE_y,MAKENAME,MODEL,BODY_TYP_y,HAZ_INV,HAZ_PLAC,HAZ_ID,TRAV_SP,UNDEROVERRIDE,ROLLOVER,ROLINLOC,IMPACT1,DEFORMED,M_HARM,FIRE_EXP,DR_DRINK,DR_PRES,L_STATE,DR_ZIP,L_TYPE,L_STATUS,L_COMPL,L_COMPLNAME,L_RESTRI,DR_HGT,DR_WGT,PREV_DWI,PREV_SPD,PREV_OTH,FIRST_MO,FIRST_MONAME,FIRST_YR,LAST_MO,LAST_YR,SPEEDREL,VTRAFWAY,VNUM_LAN,VSPD_LIM,VALIGN,VPROFILE,VPAVETYP,VSURCOND,VTRAFCON,P_CRASH1,P_CRASH2,P_CRASH3,PCRASH4,PCRASH5,ACC_CONFIG,STATE,RACE,ORDER,MULTRACE,CASENUM,HARM_EV,DAY_WEEK,MONTH,MAXSEV_IM,WEATHR_IM,PER_NO_y,BODY_TYP,AGE_IM,SEX_IM,INJSEV_IM,PER_TYP_y,AIR_BAG_y,EJECT_IM,MAKE,VEH_NO_y,DRIMPAIR_y
350182,1,0,96.0,0.0,1.0,9995.0,-99.0,35.0,6.0,12.0,51.0,66.0,42.0,1.0,1.0,1.0,6.0,0.0,1.0,0.0,8.0,995.0,0.0,35.0,2.0,12.0,1.0,0.0,4V4NC9EH3LN2,2020.0,487.0,1967.0,66.0,51.0,Volvo,881.0,66.0,1.0,0.0,0.0,998.0,8.0,0.0,0.0,12.0,6.0,12.0,0.0,0.0,1.0,39.0,43026.0,1.0,6.0,3.0,Valid license for this class vehicle,0.0,69.0,178.0,0.0,0.0,0.0,3.0,March,2023.0,3.0,2023.0,0.0,2.0,2.0,75.0,2.0,6.0,2.0,1.0,0.0,14.0,12.0,99.0,2.0,4.0,301.0,35.0,0.0,1.0,0.0,202304669573.0,12.0,1.0,1.0,0.0,5.0,1.0,66.0,30.0,1.0,0.0,1.0,20.0,0.0,51.0,1.0,98.0
350184,1,0,96.0,0.0,1.0,9995.0,-99.0,35.0,57.0,12.0,12.0,34.0,20.0,1.0,1.0,3.0,20.0,7.0,1.0,1.0,0.0,995.0,0.0,35.0,2.0,12.0,4.0,0.0,1FT7W2BT3NEE,2022.0,460.0,1805.0,60.0,12.0,Ford,481.0,34.0,1.0,0.0,0.0,998.0,0.0,3.0,1.0,61.0,6.0,12.0,0.0,0.0,1.0,4.0,85017.0,1.0,6.0,3.0,Valid license for this class vehicle,0.0,999.0,999.0,99.0,99.0,99.0,99.0,Unknown,9999.0,99.0,9999.0,0.0,2.0,2.0,75.0,1.0,1.0,2.0,1.0,0.0,1.0,62.0,99.0,1.0,1.0,303.0,35.0,0.0,1.0,0.0,202305496981.0,12.0,6.0,11.0,3.0,5.0,1.0,34.0,54.0,1.0,2.0,1.0,1.0,0.0,12.0,3.0,0.0
350192,1,99,96.0,0.0,1.0,3019.0,38.0,35.0,13.0,33.0,53.0,80.0,33.0,1.0,1.0,4.0,20.0,7.0,20.0,8.0,9.0,0.0,6.0,35.0,1.0,33.0,1.0,0.0,JS1GT77A6721,2007.0,509.0,13179.0,80.0,53.0,Suzuki,706.0,80.0,1.0,0.0,0.0,998.0,7.0,8.0,8.0,12.0,6.0,25.0,0.0,0.0,1.0,48.0,79835.0,1.0,6.0,3.0,Valid license for this class vehicle,0.0,999.0,999.0,99.0,99.0,99.0,99.0,Unknown,9999.0,99.0,9999.0,3.0,3.0,2.0,40.0,1.0,1.0,2.0,1.0,0.0,1.0,6.0,99.0,2.0,4.0,101.0,35.0,1.0,1.0,0.0,202304914946.0,12.0,5.0,3.0,1.0,1.0,1.0,80.0,36.0,1.0,1.0,1.0,20.0,8.0,53.0,1.0,0.0
350194,1,0,96.0,0.0,1.0,1.0,-99.0,35.0,45.0,12.0,20.0,4.0,35.0,1.0,1.0,4.0,98.0,7.0,2.0,0.0,9.0,0.0,6.0,35.0,2.0,12.0,1.0,0.0,1G1AT58H7972,2009.0,467.0,4234.0,13.0,20.0,Chevrolet,22.0,4.0,1.0,0.0,0.0,998.0,0.0,0.0,0.0,61.0,6.0,12.0,0.0,0.0,1.0,35.0,87410.0,1.0,6.0,3.0,Valid license for this class vehicle,0.0,65.0,145.0,0.0,0.0,0.0,0.0,No Record,0.0,0.0,0.0,0.0,1.0,2.0,35.0,1.0,1.0,2.0,1.0,20.0,11.0,15.0,99.0,1.0,1.0,414.0,35.0,1.0,1.0,0.0,202305577992.0,12.0,3.0,12.0,0.0,1.0,1.0,4.0,66.0,1.0,0.0,1.0,20.0,0.0,20.0,2.0,98.0
350199,1,9,93.0,6.0,1.0,1.0,-99.0,35.0,25.0,12.0,12.0,14.0,24.0,1.0,1.0,4.0,20.0,7.0,1.0,0.0,1.0,164.0,6.0,35.0,2.0,12.0,1.0,0.0,1FMHK7D80CGA,2012.0,460.0,1800.0,7.0,12.0,Ford,401.0,14.0,1.0,0.0,0.0,998.0,8.0,0.0,0.0,12.0,6.0,12.0,0.0,1.0,1.0,48.0,78377.0,1.0,3.0,2.0,No valid license for this class vehicle,0.0,999.0,999.0,99.0,99.0,99.0,99.0,Unknown,9999.0,99.0,9999.0,3.0,1.0,2.0,55.0,1.0,1.0,2.0,2.0,0.0,1.0,50.0,99.0,1.0,1.0,202.0,35.0,1.0,1.0,0.0,202304718192.0,12.0,5.0,1.0,1.0,1.0,1.0,14.0,33.0,2.0,0.0,1.0,20.0,0.0,12.0,1.0,0.0
350208,2,99,96.0,0.0,1.0,1.0,-99.0,35.0,6.0,12.0,12.0,5.0,45.0,2.0,1.0,4.0,3.0,0.0,8.0,0.0,0.0,0.0,7.0,35.0,2.0,12.0,3.0,0.0,1FADP3K20DL3,2013.0,460.0,1779.0,5.0,12.0,Ford,37.0,5.0,1.0,0.0,0.0,998.0,8.0,0.0,0.0,12.0,6.0,12.0,0.0,0.0,1.0,35.0,87020.0,1.0,6.0,3.0,Valid license for this class vehicle,0.0,62.0,175.0,0.0,0.0,0.0,0.0,No Record,0.0,0.0,0.0,0.0,2.0,2.0,75.0,1.0,1.0,2.0,2.0,0.0,1.0,62.0,99.0,1.0,1.0,303.0,35.0,1.0,1.0,0.0,202304867770.0,34.0,5.0,4.0,0.0,1.0,1.0,5.0,38.0,2.0,0.0,1.0,98.0,0.0,12.0,1.0,99.0
350217,1,0,93.0,6.0,1.0,9995.0,-99.0,35.0,1.0,12.0,87.0,66.0,68.0,1.0,1.0,0.0,3.0,0.0,20.0,0.0,0.0,995.0,0.0,35.0,2.0,12.0,2.0,0.0,1XPBD49X5PD8,2023.0,495.0,2787.0,66.0,87.0,Peterbilt,881.0,66.0,1.0,0.0,0.0,998.0,0.0,0.0,0.0,83.0,6.0,12.0,0.0,0.0,1.0,45.0,29461.0,1.0,6.0,3.0,Valid license for this class vehicle,3.0,68.0,242.0,0.0,0.0,0.0,0.0,No Record,0.0,0.0,0.0,0.0,2.0,2.0,75.0,1.0,1.0,2.0,1.0,0.0,1.0,12.0,99.0,1.0,4.0,301.0,35.0,0.0,1.0,0.0,202304823588.0,30.0,5.0,2.0,0.0,1.0,1.0,66.0,58.0,1.0,0.0,1.0,20.0,0.0,87.0,1.0,99.0
350218,1,0,96.0,35.0,1.0,0.0,-99.0,35.0,5.0,12.0,63.0,4.0,52.0,1.0,1.0,4.0,3.0,0.0,8.0,0.0,0.0,996.0,99.0,35.0,2.0,12.0,1.0,0.0,5XXG14J21PG1,2023.0,499.0,27527.0,13.0,63.0,KIA,398.0,4.0,1.0,0.0,0.0,998.0,0.0,3.0,1.0,12.0,6.0,12.0,1.0,0.0,1.0,35.0,88201.0,1.0,6.0,3.0,Valid license for this class vehicle,0.0,71.0,185.0,0.0,0.0,0.0,0.0,No Record,0.0,0.0,0.0,3.0,1.0,2.0,55.0,1.0,1.0,2.0,1.0,0.0,6.0,17.0,15.0,2.0,2.0,402.0,35.0,99.0,1.0,0.0,202305321256.0,12.0,6.0,8.0,0.0,10.0,1.0,4.0,22.0,2.0,0.0,1.0,20.0,0.0,63.0,1.0,0.0
350221,1,99,93.0,51.0,1.0,0.0,-99.0,35.0,33.0,12.0,7.0,15.0,64.0,1.0,1.0,4.0,98.0,7.0,20.0,0.0,0.0,998.0,99.0,35.0,2.0,12.0,1.0,0.0,1C4RDJDG7NC1,2022.0,476.0,3508.0,7.0,7.0,Dodge,422.0,15.0,1.0,0.0,0.0,998.0,8.0,0.0,0.0,12.0,6.0,12.0,1.0,0.0,1.0,8.0,80204.0,1.0,6.0,3.0,Valid license for this class vehicle,0.0,999.0,999.0,99.0,99.0,99.0,99.0,Unknown,9999.0,99.0,9999.0,0.0,2.0,2.0,75.0,1.0,1.0,2.0,1.0,0.0,1.0,54.0,15.0,2.0,2.0,303.0,35.0,99.0,1.0,0.0,202304941249.0,12.0,7.0,5.0,2.0,2.0,1.0,15.0,34.0,1.0,2.0,1.0,98.0,0.0,7.0,2.0,98.0
350226,1,0,93.0,26.0,1.0,9995.0,-99.0,35.0,57.0,12.0,82.0,66.0,22.0,1.0,1.0,0.0,1.0,0.0,20.0,0.0,0.0,995.0,0.0,35.0,5.0,12.0,2.0,0.0,3AKJHHDR2NSN,2022.0,450.0,2501.0,66.0,82.0,Freightliner,881.0,66.0,1.0,0.0,0.0,43.0,8.0,0.0,0.0,12.0,6.0,12.0,0.0,0.0,1.0,6.0,93313.0,1.0,6.0,3.0,Valid license for this class vehicle,0.0,999.0,999.0,99.0,99.0,99.0,99.0,Unknown,9999.0,99.0,9999.0,4.0,2.0,2.0,75.0,1.0,1.0,2.0,1.0,0.0,1.0,51.0,16.0,2.0,1.0,202.0,35.0,0.0,1.0,0.0,202304799611.0,51.0,4.0,3.0,0.0,6.0,1.0,66.0,41.0,1.0,0.0,1.0,20.0,0.0,82.0,1.0,98.0
350228,1,99,93.0,6.0,1.0,0.0,-99.0,35.0,1.0,18.0,35.0,4.0,34.0,1.0,1.0,4.0,20.0,7.0,8.0,0.0,9.0,996.0,99.0,35.0,1.0,18.0,1.0,0.0,3N1AB7AP7HY2,2017.0,478.0,1907.0,13.0,35.0,Nissan/Datsun,43.0,4.0,1.0,0.0,0.0,50.0,7.0,0.0,0.0,12.0,6.0,18.0,0.0,0.0,1.0,35.0,87113.0,1.0,6.0,3.0,Valid license for this class vehicle,0.0,67.0,185.0,0.0,0.0,0.0,0.0,No Record,0.0,0.0,0.0,0.0,1.0,2.0,50.0,1.0,1.0,2.0,1.0,0.0,1.0,90.0,99.0,1.0,1.0,103.0,35.0,99.0,1.0,0.0,202304943613.0,12.0,2.0,5.0,0.0,1.0,1.0,4.0,73.0,1.0,0.0,1.0,20.0,0.0,35.0,1.0,98.0
350230,1,98,96.0,39.0,1.0,0.0,-99.0,35.0,31.0,12.0,12.0,5.0,82.0,1.0,1.0,4.0,3.0,0.0,2.0,0.0,0.0,996.0,99.0,35.0,2.0,12.0,1.0,0.0,3FADP4EJ3KM1,2019.0,460.0,3267.0,5.0,12.0,Ford,32.0,5.0,1.0,0.0,0.0,998.0,0.0,0.0,0.0,62.0,6.0,12.0,0.0,0.0,1.0,35.0,87320.0,0.0,0.0,0.0,Not licensed,0.0,66.0,204.0,0.0,0.0,0.0,0.0,No Record,0.0,0.0,0.0,0.0,1.0,2.0,98.0,1.0,1.0,2.0,1.0,20.0,11.0,15.0,99.0,1.0,1.0,414.0,35.0,3.0,1.0,0.0,202305138665.0,8.0,1.0,7.0,2.0,10.0,1.0,5.0,53.0,2.0,0.0,1.0,20.0,0.0,12.0,1.0,99.0
350238,1,0,96.0,73.0,1.0,9995.0,-99.0,35.0,29.0,12.0,98.0,92.0,22.0,1.0,1.0,0.0,3.0,0.0,20.0,0.0,0.0,995.0,0.0,35.0,3.0,12.0,1.0,0.0,0,1993.0,99997.0,99997.0,126.0,98.0,Other Make,998.0,92.0,1.0,0.0,0.0,998.0,8.0,0.0,0.0,6.0,6.0,12.0,0.0,0.0,1.0,35.0,88001.0,7.0,6.0,2.0,No valid license for this class vehicle,2.0,76.0,215.0,0.0,0.0,0.0,0.0,No Record,0.0,0.0,0.0,0.0,1.0,2.0,65.0,1.0,1.0,2.0,1.0,0.0,1.0,53.0,99.0,1.0,1.0,201.0,35.0,0.0,1.0,0.0,202304636966.0,43.0,1.0,1.0,2.0,1.0,1.0,83.0,49.0,1.0,2.0,1.0,20.0,8.0,73.0,1.0,98.0
350246,1,0,93.0,6.0,1.0,1.0,-99.0,35.0,31.0,12.0,82.0,66.0,24.0,1.0,1.0,4.0,3.0,0.0,1.0,0.0,9.0,0.0,99.0,35.0,4.0,12.0,1.0,0.0,3AKJHHDR7KSK,2019.0,450.0,2501.0,66.0,82.0,Freightliner,881.0,66.0,1.0,0.0,0.0,998.0,8.0,0.0,0.0,12.0,6.0,12.0,0.0,0.0,1.0,6.0,92337.0,1.0,6.0,3.0,Valid license for this class vehicle,3.0,999.0,999.0,99.0,99.0,99.0,99.0,Unknown,9999.0,99.0,9999.0,4.0,3.0,2.0,65.0,1.0,1.0,2.0,2.0,0.0,1.0,50.0,1.0,1.0,1.0,202.0,35.0,99.0,1.0,0.0,202304689596.0,12.0,7.0,1.0,3.0,2.0,1.0,66.0,62.0,1.0,0.0,1.0,20.0,0.0,82.0,2.0,98.0
350246,2,0,96.0,54.0,1.0,9995.0,-99.0,35.0,31.0,12.0,82.0,66.0,27.0,1.0,1.0,0.0,3.0,0.0,20.0,0.0,0.0,995.0,0.0,35.0,4.0,12.0,1.0,0.0,3AKJHHDR4PSN,2023.0,450.0,2501.0,66.0,82.0,Freightliner,881.0,66.0,1.0,0.0,0.0,0.0,8.0,0.0,0.0,6.0,6.0,12.0,0.0,0.0,1.0,6.0,93727.0,1.0,6.0,3.0,Valid license for this class vehicle,0.0,999.0,999.0,99.0,99.0,99.0,99.0,Unknown,9999.0,99.0,9999.0,0.0,3.0,2.0,65.0,1.0,1.0,2.0,2.0,0.0,5.0,53.0,1.0,1.0,1.0,201.0,35.0,0.0,1.0,0.0,202304786417.0,12.0,4.0,3.0,0.0,10.0,1.0,66.0,47.0,1.0,0.0,1.0,20.0,0.0,82.0,2.0,0.0
350252,1,99,96.0,0.0,1.0,5062.0,5.5,35.0,49.0,24.0,72.0,80.0,53.0,1.0,1.0,4.0,20.0,7.0,20.0,8.0,9.0,87.0,99.0,35.0,1.0,24.0,1.0,0.0,1HD1KTP10MB6,2021.0,3888.0,12631.0,81.0,72.0,Harley-Davidson,706.0,80.0,1.0,0.0,0.0,998.0,7.0,8.0,8.0,12.0,6.0,24.0,0.0,1.0,1.0,35.0,87010.0,1.0,6.0,2.0,No valid license for this class vehicle,0.0,77.0,200.0,0.0,0.0,0.0,0.0,No Record,0.0,0.0,0.0,0.0,1.0,2.0,45.0,3.0,6.0,2.0,1.0,97.0,14.0,13.0,99.0,1.0,4.0,101.0,35.0,1.0,1.0,0.0,202305254426.0,8.0,6.0,8.0,3.0,1.0,1.0,80.0,34.0,1.0,0.0,1.0,20.0,8.0,72.0,1.0,0.0
350258,1,99,96.0,80.0,1.0,0.0,-99.0,35.0,17.0,12.0,82.0,66.0,58.0,1.0,1.0,4.0,98.0,7.0,20.0,0.0,9.0,996.0,99.0,35.0,5.0,12.0,1.0,0.0,1FUJAPCG53DK,2003.0,450.0,2486.0,66.0,82.0,Freightliner,881.0,66.0,1.0,0.0,0.0,75.0,8.0,0.0,0.0,12.0,6.0,2.0,1.0,0.0,1.0,48.0,76179.0,1.0,6.0,3.0,Valid license for this class vehicle,3.0,999.0,999.0,0.0,0.0,0.0,0.0,No Record,0.0,0.0,0.0,0.0,2.0,2.0,75.0,1.0,1.0,2.0,1.0,0.0,1.0,1.0,99.0,1.0,2.0,998.0,35.0,99.0,1.0,0.0,202304752472.0,12.0,6.0,2.0,2.0,1.0,1.0,66.0,55.0,1.0,0.0,1.0,20.0,0.0,82.0,2.0,0.0
350265,1,0,96.0,0.0,1.0,1.0,-99.0,35.0,1.0,12.0,49.0,4.0,42.0,2.0,1.0,4.0,98.0,7.0,8.0,0.0,9.0,0.0,99.0,35.0,3.0,12.0,3.0,0.0,4T4BF1FK1CR1,2012.0,448.0,2469.0,13.0,49.0,Toyota,40.0,4.0,1.0,0.0,0.0,998.0,0.0,0.0,0.0,12.0,6.0,12.0,0.0,0.0,1.0,35.0,87110.0,1.0,6.0,3.0,Valid license for this class vehicle,0.0,67.0,165.0,0.0,0.0,0.0,0.0,No Record,0.0,0.0,0.0,0.0,1.0,2.0,35.0,1.0,1.0,2.0,1.0,20.0,11.0,15.0,99.0,1.0,1.0,414.0,35.0,1.0,1.0,0.0,202305289389.0,12.0,6.0,7.0,2.0,1.0,1.0,4.0,36.0,1.0,0.0,1.0,20.0,0.0,49.0,2.0,0.0
350278,1,0,93.0,28.0,1.0,1.0,-99.0,35.0,25.0,12.0,49.0,4.0,24.0,1.0,1.0,4.0,3.0,0.0,8.0,0.0,9.0,0.0,99.0,35.0,2.0,12.0,2.0,0.0,1NXBU40E69Z0,2009.0,448.0,2208.0,13.0,49.0,Toyota,32.0,4.0,1.0,0.0,0.0,998.0,8.0,0.0,0.0,12.0,6.0,12.0,0.0,0.0,1.0,35.0,88232.0,1.0,6.0,3.0,Valid license for this class vehicle,0.0,66.0,140.0,0.0,1.0,0.0,11.0,November,2021.0,11.0,2021.0,0.0,1.0,2.0,55.0,1.0,1.0,2.0,1.0,0.0,1.0,10.0,99.0,1.0,2.0,301.0,35.0,1.0,1.0,0.0,202305206809.0,12.0,4.0,8.0,0.0,1.0,1.0,4.0,52.0,2.0,0.0,1.0,3.0,0.0,49.0,1.0,98.0
350280,2,0,93.0,38.0,1.0,0.0,-99.0,35.0,57.0,12.0,12.0,20.0,68.0,2.0,1.0,4.0,20.0,7.0,20.0,0.0,9.0,996.0,99.0,35.0,2.0,12.0,1.0,0.0,2FMZA51453BB,2003.0,460.0,5264.0,2.0,12.0,Ford,442.0,20.0,1.0,0.0,0.0,998.0,0.0,0.0,0.0,12.0,6.0,12.0,0.0,0.0,1.0,35.0,87016.0,1.0,6.0,3.0,Valid license for this class vehicle,0.0,62.0,190.0,0.0,0.0,0.0,0.0,No Record,0.0,0.0,0.0,0.0,2.0,2.0,55.0,1.0,1.0,2.0,1.0,0.0,11.0,15.0,99.0,1.0,1.0,401.0,35.0,1.0,1.0,0.0,202304741780.0,12.0,5.0,2.0,0.0,1.0,1.0,20.0,28.0,1.0,0.0,1.0,20.0,0.0,12.0,2.0,98.0
350284,2,99,96.0,0.0,1.0,9995.0,-99.0,35.0,1.0,12.0,35.0,4.0,19.0,2.0,1.0,1.0,98.0,7.0,2.0,0.0,0.0,995.0,0.0,35.0,3.0,12.0,2.0,0.0,3N1AB6APXCL7,2012.0,478.0,1907.0,13.0,35.0,Nissan/Datsun,43.0,4.0,1.0,0.0,0.0,0.0,0.0,0.0,0.0,61.0,4.0,12.0,0.0,0.0,1.0,35.0,87059.0,1.0,6.0,3.0,Valid license for this class vehicle,0.0,64.0,150.0,0.0,0.0,0.0,0.0,No Record,0.0,0.0,0.0,0.0,2.0,3.0,40.0,1.0,1.0,2.0,1.0,3.0,5.0,62.0,1.0,1.0,1.0,302.0,35.0,0.0,1.0,0.0,202304909482.0,12.0,7.0,3.0,0.0,1.0,1.0,4.0,19.0,1.0,0.0,1.0,20.0,0.0,35.0,1.0,98.0
350286,1,0,93.0,6.0,1.0,1.0,-99.0,35.0,6.0,24.0,82.0,62.0,65.0,1.0,1.0,4.0,3.0,0.0,20.0,0.0,9.0,0.0,99.0,35.0,1.0,24.0,2.0,0.0,1FVACWDT6CDB,2012.0,450.0,2499.0,11.0,82.0,Freightliner,881.0,62.0,1.0,0.0,0.0,998.0,7.0,3.0,5.0,98.0,6.0,1.0,0.0,0.0,1.0,17.0,60465.0,1.0,6.0,3.0,Valid license for this class vehicle,3.0,999.0,999.0,99.0,99.0,99.0,99.0,Unknown,9999.0,99.0,9999.0,0.0,2.0,2.0,75.0,1.0,1.0,2.0,1.0,0.0,1.0,9.0,9.0,2.0,4.0,101.0,35.0,99.0,1.0,0.0,202305117421.0,12.0,4.0,7.0,1.0,1.0,1.0,62.0,31.0,1.0,0.0,1.0,20.0,0.0,82.0,2.0,0.0
350306,1,99,96.0,0.0,1.0,0.0,-99.0,35.0,1.0,12.0,34.0,14.0,20.0,1.0,1.0,0.0,98.0,7.0,20.0,0.0,9.0,996.0,0.0,35.0,2.0,12.0,99.0,1.0,5UXWX5C56CL7,2012.0,452.0,1719.0,7.0,34.0,BMW,402.0,14.0,1.0,0.0,0.0,998.0,7.0,0.0,0.0,12.0,4.0,12.0,0.0,0.0,1.0,35.0,87144.0,1.0,6.0,3.0,Valid license for this class vehicle,3.0,69.0,170.0,0.0,0.0,0.0,0.0,No Record,0.0,0.0,0.0,0.0,2.0,2.0,25.0,1.0,6.0,2.0,1.0,0.0,1.0,51.0,99.0,1.0,1.0,202.0,35.0,0.0,1.0,0.0,202304884237.0,12.0,6.0,4.0,0.0,1.0,1.0,14.0,55.0,2.0,0.0,1.0,20.0,0.0,34.0,1.0,2.0
350321,1,99,96.0,0.0,1.0,9995.0,-99.0,35.0,29.0,12.0,49.0,4.0,59.0,2.0,1.0,3.0,98.0,7.0,1.0,0.0,9.0,995.0,0.0,35.0,4.0,12.0,1.0,0.0,4T1BE46K29U9,2009.0,448.0,2469.0,13.0,49.0,Toyota,40.0,4.0,1.0,0.0,0.0,998.0,8.0,0.0,0.0,12.0,6.0,12.0,0.0,0.0,1.0,35.0,88030.0,1.0,2.0,2.0,No valid license for this class vehicle,3.0,67.0,125.0,0.0,0.0,0.0,0.0,No Record,0.0,0.0,0.0,3.0,1.0,2.0,30.0,1.0,1.0,2.0,1.0,3.0,1.0,50.0,99.0,1.0,1.0,202.0,35.0,0.0,1.0,0.0,202304647253.0,12.0,5.0,1.0,0.0,1.0,1.0,4.0,24.0,1.0,0.0,1.0,20.0,0.0,49.0,1.0,0.0
350330,1,9,6.0,104.0,1.0,9995.0,-99.0,35.0,35.0,12.0,20.0,4.0,27.0,1.0,1.0,1.0,98.0,7.0,8.0,0.0,1.0,996.0,0.0,35.0,2.0,12.0,1.0,0.0,1G1BE5SM8J71,2018.0,467.0,1832.0,13.0,20.0,Chevrolet,25.0,4.0,1.0,0.0,0.0,998.0,7.0,0.0,0.0,12.0,6.0,12.0,0.0,1.0,1.0,48.0,79905.0,1.0,6.0,3.0,Valid license for this class vehicle,0.0,999.0,999.0,99.0,99.0,99.0,99.0,Unknown,9999.0,99.0,9999.0,3.0,2.0,2.0,35.0,3.0,1.0,2.0,1.0,3.0,14.0,10.0,99.0,1.0,2.0,303.0,35.0,0.0,1.0,0.0,202305111734.0,12.0,2.0,7.0,0.0,1.0,1.0,4.0,66.0,2.0,0.0,1.0,20.0,0.0,20.0,1.0,98.0
350334,1,0,96.0,38.0,1.0,9995.0,-99.0,35.0,15.0,12.0,12.0,34.0,44.0,1.0,1.0,0.0,3.0,0.0,2.0,0.0,0.0,995.0,0.0,35.0,3.0,12.0,1.0,0.0,1FTEW1E46LKD,2020.0,460.0,1801.0,60.0,12.0,Ford,481.0,34.0,1.0,0.0,0.0,998.0,7.0,0.0,0.0,81.0,6.0,12.0,0.0,0.0,1.0,35.0,88220.0,1.0,6.0,3.0,Valid license for this class vehicle,3.0,66.0,185.0,0.0,0.0,0.0,0.0,No Record,0.0,0.0,0.0,0.0,2.0,2.0,65.0,1.0,1.0,2.0,1.0,0.0,11.0,15.0,99.0,1.0,1.0,401.0,35.0,0.0,1.0,0.0,202305314847.0,9.0,3.0,10.0,0.0,1.0,1.0,34.0,77.0,2.0,0.0,1.0,20.0,0.0,12.0,1.0,0.0
350335,1,99,96.0,0.0,1.0,0.0,-99.0,35.0,15.0,12.0,49.0,34.0,26.0,1.0,1.0,4.0,20.0,7.0,2.0,0.0,9.0,996.0,99.0,35.0,2.0,12.0,1.0,0.0,5TFCZ5AN7GX0,2016.0,448.0,2223.0,60.0,49.0,Toyota,472.0,34.0,1.0,0.0,0.0,998.0,8.0,0.0,0.0,12.0,6.0,2.0,1.0,0.0,1.0,35.0,88220.0,1.0,6.0,3.0,Valid license for this class vehicle,0.0,68.0,225.0,0.0,0.0,0.0,0.0,No Record,0.0,0.0,0.0,0.0,2.0,2.0,65.0,1.0,1.0,2.0,1.0,0.0,1.0,54.0,99.0,1.0,1.0,303.0,35.0,99.0,1.0,0.0,202304894315.0,12.0,5.0,4.0,0.0,2.0,1.0,34.0,64.0,1.0,0.0,1.0,20.0,0.0,49.0,2.0,0.0
350339,1,99,93.0,6.0,1.0,0.0,-99.0,35.0,27.0,12.0,35.0,4.0,39.0,2.0,1.0,4.0,20.0,7.0,8.0,0.0,0.0,996.0,6.0,35.0,2.0,12.0,1.0,0.0,3N1AB7AP5EY3,2014.0,478.0,1907.0,13.0,35.0,Nissan/Datsun,43.0,4.0,1.0,0.0,0.0,998.0,8.0,3.0,1.0,12.0,6.0,12.0,0.0,0.0,1.0,35.0,88203.0,1.0,6.0,3.0,Valid license for this class vehicle,0.0,63.0,225.0,0.0,0.0,0.0,0.0,No Record,0.0,0.0,0.0,0.0,2.0,2.0,70.0,1.0,1.0,2.0,1.0,0.0,1.0,12.0,99.0,1.0,4.0,303.0,35.0,1.0,1.0,0.0,202305353648.0,12.0,3.0,8.0,0.0,1.0,1.0,4.0,21.0,1.0,0.0,1.0,20.0,0.0,35.0,1.0,0.0
350339,2,0,96.0,0.0,1.0,9995.0,-99.0,35.0,27.0,12.0,55.0,5.0,57.0,2.0,1.0,3.0,3.0,0.0,8.0,0.0,9.0,995.0,0.0,35.0,2.0,12.0,2.0,0.0,KMHH35LE4JU0,2018.0,498.0,11447.0,5.0,55.0,Hyundai,35.0,5.0,1.0,0.0,0.0,998.0,8.0,0.0,0.0,12.0,6.0,12.0,0.0,0.0,1.0,35.0,88201.0,1.0,6.0,3.0,Valid license for this class vehicle,0.0,66.0,187.0,0.0,0.0,0.0,0.0,No Record,0.0,0.0,0.0,0.0,2.0,2.0,70.0,1.0,1.0,2.0,1.0,0.0,1.0,62.0,99.0,1.0,1.0,303.0,35.0,0.0,1.0,0.0,202304965539.0,33.0,4.0,3.0,1.0,1.0,1.0,5.0,74.0,2.0,1.0,1.0,8.0,0.0,55.0,1.0,0.0
350340,1,9,93.0,51.0,1.0,1.0,-99.0,35.0,31.0,12.0,18.0,14.0,31.0,2.0,1.0,4.0,20.0,7.0,8.0,0.0,1.0,159.0,7.0,35.0,2.0,12.0,2.0,0.0,KL4CJASB9LB0,2020.0,468.0,1842.0,7.0,18.0,Buick / Opel,404.0,14.0,1.0,0.0,0.0,998.0,8.0,0.0,0.0,12.0,6.0,12.0,0.0,1.0,1.0,4.0,86504.0,1.0,6.0,3.0,Valid license for this class vehicle,0.0,999.0,999.0,99.0,99.0,99.0,99.0,Unknown,9999.0,99.0,9999.0,0.0,2.0,2.0,75.0,1.0,1.0,2.0,1.0,0.0,1.0,54.0,99.0,1.0,1.0,303.0,35.0,3.0,1.0,0.0,202304930163.0,12.0,4.0,3.0,3.0,1.0,1.0,14.0,46.0,2.0,3.0,1.0,20.0,0.0,18.0,2.0,98.0