ST_CASE,VEH_NO_x,DRIMPAIR_x,DRDISTRACT,DRIVERRF,PER_NO_x,DRUGRES,DRUGACTQTY,STATE_x,COUNTY,HARM_EV_x,MAKE_x,BODY_TYP_x,AGE,SEX,PER_TYP_x,INJ_SEV,REST_USE,REST_MIS,AIR_BAG_x,EJECTION,DRINKING,ALC_RES,HISPANIC,STATE_y,VE_FORMS,HARM_EV_y,NUMOCCS,HIT_RUN,VIN,MOD_YEAR,VPICMAKE,VPICMODEL,VPICBODYCLASS,MAKE_y,MAKENAME,MODEL,BODY_TYP_y,HAZ_INV,HAZ_PLAC,HAZ_ID,TRAV_SP,UNDEROVERRIDE,ROLLOVER,ROLINLOC,IMPACT1,DEFORMED,M_HARM,FIRE_EXP,DR_DRINK,DR_PRES,L_STATE,DR_ZIP,L_TYPE,L_STATUS,L_COMPL,L_COMPLNAME,L_RESTRI,DR_HGT,DR_WGT,PREV_DWI,PREV_SPD,PREV_OTH,FIRST_MO,FIRST_MONAME,FIRST_YR,LAST_MO,LAST_YR,SPEEDREL,VTRAFWAY,VNUM_LAN,VSPD_LIM,VALIGN,VPROFILE,VPAVETYP,VSURCOND,VTRAFCON,P_CRASH1,P_CRASH2,P_CRASH3,PCRASH4,PCRASH5,ACC_CONFIG,STATE,RACE,ORDER,MULTRACE,CASENUM,HARM_EV,DAY_WEEK,MONTH,MAXSEV_IM,WEATHR_IM,PER_NO_y,BODY_TYP,AGE_IM,SEX_IM,INJSEV_IM,PER_TYP_y,AIR_BAG_y,EJECT_IM,MAKE,VEH_NO_y,DRIMPAIR_y
350345,1,9,5.0,6.0,1.0,1.0,-99.0,35.0,13.0,33.0,72.0,80.0,42.0,1.0,1.0,4.0,20.0,7.0,20.0,8.0,1.0,141.0,99.0,35.0,1.0,33.0,1.0,0.0,1HD1KRP18NB6,2022.0,3888.0,12629.0,81.0,72.0,Harley-Davidson,706.0,80.0,1.0,0.0,0.0,998.0,7.0,8.0,8.0,98.0,6.0,33.0,0.0,1.0,1.0,4.0,85616.0,1.0,6.0,3.0,Valid license for this class vehicle,0.0,999.0,999.0,99.0,99.0,99.0,99.0,Unknown,9999.0,99.0,9999.0,3.0,2.0,2.0,35.0,2.0,1.0,2.0,1.0,0.0,14.0,12.0,99.0,1.0,4.0,102.0,35.0,99.0,1.0,0.0,202305417962.0,12.0,5.0,10.0,2.0,1.0,1.0,80.0,55.0,1.0,2.0,1.0,20.0,8.0,72.0,2.0,0.0
350349,1,99,93.0,28.0,1.0,0.0,-99.0,35.0,19.0,12.0,12.0,34.0,73.0,1.0,1.0,4.0,3.0,0.0,8.0,0.0,9.0,996.0,6.0,35.0,2.0,12.0,1.0,0.0,1FTFW1EF8CKE,2012.0,460.0,1801.0,60.0,12.0,Ford,481.0,34.0,1.0,0.0,0.0,998.0,0.0,3.0,1.0,61.0,6.0,1.0,0.0,0.0,1.0,35.0,88301.0,1.0,6.0,3.0,Valid license for this class vehicle,0.0,66.0,160.0,0.0,0.0,0.0,0.0,No Record,0.0,0.0,0.0,0.0,1.0,2.0,65.0,1.0,1.0,2.0,1.0,0.0,1.0,10.0,7.0,2.0,2.0,301.0,35.0,1.0,1.0,0.0,202305461100.0,12.0,3.0,11.0,0.0,1.0,1.0,34.0,42.0,1.0,0.0,1.0,20.0,0.0,12.0,1.0,0.0
350377,1,96,96.0,0.0,1.0,0.0,-99.0,35.0,37.0,1.0,7.0,20.0,54.0,1.0,1.0,4.0,20.0,7.0,20.0,1.0,9.0,996.0,99.0,35.0,1.0,1.0,1.0,0.0,2D4GP44L47R1,2007.0,476.0,1942.0,9.0,7.0,Dodge,442.0,20.0,1.0,0.0,0.0,998.0,7.0,3.0,5.0,0.0,6.0,1.0,0.0,0.0,1.0,35.0,88121.0,1.0,2.0,2.0,No valid license for this class vehicle,0.0,69.0,150.0,0.0,0.0,0.0,0.0,No Record,0.0,0.0,0.0,3.0,1.0,2.0,55.0,3.0,1.0,5.0,1.0,0.0,14.0,6.0,99.0,2.0,4.0,101.0,35.0,99.0,1.0,0.0,202304663555.0,12.0,2.0,1.0,0.0,1.0,1.0,20.0,56.0,2.0,0.0,1.0,98.0,0.0,7.0,1.0,0.0
350378,1,9,93.0,51.0,1.0,5062.0,25.0,35.0,31.0,12.0,63.0,4.0,21.0,1.0,1.0,4.0,3.0,0.0,8.0,0.0,1.0,290.0,99.0,35.0,2.0,12.0,1.0,0.0,5XXGT4L33KG3,2019.0,499.0,2739.0,13.0,63.0,KIA,34.0,4.0,1.0,0.0,0.0,998.0,8.0,0.0,0.0,12.0,6.0,12.0,0.0,1.0,1.0,35.0,87323.0,1.0,2.0,2.0,No valid license for this class vehicle,0.0,70.0,180.0,0.0,0.0,0.0,7.0,July,2022.0,7.0,2022.0,0.0,2.0,2.0,75.0,1.0,1.0,2.0,1.0,0.0,1.0,54.0,99.0,1.0,1.0,303.0,35.0,99.0,1.0,0.0,202304668639.0,12.0,6.0,1.0,2.0,1.0,1.0,4.0,33.0,1.0,0.0,1.0,20.0,0.0,63.0,1.0,0.0
350388,1,99,9.0,28.0,1.0,0.0,-99.0,35.0,45.0,12.0,55.0,4.0,40.0,1.0,1.0,4.0,98.0,7.0,20.0,0.0,9.0,996.0,99.0,35.0,2.0,12.0,1.0,0.0,5NPDH4AE0DH4,2013.0,498.0,2735.0,13.0,55.0,Hyundai,35.0,4.0,1.0,0.0,0.0,998.0,8.0,0.0,0.0,12.0,6.0,12.0,0.0,0.0,1.0,35.0,87420.0,1.0,6.0,3.0,Valid license for this class vehicle,0.0,69.0,175.0,0.0,1.0,0.0,8.0,August,2021.0,8.0,2021.0,0.0,1.0,2.0,55.0,1.0,1.0,2.0,1.0,0.0,1.0,10.0,99.0,1.0,2.0,301.0,35.0,99.0,1.0,0.0,202305450895.0,12.0,2.0,11.0,2.0,1.0,1.0,4.0,25.0,2.0,2.0,1.0,1.0,0.0,55.0,1.0,0.0
350390,1,9,96.0,0.0,1.0,0.0,-99.0,35.0,31.0,1.0,2.0,14.0,42.0,1.0,1.0,4.0,20.0,7.0,8.0,1.0,1.0,995.0,99.0,35.0,1.0,1.0,3.0,0.0,1C4PJLAK6CW1,2012.0,483.0,1944.0,7.0,2.0,Jeep / Kaiser-Jeep / Willys- Jeep,405.0,14.0,1.0,0.0,0.0,998.0,7.0,3.0,1.0,0.0,6.0,1.0,0.0,1.0,1.0,35.0,87313.0,0.0,0.0,0.0,Not licensed,0.0,65.0,189.0,0.0,1.0,0.0,2.0,February,2022.0,2.0,2022.0,3.0,1.0,2.0,55.0,1.0,1.0,2.0,1.0,0.0,1.0,13.0,6.0,2.0,6.0,998.0,35.0,99.0,1.0,0.0,202304896490.0,12.0,6.0,3.0,0.0,1.0,1.0,14.0,60.0,2.0,0.0,1.0,20.0,0.0,2.0,1.0,98.0
360001,1,98,96.0,0.0,1.0,9995.0,-99.0,36.0,87.0,38.0,49.0,4.0,64.0,2.0,1.0,1.0,3.0,0.0,9.0,0.0,8.0,0.0,0.0,36.0,1.0,38.0,3.0,0.0,4T1G11AK1MU4,2021.0,448.0,2469.0,13.0,49.0,Toyota,40.0,4.0,1.0,0.0,0.0,999.0,7.0,0.0,0.0,12.0,7.0,42.0,0.0,0.0,1.0,36.0,10927.0,1.0,6.0,3.0,Valid license for this class vehicle,0.0,64.0,999.0,0.0,0.0,0.0,0.0,No Record,0.0,0.0,0.0,0.0,1.0,2.0,20.0,4.0,1.0,2.0,2.0,0.0,14.0,12.0,99.0,1.0,4.0,102.0,36.0,0.0,1.0,0.0,202304753590.0,12.0,1.0,2.0,0.0,1.0,1.0,4.0,28.0,1.0,0.0,1.0,20.0,0.0,49.0,2.0,0.0
360005,1,98,96.0,87.0,1.0,0.0,-99.0,36.0,31.0,42.0,35.0,4.0,27.0,2.0,1.0,4.0,20.0,7.0,9.0,0.0,8.0,0.0,7.0,36.0,1.0,42.0,1.0,0.0,3N1CN7APXCL9,2012.0,478.0,1894.0,13.0,35.0,Nissan/Datsun,50.0,4.0,1.0,0.0,0.0,999.0,7.0,3.0,6.0,12.0,6.0,3.0,0.0,0.0,1.0,36.0,12901.0,1.0,6.0,3.0,Valid license for this class vehicle,0.0,60.0,999.0,0.0,1.0,1.0,8.0,August,2020.0,6.0,2022.0,0.0,1.0,2.0,35.0,1.0,1.0,2.0,2.0,97.0,1.0,13.0,99.0,1.0,4.0,101.0,36.0,1.0,1.0,0.0,202304871875.0,12.0,6.0,3.0,0.0,10.0,1.0,4.0,22.0,1.0,0.0,1.0,20.0,0.0,35.0,1.0,0.0
360016,1,98,9.0,0.0,1.0,1.0,-99.0,36.0,59.0,42.0,35.0,4.0,16.0,2.0,1.0,4.0,3.0,0.0,9.0,0.0,8.0,0.0,99.0,36.0,1.0,42.0,4.0,0.0,1N4AL21E18C2,2008.0,478.0,1904.0,13.0,35.0,Nissan/Datsun,47.0,4.0,1.0,0.0,0.0,999.0,7.0,0.0,0.0,12.0,7.0,42.0,0.0,0.0,1.0,36.0,11783.0,7.0,6.0,2.0,No valid license for this class vehicle,3.0,66.0,999.0,0.0,0.0,0.0,0.0,No Record,0.0,0.0,0.0,0.0,1.0,2.0,30.0,3.0,1.0,2.0,1.0,0.0,14.0,13.0,99.0,9.0,4.0,101.0,36.0,1.0,1.0,0.0,202305378974.0,59.0,1.0,10.0,0.0,1.0,1.0,4.0,69.0,2.0,0.0,1.0,20.0,0.0,35.0,1.0,98.0
360029,1,1,96.0,102.0,1.0,2131.0,-99.0,36.0,17.0,42.0,49.0,4.0,60.0,1.0,1.0,4.0,3.0,0.0,9.0,0.0,0.0,113.0,99.0,36.0,1.0,42.0,1.0,0.0,4T1BK46K07U0,2007.0,448.0,2469.0,13.0,49.0,Toyota,40.0,4.0,1.0,0.0,0.0,999.0,7.0,0.0,0.0,83.0,7.0,42.0,0.0,1.0,1.0,36.0,13830.0,1.0,6.0,3.0,Valid license for this class vehicle,0.0,69.0,999.0,0.0,0.0,0.0,0.0,No Record,0.0,0.0,0.0,0.0,1.0,2.0,55.0,1.0,1.0,2.0,1.0,0.0,1.0,12.0,1.0,1.0,4.0,102.0,36.0,1.0,1.0,0.0,202304641584.0,12.0,2.0,1.0,0.0,1.0,1.0,4.0,77.0,1.0,0.0,1.0,20.0,0.0,49.0,1.0,10.0
360033,1,98,96.0,0.0,1.0,9995.0,-99.0,36.0,101.0,35.0,20.0,14.0,42.0,1.0,1.0,4.0,20.0,7.0,20.0,0.0,1.0,995.0,99.0,36.0,1.0,35.0,1.0,0.0,1GNDT13S2523,2005.0,467.0,4548.0,7.0,20.0,Chevrolet,403.0,14.0,1.0,0.0,0.0,999.0,7.0,0.0,0.0,12.0,6.0,42.0,0.0,1.0,1.0,36.0,14810.0,1.0,6.0,3.0,Valid license for this class vehicle,3.0,72.0,999.0,0.0,0.0,0.0,3.0,March,2022.0,10.0,2022.0,5.0,1.0,2.0,55.0,1.0,1.0,2.0,2.0,0.0,1.0,12.0,99.0,4.0,4.0,102.0,36.0,99.0,1.0,0.0,202305078441.0,12.0,4.0,6.0,3.0,1.0,1.0,14.0,18.0,1.0,0.0,1.0,20.0,0.0,20.0,1.0,98.0
360040,1,98,96.0,0.0,1.0,9995.0,-99.0,36.0,119.0,24.0,35.0,4.0,42.0,1.0,1.0,4.0,1.0,0.0,9.0,0.0,0.0,995.0,99.0,36.0,1.0,24.0,1.0,0.0,1N4AA6AP8GC4,2016.0,478.0,2302.0,13.0,35.0,Nissan/Datsun,39.0,4.0,1.0,0.0,0.0,999.0,7.0,3.0,5.0,82.0,6.0,1.0,0.0,0.0,1.0,36.0,10567.0,1.0,6.0,3.0,Valid license for this class vehicle,0.0,75.0,999.0,0.0,0.0,0.0,0.0,No Record,0.0,0.0,0.0,0.0,1.0,2.0,45.0,3.0,1.0,2.0,2.0,0.0,14.0,12.0,99.0,9.0,4.0,102.0,36.0,99.0,1.0,0.0,202305283963.0,12.0,4.0,10.0,0.0,1.0,1.0,4.0,29.0,1.0,0.0,1.0,20.0,0.0,35.0,1.0,98.0
360059,1,9,17.0,6.0,1.0,5060.0,11.0,36.0,61.0,25.0,20.0,4.0,27.0,1.0,1.0,4.0,20.0,7.0,9.0,0.0,1.0,247.0,99.0,36.0,1.0,25.0,1.0,0.0,1G1ZD5ST0NF1,2022.0,467.0,1834.0,13.0,20.0,Chevrolet,37.0,4.0,1.0,0.0,0.0,999.0,7.0,0.0,0.0,12.0,7.0,25.0,0.0,1.0,1.0,36.0,10031.0,1.0,6.0,3.0,Valid license for this class vehicle,3.0,66.0,999.0,0.0,2.0,2.0,3.0,March,2020.0,3.0,2022.0,0.0,4.0,1.0,25.0,1.0,1.0,2.0,1.0,0.0,1.0,90.0,99.0,1.0,1.0,103.0,36.0,99.0,1.0,0.0,202304884886.0,12.0,3.0,3.0,2.0,1.0,1.0,4.0,27.0,2.0,2.0,1.0,1.0,0.0,20.0,3.0,0.0
360060,1,98,96.0,6.0,1.0,9995.0,-99.0,36.0,5.0,12.0,49.0,4.0,31.0,1.0,1.0,1.0,99.0,7.0,9.0,0.0,8.0,995.0,0.0,36.0,2.0,12.0,2.0,0.0,4T1BF1FK1HU3,2017.0,448.0,2469.0,13.0,49.0,Toyota,40.0,4.0,1.0,0.0,0.0,999.0,8.0,0.0,0.0,12.0,7.0,12.0,0.0,0.0,1.0,36.0,11374.0,1.0,1.0,2.0,No valid license for this class vehicle,0.0,68.0,999.0,0.0,0.0,0.0,1.0,January,2023.0,1.0,2023.0,0.0,2.0,2.0,25.0,1.0,2.0,2.0,1.0,0.0,1.0,50.0,99.0,1.0,1.0,202.0,36.0,0.0,1.0,0.0,202305217864.0,32.0,7.0,9.0,3.0,10.0,1.0,4.0,22.0,2.0,3.0,1.0,1.0,0.0,49.0,1.0,99.0
360065,1,9,96.0,38.0,1.0,9995.0,-99.0,36.0,63.0,12.0,49.0,14.0,38.0,2.0,1.0,0.0,3.0,0.0,20.0,0.0,1.0,995.0,0.0,36.0,2.0,12.0,1.0,0.0,JTEMU5JR8M58,2021.0,448.0,2216.0,7.0,49.0,Toyota,401.0,14.0,1.0,0.0,0.0,999.0,7.0,0.0,0.0,12.0,7.0,12.0,0.0,1.0,1.0,36.0,14072.0,1.0,6.0,3.0,Valid license for this class vehicle,3.0,62.0,999.0,0.0,0.0,0.0,0.0,No Record,0.0,0.0,0.0,0.0,1.0,5.0,30.0,1.0,1.0,2.0,1.0,3.0,11.0,15.0,1.0,1.0,1.0,401.0,36.0,0.0,1.0,0.0,202305609227.0,12.0,5.0,11.0,2.0,10.0,1.0,14.0,25.0,1.0,0.0,1.0,20.0,0.0,49.0,3.0,0.0
360073,1,98,96.0,0.0,1.0,1.0,-99.0,36.0,25.0,12.0,12.0,19.0,59.0,2.0,1.0,3.0,3.0,0.0,9.0,0.0,0.0,0.0,0.0,36.0,2.0,12.0,1.0,0.0,3FMCR9B68NRE,2022.0,460.0,27411.0,7.0,12.0,Ford,498.0,19.0,1.0,0.0,0.0,999.0,0.0,0.0,0.0,12.0,6.0,12.0,0.0,0.0,1.0,36.0,13755.0,1.0,6.0,3.0,Valid license for this class vehicle,3.0,63.0,999.0,0.0,0.0,0.0,0.0,No Record,0.0,0.0,0.0,0.0,1.0,2.0,55.0,2.0,2.0,2.0,2.0,97.0,14.0,62.0,99.0,1.0,1.0,302.0,36.0,0.0,1.0,0.0,202304816797.0,12.0,7.0,3.0,0.0,1.0,1.0,19.0,18.0,2.0,0.0,1.0,20.0,0.0,12.0,2.0,0.0
360086,1,9,96.0,6.0,1.0,5060.0,2.48,36.0,23.0,30.0,35.0,4.0,49.0,1.0,1.0,2.0,3.0,0.0,9.0,0.0,8.0,0.0,0.0,36.0,1.0,30.0,4.0,0.0,3N1CN7AP9KL8,2019.0,478.0,1894.0,13.0,35.0,Nissan/Datsun,50.0,4.0,1.0,0.0,0.0,999.0,7.0,0.0,0.0,12.0,7.0,30.0,0.0,0.0,1.0,36.0,13045.0,1.0,6.0,3.0,Valid license for this class vehicle,0.0,72.0,999.0,0.0,0.0,0.0,4.0,April,2021.0,4.0,2021.0,5.0,1.0,2.0,30.0,3.0,1.0,2.0,2.0,0.0,14.0,13.0,99.0,1.0,4.0,101.0,36.0,0.0,1.0,0.0,202304724588.0,12.0,5.0,2.0,1.0,1.0,1.0,4.0,20.0,2.0,0.0,1.0,20.0,0.0,35.0,1.0,0.0
360087,1,98,96.0,51.0,1.0,2037.0,-99.0,36.0,13.0,12.0,49.0,4.0,30.0,1.0,1.0,4.0,3.0,0.0,9.0,0.0,8.0,200.0,7.0,36.0,3.0,12.0,1.0,0.0,4T1BE46K79U8,2009.0,448.0,2469.0,13.0,49.0,Toyota,40.0,4.0,1.0,0.0,0.0,999.0,0.0,0.0,0.0,12.0,6.0,12.0,0.0,1.0,1.0,45.0,29107.0,1.0,6.0,3.0,Valid license for this class vehicle,0.0,73.0,180.0,0.0,0.0,0.0,0.0,No Record,0.0,0.0,0.0,5.0,2.0,2.0,65.0,1.0,2.0,2.0,1.0,97.0,1.0,54.0,99.0,1.0,1.0,301.0,36.0,1.0,1.0,0.0,202305411413.0,12.0,2.0,10.0,0.0,1.0,1.0,4.0,27.0,2.0,0.0,1.0,1.0,0.0,49.0,1.0,98.0
360093,1,98,96.0,38.0,1.0,9995.0,-99.0,36.0,59.0,12.0,37.0,4.0,72.0,2.0,1.0,0.0,3.0,0.0,20.0,0.0,0.0,995.0,0.0,36.0,2.0,12.0,1.0,0.0,1HGCR2F35EA0,2014.0,474.0,1861.0,13.0,37.0,Honda,32.0,4.0,1.0,0.0,0.0,999.0,7.0,0.0,0.0,1.0,7.0,12.0,0.0,0.0,1.0,36.0,11553.0,1.0,6.0,3.0,Valid license for this class vehicle,0.0,63.0,999.0,0.0,0.0,0.0,2.0,February,2020.0,2.0,2020.0,0.0,3.0,4.0,30.0,1.0,1.0,2.0,98.0,3.0,11.0,15.0,99.0,1.0,1.0,401.0,36.0,0.0,1.0,0.0,202305078986.0,12.0,4.0,4.0,1.0,2.0,1.0,4.0,41.0,1.0,0.0,1.0,20.0,0.0,37.0,1.0,0.0
360107,1,98,96.0,28.0,1.0,9995.0,-99.0,36.0,101.0,12.0,37.0,4.0,27.0,2.0,1.0,4.0,20.0,7.0,9.0,1.0,8.0,995.0,99.0,36.0,2.0,12.0,2.0,0.0,2HGFA165X8H5,2008.0,474.0,1863.0,13.0,37.0,Honda,31.0,4.0,1.0,0.0,0.0,999.0,8.0,0.0,0.0,12.0,7.0,12.0,0.0,0.0,1.0,36.0,14572.0,1.0,6.0,3.0,Valid license for this class vehicle,0.0,61.0,999.0,0.0,0.0,1.0,10.0,October,2020.0,10.0,2020.0,0.0,1.0,2.0,55.0,1.0,2.0,2.0,1.0,97.0,1.0,10.0,99.0,2.0,2.0,301.0,36.0,99.0,1.0,0.0,202305457354.0,18.0,5.0,11.0,3.0,1.0,1.0,4.0,22.0,1.0,3.0,1.0,8.0,1.0,37.0,1.0,9.0
360123,1,98,96.0,51.0,1.0,1.0,-99.0,36.0,29.0,12.0,20.0,4.0,37.0,1.0,1.0,4.0,99.0,7.0,98.0,0.0,0.0,260.0,99.0,36.0,3.0,12.0,1.0,0.0,1G1ZE5ST7GF3,2016.0,467.0,1834.0,13.0,20.0,Chevrolet,37.0,4.0,1.0,0.0,0.0,998.0,0.0,0.0,0.0,12.0,7.0,12.0,0.0,1.0,1.0,36.0,14070.0,1.0,1.0,2.0,No valid license for this class vehicle,3.0,71.0,999.0,0.0,0.0,0.0,8.0,August,2019.0,3.0,2022.0,0.0,3.0,3.0,98.0,1.0,1.0,2.0,2.0,0.0,1.0,54.0,99.0,1.0,1.0,301.0,36.0,1.0,1.0,0.0,202305108313.0,12.0,2.0,7.0,0.0,1.0,1.0,4.0,19.0,2.0,0.0,1.0,20.0,0.0,20.0,2.0,0.0
360132,1,2,96.0,28.0,1.0,1.0,-99.0,36.0,27.0,12.0,49.0,14.0,14.0,1.0,1.0,1.0,20.0,7.0,9.0,0.0,8.0,0.0,0.0,36.0,2.0,12.0,1.0,0.0,JTEBU5JRXF52,2015.0,448.0,2216.0,7.0,49.0,Toyota,401.0,14.0,1.0,0.0,0.0,52.0,8.0,0.0,0.0,12.0,6.0,12.0,0.0,0.0,1.0,9.0,6810.0,0.0,0.0,0.0,Not licensed,0.0,999.0,999.0,0.0,0.0,0.0,0.0,No Record,0.0,0.0,0.0,0.0,1.0,2.0,40.0,1.0,2.0,2.0,1.0,97.0,1.0,10.0,1.0,1.0,2.0,301.0,36.0,0.0,1.0,0.0,202305097770.0,9.0,1.0,5.0,2.0,1.0,1.0,14.0,60.0,1.0,0.0,1.0,20.0,0.0,49.0,1.0,0.0
360153,1,98,96.0,0.0,1.0,1.0,-99.0,36.0,27.0,42.0,59.0,14.0,52.0,1.0,1.0,4.0,20.0,7.0,9.0,2.0,0.0,212.0,2.0,36.0,1.0,42.0,1.0,0.0,2T2HK31U69C1,2009.0,515.0,2214.0,7.0,59.0,Lexus,403.0,14.0,1.0,0.0,0.0,999.0,7.0,0.0,0.0,12.0,7.0,42.0,0.0,1.0,1.0,36.0,10962.0,1.0,6.0,3.0,Valid license for this class vehicle,0.0,70.0,999.0,0.0,0.0,0.0,0.0,No Record,0.0,0.0,0.0,0.0,1.0,2.0,55.0,3.0,1.0,2.0,1.0,0.0,14.0,13.0,99.0,1.0,4.0,101.0,36.0,1.0,1.0,0.0,202305223374.0,12.0,4.0,8.0,0.0,10.0,1.0,14.0,61.0,2.0,0.0,1.0,8.0,0.0,59.0,1.0,0.0
360158,1,98,96.0,38.0,1.0,1.0,-99.0,36.0,7.0,12.0,35.0,14.0,31.0,1.0,1.0,0.0,3.0,0.0,9.0,0.0,8.0,0.0,0.0,36.0,2.0,12.0,2.0,0.0,5N1DR2MMXHC6,2017.0,478.0,1911.0,7.0,35.0,Nissan/Datsun,401.0,14.0,1.0,0.0,0.0,999.0,7.0,0.0,0.0,12.0,7.0,12.0,0.0,0.0,1.0,36.0,13901.0,1.0,6.0,3.0,Valid license for this class vehicle,0.0,67.0,999.0,0.0,1.0,1.0,6.0,June,2018.0,6.0,2020.0,0.0,0.0,0.0,0.0,0.0,0.0,0.0,0.0,0.0,11.0,15.0,99.0,1.0,1.0,414.0,36.0,0.0,1.0,0.0,202304678962.0,12.0,4.0,1.0,0.0,1.0,1.0,14.0,62.0,2.0,0.0,1.0,20.0,0.0,35.0,1.0,0.0
360175,1,98,96.0,0.0,1.0,5060.0,-99.0,36.0,57.0,52.0,49.0,6.0,31.0,2.0,1.0,4.0,20.0,7.0,9.0,0.0,8.0,178.0,99.0,36.0,1.0,52.0,1.0,0.0,2T1KR32E37C6,2007.0,448.0,2466.0,15.0,49.0,Toyota,47.0,6.0,1.0,0.0,0.0,999.0,7.0,0.0,0.0,1.0,6.0,42.0,0.0,1.0,1.0,36.0,12043.0,1.0,6.0,3.0,Valid license for this class vehicle,0.0,64.0,999.0,0.0,0.0,0.0,0.0,No Record,0.0,0.0,0.0,5.0,1.0,2.0,55.0,1.0,2.0,2.0,1.0,0.0,1.0,13.0,99.0,1.0,4.0,101.0,36.0,99.0,1.0,0.0,202304830653.0,12.0,3.0,1.0,3.0,1.0,1.0,6.0,32.0,1.0,2.0,1.0,1.0,0.0,49.0,2.0,0.0
360176,2,98,96.0,0.0,1.0,9995.0,-99.0,36.0,59.0,12.0,55.0,4.0,26.0,1.0,1.0,1.0,3.0,0.0,9.0,0.0,8.0,995.0,0.0,36.0,2.0,12.0,1.0,0.0,5NPE34AF5KH7,2019.0,498.0,2459.0,13.0,55.0,Hyundai,33.0,4.0,1.0,0.0,0.0,999.0,0.0,0.0,0.0,12.0,7.0,12.0,0.0,0.0,1.0,36.0,11552.0,1.0,6.0,3.0,Valid license for this class vehicle,0.0,74.0,999.0,0.0,0.0,0.0,0.0,No Record,0.0,0.0,0.0,0.0,1.0,2.0,30.0,1.0,1.0,2.0,2.0,0.0,1.0,60.0,99.0,1.0,1.0,302.0,36.0,0.0,1.0,0.0,202305061874.0,12.0,1.0,4.0,0.0,1.0,1.0,4.0,21.0,1.0,0.0,1.0,20.0,0.0,55.0,1.0,0.0
360185,1,98,96.0,103.0,1.0,1.0,-99.0,36.0,77.0,35.0,55.0,4.0,17.0,1.0,1.0,4.0,3.0,0.0,9.0,0.0,8.0,0.0,7.0,36.0,1.0,35.0,2.0,0.0,5NPD74LF9HH0,2017.0,498.0,2735.0,13.0,55.0,Hyundai,35.0,4.0,1.0,0.0,0.0,999.0,7.0,0.0,0.0,12.0,6.0,42.0,0.0,0.0,1.0,34.0,7470.0,2.0,6.0,3.0,Valid license for this class vehicle,2.0,66.0,999.0,0.0,0.0,0.0,0.0,No Record,0.0,0.0,0.0,5.0,1.0,2.0,55.0,3.0,1.0,2.0,2.0,97.0,14.0,19.0,99.0,9.0,4.0,999.0,36.0,1.0,1.0,0.0,202304662674.0,12.0,4.0,1.0,0.0,1.0,1.0,4.0,32.0,2.0,0.0,1.0,20.0,0.0,55.0,1.0,0.0
360187,1,98,96.0,28.0,1.0,5997.0,-99.0,36.0,93.0,12.0,35.0,4.0,59.0,2.0,1.0,4.0,3.0,0.0,9.0,0.0,8.0,0.0,99.0,36.0,2.0,12.0,1.0,0.0,3N1AB61E68L6,2008.0,478.0,1907.0,13.0,35.0,Nissan/Datsun,43.0,4.0,1.0,0.0,0.0,999.0,8.0,0.0,0.0,12.0,6.0,12.0,0.0,0.0,1.0,36.0,12304.0,1.0,6.0,3.0,Valid license for this class vehicle,3.0,68.0,999.0,0.0,0.0,0.0,0.0,No Record,0.0,0.0,0.0,0.0,5.0,5.0,45.0,1.0,2.0,2.0,1.0,0.0,1.0,10.0,99.0,1.0,2.0,301.0,36.0,99.0,1.0,0.0,202305232261.0,12.0,7.0,7.0,0.0,1.0,1.0,4.0,66.0,1.0,0.0,1.0,20.0,0.0,35.0,2.0,98.0
360190,1,1,96.0,0.0,1.0,9995.0,-99.0,36.0,59.0,14.0,42.0,15.0,58.0,1.0,1.0,4.0,99.0,7.0,20.0,0.0,8.0,995.0,99.0,36.0,1.0,14.0,1.0,0.0,4JGFB4KB5LA1,2020.0,449.0,5886.0,7.0,42.0,Mercedes-Benz,423.0,15.0,1.0,0.0,0.0,999.0,8.0,0.0,0.0,62.0,7.0,14.0,0.0,0.0,1.0,36.0,11553.0,1.0,6.0,3.0,Valid license for this class vehicle,0.0,75.0,999.0,0.0,0.0,0.0,9.0,September,2018.0,6.0,2019.0,0.0,1.0,2.0,30.0,1.0,1.0,2.0,1.0,0.0,1.0,10.0,99.0,1.0,4.0,103.0,36.0,99.0,1.0,0.0,202304716896.0,12.0,4.0,2.0,0.0,1.0,1.0,15.0,61.0,2.0,0.0,1.0,20.0,0.0,42.0,2.0,0.0
360193,2,98,96.0,0.0,1.0,5060.0,-99.0,36.0,119.0,12.0,37.0,4.0,22.0,2.0,1.0,4.0,20.0,7.0,9.0,0.0,8.0,150.0,7.0,36.0,2.0,12.0,2.0,0.0,2HGFC2F80LH5,2020.0,474.0,1863.0,13.0,37.0,Honda,31.0,4.0,1.0,0.0,0.0,999.0,0.0,0.0,0.0,12.0,7.0,12.0,0.0,1.0,1.0,36.0,10507.0,1.0,1.0,2.0,No valid license for this class vehicle,3.0,67.0,999.0,0.0,0.0,0.0,3.0,March,2023.0,3.0,2023.0,0.0,3.0,3.0,55.0,1.0,1.0,2.0,1.0,0.0,1.0,54.0,99.0,1.0,1.0,303.0,36.0,1.0,1.0,0.0,202304927028.0,12.0,1.0,4.0,1.0,1.0,1.0,4.0,16.0,2.0,1.0,1.0,8.0,0.0,37.0,1.0,98.0