ST_CASE,VEH_NO_x,DRIMPAIR_x,DRDISTRACT,DRIVERRF,PER_NO_x,DRUGRES,DRUGACTQTY,STATE_x,COUNTY,HARM_EV_x,MAKE_x,BODY_TYP_x,AGE,SEX,PER_TYP_x,INJ_SEV,REST_USE,REST_MIS,AIR_BAG_x,EJECTION,DRINKING,ALC_RES,HISPANIC,STATE_y,VE_FORMS,HARM_EV_y,NUMOCCS,HIT_RUN,VIN,MOD_YEAR,VPICMAKE,VPICMODEL,VPICBODYCLASS,MAKE_y,MAKENAME,MODEL,BODY_TYP_y,HAZ_INV,HAZ_PLAC,HAZ_ID,TRAV_SP,UNDEROVERRIDE,ROLLOVER,ROLINLOC,IMPACT1,DEFORMED,M_HARM,FIRE_EXP,DR_DRINK,DR_PRES,L_STATE,DR_ZIP,L_TYPE,L_STATUS,L_COMPL,L_COMPLNAME,L_RESTRI,DR_HGT,DR_WGT,PREV_DWI,PREV_SPD,PREV_OTH,FIRST_MO,FIRST_MONAME,FIRST_YR,LAST_MO,LAST_YR,SPEEDREL,VTRAFWAY,VNUM_LAN,VSPD_LIM,VALIGN,VPROFILE,VPAVETYP,VSURCOND,VTRAFCON,P_CRASH1,P_CRASH2,P_CRASH3,PCRASH4,PCRASH5,ACC_CONFIG,STATE,RACE,ORDER,MULTRACE,CASENUM,HARM_EV,DAY_WEEK,MONTH,MAXSEV_IM,WEATHR_IM,PER_NO_y,BODY_TYP,AGE_IM,SEX_IM,INJSEV_IM,PER_TYP_y,AIR_BAG_y,EJECT_IM,MAKE,VEH_NO_y,DRIMPAIR_y
360591,1,98,96.0,28.0,1.0,9995.0,-99.0,36.0,105.0,12.0,63.0,4.0,35.0,1.0,1.0,4.0,3.0,0.0,9.0,0.0,0.0,995.0,99.0,36.0,2.0,12.0,1.0,0.0,3KPF24AD7LE1,2020.0,499.0,2462.0,13.0,63.0,KIA,38.0,4.0,1.0,0.0,0.0,999.0,8.0,0.0,0.0,12.0,6.0,12.0,0.0,0.0,1.0,42.0,18325.0,1.0,6.0,3.0,Valid license for this class vehicle,3.0,70.0,999.0,0.0,0.0,0.0,0.0,No Record,0.0,0.0,0.0,0.0,1.0,2.0,55.0,1.0,1.0,2.0,1.0,0.0,6.0,10.0,99.0,1.0,2.0,301.0,36.0,99.0,1.0,0.0,202305150075.0,12.0,1.0,5.0,1.0,1.0,1.0,4.0,44.0,1.0,0.0,1.0,20.0,0.0,63.0,2.0,0.0
360606,2,98,96.0,0.0,1.0,9995.0,-99.0,36.0,55.0,12.0,14.0,4.0,31.0,1.0,1.0,4.0,20.0,7.0,20.0,0.0,8.0,995.0,99.0,36.0,2.0,12.0,1.0,0.0,1MEHM42W18G6,2008.0,465.0,2365.0,13.0,14.0,Mercury,17.0,4.0,1.0,0.0,0.0,999.0,0.0,0.0,0.0,12.0,6.0,12.0,0.0,0.0,1.0,36.0,14589.0,1.0,6.0,3.0,Valid license for this class vehicle,0.0,66.0,999.0,0.0,0.0,0.0,0.0,No Record,0.0,0.0,0.0,0.0,2.0,2.0,55.0,1.0,1.0,2.0,2.0,0.0,1.0,54.0,99.0,1.0,1.0,303.0,36.0,99.0,1.0,0.0,202305138877.0,12.0,4.0,6.0,2.0,10.0,1.0,4.0,31.0,1.0,0.0,1.0,20.0,0.0,14.0,2.0,0.0
360612,1,98,96.0,48.0,1.0,9995.0,-99.0,36.0,85.0,1.0,7.0,34.0,21.0,1.0,1.0,0.0,3.0,0.0,20.0,0.0,0.0,995.0,0.0,36.0,2.0,1.0,1.0,0.0,1C6SRFLT2KN5,2019.0,496.0,13620.0,60.0,7.0,Dodge,482.0,34.0,1.0,0.0,0.0,999.0,7.0,0.0,0.0,63.0,7.0,12.0,0.0,0.0,1.0,36.0,10306.0,1.0,6.0,3.0,Valid license for this class vehicle,0.0,70.0,999.0,0.0,2.0,3.0,8.0,August,2019.0,4.0,2023.0,0.0,1.0,3.0,25.0,1.0,1.0,1.0,1.0,3.0,11.0,15.0,1.0,1.0,1.0,998.0,36.0,0.0,1.0,0.0,202304686157.0,12.0,2.0,1.0,3.0,10.0,1.0,34.0,37.0,2.0,2.0,1.0,99.0,0.0,7.0,2.0,0.0
360617,1,9,96.0,0.0,1.0,9995.0,-99.0,36.0,103.0,30.0,2.0,14.0,31.0,1.0,1.0,3.0,20.0,7.0,20.0,0.0,1.0,995.0,0.0,36.0,1.0,30.0,2.0,0.0,1J4FY19S5WP7,1998.0,483.0,1943.0,7.0,2.0,Jeep / Kaiser-Jeep / Willys- Jeep,403.0,14.0,1.0,0.0,0.0,998.0,7.0,0.0,0.0,12.0,6.0,30.0,0.0,1.0,1.0,36.0,11706.0,0.0,0.0,0.0,Not licensed,0.0,999.0,999.0,0.0,0.0,0.0,10.0,October,2021.0,10.0,2021.0,5.0,1.0,2.0,98.0,1.0,1.0,9.0,1.0,0.0,1.0,13.0,99.0,1.0,4.0,101.0,36.0,0.0,1.0,0.0,202305429087.0,12.0,7.0,11.0,1.0,1.0,1.0,14.0,24.0,2.0,0.0,1.0,20.0,0.0,2.0,1.0,98.0
360618,1,98,96.0,0.0,1.0,5060.0,-99.0,36.0,103.0,42.0,37.0,80.0,19.0,1.0,1.0,4.0,20.0,7.0,20.0,8.0,0.0,0.0,99.0,36.0,1.0,42.0,1.0,0.0,JH2PC40027M0,2007.0,474.0,14060.0,80.0,37.0,Honda,705.0,80.0,1.0,0.0,0.0,50.0,7.0,8.0,8.0,12.0,6.0,42.0,0.0,0.0,1.0,36.0,11967.0,1.0,6.0,3.0,Valid license for this class vehicle,0.0,68.0,999.0,0.0,1.0,1.0,11.0,November,2022.0,11.0,2022.0,5.0,2.0,2.0,98.0,4.0,1.0,2.0,1.0,0.0,14.0,13.0,99.0,1.0,4.0,101.0,36.0,1.0,1.0,0.0,202305494802.0,12.0,4.0,12.0,2.0,1.0,1.0,80.0,21.0,1.0,2.0,1.0,20.0,8.0,37.0,1.0,0.0
360621,1,98,96.0,0.0,1.0,9995.0,-99.0,36.0,89.0,35.0,7.0,34.0,37.0,1.0,1.0,4.0,3.0,0.0,9.0,0.0,8.0,995.0,99.0,36.0,1.0,35.0,1.0,0.0,1D7HU18236S5,2006.0,476.0,1938.0,60.0,7.0,Dodge,482.0,34.0,1.0,0.0,0.0,999.0,7.0,3.0,6.0,12.0,6.0,1.0,0.0,0.0,1.0,36.0,13608.0,0.0,0.0,0.0,Not licensed,0.0,73.0,999.0,0.0,0.0,0.0,11.0,November,2021.0,11.0,2021.0,0.0,1.0,2.0,55.0,1.0,1.0,2.0,1.0,0.0,1.0,13.0,99.0,3.0,4.0,101.0,36.0,99.0,1.0,0.0,202305546771.0,12.0,3.0,12.0,0.0,10.0,1.0,34.0,19.0,1.0,0.0,1.0,20.0,0.0,7.0,2.0,0.0
360642,1,98,96.0,0.0,1.0,9995.0,-99.0,36.0,29.0,12.0,55.0,14.0,998.0,8.0,1.0,9.0,98.0,7.0,20.0,0.0,8.0,995.0,0.0,36.0,3.0,12.0,99.0,1.0,KM8J2CA44KU8,2019.0,498.0,2058.0,7.0,55.0,Hyundai,402.0,14.0,1.0,0.0,0.0,998.0,0.0,0.0,0.0,82.0,7.0,12.0,0.0,0.0,1.0,98.0,99998.0,9.0,9.0,9.0,Unknown,9.0,999.0,999.0,99.0,99.0,99.0,99.0,Unknown,9999.0,99.0,9999.0,0.0,3.0,3.0,55.0,3.0,1.0,2.0,1.0,0.0,14.0,11.0,99.0,9.0,2.0,207.0,36.0,0.0,1.0,0.0,202305629664.0,12.0,3.0,12.0,0.0,1.0,1.0,14.0,29.0,1.0,0.0,1.0,20.0,0.0,55.0,1.0,0.0
360662,1,98,96.0,0.0,1.0,9995.0,-99.0,36.0,29.0,30.0,63.0,4.0,28.0,1.0,1.0,4.0,20.0,7.0,9.0,0.0,8.0,995.0,99.0,36.0,1.0,30.0,1.0,0.0,3KPF54AD6PE5,2023.0,499.0,2462.0,13.0,63.0,KIA,38.0,4.0,1.0,0.0,0.0,60.0,7.0,0.0,0.0,12.0,7.0,2.0,1.0,0.0,1.0,36.0,14214.0,1.0,6.0,3.0,Valid license for this class vehicle,0.0,71.0,999.0,0.0,0.0,0.0,0.0,No Record,0.0,0.0,0.0,5.0,1.0,4.0,30.0,1.0,1.0,2.0,1.0,3.0,1.0,13.0,99.0,1.0,4.0,101.0,36.0,99.0,1.0,0.0,202305454022.0,12.0,2.0,11.0,2.0,1.0,1.0,4.0,22.0,1.0,2.0,1.0,8.0,0.0,63.0,1.0,0.0
360664,1,98,96.0,48.0,1.0,9995.0,-99.0,36.0,17.0,12.0,18.0,4.0,82.0,2.0,1.0,4.0,3.0,0.0,9.0,0.0,8.0,995.0,99.0,36.0,2.0,12.0,2.0,0.0,1G4HD57208U1,2008.0,468.0,4267.0,13.0,18.0,Buick / Opel,23.0,4.0,1.0,0.0,0.0,999.0,0.0,0.0,0.0,63.0,7.0,12.0,0.0,0.0,1.0,36.0,13815.0,1.0,6.0,3.0,Valid license for this class vehicle,3.0,63.0,999.0,0.0,0.0,0.0,7.0,July,2021.0,7.0,2021.0,0.0,1.0,2.0,55.0,8.0,8.0,8.0,98.0,20.0,11.0,15.0,1.0,1.0,1.0,414.0,36.0,99.0,1.0,0.0,202305071182.0,12.0,2.0,6.0,1.0,1.0,1.0,4.0,21.0,1.0,0.0,1.0,20.0,0.0,18.0,1.0,98.0
360671,1,98,96.0,38.0,1.0,9995.0,-99.0,36.0,63.0,12.0,55.0,4.0,77.0,1.0,1.0,4.0,3.0,0.0,9.0,0.0,8.0,995.0,99.0,36.0,2.0,12.0,1.0,0.0,5NPDH4AE9FH6,2015.0,498.0,2735.0,13.0,55.0,Hyundai,35.0,4.0,1.0,0.0,0.0,999.0,0.0,0.0,0.0,82.0,6.0,12.0,0.0,0.0,1.0,36.0,14221.0,1.0,6.0,3.0,Valid license for this class vehicle,0.0,64.0,999.0,0.0,0.0,0.0,0.0,No Record,0.0,0.0,0.0,0.0,5.0,5.0,45.0,1.0,1.0,2.0,1.0,0.0,11.0,15.0,99.0,1.0,1.0,401.0,36.0,99.0,1.0,0.0,202305305896.0,12.0,4.0,8.0,0.0,2.0,1.0,4.0,21.0,2.0,0.0,1.0,20.0,0.0,55.0,1.0,0.0
360675,2,98,96.0,0.0,1.0,9995.0,-99.0,36.0,99.0,12.0,98.0,97.0,65.0,1.0,1.0,4.0,20.0,7.0,20.0,1.0,0.0,995.0,99.0,36.0,2.0,12.0,1.0,0.0,0,1995.0,5431.0,14115.0,997.0,98.0,Other Make,998.0,97.0,1.0,0.0,0.0,999.0,8.0,0.0,0.0,6.0,7.0,12.0,0.0,0.0,1.0,36.0,13148.0,1.0,6.0,2.0,No valid license for this class vehicle,0.0,74.0,999.0,0.0,0.0,0.0,0.0,No Record,0.0,0.0,0.0,0.0,1.0,2.0,5.0,1.0,1.0,2.0,1.0,0.0,1.0,53.0,99.0,1.0,1.0,201.0,36.0,99.0,1.0,0.0,202304636966.0,43.0,1.0,1.0,2.0,1.0,1.0,83.0,49.0,1.0,2.0,1.0,20.0,8.0,73.0,1.0,98.0
360677,1,98,96.0,0.0,1.0,9995.0,-99.0,36.0,103.0,12.0,12.0,2.0,18.0,2.0,1.0,0.0,3.0,0.0,20.0,0.0,0.0,995.0,0.0,36.0,3.0,12.0,2.0,0.0,1ZVBP8AM6E52,2014.0,460.0,1781.0,3.0,12.0,Ford,3.0,2.0,1.0,0.0,0.0,998.0,7.0,0.0,0.0,12.0,7.0,12.0,0.0,0.0,1.0,36.0,11763.0,1.0,6.0,3.0,Valid license for this class vehicle,0.0,62.0,999.0,0.0,0.0,0.0,0.0,No Record,0.0,0.0,0.0,0.0,5.0,3.0,99.0,1.0,1.0,2.0,1.0,0.0,11.0,15.0,99.0,1.0,1.0,401.0,36.0,0.0,1.0,0.0,202304886175.0,12.0,3.0,2.0,0.0,1.0,1.0,2.0,56.0,1.0,0.0,1.0,20.0,0.0,12.0,2.0,0.0
360679,1,98,96.0,0.0,1.0,5060.0,-99.0,36.0,103.0,12.0,37.0,4.0,24.0,1.0,1.0,4.0,20.0,7.0,9.0,0.0,0.0,0.0,99.0,36.0,5.0,12.0,1.0,0.0,1HGCV1F1XKA1,2019.0,474.0,1861.0,13.0,37.0,Honda,32.0,4.0,1.0,0.0,0.0,0.0,1.0,0.0,0.0,6.0,6.0,12.0,0.0,0.0,1.0,36.0,11795.0,1.0,6.0,3.0,Valid license for this class vehicle,0.0,73.0,999.0,0.0,0.0,0.0,11.0,November,2019.0,8.0,2022.0,0.0,1.0,3.0,40.0,1.0,1.0,2.0,1.0,3.0,5.0,53.0,1.0,1.0,1.0,201.0,36.0,1.0,1.0,0.0,202304780696.0,12.0,3.0,2.0,0.0,4.0,1.0,4.0,57.0,2.0,0.0,1.0,20.0,0.0,37.0,1.0,0.0
360680,1,0,96.0,26.0,1.0,9995.0,-99.0,36.0,45.0,12.0,7.0,34.0,32.0,1.0,1.0,0.0,3.0,0.0,20.0,0.0,8.0,995.0,0.0,36.0,3.0,12.0,1.0,0.0,3C6UR5CL6JG3,2018.0,496.0,13621.0,60.0,7.0,Dodge,482.0,34.0,1.0,0.0,0.0,999.0,0.0,0.0,0.0,12.0,7.0,12.0,0.0,0.0,1.0,36.0,13637.0,1.0,6.0,3.0,Valid license for this class vehicle,0.0,74.0,999.0,0.0,0.0,0.0,11.0,November,2021.0,11.0,2021.0,0.0,1.0,2.0,45.0,1.0,1.0,2.0,1.0,0.0,1.0,50.0,99.0,1.0,1.0,202.0,36.0,0.0,1.0,0.0,202305133556.0,12.0,3.0,7.0,0.0,1.0,1.0,34.0,30.0,1.0,0.0,1.0,20.0,0.0,7.0,2.0,0.0
360703,2,98,96.0,0.0,1.0,9995.0,-99.0,36.0,119.0,5.0,58.0,4.0,39.0,1.0,1.0,0.0,3.0,0.0,20.0,0.0,8.0,995.0,0.0,36.0,2.0,5.0,1.0,0.0,JN1EV7AR1GM3,2016.0,480.0,1901.0,13.0,58.0,Infiniti,41.0,4.0,1.0,0.0,0.0,999.0,7.0,0.0,0.0,63.0,7.0,54.0,0.0,0.0,1.0,36.0,10566.0,1.0,6.0,3.0,Valid license for this class vehicle,0.0,65.0,999.0,0.0,0.0,0.0,4.0,April,2019.0,6.0,2021.0,0.0,1.0,2.0,25.0,8.0,8.0,8.0,98.0,3.0,11.0,15.0,99.0,1.0,1.0,998.0,36.0,0.0,1.0,0.0,202305083851.0,12.0,7.0,7.0,3.0,2.0,1.0,4.0,75.0,1.0,0.0,1.0,98.0,0.0,58.0,2.0,99.0
360712,1,98,96.0,6.0,1.0,0.0,-99.0,36.0,103.0,42.0,42.0,14.0,90.0,2.0,1.0,4.0,3.0,0.0,9.0,0.0,8.0,996.0,99.0,36.0,1.0,42.0,1.0,0.0,W1N0G8DB3NV3,2022.0,449.0,5885.0,7.0,42.0,Mercedes-Benz,405.0,14.0,1.0,0.0,0.0,999.0,7.0,0.0,0.0,12.0,6.0,42.0,0.0,0.0,1.0,12.0,33446.0,1.0,6.0,3.0,Valid license for this class vehicle,0.0,65.0,999.0,0.0,0.0,0.0,0.0,No Record,0.0,0.0,0.0,5.0,1.0,2.0,30.0,4.0,3.0,2.0,1.0,0.0,14.0,8.0,99.0,9.0,4.0,101.0,36.0,1.0,1.0,0.0,202304962817.0,9.0,2.0,3.0,2.0,1.0,1.0,14.0,35.0,2.0,0.0,1.0,20.0,0.0,42.0,1.0,0.0
360723,2,98,96.0,0.0,1.0,9995.0,-99.0,36.0,51.0,12.0,20.0,4.0,27.0,1.0,1.0,3.0,3.0,0.0,20.0,0.0,8.0,995.0,0.0,36.0,2.0,12.0,4.0,0.0,2G1WT58N5792,2007.0,467.0,1833.0,13.0,20.0,Chevrolet,2.0,4.0,1.0,0.0,0.0,999.0,8.0,0.0,0.0,62.0,7.0,12.0,0.0,0.0,1.0,36.0,14424.0,1.0,6.0,3.0,Valid license for this class vehicle,0.0,69.0,999.0,0.0,0.0,0.0,0.0,No Record,0.0,0.0,0.0,0.0,1.0,2.0,45.0,1.0,2.0,2.0,2.0,0.0,1.0,62.0,99.0,1.0,1.0,303.0,36.0,0.0,1.0,0.0,202305354899.0,12.0,2.0,10.0,0.0,1.0,1.0,4.0,69.0,1.0,0.0,1.0,20.0,0.0,20.0,2.0,98.0
360724,1,98,96.0,39.0,1.0,9995.0,-99.0,36.0,5.0,12.0,2.0,14.0,69.0,2.0,1.0,4.0,3.0,0.0,9.0,0.0,0.0,995.0,99.0,36.0,2.0,12.0,1.0,0.0,1J4GX48S14C3,2004.0,483.0,1949.0,7.0,2.0,Jeep / Kaiser-Jeep / Willys- Jeep,404.0,14.0,1.0,0.0,0.0,999.0,8.0,0.0,0.0,12.0,6.0,12.0,0.0,0.0,1.0,36.0,10455.0,1.0,6.0,3.0,Valid license for this class vehicle,0.0,67.0,999.0,0.0,0.0,0.0,5.0,May,2020.0,5.0,2020.0,5.0,4.0,1.0,25.0,1.0,1.0,2.0,1.0,20.0,11.0,15.0,99.0,1.0,1.0,408.0,36.0,99.0,1.0,0.0,202305387263.0,12.0,5.0,8.0,0.0,10.0,1.0,14.0,44.0,1.0,0.0,1.0,20.0,0.0,2.0,2.0,0.0
360725,1,98,96.0,0.0,1.0,9995.0,-99.0,36.0,9.0,12.0,59.0,4.0,44.0,1.0,1.0,4.0,3.0,0.0,9.0,0.0,8.0,995.0,99.0,36.0,3.0,12.0,1.0,0.0,JTHBA30G4651,2006.0,515.0,2475.0,13.0,59.0,Lexus,31.0,4.0,1.0,0.0,0.0,999.0,0.0,0.0,0.0,12.0,6.0,12.0,0.0,0.0,1.0,37.0,27302.0,0.0,0.0,0.0,Not licensed,0.0,999.0,999.0,0.0,0.0,0.0,0.0,No Record,0.0,0.0,0.0,0.0,1.0,2.0,55.0,1.0,1.0,2.0,1.0,0.0,6.0,10.0,99.0,1.0,2.0,301.0,36.0,99.0,1.0,0.0,202305549358.0,12.0,2.0,11.0,0.0,10.0,1.0,4.0,71.0,2.0,0.0,1.0,20.0,0.0,59.0,1.0,0.0
360725,3,98,96.0,0.0,1.0,9995.0,-99.0,36.0,9.0,12.0,20.0,4.0,26.0,1.0,1.0,1.0,3.0,0.0,9.0,0.0,8.0,995.0,0.0,36.0,3.0,12.0,1.0,0.0,1G1ZE5ST9HF1,2017.0,467.0,1834.0,13.0,20.0,Chevrolet,37.0,4.0,1.0,0.0,0.0,999.0,0.0,0.0,0.0,10.0,7.0,12.0,0.0,0.0,1.0,36.0,14748.0,1.0,6.0,3.0,Valid license for this class vehicle,0.0,71.0,999.0,0.0,0.0,0.0,7.0,July,2022.0,7.0,2022.0,0.0,1.0,2.0,55.0,1.0,1.0,2.0,1.0,0.0,1.0,98.0,99.0,1.0,1.0,998.0,36.0,0.0,1.0,0.0,202305057110.0,9.0,5.0,6.0,2.0,1.0,1.0,4.0,44.0,2.0,0.0,1.0,20.0,0.0,20.0,1.0,0.0
360733,1,9,96.0,0.0,1.0,1.0,-99.0,36.0,93.0,14.0,41.0,4.0,31.0,1.0,1.0,1.0,20.0,7.0,9.0,0.0,1.0,193.0,0.0,36.0,1.0,14.0,2.0,0.0,1YVHP80C085M,2008.0,473.0,2078.0,13.0,41.0,Mazda,50.0,4.0,1.0,0.0,0.0,999.0,0.0,0.0,0.0,12.0,6.0,14.0,0.0,1.0,1.0,36.0,12302.0,1.0,6.0,3.0,Valid license for this class vehicle,3.0,76.0,999.0,0.0,0.0,1.0,4.0,April,2019.0,4.0,2019.0,4.0,1.0,2.0,30.0,4.0,1.0,2.0,1.0,0.0,14.0,11.0,99.0,1.0,4.0,103.0,36.0,0.0,1.0,0.0,202305269254.0,25.0,2.0,9.0,0.0,10.0,1.0,4.0,22.0,2.0,0.0,1.0,20.0,0.0,41.0,1.0,0.0
360742,1,98,96.0,87.0,1.0,9995.0,-99.0,36.0,81.0,12.0,29.0,14.0,52.0,1.0,1.0,1.0,3.0,0.0,9.0,0.0,0.0,995.0,0.0,36.0,3.0,12.0,2.0,0.0,7SAYGDEE1PF8,2023.0,441.0,27027.0,7.0,29.0,Other Domestic Manufacturers,5.0,14.0,1.0,0.0,0.0,999.0,8.0,0.0,0.0,12.0,7.0,12.0,0.0,0.0,1.0,36.0,11234.0,1.0,6.0,3.0,Valid license for this class vehicle,0.0,71.0,999.0,0.0,0.0,2.0,12.0,December,2021.0,10.0,2023.0,0.0,2.0,4.0,30.0,1.0,1.0,2.0,2.0,3.0,1.0,9.0,6.0,4.0,2.0,206.0,36.0,0.0,1.0,0.0,202305706159.0,12.0,4.0,12.0,1.0,1.0,1.0,14.0,36.0,2.0,1.0,1.0,8.0,0.0,29.0,1.0,0.0
360754,1,98,96.0,0.0,1.0,9995.0,-99.0,36.0,75.0,42.0,20.0,14.0,26.0,2.0,1.0,4.0,3.0,0.0,20.0,0.0,0.0,995.0,99.0,36.0,1.0,42.0,1.0,0.0,1GNDT13S6722,2007.0,467.0,4548.0,7.0,20.0,Chevrolet,403.0,14.0,1.0,0.0,0.0,999.0,7.0,0.0,0.0,12.0,7.0,42.0,0.0,0.0,1.0,36.0,13426.0,1.0,6.0,3.0,Valid license for this class vehicle,3.0,67.0,999.0,0.0,0.0,0.0,0.0,No Record,0.0,0.0,0.0,5.0,1.0,2.0,55.0,1.0,1.0,2.0,1.0,0.0,1.0,12.0,99.0,1.0,4.0,102.0,36.0,99.0,1.0,0.0,202305354828.0,11.0,6.0,10.0,2.0,1.0,1.0,14.0,24.0,2.0,2.0,1.0,98.0,0.0,20.0,1.0,98.0
360762,1,9,96.0,38.0,1.0,1.0,-99.0,36.0,75.0,12.0,20.0,34.0,62.0,1.0,1.0,2.0,2.0,1.0,9.0,0.0,1.0,44.0,0.0,36.0,2.0,12.0,2.0,0.0,1GCNCPEH3EZ3,2014.0,467.0,1850.0,60.0,20.0,Chevrolet,481.0,34.0,1.0,0.0,0.0,999.0,7.0,0.0,0.0,12.0,7.0,12.0,0.0,1.0,1.0,36.0,13069.0,1.0,6.0,3.0,Valid license for this class vehicle,0.0,68.0,999.0,0.0,0.0,0.0,10.0,October,2020.0,10.0,2020.0,0.0,2.0,2.0,45.0,1.0,1.0,2.0,1.0,3.0,11.0,15.0,99.0,1.0,1.0,401.0,36.0,0.0,1.0,0.0,202304832751.0,12.0,3.0,2.0,1.0,1.0,1.0,34.0,22.0,1.0,0.0,1.0,1.0,0.0,20.0,2.0,0.0
360765,1,98,96.0,26.0,1.0,9995.0,-99.0,36.0,29.0,12.0,63.0,14.0,18.0,2.0,1.0,3.0,3.0,0.0,9.0,0.0,8.0,995.0,0.0,36.0,3.0,12.0,1.0,0.0,5XYKT3A13BG1,2011.0,499.0,2769.0,7.0,63.0,KIA,402.0,14.0,1.0,0.0,0.0,999.0,8.0,0.0,0.0,12.0,6.0,12.0,0.0,0.0,1.0,36.0,14001.0,1.0,6.0,3.0,Valid license for this class vehicle,3.0,65.0,999.0,0.0,0.0,0.0,0.0,No Record,0.0,0.0,0.0,0.0,1.0,2.0,55.0,1.0,1.0,2.0,1.0,97.0,1.0,52.0,99.0,1.0,1.0,202.0,36.0,0.0,1.0,0.0,202305230724.0,12.0,3.0,9.0,0.0,1.0,1.0,14.0,60.0,1.0,0.0,1.0,20.0,0.0,63.0,1.0,0.0
360768,4,98,96.0,0.0,1.0,9995.0,-99.0,36.0,35.0,12.0,7.0,20.0,39.0,2.0,1.0,0.0,3.0,0.0,20.0,0.0,8.0,995.0,0.0,36.0,4.0,12.0,1.0,0.0,2C4RDGCG9GR3,2016.0,476.0,14832.0,2.0,7.0,Dodge,442.0,20.0,1.0,0.0,0.0,0.0,0.0,0.0,0.0,12.0,2.0,12.0,0.0,0.0,1.0,36.0,12166.0,1.0,6.0,3.0,Valid license for this class vehicle,3.0,64.0,999.0,0.0,0.0,0.0,3.0,March,2021.0,3.0,2021.0,0.0,1.0,2.0,55.0,1.0,1.0,2.0,1.0,20.0,5.0,66.0,1.0,1.0,1.0,998.0,36.0,0.0,1.0,0.0,202304860916.0,12.0,7.0,4.0,3.0,2.0,1.0,20.0,45.0,2.0,1.0,1.0,9.0,0.0,7.0,2.0,0.0
360780,1,98,96.0,0.0,1.0,1.0,-99.0,36.0,7.0,12.0,72.0,80.0,28.0,1.0,1.0,3.0,20.0,7.0,20.0,8.0,8.0,0.0,0.0,36.0,2.0,12.0,1.0,0.0,1HD1YXZ11PB0,2023.0,3888.0,29634.0,94.0,72.0,Harley-Davidson,706.0,80.0,1.0,0.0,0.0,999.0,7.0,8.0,8.0,12.0,7.0,12.0,0.0,0.0,1.0,36.0,13903.0,1.0,6.0,3.0,Valid license for this class vehicle,3.0,71.0,999.0,0.0,0.0,1.0,7.0,July,2019.0,7.0,2019.0,0.0,1.0,2.0,50.0,3.0,1.0,2.0,1.0,0.0,14.0,62.0,99.0,1.0,1.0,998.0,36.0,0.0,1.0,0.0,202305023758.0,12.0,4.0,5.0,1.0,1.0,1.0,80.0,43.0,1.0,1.0,1.0,20.0,8.0,72.0,2.0,0.0
360786,1,98,17.0,6.0,1.0,9995.0,-99.0,36.0,113.0,1.0,72.0,80.0,44.0,1.0,1.0,4.0,20.0,7.0,20.0,8.0,0.0,995.0,99.0,36.0,1.0,1.0,1.0,0.0,1HD1FC41XAB6,2010.0,3888.0,8509.0,81.0,72.0,Harley-Davidson,706.0,80.0,1.0,0.0,0.0,40.0,7.0,8.0,8.0,0.0,7.0,30.0,0.0,0.0,1.0,36.0,12810.0,1.0,6.0,3.0,Valid license for this class vehicle,0.0,72.0,999.0,0.0,0.0,0.0,0.0,No Record,0.0,0.0,0.0,0.0,1.0,2.0,55.0,3.0,1.0,2.0,1.0,0.0,14.0,9.0,98.0,2.0,3.0,998.0,36.0,99.0,1.0,0.0,202305499990.0,1.0,3.0,10.0,1.0,1.0,1.0,80.0,50.0,1.0,1.0,1.0,20.0,8.0,72.0,1.0,98.0
360798,1,98,96.0,34.0,1.0,1.0,-99.0,36.0,15.0,12.0,12.0,4.0,41.0,2.0,1.0,1.0,20.0,7.0,9.0,0.0,8.0,0.0,0.0,36.0,4.0,12.0,1.0,0.0,3FA6P0G71GR1,2016.0,460.0,1780.0,13.0,12.0,Ford,23.0,4.0,1.0,0.0,0.0,999.0,8.0,0.0,0.0,83.0,6.0,12.0,0.0,0.0,1.0,36.0,14850.0,0.0,0.0,0.0,Not licensed,0.0,64.0,999.0,0.0,0.0,0.0,0.0,No Record,0.0,0.0,0.0,0.0,1.0,3.0,55.0,1.0,2.0,2.0,1.0,97.0,6.0,10.0,99.0,1.0,2.0,207.0,36.0,0.0,1.0,0.0,202305402952.0,12.0,5.0,9.0,0.0,1.0,1.0,4.0,61.0,1.0,0.0,1.0,20.0,0.0,12.0,2.0,0.0
360808,1,98,96.0,0.0,1.0,9995.0,-99.0,36.0,27.0,12.0,2.0,14.0,17.0,2.0,1.0,2.0,3.0,0.0,9.0,0.0,0.0,995.0,0.0,36.0,2.0,12.0,1.0,0.0,1J4PR4GK3AC1,2010.0,483.0,1949.0,7.0,2.0,Jeep / Kaiser-Jeep / Willys- Jeep,404.0,14.0,1.0,0.0,0.0,20.0,8.0,0.0,0.0,62.0,7.0,12.0,0.0,0.0,1.0,36.0,12564.0,1.0,6.0,3.0,Valid license for this class vehicle,0.0,67.0,999.0,0.0,0.0,0.0,0.0,No Record,0.0,0.0,0.0,0.0,1.0,2.0,98.0,1.0,1.0,2.0,1.0,3.0,11.0,15.0,99.0,1.0,1.0,414.0,36.0,0.0,1.0,0.0,202304853312.0,12.0,7.0,4.0,0.0,1.0,1.0,14.0,68.0,1.0,0.0,1.0,20.0,0.0,2.0,1.0,0.0