ST_CASE,VEH_NO_x,DRIMPAIR_x,DRDISTRACT,DRIVERRF,PER_NO_x,DRUGRES,DRUGACTQTY,STATE_x,COUNTY,HARM_EV_x,MAKE_x,BODY_TYP_x,AGE,SEX,PER_TYP_x,INJ_SEV,REST_USE,REST_MIS,AIR_BAG_x,EJECTION,DRINKING,ALC_RES,HISPANIC,STATE_y,VE_FORMS,HARM_EV_y,NUMOCCS,HIT_RUN,VIN,MOD_YEAR,VPICMAKE,VPICMODEL,VPICBODYCLASS,MAKE_y,MAKENAME,MODEL,BODY_TYP_y,HAZ_INV,HAZ_PLAC,HAZ_ID,TRAV_SP,UNDEROVERRIDE,ROLLOVER,ROLINLOC,IMPACT1,DEFORMED,M_HARM,FIRE_EXP,DR_DRINK,DR_PRES,L_STATE,DR_ZIP,L_TYPE,L_STATUS,L_COMPL,L_COMPLNAME,L_RESTRI,DR_HGT,DR_WGT,PREV_DWI,PREV_SPD,PREV_OTH,FIRST_MO,FIRST_MONAME,FIRST_YR,LAST_MO,LAST_YR,SPEEDREL,VTRAFWAY,VNUM_LAN,VSPD_LIM,VALIGN,VPROFILE,VPAVETYP,VSURCOND,VTRAFCON,P_CRASH1,P_CRASH2,P_CRASH3,PCRASH4,PCRASH5,ACC_CONFIG,STATE,RACE,ORDER,MULTRACE,CASENUM,HARM_EV,DAY_WEEK,MONTH,MAXSEV_IM,WEATHR_IM,PER_NO_y,BODY_TYP,AGE_IM,SEX_IM,INJSEV_IM,PER_TYP_y,AIR_BAG_y,EJECT_IM,MAKE,VEH_NO_y,DRIMPAIR_y
360815,1,9,96.0,0.0,1.0,3033.0,-99.0,36.0,67.0,24.0,37.0,80.0,51.0,2.0,1.0,4.0,20.0,7.0,20.0,8.0,0.0,0.0,99.0,36.0,1.0,24.0,1.0,0.0,1HFSC1801XA3,1999.0,474.0,12224.0,98.0,37.0,Honda,706.0,80.0,1.0,0.0,0.0,999.0,7.0,8.0,8.0,63.0,7.0,24.0,0.0,0.0,1.0,36.0,13039.0,1.0,6.0,3.0,Valid license for this class vehicle,0.0,64.0,999.0,0.0,0.0,0.0,8.0,August,2018.0,8.0,2018.0,0.0,3.0,2.0,65.0,1.0,1.0,2.0,1.0,0.0,1.0,12.0,99.0,1.0,4.0,102.0,36.0,1.0,1.0,0.0,202305347162.0,12.0,1.0,10.0,3.0,1.0,1.0,80.0,63.0,1.0,3.0,1.0,20.0,8.0,37.0,2.0,98.0
360819,1,98,96.0,0.0,1.0,9995.0,-99.0,36.0,5.0,42.0,37.0,20.0,30.0,1.0,1.0,4.0,20.0,7.0,9.0,0.0,0.0,995.0,99.0,36.0,1.0,42.0,2.0,0.0,5FNRL5H66CB1,2012.0,474.0,1869.0,2.0,37.0,Honda,441.0,20.0,1.0,0.0,0.0,999.0,7.0,0.0,0.0,63.0,6.0,42.0,0.0,0.0,1.0,36.0,10467.0,1.0,6.0,3.0,Valid license for this class vehicle,0.0,67.0,999.0,0.0,0.0,0.0,5.0,May,2020.0,9.0,2022.0,5.0,1.0,4.0,25.0,1.0,1.0,2.0,1.0,0.0,1.0,13.0,99.0,3.0,4.0,101.0,36.0,99.0,1.0,0.0,202305241473.0,12.0,1.0,8.0,0.0,1.0,1.0,20.0,55.0,1.0,0.0,1.0,20.0,0.0,37.0,2.0,0.0
360820,1,9,17.0,6.0,1.0,9995.0,-99.0,36.0,81.0,20.0,37.0,4.0,24.0,1.0,1.0,0.0,99.0,7.0,9.0,0.0,1.0,995.0,0.0,36.0,3.0,20.0,5.0,0.0,1HGCV1F36MA0,2021.0,474.0,1861.0,13.0,37.0,Honda,32.0,4.0,1.0,0.0,0.0,999.0,8.0,0.0,0.0,12.0,7.0,20.0,0.0,1.0,1.0,36.0,11575.0,1.0,6.0,3.0,Valid license for this class vehicle,3.0,71.0,999.0,0.0,0.0,0.0,0.0,No Record,0.0,0.0,0.0,0.0,3.0,4.0,50.0,1.0,1.0,2.0,1.0,0.0,15.0,10.0,99.0,1.0,4.0,102.0,36.0,0.0,1.0,0.0,202305206010.0,12.0,6.0,8.0,0.0,1.0,1.0,4.0,34.0,2.0,0.0,1.0,20.0,0.0,37.0,2.0,0.0
360822,1,98,96.0,28.0,1.0,9995.0,-99.0,36.0,47.0,12.0,58.0,4.0,999.0,9.0,1.0,0.0,99.0,7.0,20.0,0.0,8.0,995.0,0.0,36.0,7.0,12.0,99.0,1.0,JN1CV6AR2AM4,2010.0,480.0,2337.0,13.0,58.0,Infiniti,37.0,4.0,1.0,0.0,0.0,999.0,8.0,0.0,0.0,7.0,6.0,12.0,0.0,0.0,1.0,99.0,99999.0,9.0,9.0,9.0,Unknown,9.0,999.0,999.0,99.0,99.0,99.0,99.0,Unknown,9999.0,99.0,9999.0,0.0,3.0,3.0,50.0,1.0,1.0,2.0,1.0,0.0,15.0,10.0,99.0,1.0,2.0,208.0,36.0,0.0,1.0,0.0,202305137086.0,33.0,7.0,5.0,1.0,1.0,1.0,4.0,19.0,1.0,1.0,1.0,1.0,0.0,58.0,1.0,0.0
360827,1,9,96.0,27.0,1.0,1.0,-99.0,36.0,109.0,35.0,49.0,4.0,38.0,2.0,1.0,2.0,3.0,0.0,9.0,0.0,8.0,0.0,0.0,36.0,1.0,35.0,3.0,0.0,2T1BURHE9FC3,2015.0,448.0,2208.0,13.0,49.0,Toyota,32.0,4.0,1.0,0.0,0.0,999.0,7.0,0.0,0.0,12.0,6.0,42.0,0.0,0.0,1.0,36.0,13073.0,0.0,0.0,0.0,Not licensed,0.0,62.0,999.0,0.0,0.0,0.0,5.0,May,2019.0,1.0,2023.0,5.0,1.0,2.0,55.0,2.0,1.0,2.0,2.0,97.0,14.0,12.0,99.0,4.0,4.0,102.0,36.0,0.0,1.0,0.0,202305017245.0,12.0,1.0,6.0,2.0,2.0,1.0,4.0,40.0,1.0,0.0,1.0,8.0,0.0,49.0,2.0,0.0
360849,1,1,96.0,0.0,1.0,9995.0,-99.0,36.0,1.0,34.0,35.0,34.0,72.0,1.0,1.0,4.0,3.0,0.0,20.0,0.0,8.0,995.0,99.0,36.0,1.0,34.0,2.0,0.0,1N6ED0EB0LN7,2020.0,478.0,1919.0,60.0,35.0,Nissan/Datsun,472.0,34.0,1.0,0.0,0.0,999.0,7.0,0.0,0.0,12.0,7.0,34.0,0.0,0.0,1.0,36.0,12083.0,1.0,6.0,3.0,Valid license for this class vehicle,0.0,69.0,999.0,0.0,0.0,0.0,0.0,No Record,0.0,0.0,0.0,0.0,1.0,2.0,45.0,3.0,3.0,2.0,1.0,97.0,14.0,8.0,1.0,1.0,4.0,101.0,36.0,99.0,1.0,0.0,202305213748.0,12.0,2.0,8.0,0.0,10.0,1.0,34.0,41.0,1.0,0.0,1.0,20.0,0.0,35.0,2.0,0.0
360856,2,98,96.0,0.0,1.0,9995.0,-99.0,36.0,21.0,12.0,55.0,4.0,59.0,2.0,1.0,3.0,3.0,0.0,9.0,0.0,8.0,995.0,0.0,36.0,2.0,12.0,1.0,0.0,KMHLN4AJ3PU0,2023.0,498.0,2735.0,13.0,55.0,Hyundai,35.0,4.0,1.0,0.0,0.0,999.0,8.0,0.0,0.0,12.0,7.0,12.0,0.0,0.0,1.0,36.0,12053.0,1.0,6.0,3.0,Valid license for this class vehicle,3.0,62.0,999.0,0.0,1.0,0.0,9.0,September,2021.0,11.0,2023.0,0.0,1.0,2.0,55.0,4.0,2.0,2.0,1.0,0.0,14.0,62.0,99.0,1.0,1.0,302.0,36.0,0.0,1.0,0.0,202305134393.0,12.0,7.0,5.0,0.0,1.0,1.0,4.0,38.0,2.0,0.0,1.0,20.0,0.0,55.0,1.0,0.0
360859,1,98,96.0,0.0,1.0,2084.0,510.0,36.0,67.0,35.0,63.0,4.0,74.0,1.0,1.0,4.0,3.0,0.0,9.0,0.0,0.0,0.0,7.0,36.0,1.0,35.0,2.0,0.0,3KPF24AD5LE1,2020.0,499.0,2462.0,13.0,63.0,KIA,38.0,4.0,1.0,0.0,0.0,999.0,7.0,3.0,5.0,12.0,6.0,1.0,0.0,0.0,1.0,36.0,13090.0,1.0,6.0,3.0,Valid license for this class vehicle,0.0,65.0,999.0,0.0,0.0,0.0,0.0,No Record,0.0,0.0,0.0,0.0,1.0,5.0,40.0,4.0,1.0,2.0,1.0,97.0,14.0,13.0,99.0,1.0,4.0,101.0,36.0,1.0,1.0,0.0,202305309679.0,12.0,7.0,10.0,0.0,1.0,1.0,4.0,25.0,2.0,0.0,1.0,20.0,0.0,63.0,1.0,0.0
360860,1,99,96.0,39.0,1.0,9995.0,-99.0,36.0,79.0,39.0,59.0,4.0,81.0,2.0,1.0,4.0,3.0,0.0,9.0,0.0,0.0,995.0,99.0,36.0,1.0,39.0,1.0,0.0,JTHBK1EG2B24,2011.0,515.0,2475.0,13.0,59.0,Lexus,31.0,4.0,1.0,0.0,0.0,998.0,7.0,0.0,0.0,12.0,6.0,39.0,0.0,0.0,1.0,36.0,10541.0,1.0,6.0,3.0,Valid license for this class vehicle,0.0,63.0,999.0,0.0,0.0,0.0,0.0,No Record,0.0,0.0,0.0,5.0,1.0,2.0,98.0,1.0,1.0,9.0,1.0,20.0,1.0,14.0,99.0,1.0,4.0,103.0,36.0,99.0,1.0,0.0,202305071677.0,12.0,4.0,6.0,1.0,1.0,1.0,4.0,28.0,1.0,0.0,1.0,9.0,0.0,59.0,1.0,0.0
360861,1,98,96.0,28.0,1.0,9995.0,-99.0,36.0,71.0,12.0,37.0,4.0,34.0,1.0,1.0,4.0,3.0,0.0,9.0,0.0,8.0,995.0,99.0,36.0,2.0,12.0,1.0,0.0,2HGFC2F80LH5,2020.0,474.0,1863.0,13.0,37.0,Honda,31.0,4.0,1.0,0.0,0.0,999.0,8.0,0.0,0.0,12.0,6.0,12.0,0.0,0.0,1.0,36.0,12737.0,1.0,6.0,3.0,Valid license for this class vehicle,3.0,73.0,999.0,0.0,0.0,0.0,0.0,No Record,0.0,0.0,0.0,0.0,1.0,2.0,30.0,4.0,2.0,2.0,1.0,0.0,14.0,10.0,99.0,1.0,2.0,301.0,36.0,99.0,1.0,0.0,202304927028.0,12.0,1.0,4.0,1.0,1.0,1.0,4.0,16.0,2.0,1.0,1.0,8.0,0.0,37.0,1.0,98.0
360866,1,9,96.0,0.0,1.0,9995.0,-99.0,36.0,55.0,12.0,35.0,4.0,51.0,1.0,1.0,4.0,20.0,7.0,9.0,0.0,1.0,995.0,99.0,36.0,2.0,12.0,1.0,0.0,3N1AB7AP9KY2,2019.0,478.0,1907.0,13.0,35.0,Nissan/Datsun,43.0,4.0,1.0,0.0,0.0,999.0,8.0,0.0,0.0,12.0,7.0,12.0,0.0,1.0,1.0,36.0,14420.0,1.0,6.0,3.0,Valid license for this class vehicle,3.0,66.0,999.0,0.0,0.0,0.0,0.0,No Record,0.0,0.0,0.0,5.0,1.0,2.0,45.0,1.0,1.0,2.0,1.0,3.0,1.0,50.0,99.0,1.0,1.0,202.0,36.0,99.0,1.0,0.0,202305205917.0,12.0,4.0,8.0,0.0,1.0,1.0,4.0,33.0,2.0,0.0,1.0,20.0,0.0,35.0,1.0,0.0
360867,1,98,96.0,0.0,1.0,9995.0,-99.0,36.0,61.0,12.0,55.0,4.0,37.0,1.0,1.0,1.0,3.0,0.0,9.0,0.0,0.0,995.0,0.0,36.0,2.0,12.0,1.0,0.0,5NPD84LF1LH6,2020.0,498.0,2735.0,13.0,55.0,Hyundai,35.0,4.0,1.0,0.0,0.0,999.0,8.0,0.0,0.0,63.0,7.0,12.0,0.0,0.0,1.0,36.0,10034.0,1.0,6.0,3.0,Valid license for this class vehicle,0.0,66.0,999.0,0.0,0.0,1.0,6.0,June,2019.0,6.0,2019.0,0.0,1.0,2.0,25.0,1.0,1.0,2.0,1.0,0.0,11.0,15.0,99.0,1.0,1.0,405.0,36.0,0.0,1.0,0.0,202304992031.0,32.0,2.0,5.0,3.0,1.0,1.0,4.0,34.0,1.0,3.0,1.0,8.0,1.0,55.0,1.0,0.0
360869,2,98,96.0,0.0,1.0,9995.0,-99.0,36.0,5.0,12.0,37.0,20.0,30.0,2.0,1.0,0.0,3.0,0.0,20.0,0.0,0.0,995.0,0.0,36.0,4.0,12.0,2.0,0.0,5FNRL5H6XEB0,2014.0,474.0,1869.0,2.0,37.0,Honda,441.0,20.0,1.0,0.0,0.0,999.0,7.0,0.0,0.0,6.0,7.0,12.0,0.0,0.0,1.0,36.0,10457.0,1.0,6.0,3.0,Valid license for this class vehicle,0.0,62.0,999.0,0.0,0.0,1.0,10.0,October,2019.0,12.0,2019.0,0.0,3.0,3.0,50.0,1.0,2.0,2.0,2.0,0.0,1.0,53.0,99.0,1.0,1.0,201.0,36.0,0.0,1.0,0.0,202304974033.0,34.0,3.0,5.0,3.0,2.0,1.0,20.0,41.0,1.0,3.0,1.0,8.0,0.0,37.0,1.0,2.0
360876,2,98,96.0,0.0,1.0,9999.0,-99.0,36.0,67.0,12.0,59.0,4.0,90.0,1.0,1.0,4.0,2.0,0.0,9.0,0.0,0.0,999.0,7.0,36.0,2.0,12.0,2.0,0.0,JTHBJ46G9922,2009.0,515.0,2475.0,13.0,59.0,Lexus,31.0,4.0,1.0,0.0,0.0,999.0,8.0,0.0,0.0,12.0,7.0,12.0,0.0,0.0,1.0,36.0,13088.0,1.0,6.0,3.0,Valid license for this class vehicle,3.0,70.0,999.0,0.0,0.0,0.0,4.0,April,2019.0,4.0,2019.0,0.0,5.0,5.0,40.0,1.0,1.0,2.0,2.0,0.0,1.0,62.0,99.0,1.0,1.0,402.0,36.0,1.0,1.0,0.0,202305058750.0,12.0,2.0,6.0,1.0,1.0,1.0,4.0,74.0,2.0,0.0,1.0,20.0,0.0,59.0,2.0,0.0
360888,2,98,96.0,0.0,1.0,9995.0,-99.0,36.0,11.0,24.0,49.0,4.0,19.0,2.0,1.0,4.0,3.0,0.0,9.0,0.0,8.0,995.0,99.0,36.0,2.0,24.0,1.0,0.0,2T1BU40E89C0,2009.0,448.0,2208.0,13.0,49.0,Toyota,32.0,4.0,1.0,0.0,0.0,999.0,0.0,3.0,5.0,12.0,7.0,1.0,0.0,0.0,1.0,36.0,13147.0,1.0,6.0,3.0,Valid license for this class vehicle,0.0,68.0,999.0,0.0,0.0,0.0,0.0,No Record,0.0,0.0,0.0,0.0,1.0,2.0,55.0,3.0,2.0,2.0,2.0,97.0,14.0,62.0,99.0,1.0,1.0,998.0,36.0,99.0,1.0,0.0,202305016409.0,12.0,3.0,4.0,1.0,1.0,1.0,4.0,80.0,1.0,0.0,1.0,1.0,0.0,49.0,1.0,0.0
360912,1,9,96.0,28.0,1.0,1.0,-99.0,36.0,71.0,12.0,63.0,4.0,44.0,2.0,1.0,1.0,3.0,0.0,9.0,0.0,1.0,164.0,0.0,36.0,2.0,12.0,1.0,0.0,3KPF24AD9PE5,2023.0,499.0,2462.0,13.0,63.0,KIA,38.0,4.0,1.0,0.0,0.0,999.0,8.0,0.0,0.0,12.0,7.0,12.0,0.0,1.0,1.0,40.0,74801.0,1.0,1.0,2.0,No valid license for this class vehicle,0.0,60.0,999.0,2.0,0.0,0.0,1.0,January,2020.0,6.0,2020.0,0.0,1.0,2.0,55.0,1.0,1.0,2.0,1.0,97.0,1.0,10.0,99.0,9.0,2.0,301.0,36.0,0.0,1.0,0.0,202305133703.0,12.0,6.0,7.0,0.0,1.0,1.0,4.0,35.0,1.0,0.0,1.0,20.0,0.0,63.0,1.0,0.0
360913,2,98,96.0,28.0,1.0,3022.0,-99.0,36.0,103.0,12.0,37.0,4.0,29.0,1.0,1.0,4.0,99.0,7.0,9.0,0.0,0.0,0.0,99.0,36.0,2.0,12.0,1.0,0.0,1HGCP2F44CA1,2012.0,474.0,1861.0,13.0,37.0,Honda,32.0,4.0,1.0,0.0,0.0,998.0,8.0,0.0,0.0,12.0,7.0,12.0,0.0,0.0,1.0,36.0,11756.0,0.0,0.0,0.0,Not licensed,0.0,70.0,999.0,0.0,1.0,0.0,1.0,January,2019.0,5.0,2019.0,0.0,5.0,3.0,45.0,1.0,2.0,2.0,2.0,0.0,1.0,10.0,99.0,1.0,2.0,302.0,36.0,1.0,1.0,0.0,202304813233.0,12.0,2.0,3.0,0.0,1.0,1.0,4.0,23.0,2.0,0.0,1.0,8.0,0.0,37.0,1.0,0.0
360916,3,9,96.0,0.0,1.0,9995.0,-99.0,36.0,103.0,12.0,35.0,4.0,31.0,2.0,1.0,0.0,3.0,0.0,9.0,0.0,1.0,995.0,0.0,36.0,3.0,12.0,1.0,0.0,3N1AB7AP9KY2,2019.0,478.0,1907.0,13.0,35.0,Nissan/Datsun,43.0,4.0,1.0,0.0,0.0,998.0,7.0,0.0,0.0,98.0,8.0,12.0,0.0,1.0,1.0,36.0,11717.0,1.0,6.0,3.0,Valid license for this class vehicle,3.0,61.0,999.0,1.0,1.0,0.0,5.0,May,2019.0,6.0,2022.0,0.0,5.0,3.0,35.0,1.0,1.0,8.0,1.0,0.0,10.0,16.0,99.0,1.0,1.0,403.0,36.0,0.0,1.0,0.0,202305205917.0,12.0,4.0,8.0,0.0,1.0,1.0,4.0,33.0,2.0,0.0,1.0,20.0,0.0,35.0,1.0,0.0
360917,2,98,96.0,0.0,1.0,9995.0,-99.0,36.0,103.0,12.0,42.0,15.0,28.0,2.0,1.0,1.0,3.0,0.0,20.0,0.0,0.0,995.0,0.0,36.0,6.0,12.0,2.0,0.0,4JGFB4KB6MA4,2021.0,449.0,5886.0,7.0,42.0,Mercedes-Benz,423.0,15.0,1.0,0.0,0.0,999.0,0.0,0.0,0.0,6.0,7.0,12.0,0.0,0.0,1.0,36.0,11901.0,1.0,6.0,3.0,Valid license for this class vehicle,3.0,67.0,999.0,0.0,0.0,0.0,0.0,No Record,0.0,0.0,0.0,0.0,3.0,4.0,55.0,1.0,1.0,2.0,1.0,0.0,2.0,99.0,1.0,1.0,9.0,998.0,36.0,0.0,1.0,0.0,202305753298.0,12.0,4.0,12.0,0.0,1.0,1.0,15.0,53.0,1.0,0.0,1.0,20.0,0.0,42.0,1.0,0.0
360922,1,98,96.0,102.0,1.0,9995.0,-99.0,36.0,1.0,12.0,73.0,80.0,24.0,1.0,1.0,4.0,20.0,7.0,20.0,8.0,0.0,995.0,99.0,36.0,2.0,12.0,1.0,0.0,JKBZXJH19PA0,2023.0,510.0,12989.0,80.0,73.0,Kawasaki,705.0,80.0,1.0,0.0,0.0,120.0,7.0,8.0,8.0,12.0,6.0,12.0,0.0,0.0,1.0,36.0,12065.0,1.0,6.0,2.0,No valid license for this class vehicle,0.0,69.0,999.0,0.0,0.0,0.0,0.0,No Record,0.0,0.0,0.0,5.0,1.0,2.0,40.0,1.0,2.0,2.0,1.0,0.0,1.0,62.0,99.0,2.0,1.0,402.0,36.0,99.0,1.0,0.0,202305378257.0,1.0,6.0,9.0,2.0,1.0,1.0,80.0,23.0,1.0,2.0,1.0,20.0,8.0,73.0,1.0,98.0
360924,3,98,96.0,0.0,1.0,9995.0,-99.0,36.0,123.0,12.0,49.0,20.0,78.0,1.0,1.0,1.0,3.0,0.0,9.0,0.0,8.0,995.0,0.0,36.0,3.0,12.0,2.0,0.0,5TDKK3DC0BS1,2011.0,448.0,2468.0,2.0,49.0,Toyota,442.0,20.0,1.0,0.0,0.0,999.0,8.0,0.0,0.0,63.0,7.0,12.0,0.0,0.0,1.0,36.0,14857.0,1.0,6.0,3.0,Valid license for this class vehicle,3.0,70.0,999.0,0.0,0.0,0.0,9.0,September,2020.0,9.0,2020.0,0.0,1.0,2.0,55.0,1.0,1.0,2.0,2.0,0.0,1.0,62.0,99.0,1.0,1.0,998.0,36.0,0.0,1.0,0.0,202305537421.0,14.0,7.0,11.0,0.0,1.0,1.0,20.0,46.0,1.0,0.0,1.0,98.0,0.0,49.0,1.0,99.0
360933,2,98,96.0,89.0,1.0,9995.0,-99.0,36.0,65.0,12.0,35.0,4.0,25.0,2.0,1.0,0.0,3.0,0.0,9.0,0.0,0.0,995.0,0.0,36.0,2.0,12.0,2.0,0.0,3N1AB8DV3NY3,2022.0,478.0,1907.0,13.0,35.0,Nissan/Datsun,43.0,4.0,1.0,0.0,0.0,999.0,0.0,0.0,0.0,12.0,7.0,12.0,0.0,0.0,1.0,34.0,7091.0,1.0,6.0,3.0,Valid license for this class vehicle,0.0,65.0,999.0,0.0,1.0,0.0,7.0,July,2020.0,7.0,2020.0,0.0,3.0,2.0,55.0,1.0,1.0,2.0,1.0,0.0,1.0,62.0,99.0,1.0,1.0,402.0,36.0,0.0,1.0,0.0,202305549972.0,32.0,2.0,11.0,0.0,1.0,1.0,4.0,22.0,1.0,0.0,1.0,9.0,0.0,35.0,1.0,98.0
360936,1,1,96.0,0.0,1.0,9995.0,-99.0,36.0,103.0,24.0,37.0,20.0,60.0,1.0,1.0,4.0,3.0,0.0,20.0,0.0,8.0,995.0,99.0,36.0,1.0,24.0,1.0,0.0,5FNRL5H48EB0,2014.0,474.0,1869.0,2.0,37.0,Honda,441.0,20.0,1.0,0.0,0.0,999.0,7.0,0.0,0.0,63.0,7.0,24.0,0.0,0.0,1.0,36.0,11434.0,1.0,6.0,3.0,Valid license for this class vehicle,0.0,74.0,999.0,0.0,0.0,1.0,3.0,March,2020.0,3.0,2020.0,0.0,3.0,2.0,55.0,1.0,1.0,1.0,2.0,0.0,1.0,8.0,99.0,1.0,4.0,102.0,36.0,99.0,1.0,0.0,202304782751.0,34.0,2.0,2.0,0.0,1.0,1.0,20.0,40.0,2.0,0.0,1.0,20.0,0.0,37.0,2.0,0.0
360957,1,2,96.0,28.0,1.0,9995.0,-99.0,36.0,89.0,12.0,51.0,66.0,29.0,1.0,1.0,0.0,3.0,0.0,20.0,0.0,8.0,995.0,0.0,36.0,3.0,12.0,1.0,0.0,4V4NC9EJ1MN2,2021.0,487.0,1967.0,66.0,51.0,Volvo,881.0,66.0,1.0,0.0,0.0,999.0,8.0,0.0,0.0,12.0,7.0,12.0,0.0,0.0,1.0,36.0,11223.0,1.0,6.0,3.0,Valid license for this class vehicle,0.0,67.0,999.0,0.0,0.0,0.0,0.0,No Record,0.0,0.0,0.0,0.0,1.0,2.0,40.0,1.0,1.0,2.0,1.0,0.0,1.0,10.0,99.0,1.0,2.0,301.0,36.0,0.0,1.0,0.0,202304912451.0,12.0,4.0,5.0,0.0,1.0,1.0,66.0,29.0,1.0,0.0,1.0,20.0,0.0,51.0,2.0,0.0
360962,1,98,96.0,104.0,1.0,1.0,-99.0,36.0,67.0,39.0,63.0,14.0,15.0,1.0,1.0,4.0,3.0,0.0,9.0,0.0,0.0,0.0,7.0,36.0,1.0,39.0,1.0,0.0,KNDPMCAC3L77,2020.0,499.0,2770.0,7.0,63.0,KIA,401.0,14.0,1.0,0.0,0.0,86.0,7.0,0.0,0.0,12.0,7.0,39.0,0.0,0.0,1.0,36.0,13204.0,0.0,0.0,0.0,Not licensed,0.0,72.0,999.0,0.0,0.0,0.0,0.0,No Record,0.0,0.0,0.0,5.0,1.0,2.0,30.0,1.0,2.0,2.0,1.0,20.0,99.0,8.0,99.0,9.0,4.0,103.0,36.0,2.0,1.0,0.0,202305413198.0,12.0,2.0,10.0,0.0,10.0,1.0,14.0,75.0,2.0,0.0,1.0,20.0,0.0,63.0,2.0,98.0
360966,1,98,96.0,0.0,1.0,9995.0,-99.0,36.0,23.0,42.0,35.0,4.0,21.0,2.0,1.0,4.0,20.0,7.0,9.0,0.0,1.0,995.0,99.0,36.0,1.0,42.0,2.0,0.0,3N1AB7AP3FY3,2015.0,478.0,1907.0,13.0,35.0,Nissan/Datsun,43.0,4.0,1.0,0.0,0.0,999.0,7.0,3.0,5.0,12.0,6.0,2.0,1.0,1.0,1.0,36.0,13069.0,1.0,1.0,2.0,No valid license for this class vehicle,3.0,66.0,999.0,0.0,0.0,0.0,2.0,February,2021.0,10.0,2023.0,5.0,1.0,2.0,55.0,4.0,2.0,2.0,2.0,0.0,14.0,12.0,99.0,2.0,4.0,102.0,36.0,99.0,1.0,0.0,202305106197.0,14.0,2.0,7.0,0.0,1.0,1.0,4.0,53.0,1.0,0.0,1.0,98.0,0.0,35.0,1.0,99.0
360968,1,98,96.0,0.0,1.0,9995.0,-99.0,36.0,65.0,24.0,82.0,66.0,46.0,1.0,1.0,4.0,3.0,0.0,9.0,0.0,0.0,995.0,99.0,36.0,1.0,24.0,1.0,0.0,3AKJHHDR0KSK,2019.0,450.0,2501.0,66.0,82.0,Freightliner,881.0,66.0,1.0,0.0,0.0,999.0,7.0,0.0,0.0,12.0,6.0,3.0,0.0,0.0,1.0,36.0,14620.0,1.0,6.0,3.0,Valid license for this class vehicle,0.0,67.0,999.0,0.0,0.0,0.0,9.0,September,2021.0,9.0,2021.0,0.0,1.0,2.0,45.0,4.0,1.0,2.0,2.0,0.0,14.0,13.0,99.0,1.0,4.0,101.0,36.0,99.0,1.0,0.0,202304741961.0,30.0,2.0,2.0,0.0,1.0,1.0,66.0,22.0,1.0,0.0,1.0,99.0,0.0,82.0,1.0,0.0
360977,2,98,96.0,0.0,1.0,9995.0,-99.0,36.0,71.0,12.0,82.0,66.0,59.0,1.0,1.0,0.0,3.0,0.0,20.0,0.0,8.0,995.0,0.0,36.0,2.0,12.0,1.0,0.0,3AKJHHDR7MSM,2021.0,450.0,2501.0,66.0,82.0,Freightliner,881.0,66.0,1.0,0.0,0.0,999.0,8.0,0.0,0.0,12.0,7.0,12.0,0.0,0.0,1.0,36.0,12566.0,1.0,6.0,3.0,Valid license for this class vehicle,3.0,74.0,999.0,0.0,0.0,0.0,0.0,No Record,0.0,0.0,0.0,0.0,3.0,2.0,65.0,1.0,1.0,1.0,1.0,0.0,1.0,61.0,99.0,1.0,1.0,202.0,36.0,0.0,1.0,0.0,202305244418.0,33.0,2.0,8.0,3.0,10.0,1.0,66.0,25.0,1.0,1.0,1.0,20.0,0.0,82.0,2.0,0.0
360980,1,98,96.0,0.0,1.0,9995.0,-99.0,36.0,111.0,24.0,37.0,2.0,80.0,2.0,1.0,4.0,3.0,0.0,9.0,0.0,8.0,995.0,99.0,36.0,4.0,24.0,1.0,0.0,2HGFG12869H5,2009.0,474.0,1863.0,3.0,37.0,Honda,31.0,2.0,1.0,0.0,0.0,999.0,8.0,0.0,0.0,12.0,6.0,12.0,0.0,0.0,1.0,36.0,12054.0,1.0,6.0,3.0,Valid license for this class vehicle,0.0,62.0,999.0,0.0,0.0,0.0,0.0,No Record,0.0,0.0,0.0,0.0,2.0,2.0,55.0,1.0,2.0,2.0,1.0,0.0,1.0,13.0,99.0,1.0,4.0,101.0,36.0,99.0,1.0,0.0,202305217875.0,38.0,1.0,9.0,2.0,1.0,1.0,2.0,19.0,1.0,2.0,1.0,1.0,0.0,37.0,1.0,2.0
360981,2,98,96.0,0.0,1.0,9995.0,-99.0,36.0,121.0,12.0,37.0,14.0,46.0,2.0,1.0,1.0,3.0,0.0,20.0,0.0,0.0,995.0,0.0,36.0,2.0,12.0,2.0,0.0,2HKRM4H56FH6,2015.0,474.0,1865.0,7.0,37.0,Honda,402.0,14.0,1.0,0.0,0.0,0.0,8.0,0.0,0.0,6.0,7.0,12.0,0.0,0.0,1.0,36.0,14530.0,1.0,6.0,3.0,Valid license for this class vehicle,0.0,61.0,999.0,0.0,0.0,0.0,0.0,No Record,0.0,0.0,0.0,0.0,1.0,2.0,55.0,1.0,2.0,2.0,1.0,20.0,5.0,53.0,1.0,1.0,1.0,201.0,36.0,0.0,1.0,0.0,202304996808.0,11.0,4.0,5.0,0.0,1.0,1.0,14.0,61.0,2.0,0.0,1.0,20.0,0.0,37.0,1.0,0.0