ST_CASE,VEH_NO_x,DRIMPAIR_x,DRDISTRACT,DRIVERRF,PER_NO_x,DRUGRES,DRUGACTQTY,STATE_x,COUNTY,HARM_EV_x,MAKE_x,BODY_TYP_x,AGE,SEX,PER_TYP_x,INJ_SEV,REST_USE,REST_MIS,AIR_BAG_x,EJECTION,DRINKING,ALC_RES,HISPANIC,STATE_y,VE_FORMS,HARM_EV_y,NUMOCCS,HIT_RUN,VIN,MOD_YEAR,VPICMAKE,VPICMODEL,VPICBODYCLASS,MAKE_y,MAKENAME,MODEL,BODY_TYP_y,HAZ_INV,HAZ_PLAC,HAZ_ID,TRAV_SP,UNDEROVERRIDE,ROLLOVER,ROLINLOC,IMPACT1,DEFORMED,M_HARM,FIRE_EXP,DR_DRINK,DR_PRES,L_STATE,DR_ZIP,L_TYPE,L_STATUS,L_COMPL,L_COMPLNAME,L_RESTRI,DR_HGT,DR_WGT,PREV_DWI,PREV_SPD,PREV_OTH,FIRST_MO,FIRST_MONAME,FIRST_YR,LAST_MO,LAST_YR,SPEEDREL,VTRAFWAY,VNUM_LAN,VSPD_LIM,VALIGN,VPROFILE,VPAVETYP,VSURCOND,VTRAFCON,P_CRASH1,P_CRASH2,P_CRASH3,PCRASH4,PCRASH5,ACC_CONFIG,STATE,RACE,ORDER,MULTRACE,CASENUM,HARM_EV,DAY_WEEK,MONTH,MAXSEV_IM,WEATHR_IM,PER_NO_y,BODY_TYP,AGE_IM,SEX_IM,INJSEV_IM,PER_TYP_y,AIR_BAG_y,EJECT_IM,MAKE,VEH_NO_y,DRIMPAIR_y
360984,2,98,96.0,0.0,1.0,9995.0,-99.0,36.0,69.0,12.0,55.0,14.0,71.0,1.0,1.0,1.0,3.0,0.0,9.0,0.0,8.0,995.0,0.0,36.0,2.0,12.0,2.0,0.0,KMHRC8A31PU2,2023.0,498.0,26441.0,15.0,55.0,Hyundai,406.0,14.0,1.0,0.0,0.0,999.0,8.0,0.0,0.0,12.0,7.0,12.0,0.0,0.0,1.0,36.0,14609.0,1.0,6.0,3.0,Valid license for this class vehicle,0.0,70.0,999.0,0.0,0.0,0.0,0.0,No Record,0.0,0.0,0.0,0.0,1.0,2.0,30.0,4.0,1.0,2.0,2.0,3.0,14.0,62.0,99.0,1.0,1.0,302.0,36.0,0.0,1.0,0.0,202305166617.0,12.0,2.0,5.0,0.0,1.0,1.0,14.0,30.0,2.0,0.0,1.0,20.0,0.0,55.0,2.0,0.0
360986,1,98,96.0,28.0,1.0,9995.0,-99.0,36.0,87.0,12.0,35.0,14.0,31.0,2.0,1.0,3.0,3.0,0.0,9.0,0.0,8.0,995.0,0.0,36.0,2.0,12.0,3.0,0.0,5N1DR2MM6KC6,2019.0,478.0,1911.0,7.0,35.0,Nissan/Datsun,401.0,14.0,1.0,0.0,0.0,999.0,1.0,0.0,0.0,12.0,7.0,12.0,0.0,0.0,1.0,36.0,10960.0,1.0,6.0,3.0,Valid license for this class vehicle,0.0,62.0,999.0,0.0,0.0,0.0,0.0,No Record,0.0,0.0,0.0,0.0,1.0,2.0,40.0,1.0,2.0,2.0,1.0,0.0,1.0,10.0,99.0,2.0,2.0,301.0,36.0,0.0,1.0,0.0,202304996512.0,12.0,7.0,6.0,3.0,1.0,1.0,14.0,55.0,2.0,3.0,1.0,8.0,0.0,35.0,2.0,0.0
360988,1,98,96.0,0.0,1.0,2214.0,-99.0,36.0,103.0,12.0,49.0,4.0,63.0,2.0,1.0,4.0,3.0,0.0,9.0,0.0,0.0,0.0,99.0,36.0,2.0,12.0,1.0,0.0,4T1BF1FK6CU1,2012.0,448.0,2469.0,13.0,49.0,Toyota,40.0,4.0,1.0,0.0,0.0,999.0,8.0,0.0,0.0,12.0,8.0,12.0,0.0,0.0,1.0,36.0,11716.0,1.0,6.0,3.0,Valid license for this class vehicle,0.0,63.0,999.0,0.0,0.0,0.0,0.0,No Record,0.0,0.0,0.0,0.0,5.0,5.0,40.0,1.0,1.0,2.0,1.0,0.0,1.0,62.0,99.0,1.0,1.0,302.0,36.0,1.0,1.0,0.0,202304950103.0,12.0,4.0,2.0,0.0,1.0,1.0,4.0,21.0,2.0,0.0,1.0,20.0,0.0,49.0,2.0,0.0
360994,1,98,96.0,0.0,1.0,9995.0,-99.0,36.0,119.0,34.0,35.0,6.0,88.0,2.0,1.0,4.0,20.0,7.0,9.0,0.0,8.0,995.0,99.0,36.0,1.0,34.0,1.0,0.0,5N1AT2MVXJC8,2018.0,478.0,1913.0,8.0,35.0,Nissan/Datsun,51.0,6.0,1.0,0.0,0.0,999.0,7.0,3.0,5.0,12.0,6.0,1.0,0.0,0.0,1.0,12.0,10701.0,1.0,6.0,3.0,Valid license for this class vehicle,0.0,64.0,999.0,0.0,0.0,0.0,0.0,No Record,0.0,0.0,0.0,0.0,3.0,3.0,55.0,1.0,1.0,2.0,1.0,0.0,1.0,13.0,99.0,3.0,4.0,101.0,36.0,99.0,1.0,0.0,202305365623.0,8.0,1.0,9.0,2.0,2.0,1.0,6.0,42.0,2.0,0.0,1.0,20.0,0.0,35.0,1.0,0.0
360999,1,98,96.0,48.0,1.0,0.0,-99.0,36.0,103.0,12.0,59.0,4.0,71.0,2.0,1.0,4.0,3.0,0.0,9.0,0.0,8.0,996.0,99.0,36.0,2.0,12.0,1.0,0.0,JTHBK1GG1D20,2013.0,515.0,2475.0,13.0,59.0,Lexus,31.0,4.0,1.0,0.0,0.0,998.0,8.0,0.0,0.0,82.0,7.0,12.0,0.0,0.0,1.0,36.0,11741.0,1.0,6.0,3.0,Valid license for this class vehicle,3.0,62.0,999.0,0.0,0.0,0.0,9.0,September,2020.0,9.0,2020.0,0.0,3.0,3.0,55.0,1.0,1.0,8.0,1.0,0.0,11.0,15.0,99.0,1.0,1.0,401.0,36.0,1.0,1.0,0.0,202304659458.0,12.0,1.0,1.0,3.0,1.0,1.0,4.0,56.0,1.0,2.0,1.0,8.0,0.0,59.0,2.0,0.0
360999,2,98,96.0,0.0,1.0,9995.0,-99.0,36.0,103.0,12.0,20.0,34.0,37.0,1.0,1.0,1.0,3.0,0.0,9.0,0.0,8.0,995.0,0.0,36.0,2.0,12.0,1.0,0.0,1GCPYCEF6MZ3,2021.0,467.0,1850.0,60.0,20.0,Chevrolet,481.0,34.0,1.0,0.0,0.0,998.0,8.0,0.0,0.0,12.0,7.0,12.0,0.0,0.0,1.0,36.0,11779.0,1.0,6.0,3.0,Valid license for this class vehicle,0.0,71.0,999.0,0.0,0.0,0.0,0.0,No Record,0.0,0.0,0.0,5.0,3.0,2.0,55.0,1.0,1.0,8.0,1.0,0.0,1.0,62.0,99.0,1.0,1.0,402.0,36.0,0.0,1.0,0.0,202305288179.0,12.0,3.0,10.0,5.0,1.0,1.0,34.0,47.0,2.0,0.0,1.0,20.0,0.0,20.0,1.0,0.0
361005,1,98,17.0,26.0,1.0,9995.0,-99.0,36.0,109.0,12.0,49.0,9.0,18.0,1.0,1.0,2.0,20.0,7.0,20.0,0.0,8.0,995.0,0.0,36.0,3.0,12.0,2.0,0.0,JTDJT9239851,2008.0,448.0,2464.0,5.0,49.0,Toyota,51.0,9.0,1.0,0.0,0.0,999.0,8.0,0.0,0.0,12.0,6.0,12.0,0.0,0.0,1.0,36.0,14883.0,1.0,6.0,3.0,Valid license for this class vehicle,0.0,68.0,999.0,0.0,0.0,0.0,0.0,No Record,0.0,0.0,0.0,0.0,1.0,2.0,55.0,1.0,1.0,2.0,1.0,97.0,1.0,50.0,99.0,1.0,1.0,202.0,36.0,0.0,1.0,0.0,202305427915.0,12.0,5.0,11.0,0.0,1.0,1.0,9.0,38.0,1.0,0.0,1.0,98.0,0.0,49.0,2.0,99.0
361011,2,98,96.0,0.0,1.0,9995.0,-99.0,36.0,55.0,12.0,49.0,4.0,35.0,1.0,1.0,3.0,2.0,1.0,9.0,0.0,8.0,995.0,0.0,36.0,2.0,12.0,1.0,0.0,4T1BE46K19U3,2009.0,448.0,2469.0,13.0,49.0,Toyota,40.0,4.0,1.0,0.0,0.0,999.0,8.0,0.0,0.0,12.0,7.0,12.0,0.0,0.0,1.0,36.0,14616.0,1.0,6.0,3.0,Valid license for this class vehicle,0.0,72.0,999.0,0.0,0.0,0.0,0.0,No Record,0.0,0.0,0.0,0.0,1.0,5.0,35.0,1.0,1.0,1.0,2.0,3.0,1.0,65.0,99.0,1.0,1.0,409.0,36.0,0.0,1.0,0.0,202304899196.0,12.0,3.0,3.0,0.0,1.0,1.0,4.0,63.0,2.0,0.0,1.0,20.0,0.0,49.0,2.0,0.0
361019,2,96,96.0,0.0,1.0,1.0,-99.0,36.0,103.0,12.0,37.0,4.0,79.0,1.0,1.0,4.0,3.0,0.0,20.0,0.0,8.0,0.0,6.0,36.0,2.0,12.0,1.0,0.0,1HGCM56304A1,2004.0,474.0,1861.0,13.0,37.0,Honda,32.0,4.0,1.0,0.0,0.0,998.0,8.0,0.0,0.0,63.0,7.0,12.0,0.0,0.0,1.0,36.0,11901.0,1.0,6.0,3.0,Valid license for this class vehicle,0.0,61.0,999.0,0.0,0.0,0.0,0.0,No Record,0.0,0.0,0.0,0.0,0.0,0.0,0.0,0.0,0.0,0.0,0.0,97.0,1.0,19.0,99.0,1.0,1.0,504.0,36.0,99.0,1.0,0.0,202305322694.0,12.0,3.0,8.0,0.0,1.0,1.0,4.0,54.0,2.0,0.0,1.0,20.0,0.0,37.0,1.0,0.0
361026,2,98,96.0,52.0,1.0,9995.0,-99.0,36.0,103.0,14.0,49.0,4.0,57.0,2.0,1.0,1.0,3.0,0.0,20.0,0.0,0.0,995.0,0.0,36.0,1.0,14.0,2.0,0.0,4T1BF3EK0AU5,2010.0,448.0,2469.0,13.0,49.0,Toyota,40.0,4.0,1.0,0.0,0.0,998.0,8.0,0.0,0.0,12.0,7.0,14.0,0.0,0.0,1.0,36.0,11767.0,1.0,6.0,3.0,Valid license for this class vehicle,3.0,62.0,999.0,0.0,0.0,0.0,7.0,July,2020.0,7.0,2020.0,0.0,1.0,2.0,99.0,1.0,1.0,9.0,2.0,0.0,1.0,11.0,99.0,1.0,4.0,103.0,36.0,0.0,1.0,0.0,202305099675.0,12.0,5.0,7.0,3.0,10.0,1.0,4.0,43.0,2.0,3.0,1.0,20.0,0.0,49.0,1.0,0.0
361041,1,98,96.0,38.0,1.0,9995.0,-99.0,36.0,29.0,12.0,35.0,14.0,20.0,1.0,1.0,1.0,3.0,0.0,9.0,0.0,0.0,995.0,0.0,36.0,2.0,12.0,1.0,0.0,5N1AT2MV9KC7,2019.0,478.0,1913.0,7.0,35.0,Nissan/Datsun,404.0,14.0,1.0,0.0,0.0,13.0,8.0,0.0,0.0,12.0,7.0,12.0,0.0,0.0,1.0,36.0,14225.0,1.0,6.0,3.0,Valid license for this class vehicle,0.0,75.0,999.0,0.0,0.0,0.0,9.0,September,2022.0,9.0,2022.0,0.0,1.0,5.0,40.0,1.0,1.0,2.0,1.0,3.0,11.0,15.0,99.0,1.0,1.0,401.0,36.0,0.0,1.0,0.0,202305227585.0,12.0,5.0,5.0,0.0,1.0,1.0,14.0,80.0,1.0,0.0,1.0,20.0,0.0,35.0,2.0,98.0
361050,1,9,96.0,28.0,1.0,1.0,-99.0,36.0,71.0,12.0,37.0,4.0,34.0,1.0,1.0,2.0,3.0,0.0,9.0,0.0,1.0,185.0,0.0,36.0,6.0,12.0,2.0,0.0,1HGCV1F39LA1,2020.0,474.0,1861.0,13.0,37.0,Honda,32.0,4.0,1.0,0.0,0.0,999.0,8.0,0.0,0.0,62.0,6.0,12.0,0.0,1.0,1.0,36.0,12771.0,1.0,6.0,3.0,Valid license for this class vehicle,0.0,69.0,999.0,0.0,1.0,1.0,10.0,October,2019.0,12.0,2022.0,0.0,1.0,3.0,55.0,1.0,1.0,2.0,2.0,97.0,1.0,11.0,99.0,1.0,2.0,303.0,36.0,0.0,1.0,0.0,202304774930.0,59.0,7.0,2.0,4.0,1.0,1.0,4.0,21.0,1.0,4.0,1.0,8.0,0.0,37.0,1.0,98.0
361052,1,9,17.0,6.0,1.0,1.0,-99.0,36.0,71.0,12.0,20.0,4.0,41.0,1.0,1.0,0.0,99.0,7.0,20.0,0.0,1.0,64.0,0.0,36.0,2.0,12.0,1.0,0.0,1G1ZE5STXHF2,2017.0,467.0,1834.0,13.0,20.0,Chevrolet,37.0,4.0,1.0,0.0,0.0,999.0,7.0,0.0,0.0,12.0,7.0,12.0,0.0,1.0,1.0,36.0,10523.0,1.0,6.0,3.0,Valid license for this class vehicle,0.0,69.0,999.0,0.0,0.0,0.0,0.0,No Record,0.0,0.0,0.0,0.0,3.0,2.0,65.0,1.0,1.0,2.0,1.0,0.0,1.0,51.0,99.0,1.0,1.0,202.0,36.0,0.0,1.0,0.0,202304972534.0,12.0,4.0,5.0,0.0,1.0,1.0,4.0,41.0,2.0,0.0,1.0,20.0,0.0,20.0,1.0,0.0
361058,1,98,96.0,0.0,1.0,9995.0,-99.0,36.0,103.0,12.0,49.0,5.0,23.0,1.0,1.0,2.0,3.0,0.0,20.0,0.0,8.0,995.0,0.0,36.0,2.0,12.0,1.0,0.0,JTDKN3DUXA00,2010.0,448.0,2209.0,5.0,49.0,Toyota,46.0,5.0,1.0,0.0,0.0,999.0,8.0,0.0,0.0,12.0,7.0,12.0,0.0,0.0,1.0,36.0,11235.0,1.0,6.0,3.0,Valid license for this class vehicle,0.0,69.0,999.0,0.0,0.0,0.0,0.0,No Record,0.0,0.0,0.0,0.0,1.0,2.0,30.0,1.0,2.0,1.0,1.0,0.0,1.0,62.0,99.0,1.0,1.0,302.0,36.0,0.0,1.0,0.0,202304706353.0,12.0,1.0,1.0,1.0,10.0,1.0,5.0,65.0,1.0,0.0,1.0,20.0,0.0,49.0,1.0,0.0
370002,1,99,96.0,51.0,1.0,1.0,-99.0,37.0,1.0,12.0,35.0,4.0,30.0,2.0,1.0,4.0,20.0,7.0,8.0,0.0,9.0,0.0,7.0,37.0,2.0,12.0,1.0,0.0,1N4AL3AP1JC1,2018.0,478.0,1904.0,13.0,35.0,Nissan/Datsun,47.0,4.0,1.0,0.0,0.0,65.0,0.0,0.0,0.0,12.0,6.0,12.0,0.0,0.0,1.0,37.0,27217.0,1.0,6.0,3.0,Valid license for this class vehicle,0.0,67.0,999.0,0.0,0.0,0.0,0.0,No Record,0.0,0.0,0.0,0.0,3.0,4.0,65.0,1.0,3.0,1.0,1.0,0.0,1.0,54.0,99.0,1.0,1.0,303.0,37.0,1.0,1.0,0.0,202304716922.0,12.0,5.0,2.0,0.0,1.0,1.0,4.0,57.0,2.0,0.0,1.0,20.0,0.0,35.0,1.0,0.0
370008,1,9,96.0,58.0,1.0,9995.0,-99.0,37.0,21.0,43.0,2.0,14.0,18.0,1.0,1.0,4.0,3.0,0.0,9.0,0.0,0.0,995.0,7.0,37.0,1.0,43.0,1.0,0.0,1J4GW48S33C5,2003.0,483.0,1949.0,7.0,2.0,Jeep / Kaiser-Jeep / Willys- Jeep,404.0,14.0,1.0,0.0,0.0,70.0,7.0,3.0,5.0,98.0,6.0,31.0,0.0,0.0,1.0,37.0,28801.0,7.0,3.0,2.0,No valid license for this class vehicle,0.0,66.0,999.0,0.0,0.0,0.0,0.0,No Record,0.0,0.0,0.0,0.0,5.0,3.0,45.0,1.0,1.0,2.0,1.0,0.0,1.0,13.0,6.0,3.0,4.0,101.0,37.0,1.0,1.0,0.0,202305367032.0,12.0,5.0,11.0,0.0,1.0,1.0,14.0,47.0,1.0,0.0,1.0,98.0,0.0,2.0,1.0,98.0
370013,1,98,96.0,39.0,1.0,0.0,-99.0,37.0,25.0,19.0,6.0,4.0,17.0,1.0,1.0,4.0,99.0,7.0,8.0,0.0,9.0,996.0,7.0,37.0,1.0,19.0,2.0,0.0,1C3CCCAB3FN5,2015.0,477.0,2053.0,13.0,6.0,Chrysler,18.0,4.0,1.0,0.0,0.0,41.0,7.0,0.0,0.0,12.0,6.0,19.0,0.0,0.0,1.0,37.0,28208.0,2.0,6.0,3.0,Valid license for this class vehicle,0.0,72.0,999.0,0.0,0.0,0.0,11.0,November,2022.0,11.0,2022.0,3.0,1.0,2.0,25.0,1.0,1.0,2.0,1.0,20.0,1.0,14.0,99.0,1.0,4.0,103.0,37.0,2.0,1.0,0.0,202305304356.0,12.0,4.0,10.0,2.0,10.0,1.0,4.0,17.0,2.0,0.0,1.0,20.0,0.0,6.0,3.0,98.0
370015,1,0,96.0,38.0,1.0,0.0,-99.0,37.0,35.0,12.0,63.0,4.0,82.0,1.0,1.0,4.0,20.0,7.0,8.0,0.0,0.0,996.0,7.0,37.0,2.0,12.0,3.0,0.0,KNADE2237965,2009.0,499.0,2299.0,13.0,63.0,KIA,32.0,4.0,1.0,0.0,0.0,10.0,0.0,0.0,0.0,9.0,6.0,12.0,0.0,0.0,1.0,37.0,28658.0,1.0,6.0,3.0,Valid license for this class vehicle,3.0,67.0,999.0,0.0,0.0,0.0,10.0,October,2020.0,10.0,2020.0,0.0,1.0,2.0,45.0,1.0,8.0,2.0,1.0,20.0,11.0,15.0,99.0,1.0,1.0,414.0,37.0,2.0,1.0,0.0,202305230607.0,12.0,5.0,9.0,0.0,1.0,1.0,4.0,34.0,2.0,0.0,1.0,20.0,0.0,63.0,2.0,0.0
370023,1,0,96.0,6.0,1.0,0.0,-99.0,37.0,57.0,12.0,12.0,14.0,68.0,2.0,1.0,3.0,3.0,0.0,8.0,0.0,0.0,996.0,0.0,37.0,2.0,12.0,1.0,0.0,MAJ6S3KL4LC3,2020.0,460.0,17774.0,7.0,12.0,Ford,403.0,14.0,1.0,0.0,0.0,55.0,0.0,0.0,0.0,12.0,6.0,12.0,0.0,0.0,1.0,37.0,27292.0,1.0,6.0,3.0,Valid license for this class vehicle,0.0,65.0,999.0,0.0,0.0,0.0,0.0,No Record,0.0,0.0,0.0,0.0,1.0,2.0,55.0,1.0,1.0,2.0,1.0,97.0,1.0,10.0,99.0,1.0,2.0,301.0,37.0,0.0,1.0,0.0,202304715782.0,12.0,4.0,1.0,1.0,1.0,1.0,14.0,32.0,1.0,0.0,1.0,20.0,0.0,12.0,2.0,98.0
370024,1,0,96.0,6.0,1.0,9995.0,-99.0,37.0,57.0,12.0,49.0,4.0,25.0,2.0,1.0,4.0,20.0,7.0,20.0,0.0,0.0,0.0,7.0,37.0,2.0,12.0,1.0,0.0,1NXBR32EX5Z5,2005.0,448.0,2208.0,13.0,49.0,Toyota,32.0,4.0,1.0,0.0,0.0,45.0,0.0,0.0,0.0,12.0,6.0,12.0,0.0,0.0,1.0,37.0,27295.0,1.0,6.0,3.0,Valid license for this class vehicle,0.0,60.0,999.0,0.0,0.0,2.0,8.0,August,2019.0,1.0,2021.0,0.0,1.0,2.0,45.0,3.0,1.0,2.0,1.0,97.0,14.0,10.0,99.0,1.0,2.0,301.0,37.0,1.0,1.0,0.0,202305154949.0,9.0,4.0,6.0,2.0,1.0,1.0,4.0,16.0,2.0,0.0,1.0,20.0,0.0,49.0,1.0,98.0
370024,2,0,96.0,0.0,1.0,0.0,-99.0,37.0,57.0,12.0,20.0,16.0,50.0,1.0,1.0,1.0,3.0,0.0,1.0,0.0,0.0,996.0,0.0,37.0,2.0,12.0,1.0,0.0,3GNFK16R6XG1,1999.0,467.0,1851.0,7.0,20.0,Chevrolet,431.0,16.0,1.0,0.0,0.0,45.0,0.0,0.0,0.0,12.0,6.0,12.0,0.0,0.0,1.0,37.0,27012.0,1.0,6.0,3.0,Valid license for this class vehicle,0.0,71.0,999.0,0.0,0.0,0.0,0.0,No Record,0.0,0.0,0.0,0.0,1.0,2.0,45.0,2.0,1.0,2.0,1.0,97.0,14.0,17.0,99.0,1.0,2.0,302.0,37.0,0.0,1.0,0.0,202304655537.0,12.0,1.0,1.0,2.0,1.0,1.0,16.0,52.0,1.0,1.0,1.0,20.0,0.0,20.0,1.0,0.0
370027,1,9,96.0,51.0,1.0,0.0,-99.0,37.0,57.0,12.0,49.0,14.0,62.0,2.0,1.0,4.0,3.0,0.0,8.0,0.0,1.0,230.0,7.0,37.0,3.0,12.0,1.0,0.0,JTEBU5JR2G53,2016.0,448.0,2216.0,7.0,49.0,Toyota,401.0,14.0,1.0,0.0,0.0,90.0,0.0,0.0,0.0,12.0,6.0,12.0,0.0,1.0,1.0,37.0,27127.0,1.0,6.0,3.0,Valid license for this class vehicle,0.0,66.0,999.0,0.0,0.0,0.0,0.0,No Record,0.0,0.0,0.0,4.0,1.0,2.0,55.0,1.0,1.0,2.0,1.0,97.0,1.0,10.0,99.0,2.0,2.0,301.0,37.0,1.0,1.0,0.0,202305307371.0,12.0,4.0,10.0,0.0,1.0,1.0,14.0,34.0,2.0,0.0,1.0,20.0,0.0,49.0,2.0,0.0
370029,2,0,96.0,51.0,1.0,9995.0,-99.0,37.0,59.0,12.0,37.0,4.0,26.0,1.0,1.0,4.0,3.0,0.0,8.0,0.0,0.0,0.0,7.0,37.0,3.0,12.0,1.0,0.0,19XFB2F52CE0,2012.0,474.0,1863.0,13.0,37.0,Honda,31.0,4.0,1.0,0.0,0.0,55.0,0.0,0.0,0.0,12.0,6.0,12.0,0.0,0.0,1.0,37.0,27292.0,1.0,6.0,3.0,Valid license for this class vehicle,0.0,72.0,999.0,0.0,0.0,0.0,10.0,October,2021.0,10.0,2022.0,0.0,1.0,2.0,55.0,1.0,1.0,2.0,1.0,0.0,1.0,10.0,99.0,1.0,2.0,301.0,37.0,1.0,1.0,0.0,202304790379.0,12.0,3.0,2.0,1.0,1.0,1.0,4.0,26.0,2.0,1.0,1.0,20.0,0.0,37.0,2.0,0.0
370034,1,9,96.0,6.0,1.0,9999.0,-99.0,37.0,71.0,38.0,23.0,34.0,43.0,1.0,1.0,4.0,3.0,0.0,20.0,0.0,1.0,995.0,7.0,37.0,1.0,38.0,1.0,0.0,1GTHK29225E1,2005.0,472.0,1857.0,60.0,23.0,GMC,481.0,34.0,1.0,0.0,0.0,70.0,7.0,0.0,0.0,12.0,6.0,42.0,0.0,1.0,1.0,37.0,28016.0,1.0,6.0,3.0,Valid license for this class vehicle,0.0,64.0,999.0,0.0,2.0,1.0,3.0,March,2021.0,12.0,2022.0,4.0,1.0,2.0,45.0,2.0,1.0,2.0,2.0,97.0,14.0,12.0,99.0,1.0,4.0,102.0,37.0,1.0,1.0,0.0,202305409162.0,11.0,3.0,10.0,0.0,10.0,1.0,34.0,21.0,1.0,0.0,1.0,20.0,0.0,23.0,1.0,0.0
370036,1,9,96.0,6.0,1.0,0.0,-99.0,37.0,75.0,17.0,49.0,14.0,26.0,2.0,1.0,0.0,20.0,7.0,8.0,0.0,1.0,995.0,0.0,37.0,1.0,17.0,3.0,0.0,5TDDKRFH6GS3,2016.0,448.0,2213.0,7.0,49.0,Toyota,403.0,14.0,1.0,0.0,0.0,40.0,7.0,0.0,0.0,12.0,6.0,3.0,0.0,1.0,1.0,37.0,28771.0,1.0,6.0,3.0,Valid license for this class vehicle,3.0,66.0,999.0,0.0,1.0,0.0,1.0,January,2019.0,1.0,2019.0,3.0,1.0,2.0,35.0,2.0,1.0,2.0,2.0,97.0,14.0,13.0,99.0,1.0,4.0,101.0,37.0,0.0,1.0,0.0,202305451339.0,12.0,3.0,11.0,0.0,1.0,1.0,14.0,31.0,2.0,0.0,1.0,20.0,0.0,49.0,2.0,99.0
370040,1,9,96.0,51.0,1.0,0.0,-99.0,37.0,81.0,12.0,3.0,14.0,27.0,1.0,1.0,1.0,3.0,0.0,8.0,0.0,1.0,997.0,0.0,37.0,2.0,12.0,2.0,0.0,5GTEN13E8881,2008.0,951.0,4599.0,7.0,3.0,AM General,402.0,14.0,1.0,0.0,0.0,65.0,0.0,3.0,1.0,12.0,6.0,12.0,0.0,1.0,1.0,37.0,27360.0,0.0,0.0,0.0,Not licensed,0.0,999.0,999.0,0.0,0.0,0.0,0.0,No Record,0.0,0.0,0.0,3.0,1.0,2.0,35.0,2.0,2.0,2.0,2.0,97.0,14.0,10.0,99.0,1.0,2.0,301.0,37.0,0.0,1.0,0.0,202304874900.0,12.0,4.0,4.0,0.0,1.0,1.0,14.0,69.0,1.0,0.0,1.0,20.0,0.0,3.0,2.0,0.0
370047,1,0,96.0,0.0,1.0,9999.0,-99.0,37.0,101.0,12.0,35.0,4.0,42.0,2.0,1.0,4.0,3.0,0.0,9.0,0.0,0.0,995.0,7.0,37.0,2.0,12.0,1.0,0.0,1N4AL21E28N4,2008.0,478.0,1904.0,13.0,35.0,Nissan/Datsun,47.0,4.0,1.0,0.0,0.0,40.0,0.0,0.0,0.0,61.0,6.0,12.0,0.0,0.0,1.0,37.0,28390.0,1.0,1.0,2.0,No valid license for this class vehicle,0.0,67.0,999.0,1.0,0.0,1.0,4.0,April,2018.0,4.0,2018.0,0.0,3.0,2.0,60.0,1.0,1.0,2.0,2.0,0.0,1.0,10.0,99.0,2.0,2.0,208.0,37.0,2.0,1.0,0.0,202304960401.0,12.0,6.0,4.0,3.0,1.0,1.0,4.0,35.0,2.0,3.0,1.0,1.0,0.0,35.0,2.0,0.0
370055,1,0,96.0,39.0,1.0,9999.0,-99.0,37.0,119.0,12.0,54.0,4.0,78.0,1.0,1.0,4.0,3.0,0.0,8.0,0.0,0.0,995.0,7.0,37.0,2.0,12.0,1.0,0.0,19UUA66206A0,2006.0,475.0,1873.0,13.0,54.0,Acura,35.0,4.0,1.0,0.0,0.0,55.0,9.0,0.0,0.0,12.0,6.0,12.0,0.0,0.0,1.0,37.0,28217.0,1.0,6.0,3.0,Valid license for this class vehicle,0.0,71.0,999.0,0.0,0.0,0.0,0.0,No Record,0.0,0.0,0.0,0.0,2.0,4.0,55.0,1.0,1.0,2.0,1.0,3.0,1.0,17.0,99.0,1.0,1.0,402.0,37.0,2.0,1.0,0.0,202305104331.0,12.0,7.0,7.0,1.0,1.0,1.0,4.0,50.0,1.0,1.0,1.0,20.0,0.0,54.0,2.0,98.0
370058,1,99,96.0,41.0,1.0,9995.0,-99.0,37.0,119.0,12.0,37.0,80.0,26.0,1.0,1.0,4.0,20.0,7.0,20.0,8.0,9.0,0.0,7.0,37.0,2.0,12.0,1.0,0.0,JH2PC37096M3,2006.0,474.0,14060.0,80.0,37.0,Honda,705.0,80.0,1.0,0.0,0.0,998.0,7.0,8.0,8.0,12.0,6.0,12.0,0.0,0.0,1.0,37.0,28226.0,1.0,3.0,2.0,No valid license for this class vehicle,0.0,73.0,999.0,0.0,2.0,3.0,1.0,January,2018.0,1.0,2021.0,3.0,1.0,5.0,45.0,1.0,1.0,2.0,2.0,0.0,6.0,17.0,99.0,1.0,1.0,404.0,37.0,1.0,1.0,0.0,202305288924.0,1.0,2.0,8.0,1.0,1.0,1.0,80.0,34.0,2.0,1.0,1.0,20.0,8.0,37.0,1.0,0.0
370060,2,0,96.0,0.0,1.0,0.0,-99.0,37.0,133.0,12.0,49.0,14.0,27.0,2.0,1.0,2.0,20.0,7.0,8.0,0.0,0.0,996.0,0.0,37.0,2.0,12.0,1.0,0.0,JTEBU5JR9G53,2016.0,448.0,2216.0,7.0,49.0,Toyota,401.0,14.0,1.0,0.0,0.0,45.0,0.0,0.0,0.0,12.0,6.0,12.0,0.0,0.0,1.0,51.0,28460.0,1.0,6.0,3.0,Valid license for this class vehicle,0.0,67.0,999.0,0.0,0.0,0.0,0.0,No Record,0.0,0.0,0.0,0.0,1.0,2.0,45.0,1.0,1.0,2.0,1.0,97.0,1.0,62.0,99.0,1.0,1.0,302.0,37.0,0.0,1.0,0.0,202304835267.0,12.0,4.0,3.0,0.0,1.0,1.0,14.0,47.0,2.0,0.0,1.0,20.0,0.0,49.0,2.0,0.0