ST_CASE,VEH_NO_x,DRIMPAIR_x,DRDISTRACT,DRIVERRF,PER_NO_x,DRUGRES,DRUGACTQTY,STATE_x,COUNTY,HARM_EV_x,MAKE_x,BODY_TYP_x,AGE,SEX,PER_TYP_x,INJ_SEV,REST_USE,REST_MIS,AIR_BAG_x,EJECTION,DRINKING,ALC_RES,HISPANIC,STATE_y,VE_FORMS,HARM_EV_y,NUMOCCS,HIT_RUN,VIN,MOD_YEAR,VPICMAKE,VPICMODEL,VPICBODYCLASS,MAKE_y,MAKENAME,MODEL,BODY_TYP_y,HAZ_INV,HAZ_PLAC,HAZ_ID,TRAV_SP,UNDEROVERRIDE,ROLLOVER,ROLINLOC,IMPACT1,DEFORMED,M_HARM,FIRE_EXP,DR_DRINK,DR_PRES,L_STATE,DR_ZIP,L_TYPE,L_STATUS,L_COMPL,L_COMPLNAME,L_RESTRI,DR_HGT,DR_WGT,PREV_DWI,PREV_SPD,PREV_OTH,FIRST_MO,FIRST_MONAME,FIRST_YR,LAST_MO,LAST_YR,SPEEDREL,VTRAFWAY,VNUM_LAN,VSPD_LIM,VALIGN,VPROFILE,VPAVETYP,VSURCOND,VTRAFCON,P_CRASH1,P_CRASH2,P_CRASH3,PCRASH4,PCRASH5,ACC_CONFIG,STATE,RACE,ORDER,MULTRACE,CASENUM,HARM_EV,DAY_WEEK,MONTH,MAXSEV_IM,WEATHR_IM,PER_NO_y,BODY_TYP,AGE_IM,SEX_IM,INJSEV_IM,PER_TYP_y,AIR_BAG_y,EJECT_IM,MAKE,VEH_NO_y,DRIMPAIR_y
370071,2,0,93.0,38.0,1.0,9999.0,-99.0,37.0,155.0,12.0,49.0,4.0,50.0,2.0,1.0,4.0,3.0,0.0,8.0,0.0,9.0,995.0,7.0,37.0,2.0,12.0,1.0,0.0,2T1BURHE3GC7,2016.0,448.0,2208.0,13.0,49.0,Toyota,32.0,4.0,1.0,0.0,0.0,15.0,0.0,0.0,0.0,62.0,6.0,12.0,0.0,0.0,1.0,37.0,28358.0,0.0,0.0,0.0,Not licensed,0.0,999.0,999.0,0.0,0.0,0.0,0.0,No Record,0.0,0.0,0.0,0.0,2.0,1.0,98.0,1.0,8.0,8.0,98.0,20.0,11.0,15.0,99.0,1.0,1.0,414.0,37.0,1.0,1.0,0.0,202304940871.0,12.0,6.0,2.0,0.0,1.0,1.0,4.0,18.0,1.0,0.0,1.0,20.0,0.0,49.0,2.0,0.0
370075,1,99,96.0,6.0,1.0,9035.0,-99.0,37.0,163.0,53.0,2.0,14.0,16.0,1.0,1.0,4.0,1.0,1.0,98.0,0.0,9.0,230.0,7.0,37.0,1.0,53.0,1.0,0.0,1J4BA3H19AL1,2010.0,483.0,1943.0,7.0,2.0,Jeep / Kaiser-Jeep / Willys- Jeep,403.0,14.0,1.0,0.0,0.0,70.0,7.0,3.0,5.0,12.0,6.0,2.0,1.0,1.0,1.0,37.0,28328.0,0.0,0.0,0.0,Not licensed,0.0,60.0,999.0,0.0,0.0,0.0,0.0,No Record,0.0,0.0,0.0,3.0,1.0,2.0,55.0,1.0,1.0,2.0,1.0,0.0,1.0,13.0,99.0,1.0,4.0,101.0,37.0,2.0,1.0,0.0,202304998420.0,12.0,2.0,4.0,2.0,1.0,1.0,14.0,16.0,2.0,2.0,1.0,20.0,0.0,2.0,1.0,0.0
370077,1,0,0.0,89.0,1.0,9995.0,-99.0,37.0,163.0,32.0,72.0,80.0,52.0,2.0,1.0,4.0,20.0,7.0,20.0,8.0,0.0,0.0,7.0,37.0,1.0,32.0,1.0,0.0,1HD1KRC14JB6,2018.0,3888.0,12629.0,81.0,72.0,Harley-Davidson,706.0,80.0,1.0,0.0,0.0,55.0,7.0,8.0,8.0,12.0,6.0,32.0,0.0,0.0,1.0,37.0,28532.0,1.0,6.0,3.0,Valid license for this class vehicle,3.0,66.0,999.0,0.0,0.0,0.0,0.0,No Record,0.0,0.0,0.0,0.0,1.0,2.0,55.0,1.0,1.0,2.0,1.0,0.0,1.0,62.0,7.0,9.0,4.0,101.0,37.0,2.0,1.0,0.0,202304800947.0,12.0,1.0,3.0,3.0,1.0,1.0,80.0,53.0,1.0,3.0,1.0,20.0,8.0,72.0,2.0,0.0
370078,1,9,96.0,57.0,1.0,9999.0,-99.0,37.0,165.0,34.0,37.0,4.0,67.0,1.0,1.0,4.0,20.0,7.0,8.0,0.0,1.0,995.0,7.0,37.0,1.0,34.0,1.0,0.0,1HGCP26438A1,2008.0,474.0,1861.0,13.0,37.0,Honda,32.0,4.0,1.0,0.0,0.0,110.0,7.0,3.0,5.0,14.0,6.0,1.0,0.0,1.0,1.0,37.0,28364.0,1.0,6.0,3.0,Valid license for this class vehicle,0.0,71.0,999.0,0.0,0.0,1.0,9.0,September,2019.0,10.0,2021.0,0.0,1.0,2.0,55.0,1.0,1.0,2.0,1.0,97.0,1.0,13.0,99.0,1.0,4.0,101.0,37.0,1.0,1.0,0.0,202305321407.0,24.0,5.0,9.0,0.0,1.0,1.0,4.0,32.0,1.0,0.0,1.0,20.0,0.0,37.0,1.0,0.0
370084,2,0,96.0,6.0,1.0,9995.0,-99.0,37.0,183.0,12.0,49.0,4.0,22.0,1.0,1.0,2.0,3.0,0.0,8.0,0.0,9.0,995.0,0.0,37.0,2.0,12.0,2.0,0.0,4T1KZ1AKXLU0,2020.0,448.0,2469.0,13.0,49.0,Toyota,40.0,4.0,1.0,0.0,0.0,100.0,1.0,3.0,2.0,12.0,6.0,12.0,0.0,0.0,1.0,37.0,27534.0,1.0,6.0,3.0,Valid license for this class vehicle,0.0,66.0,999.0,0.0,1.0,2.0,5.0,May,2018.0,11.0,2022.0,3.0,3.0,4.0,60.0,1.0,1.0,2.0,1.0,0.0,1.0,51.0,99.0,1.0,4.0,202.0,37.0,0.0,1.0,0.0,202305326635.0,12.0,6.0,9.0,4.0,1.0,1.0,4.0,22.0,2.0,3.0,1.0,8.0,0.0,49.0,1.0,8.0
370095,2,0,96.0,0.0,1.0,9995.0,-99.0,37.0,25.0,12.0,7.0,34.0,50.0,1.0,1.0,3.0,3.0,0.0,8.0,0.0,0.0,995.0,0.0,37.0,2.0,12.0,1.0,0.0,1C6SRFLTXMN5,2021.0,496.0,13620.0,60.0,7.0,Dodge,482.0,34.0,1.0,0.0,0.0,55.0,0.0,0.0,0.0,12.0,6.0,12.0,0.0,0.0,1.0,37.0,28138.0,1.0,6.0,3.0,Valid license for this class vehicle,0.0,73.0,999.0,0.0,1.0,0.0,5.0,May,2020.0,5.0,2020.0,0.0,2.0,2.0,55.0,1.0,2.0,2.0,1.0,0.0,1.0,54.0,99.0,1.0,1.0,302.0,37.0,0.0,1.0,0.0,202305124787.0,54.0,7.0,7.0,0.0,10.0,1.0,34.0,27.0,1.0,0.0,1.0,20.0,0.0,7.0,3.0,0.0
370105,2,99,96.0,0.0,1.0,9999.0,-99.0,37.0,33.0,12.0,49.0,14.0,50.0,2.0,1.0,4.0,3.0,0.0,8.0,0.0,9.0,995.0,7.0,37.0,2.0,12.0,1.0,0.0,JTEBU5JR4B50,2011.0,448.0,2216.0,7.0,49.0,Toyota,401.0,14.0,1.0,0.0,0.0,50.0,0.0,0.0,0.0,12.0,6.0,12.0,0.0,0.0,1.0,37.0,27326.0,1.0,6.0,3.0,Valid license for this class vehicle,3.0,62.0,999.0,0.0,0.0,0.0,0.0,No Record,0.0,0.0,0.0,0.0,1.0,2.0,45.0,2.0,3.0,2.0,1.0,0.0,14.0,62.0,99.0,1.0,1.0,302.0,37.0,1.0,1.0,0.0,202305104901.0,11.0,2.0,7.0,2.0,1.0,1.0,14.0,58.0,1.0,0.0,1.0,9.0,0.0,49.0,1.0,98.0
370113,2,0,96.0,39.0,1.0,9995.0,-99.0,37.0,63.0,12.0,35.0,2.0,29.0,2.0,1.0,0.0,3.0,0.0,20.0,0.0,0.0,995.0,0.0,37.0,2.0,12.0,1.0,0.0,1N4AL2EP9AC1,2010.0,478.0,1904.0,3.0,35.0,Nissan/Datsun,47.0,2.0,1.0,0.0,0.0,25.0,7.0,0.0,0.0,81.0,6.0,12.0,0.0,0.0,1.0,37.0,27703.0,1.0,3.0,2.0,No valid license for this class vehicle,3.0,60.0,999.0,0.0,1.0,6.0,2.0,February,2019.0,10.0,2022.0,0.0,1.0,4.0,55.0,1.0,1.0,2.0,1.0,3.0,1.0,17.0,99.0,1.0,1.0,502.0,37.0,0.0,1.0,0.0,202305167738.0,12.0,5.0,7.0,3.0,1.0,1.0,2.0,18.0,1.0,0.0,1.0,8.0,0.0,35.0,1.0,0.0
370117,2,0,96.0,6.0,1.0,9999.0,-99.0,37.0,71.0,12.0,73.0,80.0,23.0,1.0,1.0,4.0,20.0,7.0,20.0,8.0,9.0,995.0,6.0,37.0,2.0,12.0,1.0,0.0,JKBZXVM15PA0,2023.0,510.0,3197.0,80.0,73.0,Kawasaki,706.0,80.0,1.0,0.0,0.0,100.0,7.0,8.0,8.0,12.0,6.0,12.0,0.0,0.0,1.0,37.0,28056.0,1.0,6.0,3.0,Valid license for this class vehicle,0.0,71.0,999.0,0.0,0.0,1.0,2.0,February,2019.0,9.0,2022.0,3.0,1.0,5.0,35.0,1.0,1.0,2.0,1.0,3.0,1.0,62.0,99.0,1.0,1.0,402.0,37.0,98.0,1.0,0.0,202305327061.0,31.0,7.0,8.0,3.0,1.0,1.0,80.0,33.0,1.0,3.0,1.0,20.0,8.0,73.0,1.0,98.0
370121,1,0,96.0,0.0,1.0,9995.0,-99.0,37.0,81.0,12.0,82.0,66.0,22.0,1.0,1.0,0.0,3.0,0.0,20.0,0.0,9.0,995.0,0.0,37.0,2.0,12.0,2.0,0.0,3AKJHHDR2LSL,2020.0,450.0,2501.0,66.0,82.0,Freightliner,881.0,66.0,1.0,0.0,0.0,5.0,0.0,0.0,0.0,81.0,6.0,12.0,0.0,0.0,1.0,21.0,40855.0,1.0,6.0,3.0,Valid license for this class vehicle,3.0,68.0,999.0,0.0,0.0,0.0,0.0,No Record,0.0,0.0,0.0,0.0,5.0,5.0,45.0,1.0,1.0,2.0,2.0,0.0,12.0,21.0,99.0,1.0,2.0,998.0,37.0,0.0,1.0,0.0,202304872158.0,14.0,6.0,4.0,0.0,2.0,1.0,66.0,26.0,2.0,0.0,1.0,20.0,0.0,82.0,1.0,0.0
370122,1,9,96.0,0.0,1.0,9995.0,-99.0,37.0,81.0,12.0,12.0,4.0,27.0,1.0,1.0,4.0,20.0,7.0,9.0,0.0,1.0,995.0,7.0,37.0,3.0,12.0,1.0,0.0,3FADP4BJ8DM1,2013.0,460.0,3267.0,13.0,12.0,Ford,32.0,4.0,1.0,0.0,0.0,40.0,0.0,0.0,0.0,61.0,6.0,12.0,0.0,1.0,1.0,37.0,27405.0,0.0,0.0,0.0,Not licensed,0.0,73.0,999.0,0.0,0.0,0.0,0.0,No Record,0.0,0.0,0.0,3.0,1.0,2.0,35.0,1.0,3.0,1.0,1.0,0.0,1.0,10.0,99.0,1.0,2.0,301.0,37.0,2.0,1.0,0.0,202305071429.0,12.0,1.0,6.0,1.0,1.0,1.0,4.0,52.0,1.0,1.0,1.0,20.0,0.0,12.0,2.0,0.0
370122,3,0,96.0,0.0,1.0,9995.0,-99.0,37.0,81.0,12.0,7.0,20.0,40.0,1.0,1.0,1.0,3.0,0.0,8.0,0.0,0.0,995.0,0.0,37.0,3.0,12.0,2.0,0.0,2C4RDGBG8FR6,2015.0,476.0,14832.0,2.0,7.0,Dodge,442.0,20.0,1.0,0.0,0.0,38.0,0.0,0.0,0.0,12.0,6.0,12.0,0.0,0.0,1.0,37.0,27406.0,1.0,6.0,3.0,Valid license for this class vehicle,0.0,67.0,999.0,0.0,2.0,3.0,12.0,December,2019.0,12.0,2022.0,0.0,1.0,2.0,35.0,1.0,3.0,1.0,1.0,0.0,1.0,62.0,99.0,1.0,1.0,998.0,37.0,0.0,1.0,0.0,202305426503.0,12.0,6.0,9.0,1.0,1.0,1.0,20.0,79.0,1.0,0.0,1.0,8.0,0.0,7.0,1.0,0.0
370123,1,0,96.0,38.0,1.0,9995.0,-99.0,37.0,81.0,12.0,37.0,15.0,71.0,1.0,1.0,0.0,3.0,0.0,8.0,0.0,0.0,995.0,0.0,37.0,2.0,12.0,2.0,0.0,5FNYF6H99KB0,2019.0,474.0,1864.0,7.0,37.0,Honda,421.0,15.0,1.0,0.0,0.0,15.0,0.0,0.0,0.0,61.0,6.0,12.0,0.0,0.0,1.0,37.0,27406.0,1.0,6.0,3.0,Valid license for this class vehicle,3.0,65.0,999.0,0.0,0.0,0.0,0.0,No Record,0.0,0.0,0.0,0.0,1.0,2.0,45.0,1.0,1.0,2.0,2.0,20.0,11.0,15.0,99.0,1.0,1.0,414.0,37.0,0.0,1.0,0.0,202305510477.0,12.0,6.0,12.0,3.0,10.0,1.0,15.0,74.0,1.0,3.0,1.0,9.0,0.0,37.0,2.0,0.0
370131,1,0,96.0,34.0,1.0,9999.0,-99.0,37.0,101.0,25.0,72.0,80.0,43.0,1.0,1.0,4.0,20.0,7.0,20.0,8.0,0.0,995.0,7.0,37.0,1.0,25.0,1.0,0.0,1HD4CN2128K4,2008.0,3888.0,11161.0,94.0,72.0,Harley-Davidson,706.0,80.0,1.0,0.0,0.0,45.0,7.0,8.0,8.0,12.0,6.0,25.0,0.0,0.0,1.0,37.0,27592.0,1.0,6.0,3.0,Valid license for this class vehicle,3.0,73.0,999.0,0.0,0.0,1.0,5.0,May,2019.0,5.0,2019.0,0.0,3.0,2.0,45.0,1.0,1.0,2.0,1.0,0.0,6.0,12.0,99.0,1.0,4.0,102.0,37.0,1.0,1.0,0.0,202304791602.0,25.0,4.0,2.0,4.0,1.0,1.0,80.0,43.0,1.0,4.0,1.0,20.0,8.0,72.0,1.0,0.0
370134,2,0,96.0,0.0,1.0,9995.0,-99.0,37.0,119.0,12.0,35.0,14.0,35.0,1.0,1.0,2.0,3.0,0.0,8.0,0.0,0.0,995.0,0.0,37.0,2.0,12.0,2.0,0.0,5N1AR2MM6FC6,2015.0,478.0,1911.0,8.0,35.0,Nissan/Datsun,401.0,14.0,1.0,0.0,0.0,998.0,0.0,0.0,0.0,12.0,6.0,12.0,0.0,0.0,1.0,37.0,28075.0,1.0,6.0,3.0,Valid license for this class vehicle,0.0,72.0,999.0,0.0,1.0,2.0,2.0,February,2020.0,2.0,2022.0,0.0,1.0,3.0,45.0,1.0,1.0,2.0,1.0,0.0,1.0,62.0,99.0,1.0,1.0,302.0,37.0,0.0,1.0,0.0,202305126020.0,12.0,5.0,3.0,1.0,1.0,1.0,14.0,28.0,1.0,0.0,1.0,9.0,0.0,35.0,1.0,0.0
370140,1,9,96.0,6.0,1.0,9995.0,-99.0,37.0,183.0,42.0,7.0,34.0,63.0,1.0,1.0,4.0,3.0,0.0,9.0,0.0,1.0,220.0,7.0,37.0,1.0,42.0,1.0,0.0,1D7HA16D63J6,2003.0,476.0,1938.0,60.0,7.0,Dodge,482.0,34.0,1.0,0.0,0.0,85.0,7.0,0.0,0.0,61.0,6.0,42.0,0.0,1.0,1.0,37.0,27591.0,1.0,6.0,3.0,Valid license for this class vehicle,0.0,69.0,999.0,0.0,1.0,0.0,11.0,November,2020.0,11.0,2020.0,3.0,1.0,2.0,45.0,2.0,1.0,2.0,1.0,0.0,14.0,12.0,99.0,1.0,4.0,102.0,37.0,1.0,1.0,0.0,202304820840.0,42.0,6.0,1.0,4.0,1.0,1.0,34.0,63.0,1.0,4.0,1.0,9.0,2.0,7.0,1.0,9.0
370142,1,0,96.0,6.0,1.0,9995.0,-99.0,37.0,123.0,12.0,42.0,15.0,32.0,1.0,1.0,3.0,20.0,7.0,8.0,0.0,0.0,995.0,0.0,37.0,2.0,12.0,3.0,0.0,4JGFD6BB7MA5,2021.0,449.0,5886.0,7.0,42.0,Mercedes-Benz,423.0,15.0,1.0,0.0,0.0,70.0,0.0,3.0,5.0,12.0,6.0,1.0,0.0,0.0,1.0,36.0,10550.0,1.0,6.0,3.0,Valid license for this class vehicle,0.0,68.0,999.0,0.0,0.0,0.0,0.0,No Record,0.0,0.0,0.0,3.0,1.0,2.0,55.0,1.0,2.0,2.0,1.0,0.0,1.0,12.0,99.0,1.0,4.0,301.0,37.0,0.0,1.0,0.0,202305024818.0,12.0,6.0,4.0,0.0,1.0,1.0,15.0,54.0,2.0,0.0,1.0,20.0,0.0,42.0,2.0,0.0
370151,1,99,96.0,6.0,1.0,9995.0,-99.0,37.0,147.0,34.0,54.0,4.0,27.0,1.0,1.0,4.0,3.0,0.0,8.0,0.0,9.0,0.0,7.0,37.0,1.0,34.0,1.0,0.0,19UUA66245A0,2005.0,475.0,1873.0,13.0,54.0,Acura,35.0,4.0,1.0,0.0,0.0,80.0,7.0,3.0,5.0,12.0,6.0,42.0,0.0,0.0,1.0,37.0,27889.0,1.0,6.0,3.0,Valid license for this class vehicle,0.0,72.0,999.0,0.0,0.0,0.0,12.0,December,2022.0,12.0,2022.0,3.0,1.0,2.0,55.0,1.0,1.0,2.0,2.0,0.0,1.0,13.0,99.0,1.0,4.0,101.0,37.0,1.0,1.0,0.0,202305214455.0,12.0,5.0,8.0,1.0,1.0,1.0,4.0,24.0,1.0,0.0,1.0,20.0,0.0,54.0,1.0,98.0
370157,3,0,96.0,0.0,1.0,9995.0,-99.0,37.0,155.0,12.0,37.0,2.0,22.0,1.0,1.0,0.0,2.0,1.0,20.0,0.0,0.0,995.0,0.0,37.0,3.0,12.0,2.0,0.0,2HGFG3B59FH5,2015.0,474.0,1863.0,3.0,37.0,Honda,31.0,2.0,1.0,0.0,0.0,35.0,0.0,0.0,0.0,12.0,6.0,12.0,0.0,0.0,1.0,37.0,28360.0,0.0,0.0,0.0,Not licensed,0.0,999.0,999.0,0.0,0.0,0.0,0.0,No Record,0.0,0.0,0.0,0.0,5.0,5.0,35.0,1.0,1.0,2.0,1.0,0.0,1.0,51.0,99.0,1.0,1.0,998.0,37.0,0.0,1.0,0.0,202305461198.0,12.0,3.0,11.0,0.0,1.0,1.0,2.0,17.0,2.0,0.0,1.0,8.0,0.0,37.0,1.0,0.0
370158,1,0,96.0,0.0,1.0,9995.0,-99.0,37.0,155.0,12.0,82.0,66.0,47.0,1.0,1.0,1.0,3.0,0.0,20.0,0.0,0.0,995.0,0.0,37.0,2.0,12.0,2.0,0.0,3AKJHHDR8NSN,2022.0,450.0,2501.0,66.0,82.0,Freightliner,881.0,66.0,1.0,0.0,0.0,0.0,2.0,0.0,0.0,6.0,2.0,12.0,0.0,0.0,1.0,36.0,11209.0,1.0,6.0,3.0,Valid license for this class vehicle,0.0,71.0,999.0,0.0,0.0,0.0,0.0,No Record,0.0,0.0,0.0,0.0,3.0,2.0,65.0,1.0,1.0,2.0,1.0,0.0,5.0,53.0,1.0,1.0,1.0,201.0,37.0,0.0,1.0,0.0,202304982046.0,12.0,2.0,5.0,0.0,1.0,1.0,66.0,26.0,1.0,0.0,1.0,20.0,0.0,82.0,2.0,98.0
370168,1,0,96.0,39.0,1.0,9995.0,-99.0,37.0,183.0,12.0,37.0,4.0,18.0,1.0,1.0,1.0,20.0,7.0,9.0,0.0,0.0,995.0,0.0,37.0,2.0,12.0,2.0,0.0,1HGCM66557A0,2007.0,474.0,1861.0,13.0,37.0,Honda,32.0,4.0,1.0,0.0,0.0,55.0,0.0,0.0,0.0,12.0,6.0,12.0,0.0,0.0,1.0,37.0,27610.0,0.0,0.0,0.0,Not licensed,0.0,70.0,999.0,0.0,0.0,0.0,0.0,No Record,0.0,0.0,0.0,0.0,1.0,6.0,45.0,1.0,1.0,2.0,1.0,3.0,1.0,62.0,99.0,1.0,1.0,402.0,37.0,0.0,1.0,0.0,202305534628.0,12.0,4.0,12.0,1.0,1.0,1.0,4.0,19.0,2.0,1.0,1.0,20.0,0.0,37.0,2.0,98.0
370171,2,9,96.0,0.0,1.0,9999.0,-99.0,37.0,135.0,12.0,35.0,4.0,49.0,1.0,1.0,4.0,20.0,7.0,8.0,0.0,1.0,995.0,7.0,37.0,2.0,12.0,1.0,0.0,3N1CN7AP4FL8,2015.0,478.0,1894.0,13.0,35.0,Nissan/Datsun,50.0,4.0,1.0,0.0,0.0,80.0,0.0,0.0,0.0,12.0,6.0,12.0,0.0,1.0,1.0,37.0,27302.0,1.0,3.0,2.0,No valid license for this class vehicle,0.0,72.0,999.0,0.0,0.0,2.0,10.0,October,2021.0,12.0,2022.0,3.0,1.0,2.0,55.0,1.0,1.0,2.0,1.0,0.0,1.0,10.0,99.0,1.0,2.0,302.0,37.0,1.0,1.0,0.0,202304951785.0,8.0,4.0,4.0,2.0,1.0,1.0,4.0,18.0,2.0,0.0,1.0,20.0,0.0,35.0,1.0,98.0
370182,3,99,96.0,0.0,1.0,0.0,-99.0,37.0,97.0,12.0,20.0,34.0,50.0,1.0,1.0,4.0,3.0,0.0,8.0,0.0,0.0,0.0,7.0,37.0,3.0,12.0,1.0,0.0,1GC1KWE89GF2,2016.0,467.0,1850.0,60.0,20.0,Chevrolet,481.0,34.0,1.0,0.0,0.0,65.0,1.0,0.0,0.0,12.0,6.0,12.0,0.0,0.0,1.0,37.0,28164.0,1.0,6.0,3.0,Valid license for this class vehicle,0.0,74.0,999.0,0.0,0.0,0.0,0.0,No Record,0.0,0.0,0.0,0.0,3.0,5.0,65.0,1.0,2.0,2.0,1.0,0.0,1.0,51.0,99.0,1.0,1.0,202.0,37.0,1.0,1.0,0.0,202305206141.0,2.0,7.0,7.0,0.0,1.0,1.0,34.0,19.0,1.0,0.0,1.0,20.0,0.0,20.0,1.0,0.0
370186,1,99,96.0,58.0,1.0,9995.0,-99.0,37.0,49.0,32.0,35.0,4.0,35.0,2.0,1.0,4.0,20.0,7.0,20.0,0.0,9.0,0.0,7.0,37.0,1.0,32.0,1.0,0.0,3N1CB51D15L5,2005.0,478.0,1907.0,13.0,35.0,Nissan/Datsun,43.0,4.0,1.0,0.0,0.0,40.0,7.0,3.0,5.0,12.0,6.0,1.0,0.0,0.0,1.0,37.0,28560.0,1.0,6.0,3.0,Valid license for this class vehicle,0.0,61.0,999.0,0.0,1.0,0.0,6.0,June,2019.0,11.0,2022.0,3.0,1.0,2.0,35.0,3.0,1.0,2.0,2.0,0.0,14.0,12.0,99.0,1.0,4.0,102.0,37.0,1.0,1.0,0.0,202304953603.0,12.0,6.0,5.0,1.0,10.0,1.0,4.0,47.0,1.0,0.0,1.0,20.0,0.0,35.0,1.0,0.0
370187,2,99,96.0,0.0,1.0,9995.0,-99.0,37.0,51.0,12.0,13.0,6.0,43.0,1.0,1.0,4.0,20.0,7.0,8.0,1.0,9.0,0.0,7.0,37.0,3.0,12.0,3.0,0.0,2LMDJ6JK3BBJ,2011.0,464.0,1813.0,7.0,13.0,Lincoln,14.0,6.0,1.0,0.0,0.0,60.0,0.0,3.0,5.0,11.0,6.0,12.0,0.0,0.0,1.0,37.0,28306.0,1.0,6.0,3.0,Valid license for this class vehicle,0.0,68.0,999.0,0.0,0.0,0.0,10.0,October,2019.0,10.0,2019.0,3.0,2.0,2.0,55.0,1.0,1.0,2.0,2.0,4.0,1.0,66.0,99.0,1.0,1.0,504.0,37.0,1.0,1.0,0.0,202304917318.0,12.0,6.0,2.0,0.0,1.0,1.0,6.0,46.0,2.0,0.0,1.0,20.0,0.0,13.0,2.0,0.0
370188,1,99,0.0,38.0,1.0,9999.0,-99.0,37.0,51.0,12.0,55.0,4.0,77.0,2.0,1.0,4.0,3.0,0.0,8.0,0.0,9.0,995.0,7.0,37.0,2.0,12.0,1.0,0.0,KMHDU46D67U1,2007.0,498.0,2735.0,13.0,55.0,Hyundai,35.0,4.0,1.0,0.0,0.0,55.0,0.0,0.0,0.0,61.0,6.0,12.0,0.0,0.0,1.0,37.0,28356.0,1.0,6.0,3.0,Valid license for this class vehicle,0.0,64.0,999.0,0.0,0.0,0.0,0.0,No Record,0.0,0.0,0.0,0.0,7.0,1.0,15.0,1.0,1.0,2.0,1.0,97.0,11.0,15.0,99.0,1.0,1.0,414.0,37.0,1.0,1.0,0.0,202304748525.0,12.0,1.0,1.0,3.0,1.0,1.0,4.0,32.0,1.0,3.0,1.0,9.0,0.0,55.0,2.0,0.0
370196,1,9,96.0,58.0,1.0,9995.0,-99.0,37.0,195.0,34.0,7.0,4.0,33.0,1.0,1.0,4.0,20.0,7.0,20.0,1.0,1.0,995.0,7.0,37.0,1.0,34.0,1.0,0.0,2B3CL5CT0BH5,2011.0,476.0,1895.0,13.0,7.0,Dodge,24.0,4.0,1.0,0.0,0.0,130.0,7.0,3.0,5.0,12.0,6.0,1.0,0.0,1.0,1.0,37.0,27896.0,1.0,6.0,3.0,Valid license for this class vehicle,0.0,73.0,999.0,0.0,0.0,0.0,0.0,No Record,0.0,0.0,0.0,3.0,2.0,4.0,55.0,1.0,1.0,2.0,1.0,0.0,1.0,6.0,6.0,7.0,4.0,101.0,37.0,2.0,1.0,0.0,202304840219.0,12.0,5.0,3.0,2.0,1.0,1.0,4.0,20.0,1.0,0.0,1.0,20.0,0.0,7.0,3.0,0.0
370198,1,10,96.0,0.0,1.0,9995.0,-99.0,37.0,21.0,12.0,49.0,34.0,37.0,2.0,1.0,1.0,3.0,0.0,8.0,0.0,0.0,995.0,0.0,37.0,5.0,12.0,1.0,0.0,3TMCZ5AN0LM3,2020.0,448.0,2223.0,60.0,49.0,Toyota,472.0,34.0,1.0,0.0,0.0,45.0,0.0,0.0,0.0,81.0,6.0,12.0,0.0,0.0,1.0,37.0,28803.0,1.0,6.0,3.0,Valid license for this class vehicle,3.0,65.0,999.0,0.0,1.0,0.0,1.0,January,2019.0,1.0,2019.0,0.0,1.0,4.0,45.0,1.0,2.0,2.0,1.0,0.0,1.0,10.0,99.0,1.0,2.0,301.0,37.0,0.0,1.0,0.0,202304927186.0,14.0,6.0,4.0,0.0,10.0,1.0,34.0,64.0,1.0,0.0,1.0,20.0,0.0,49.0,1.0,9.0
370198,2,0,96.0,0.0,1.0,9995.0,-99.0,37.0,21.0,12.0,37.0,4.0,30.0,1.0,1.0,0.0,3.0,0.0,20.0,0.0,0.0,995.0,0.0,37.0,5.0,12.0,2.0,0.0,1HGCP3F84AA0,2010.0,474.0,1861.0,13.0,37.0,Honda,32.0,4.0,1.0,0.0,0.0,45.0,0.0,0.0,0.0,81.0,2.0,12.0,0.0,0.0,1.0,37.0,28212.0,1.0,6.0,3.0,Valid license for this class vehicle,3.0,73.0,999.0,0.0,1.0,6.0,3.0,March,2019.0,12.0,2022.0,0.0,1.0,4.0,45.0,1.0,2.0,2.0,1.0,0.0,1.0,62.0,99.0,1.0,1.0,302.0,37.0,0.0,1.0,0.0,202304988520.0,12.0,6.0,5.0,1.0,1.0,1.0,4.0,18.0,1.0,0.0,1.0,20.0,0.0,37.0,1.0,0.0
370207,1,99,96.0,6.0,1.0,9995.0,-99.0,37.0,45.0,42.0,12.0,34.0,53.0,1.0,1.0,4.0,20.0,7.0,20.0,0.0,9.0,0.0,7.0,37.0,1.0,42.0,1.0,0.0,1FTRF12246NA,2006.0,460.0,1801.0,60.0,12.0,Ford,481.0,34.0,1.0,0.0,0.0,85.0,7.0,0.0,0.0,12.0,6.0,42.0,0.0,0.0,1.0,37.0,28150.0,1.0,6.0,3.0,Valid license for this class vehicle,0.0,69.0,999.0,0.0,0.0,0.0,0.0,No Record,0.0,0.0,0.0,3.0,1.0,2.0,55.0,3.0,1.0,2.0,2.0,0.0,14.0,13.0,99.0,1.0,4.0,101.0,37.0,1.0,1.0,0.0,202304959459.0,12.0,5.0,3.0,0.0,1.0,1.0,34.0,78.0,1.0,0.0,1.0,20.0,0.0,12.0,1.0,0.0