ST_CASE,VEH_NO_x,DRIMPAIR_x,DRDISTRACT,DRIVERRF,PER_NO_x,DRUGRES,DRUGACTQTY,STATE_x,COUNTY,HARM_EV_x,MAKE_x,BODY_TYP_x,AGE,SEX,PER_TYP_x,INJ_SEV,REST_USE,REST_MIS,AIR_BAG_x,EJECTION,DRINKING,ALC_RES,HISPANIC,STATE_y,VE_FORMS,HARM_EV_y,NUMOCCS,HIT_RUN,VIN,MOD_YEAR,VPICMAKE,VPICMODEL,VPICBODYCLASS,MAKE_y,MAKENAME,MODEL,BODY_TYP_y,HAZ_INV,HAZ_PLAC,HAZ_ID,TRAV_SP,UNDEROVERRIDE,ROLLOVER,ROLINLOC,IMPACT1,DEFORMED,M_HARM,FIRE_EXP,DR_DRINK,DR_PRES,L_STATE,DR_ZIP,L_TYPE,L_STATUS,L_COMPL,L_COMPLNAME,L_RESTRI,DR_HGT,DR_WGT,PREV_DWI,PREV_SPD,PREV_OTH,FIRST_MO,FIRST_MONAME,FIRST_YR,LAST_MO,LAST_YR,SPEEDREL,VTRAFWAY,VNUM_LAN,VSPD_LIM,VALIGN,VPROFILE,VPAVETYP,VSURCOND,VTRAFCON,P_CRASH1,P_CRASH2,P_CRASH3,PCRASH4,PCRASH5,ACC_CONFIG,STATE,RACE,ORDER,MULTRACE,CASENUM,HARM_EV,DAY_WEEK,MONTH,MAXSEV_IM,WEATHR_IM,PER_NO_y,BODY_TYP,AGE_IM,SEX_IM,INJSEV_IM,PER_TYP_y,AIR_BAG_y,EJECT_IM,MAKE,VEH_NO_y,DRIMPAIR_y
370209,1,0,96.0,0.0,1.0,0.0,-99.0,37.0,47.0,12.0,35.0,4.0,45.0,2.0,1.0,4.0,3.0,0.0,20.0,0.0,0.0,0.0,7.0,37.0,2.0,12.0,1.0,0.0,1N4AL11D66C1,2006.0,478.0,1904.0,13.0,35.0,Nissan/Datsun,47.0,4.0,1.0,0.0,0.0,55.0,0.0,3.0,5.0,61.0,6.0,3.0,0.0,0.0,1.0,37.0,28432.0,1.0,6.0,3.0,Valid license for this class vehicle,0.0,65.0,999.0,0.0,1.0,0.0,11.0,November,2020.0,12.0,2022.0,0.0,1.0,2.0,55.0,1.0,1.0,2.0,1.0,0.0,1.0,10.0,99.0,1.0,2.0,301.0,37.0,1.0,1.0,0.0,202305208433.0,12.0,6.0,8.0,0.0,1.0,1.0,4.0,40.0,1.0,0.0,1.0,8.0,0.0,35.0,1.0,0.0
370209,2,0,96.0,0.0,1.0,9995.0,-99.0,37.0,47.0,12.0,12.0,4.0,33.0,1.0,1.0,0.0,3.0,0.0,8.0,0.0,0.0,995.0,0.0,37.0,2.0,12.0,1.0,0.0,1FAHP2E8XGG1,2016.0,460.0,1782.0,13.0,12.0,Ford,17.0,4.0,1.0,0.0,0.0,55.0,0.0,0.0,0.0,61.0,6.0,34.0,0.0,0.0,1.0,37.0,28472.0,1.0,6.0,3.0,Valid license for this class vehicle,3.0,69.0,999.0,0.0,0.0,0.0,0.0,No Record,0.0,0.0,0.0,0.0,1.0,2.0,55.0,1.0,1.0,2.0,1.0,0.0,1.0,62.0,99.0,1.0,1.0,302.0,37.0,0.0,1.0,0.0,202305075893.0,12.0,5.0,6.0,0.0,1.0,1.0,4.0,38.0,1.0,0.0,1.0,8.0,0.0,12.0,1.0,0.0
370215,2,0,96.0,0.0,1.0,9995.0,-99.0,37.0,63.0,12.0,49.0,34.0,24.0,1.0,1.0,2.0,3.0,0.0,9.0,0.0,0.0,995.0,0.0,37.0,2.0,12.0,2.0,0.0,3TMJU62N17M0,2007.0,448.0,2223.0,60.0,49.0,Toyota,472.0,34.0,1.0,0.0,0.0,45.0,0.0,0.0,0.0,12.0,6.0,12.0,0.0,0.0,1.0,37.0,27704.0,1.0,6.0,3.0,Valid license for this class vehicle,0.0,63.0,999.0,0.0,1.0,1.0,6.0,June,2020.0,8.0,2022.0,0.0,1.0,2.0,45.0,1.0,1.0,2.0,1.0,0.0,1.0,62.0,99.0,1.0,1.0,302.0,37.0,0.0,1.0,0.0,202304725527.0,12.0,5.0,1.0,0.0,1.0,1.0,34.0,52.0,1.0,0.0,1.0,20.0,0.0,49.0,2.0,0.0
370217,1,9,96.0,50.0,1.0,0.0,-99.0,37.0,67.0,12.0,63.0,4.0,31.0,2.0,1.0,4.0,3.0,0.0,8.0,0.0,1.0,0.0,7.0,37.0,3.0,12.0,1.0,0.0,3KPFK4A75HE1,2017.0,499.0,2462.0,13.0,63.0,KIA,38.0,4.0,1.0,0.0,0.0,65.0,0.0,0.0,0.0,12.0,6.0,12.0,0.0,1.0,1.0,37.0,27101.0,1.0,6.0,3.0,Valid license for this class vehicle,0.0,62.0,999.0,0.0,1.0,2.0,8.0,August,2019.0,6.0,2022.0,0.0,3.0,3.0,65.0,1.0,1.0,2.0,1.0,0.0,1.0,54.0,99.0,1.0,1.0,301.0,37.0,2.0,1.0,0.0,202304905320.0,12.0,6.0,3.0,3.0,10.0,1.0,4.0,21.0,2.0,0.0,1.0,20.0,0.0,63.0,1.0,0.0
370220,2,0,96.0,0.0,1.0,9995.0,-99.0,37.0,21.0,12.0,20.0,4.0,38.0,2.0,1.0,4.0,20.0,7.0,9.0,0.0,0.0,995.0,6.0,37.0,2.0,12.0,1.0,0.0,1G1ZC5E04CF1,2012.0,467.0,1834.0,13.0,20.0,Chevrolet,37.0,4.0,1.0,0.0,0.0,25.0,0.0,0.0,0.0,61.0,6.0,12.0,0.0,0.0,1.0,37.0,28787.0,0.0,0.0,0.0,Not licensed,0.0,999.0,999.0,0.0,0.0,0.0,0.0,No Record,0.0,0.0,0.0,0.0,2.0,5.0,55.0,1.0,1.0,2.0,1.0,3.0,1.0,66.0,99.0,1.0,1.0,504.0,37.0,98.0,1.0,0.0,202305078260.0,12.0,2.0,6.0,1.0,1.0,1.0,4.0,18.0,2.0,0.0,1.0,20.0,0.0,20.0,2.0,0.0
370221,2,96,96.0,6.0,1.0,9995.0,-99.0,37.0,21.0,12.0,76.0,80.0,34.0,1.0,1.0,4.0,20.0,7.0,20.0,8.0,0.0,995.0,7.0,37.0,2.0,12.0,1.0,0.0,JYARJ06E65A0,2005.0,564.0,3211.0,80.0,76.0,Yamaha,705.0,80.0,1.0,0.0,0.0,70.0,7.0,8.0,8.0,12.0,6.0,12.0,0.0,0.0,1.0,37.0,28704.0,1.0,6.0,3.0,Valid license for this class vehicle,0.0,75.0,999.0,0.0,1.0,0.0,3.0,March,2019.0,5.0,2021.0,3.0,5.0,5.0,45.0,1.0,1.0,2.0,1.0,0.0,1.0,67.0,99.0,1.0,1.0,415.0,37.0,2.0,1.0,0.0,202305208026.0,12.0,6.0,8.0,1.0,1.0,1.0,80.0,36.0,2.0,1.0,1.0,20.0,8.0,76.0,1.0,98.0
370224,1,9,96.0,6.0,1.0,9995.0,-99.0,37.0,51.0,42.0,7.0,4.0,22.0,1.0,1.0,3.0,20.0,7.0,8.0,0.0,1.0,995.0,0.0,37.0,1.0,42.0,4.0,0.0,2C3CDXCT2DH5,2013.0,476.0,1895.0,13.0,7.0,Dodge,24.0,4.0,1.0,0.0,0.0,78.0,7.0,0.0,0.0,12.0,6.0,42.0,0.0,1.0,1.0,37.0,28306.0,1.0,1.0,2.0,No valid license for this class vehicle,0.0,68.0,999.0,0.0,0.0,3.0,12.0,December,2019.0,12.0,2022.0,3.0,1.0,2.0,55.0,1.0,1.0,2.0,1.0,0.0,1.0,14.0,99.0,1.0,4.0,103.0,37.0,0.0,1.0,0.0,202305259427.0,12.0,6.0,8.0,2.0,1.0,1.0,4.0,20.0,1.0,2.0,1.0,9.0,0.0,7.0,1.0,98.0
370231,1,0,96.0,6.0,1.0,9999.0,-99.0,37.0,81.0,57.0,72.0,80.0,48.0,1.0,1.0,4.0,20.0,7.0,20.0,8.0,1.0,995.0,7.0,37.0,1.0,57.0,1.0,0.0,1HD1FCM14EB6,2014.0,3888.0,8509.0,81.0,72.0,Harley-Davidson,706.0,80.0,1.0,0.0,0.0,90.0,7.0,8.0,8.0,12.0,6.0,57.0,0.0,1.0,1.0,37.0,27262.0,1.0,3.0,2.0,No valid license for this class vehicle,0.0,70.0,999.0,2.0,0.0,1.0,9.0,September,2019.0,8.0,2021.0,3.0,3.0,3.0,65.0,4.0,1.0,2.0,1.0,0.0,14.0,12.0,99.0,1.0,4.0,102.0,37.0,2.0,1.0,0.0,202305218305.0,12.0,6.0,9.0,1.0,1.0,1.0,80.0,48.0,1.0,1.0,1.0,20.0,8.0,72.0,2.0,0.0
370240,1,0,96.0,0.0,1.0,0.0,-99.0,37.0,93.0,34.0,30.0,4.0,39.0,2.0,1.0,4.0,3.0,0.0,8.0,0.0,0.0,0.0,7.0,37.0,1.0,34.0,1.0,0.0,3VWC57BU9MM0,2021.0,482.0,3137.0,13.0,30.0,Volkswagen,40.0,4.0,1.0,0.0,0.0,100.0,7.0,3.0,6.0,12.0,6.0,19.0,0.0,0.0,1.0,37.0,28387.0,1.0,6.0,3.0,Valid license for this class vehicle,0.0,66.0,999.0,0.0,0.0,1.0,3.0,March,2020.0,3.0,2020.0,3.0,1.0,2.0,45.0,1.0,1.0,2.0,1.0,0.0,1.0,12.0,99.0,1.0,4.0,102.0,37.0,1.0,1.0,0.0,202304952448.0,12.0,2.0,3.0,0.0,1.0,1.0,4.0,32.0,1.0,0.0,1.0,20.0,0.0,30.0,2.0,0.0
370241,1,0,96.0,0.0,1.0,9995.0,-99.0,37.0,101.0,12.0,12.0,2.0,28.0,1.0,1.0,4.0,20.0,7.0,9.0,0.0,0.0,995.0,6.0,37.0,2.0,12.0,1.0,0.0,1FAFP42X93F3,2003.0,460.0,1781.0,3.0,12.0,Ford,3.0,2.0,1.0,0.0,0.0,60.0,0.0,0.0,0.0,12.0,6.0,12.0,0.0,0.0,1.0,37.0,27591.0,0.0,0.0,0.0,Not licensed,0.0,999.0,999.0,0.0,0.0,0.0,0.0,No Record,0.0,0.0,0.0,0.0,1.0,2.0,55.0,1.0,2.0,2.0,1.0,0.0,1.0,10.0,99.0,1.0,2.0,301.0,37.0,98.0,1.0,0.0,202304821568.0,12.0,1.0,3.0,4.0,1.0,1.0,2.0,28.0,1.0,4.0,1.0,9.0,0.0,12.0,1.0,0.0
370241,2,0,96.0,0.0,1.0,9995.0,-99.0,37.0,101.0,12.0,49.0,20.0,47.0,2.0,1.0,2.0,3.0,0.0,8.0,0.0,0.0,995.0,0.0,37.0,2.0,12.0,2.0,0.0,5TDZK22C69S2,2009.0,448.0,2468.0,2.0,49.0,Toyota,442.0,20.0,1.0,0.0,0.0,55.0,0.0,0.0,0.0,12.0,6.0,12.0,0.0,0.0,1.0,37.0,27527.0,1.0,6.0,3.0,Valid license for this class vehicle,3.0,65.0,999.0,0.0,0.0,0.0,0.0,No Record,0.0,0.0,0.0,0.0,1.0,2.0,55.0,1.0,2.0,2.0,1.0,0.0,1.0,62.0,99.0,1.0,1.0,302.0,37.0,0.0,1.0,0.0,202304821568.0,12.0,1.0,3.0,4.0,1.0,1.0,20.0,47.0,2.0,2.0,1.0,8.0,0.0,49.0,2.0,0.0
370242,1,10,96.0,0.0,1.0,9999.0,-99.0,37.0,101.0,59.0,63.0,5.0,55.0,1.0,1.0,4.0,3.0,0.0,8.0,0.0,0.0,995.0,7.0,37.0,1.0,59.0,1.0,0.0,KNAE45LC7M60,2021.0,499.0,21370.0,5.0,63.0,KIA,41.0,5.0,1.0,0.0,0.0,45.0,7.0,0.0,0.0,12.0,6.0,42.0,0.0,0.0,1.0,37.0,27527.0,1.0,6.0,3.0,Valid license for this class vehicle,0.0,73.0,999.0,0.0,0.0,0.0,0.0,No Record,0.0,0.0,0.0,0.0,1.0,2.0,45.0,3.0,1.0,2.0,2.0,0.0,14.0,13.0,99.0,1.0,4.0,101.0,37.0,1.0,1.0,0.0,202304819573.0,59.0,1.0,3.0,4.0,2.0,1.0,5.0,55.0,1.0,4.0,1.0,8.0,0.0,63.0,1.0,10.0
370243,2,0,96.0,0.0,1.0,9995.0,-99.0,37.0,105.0,12.0,20.0,34.0,20.0,1.0,1.0,2.0,3.0,0.0,9.0,0.0,0.0,995.0,0.0,37.0,2.0,12.0,1.0,0.0,2GCEC19T5212,2002.0,467.0,1850.0,60.0,20.0,Chevrolet,481.0,34.0,1.0,0.0,0.0,45.0,0.0,0.0,0.0,12.0,6.0,12.0,0.0,0.0,1.0,37.0,27330.0,1.0,3.0,2.0,No valid license for this class vehicle,3.0,71.0,999.0,0.0,0.0,0.0,12.0,December,2020.0,9.0,2022.0,0.0,1.0,2.0,45.0,4.0,1.0,2.0,1.0,0.0,14.0,62.0,7.0,1.0,2.0,302.0,37.0,0.0,1.0,0.0,202304746542.0,34.0,3.0,2.0,1.0,1.0,1.0,34.0,31.0,1.0,1.0,1.0,20.0,0.0,20.0,1.0,98.0
370245,1,0,96.0,38.0,1.0,9995.0,-99.0,37.0,105.0,12.0,63.0,6.0,51.0,2.0,1.0,2.0,3.0,0.0,9.0,0.0,0.0,995.0,0.0,37.0,2.0,12.0,1.0,0.0,KNDJN2A27E70,2014.0,499.0,2460.0,7.0,63.0,KIA,37.0,6.0,1.0,0.0,0.0,10.0,7.0,0.0,0.0,12.0,6.0,12.0,0.0,0.0,1.0,37.0,28348.0,1.0,6.0,3.0,Valid license for this class vehicle,3.0,65.0,999.0,1.0,0.0,0.0,5.0,May,2019.0,10.0,2020.0,0.0,5.0,5.0,55.0,1.0,3.0,2.0,1.0,0.0,11.0,15.0,99.0,1.0,1.0,401.0,37.0,0.0,1.0,0.0,202304827597.0,12.0,1.0,3.0,0.0,1.0,1.0,6.0,21.0,2.0,0.0,1.0,20.0,0.0,63.0,1.0,0.0
370252,1,9,96.0,36.0,1.0,9995.0,-99.0,37.0,119.0,12.0,35.0,4.0,23.0,1.0,1.0,1.0,20.0,7.0,9.0,0.0,1.0,997.0,0.0,37.0,2.0,12.0,2.0,0.0,3N1AB7AP1EY2,2014.0,478.0,1907.0,13.0,35.0,Nissan/Datsun,43.0,4.0,1.0,0.0,0.0,998.0,0.0,0.0,0.0,12.0,6.0,12.0,0.0,1.0,1.0,37.0,28211.0,1.0,1.0,2.0,No valid license for this class vehicle,0.0,67.0,999.0,0.0,0.0,1.0,12.0,December,2020.0,12.0,2020.0,3.0,1.0,2.0,35.0,4.0,3.0,2.0,1.0,3.0,14.0,51.0,99.0,1.0,2.0,202.0,37.0,0.0,1.0,0.0,202304880452.0,12.0,5.0,4.0,0.0,10.0,1.0,4.0,57.0,2.0,0.0,1.0,98.0,0.0,35.0,1.0,98.0
370256,1,0,96.0,6.0,1.0,9995.0,-99.0,37.0,119.0,42.0,63.0,4.0,15.0,1.0,1.0,4.0,20.0,7.0,8.0,0.0,9.0,0.0,7.0,37.0,2.0,42.0,1.0,0.0,5XXGM4A73FG4,2015.0,499.0,2739.0,13.0,63.0,KIA,34.0,4.0,1.0,0.0,0.0,998.0,0.0,3.0,1.0,12.0,6.0,42.0,0.0,0.0,1.0,37.0,28273.0,0.0,0.0,0.0,Not licensed,0.0,63.0,999.0,0.0,0.0,0.0,0.0,No Record,0.0,0.0,0.0,3.0,3.0,2.0,45.0,4.0,2.0,2.0,1.0,0.0,14.0,12.0,99.0,1.0,4.0,102.0,37.0,2.0,1.0,0.0,202304853815.0,12.0,2.0,4.0,0.0,2.0,1.0,4.0,18.0,2.0,0.0,1.0,20.0,0.0,63.0,1.0,0.0
370257,1,9,96.0,6.0,1.0,9995.0,-99.0,37.0,129.0,34.0,13.0,4.0,35.0,2.0,1.0,4.0,20.0,7.0,8.0,0.0,1.0,240.0,7.0,37.0,1.0,34.0,1.0,0.0,1LN6L9RP1J56,2018.0,464.0,5192.0,13.0,13.0,Lincoln,17.0,4.0,1.0,0.0,0.0,45.0,7.0,0.0,0.0,12.0,6.0,32.0,0.0,1.0,1.0,37.0,28571.0,1.0,6.0,3.0,Valid license for this class vehicle,0.0,68.0,999.0,0.0,0.0,0.0,0.0,No Record,0.0,0.0,0.0,0.0,1.0,2.0,45.0,3.0,1.0,2.0,1.0,0.0,14.0,13.0,99.0,1.0,4.0,101.0,37.0,1.0,1.0,0.0,202304936974.0,12.0,1.0,5.0,0.0,10.0,1.0,4.0,74.0,2.0,0.0,1.0,20.0,0.0,13.0,2.0,0.0
370267,1,0,96.0,0.0,1.0,9995.0,-99.0,37.0,151.0,12.0,87.0,66.0,63.0,1.0,1.0,1.0,3.0,0.0,20.0,0.0,0.0,995.0,0.0,37.0,2.0,12.0,1.0,0.0,1XPBDP9X3JD4,2018.0,495.0,2787.0,66.0,87.0,Peterbilt,881.0,66.0,1.0,0.0,0.0,55.0,0.0,0.0,0.0,12.0,6.0,12.0,0.0,0.0,1.0,37.0,27405.0,1.0,6.0,3.0,Valid license for this class vehicle,0.0,72.0,999.0,0.0,0.0,0.0,0.0,No Record,0.0,0.0,0.0,0.0,1.0,2.0,55.0,1.0,2.0,2.0,1.0,0.0,1.0,66.0,6.0,1.0,2.0,415.0,37.0,0.0,1.0,0.0,202305265618.0,12.0,5.0,9.0,0.0,10.0,1.0,66.0,29.0,1.0,0.0,1.0,20.0,0.0,87.0,2.0,0.0
370271,1,9,96.0,6.0,1.0,9995.0,-99.0,37.0,155.0,12.0,20.0,14.0,27.0,1.0,1.0,0.0,3.0,0.0,8.0,0.0,1.0,2.0,0.0,37.0,2.0,12.0,1.0,1.0,2GNALBEK6E61,2014.0,467.0,1847.0,7.0,20.0,Chevrolet,404.0,14.0,1.0,0.0,0.0,45.0,7.0,0.0,0.0,12.0,6.0,12.0,0.0,1.0,1.0,37.0,28386.0,0.0,0.0,0.0,Not licensed,0.0,999.0,999.0,0.0,0.0,0.0,0.0,No Record,0.0,0.0,0.0,0.0,1.0,2.0,45.0,1.0,1.0,2.0,1.0,97.0,1.0,10.0,99.0,1.0,2.0,301.0,37.0,0.0,1.0,0.0,202305472423.0,12.0,6.0,11.0,3.0,1.0,1.0,14.0,41.0,2.0,0.0,1.0,20.0,0.0,20.0,2.0,0.0
370285,1,0,96.0,38.0,1.0,9995.0,-99.0,37.0,25.0,12.0,55.0,4.0,77.0,1.0,1.0,4.0,3.0,0.0,8.0,0.0,0.0,0.0,7.0,37.0,2.0,12.0,1.0,0.0,5NPD84LF2HH0,2017.0,498.0,2735.0,13.0,55.0,Hyundai,35.0,4.0,1.0,0.0,0.0,10.0,0.0,0.0,0.0,61.0,6.0,12.0,0.0,0.0,1.0,37.0,28025.0,1.0,6.0,3.0,Valid license for this class vehicle,0.0,71.0,999.0,0.0,0.0,0.0,0.0,No Record,0.0,0.0,0.0,0.0,5.0,5.0,45.0,4.0,4.0,2.0,1.0,20.0,11.0,15.0,99.0,1.0,1.0,414.0,37.0,1.0,1.0,0.0,202304953077.0,12.0,4.0,5.0,0.0,1.0,1.0,4.0,65.0,2.0,0.0,1.0,20.0,0.0,55.0,2.0,0.0
370286,2,0,96.0,0.0,1.0,9995.0,-99.0,37.0,119.0,12.0,49.0,4.0,62.0,1.0,1.0,2.0,3.0,0.0,8.0,0.0,0.0,995.0,0.0,37.0,3.0,12.0,3.0,0.0,5YFBURHE8KP8,2019.0,448.0,2208.0,13.0,49.0,Toyota,32.0,4.0,1.0,0.0,0.0,998.0,0.0,3.0,1.0,82.0,6.0,1.0,0.0,0.0,1.0,37.0,28269.0,1.0,6.0,3.0,Valid license for this class vehicle,3.0,68.0,999.0,0.0,0.0,0.0,7.0,July,2022.0,7.0,2022.0,0.0,2.0,3.0,45.0,1.0,1.0,2.0,1.0,3.0,1.0,65.0,99.0,1.0,1.0,411.0,37.0,0.0,1.0,0.0,202305699122.0,12.0,3.0,12.0,0.0,1.0,1.0,4.0,33.0,2.0,0.0,1.0,20.0,0.0,49.0,1.0,0.0
370287,1,0,96.0,0.0,1.0,9995.0,-99.0,37.0,125.0,12.0,35.0,4.0,55.0,2.0,1.0,4.0,3.0,0.0,8.0,0.0,0.0,995.0,7.0,37.0,2.0,12.0,1.0,0.0,1N4AL2APXAN4,2010.0,478.0,1904.0,13.0,35.0,Nissan/Datsun,47.0,4.0,1.0,0.0,0.0,55.0,0.0,0.0,0.0,12.0,6.0,12.0,0.0,0.0,1.0,37.0,27332.0,1.0,6.0,3.0,Valid license for this class vehicle,0.0,66.0,999.0,0.0,0.0,0.0,0.0,No Record,0.0,0.0,0.0,0.0,1.0,2.0,55.0,1.0,1.0,2.0,2.0,97.0,1.0,10.0,99.0,1.0,2.0,301.0,37.0,1.0,1.0,0.0,202304951533.0,12.0,3.0,4.0,2.0,1.0,1.0,4.0,25.0,2.0,0.0,1.0,20.0,0.0,35.0,2.0,98.0
370289,1,99,96.0,51.0,1.0,9995.0,-99.0,37.0,183.0,12.0,21.0,4.0,75.0,2.0,1.0,4.0,3.0,0.0,8.0,0.0,0.0,995.0,7.0,37.0,2.0,12.0,1.0,0.0,1G3HN52K5X48,1999.0,4162.0,9066.0,13.0,21.0,Oldsmobile,2.0,4.0,1.0,0.0,0.0,30.0,0.0,0.0,0.0,12.0,6.0,12.0,0.0,0.0,1.0,37.0,27597.0,1.0,6.0,3.0,Valid license for this class vehicle,0.0,58.0,999.0,0.0,0.0,0.0,0.0,No Record,0.0,0.0,0.0,0.0,1.0,2.0,55.0,4.0,1.0,2.0,1.0,0.0,14.0,54.0,99.0,1.0,1.0,301.0,37.0,1.0,1.0,0.0,202304790652.0,12.0,5.0,3.0,4.0,1.0,1.0,4.0,75.0,2.0,4.0,1.0,8.0,0.0,21.0,1.0,99.0
370290,1,9,96.0,6.0,1.0,9995.0,-99.0,37.0,183.0,42.0,49.0,34.0,25.0,1.0,1.0,3.0,3.0,0.0,8.0,0.0,1.0,210.0,0.0,37.0,1.0,42.0,2.0,0.0,3TMAZ5CN0MM1,2021.0,448.0,2223.0,60.0,49.0,Toyota,472.0,34.0,1.0,0.0,0.0,75.0,7.0,0.0,0.0,81.0,6.0,42.0,0.0,1.0,1.0,37.0,27529.0,1.0,6.0,3.0,Valid license for this class vehicle,0.0,68.0,999.0,0.0,0.0,0.0,0.0,No Record,0.0,0.0,0.0,3.0,1.0,2.0,45.0,3.0,1.0,2.0,1.0,97.0,14.0,13.0,99.0,1.0,4.0,101.0,37.0,0.0,1.0,0.0,202304821530.0,42.0,7.0,3.0,4.0,1.0,1.0,34.0,25.0,1.0,3.0,1.0,8.0,0.0,49.0,1.0,9.0
370293,2,0,96.0,0.0,1.0,9995.0,-99.0,37.0,183.0,12.0,20.0,6.0,35.0,2.0,1.0,3.0,3.0,0.0,8.0,0.0,0.0,995.0,0.0,37.0,2.0,12.0,2.0,0.0,1GNER23D89S1,2009.0,467.0,1853.0,7.0,20.0,Chevrolet,24.0,6.0,1.0,0.0,0.0,45.0,0.0,0.0,0.0,12.0,6.0,12.0,0.0,0.0,1.0,37.0,27615.0,1.0,6.0,3.0,Valid license for this class vehicle,0.0,67.0,999.0,0.0,0.0,1.0,6.0,June,2019.0,7.0,2021.0,0.0,5.0,5.0,45.0,1.0,1.0,2.0,1.0,0.0,1.0,62.0,99.0,1.0,1.0,302.0,37.0,0.0,1.0,0.0,202305167088.0,12.0,6.0,4.0,0.0,1.0,1.0,6.0,39.0,2.0,0.0,1.0,20.0,0.0,20.0,2.0,0.0
370299,1,0,96.0,6.0,1.0,9995.0,-99.0,37.0,35.0,12.0,49.0,34.0,57.0,1.0,1.0,1.0,3.0,0.0,8.0,0.0,0.0,995.0,0.0,37.0,2.0,12.0,2.0,0.0,5TFDW5F14HX6,2017.0,448.0,2467.0,60.0,49.0,Toyota,482.0,34.0,1.0,0.0,0.0,45.0,0.0,0.0,0.0,12.0,6.0,12.0,0.0,0.0,1.0,37.0,28612.0,1.0,6.0,3.0,Valid license for this class vehicle,3.0,64.0,999.0,0.0,0.0,0.0,0.0,No Record,0.0,0.0,0.0,0.0,1.0,2.0,45.0,2.0,1.0,2.0,2.0,97.0,14.0,10.0,99.0,1.0,2.0,301.0,37.0,0.0,1.0,0.0,202305411267.0,12.0,7.0,11.0,0.0,1.0,1.0,34.0,26.0,1.0,0.0,1.0,20.0,0.0,49.0,2.0,0.0
370301,1,99,96.0,6.0,1.0,9999.0,-99.0,37.0,183.0,24.0,53.0,80.0,26.0,1.0,1.0,4.0,20.0,7.0,20.0,8.0,9.0,995.0,6.0,37.0,1.0,24.0,1.0,0.0,JS1GN7FAXN71,2022.0,509.0,13162.0,80.0,53.0,Suzuki,705.0,80.0,1.0,0.0,0.0,85.0,7.0,8.0,8.0,12.0,6.0,24.0,0.0,0.0,1.0,12.0,32763.0,1.0,6.0,3.0,Valid license for this class vehicle,0.0,64.0,999.0,0.0,0.0,0.0,0.0,No Record,0.0,0.0,0.0,3.0,6.0,1.0,55.0,2.0,1.0,2.0,1.0,0.0,14.0,12.0,99.0,1.0,4.0,102.0,37.0,98.0,1.0,0.0,202304678512.0,24.0,1.0,1.0,3.0,1.0,1.0,80.0,26.0,1.0,3.0,1.0,20.0,8.0,53.0,1.0,99.0
370304,2,0,96.0,58.0,1.0,9995.0,-99.0,37.0,85.0,12.0,49.0,4.0,32.0,1.0,1.0,4.0,3.0,0.0,8.0,0.0,9.0,0.0,7.0,37.0,2.0,12.0,1.0,0.0,4T1BF12K0TU1,1996.0,448.0,2469.0,13.0,49.0,Toyota,40.0,4.0,1.0,0.0,0.0,65.0,0.0,0.0,0.0,12.0,6.0,12.0,0.0,0.0,1.0,37.0,28556.0,1.0,6.0,3.0,Valid license for this class vehicle,0.0,70.0,999.0,0.0,0.0,2.0,10.0,October,2020.0,12.0,2020.0,3.0,1.0,2.0,55.0,3.0,1.0,2.0,1.0,97.0,14.0,10.0,99.0,1.0,2.0,301.0,37.0,1.0,1.0,0.0,202305524472.0,12.0,5.0,12.0,1.0,1.0,1.0,4.0,25.0,2.0,0.0,1.0,20.0,0.0,49.0,3.0,98.0
370310,1,0,96.0,0.0,1.0,9995.0,-99.0,37.0,185.0,12.0,37.0,4.0,58.0,2.0,1.0,4.0,3.0,0.0,9.0,0.0,9.0,0.0,7.0,37.0,2.0,12.0,1.0,0.0,1HGCP3F84BA0,2011.0,474.0,1861.0,13.0,37.0,Honda,32.0,4.0,1.0,0.0,0.0,55.0,0.0,0.0,0.0,12.0,6.0,12.0,0.0,0.0,1.0,37.0,27563.0,1.0,6.0,3.0,Valid license for this class vehicle,3.0,67.0,999.0,0.0,0.0,0.0,0.0,No Record,0.0,0.0,0.0,0.0,1.0,2.0,55.0,1.0,1.0,2.0,1.0,97.0,1.0,10.0,99.0,1.0,2.0,301.0,37.0,2.0,1.0,0.0,202305334623.0,12.0,6.0,10.0,2.0,2.0,1.0,4.0,81.0,2.0,2.0,1.0,20.0,0.0,37.0,1.0,0.0
370311,1,0,96.0,58.0,1.0,9995.0,-99.0,37.0,197.0,42.0,2.0,14.0,53.0,2.0,1.0,4.0,3.0,0.0,9.0,0.0,0.0,995.0,7.0,37.0,1.0,42.0,1.0,0.0,1C4RJFAG2CC2,2012.0,483.0,1949.0,7.0,2.0,Jeep / Kaiser-Jeep / Willys- Jeep,404.0,14.0,1.0,0.0,0.0,70.0,7.0,0.0,0.0,12.0,6.0,2.0,1.0,0.0,1.0,37.0,27023.0,1.0,6.0,3.0,Valid license for this class vehicle,0.0,70.0,999.0,0.0,0.0,0.0,0.0,No Record,0.0,0.0,0.0,3.0,1.0,2.0,55.0,3.0,1.0,2.0,1.0,97.0,14.0,13.0,99.0,1.0,4.0,101.0,37.0,1.0,1.0,0.0,202305385151.0,12.0,3.0,8.0,0.0,1.0,1.0,14.0,35.0,1.0,0.0,1.0,20.0,0.0,2.0,2.0,0.0