ST_CASE,VEH_NO_x,DRIMPAIR_x,DRDISTRACT,DRIVERRF,PER_NO_x,DRUGRES,DRUGACTQTY,STATE_x,COUNTY,HARM_EV_x,MAKE_x,BODY_TYP_x,AGE,SEX,PER_TYP_x,INJ_SEV,REST_USE,REST_MIS,AIR_BAG_x,EJECTION,DRINKING,ALC_RES,HISPANIC,STATE_y,VE_FORMS,HARM_EV_y,NUMOCCS,HIT_RUN,VIN,MOD_YEAR,VPICMAKE,VPICMODEL,VPICBODYCLASS,MAKE_y,MAKENAME,MODEL,BODY_TYP_y,HAZ_INV,HAZ_PLAC,HAZ_ID,TRAV_SP,UNDEROVERRIDE,ROLLOVER,ROLINLOC,IMPACT1,DEFORMED,M_HARM,FIRE_EXP,DR_DRINK,DR_PRES,L_STATE,DR_ZIP,L_TYPE,L_STATUS,L_COMPL,L_COMPLNAME,L_RESTRI,DR_HGT,DR_WGT,PREV_DWI,PREV_SPD,PREV_OTH,FIRST_MO,FIRST_MONAME,FIRST_YR,LAST_MO,LAST_YR,SPEEDREL,VTRAFWAY,VNUM_LAN,VSPD_LIM,VALIGN,VPROFILE,VPAVETYP,VSURCOND,VTRAFCON,P_CRASH1,P_CRASH2,P_CRASH3,PCRASH4,PCRASH5,ACC_CONFIG,STATE,RACE,ORDER,MULTRACE,CASENUM,HARM_EV,DAY_WEEK,MONTH,MAXSEV_IM,WEATHR_IM,PER_NO_y,BODY_TYP,AGE_IM,SEX_IM,INJSEV_IM,PER_TYP_y,AIR_BAG_y,EJECT_IM,MAKE,VEH_NO_y,DRIMPAIR_y
370438,2,0,96.0,0.0,1.0,9995.0,-99.0,37.0,183.0,12.0,63.0,6.0,57.0,1.0,1.0,1.0,3.0,0.0,9.0,0.0,0.0,995.0,0.0,37.0,2.0,12.0,2.0,0.0,KNDJN2A22K76,2019.0,499.0,2460.0,7.0,63.0,KIA,37.0,6.0,1.0,0.0,0.0,35.0,0.0,0.0,0.0,12.0,6.0,12.0,0.0,0.0,1.0,37.0,27529.0,1.0,6.0,3.0,Valid license for this class vehicle,3.0,65.0,999.0,0.0,0.0,0.0,2.0,February,2022.0,2.0,2022.0,0.0,2.0,4.0,45.0,1.0,1.0,2.0,1.0,97.0,1.0,62.0,99.0,1.0,1.0,402.0,37.0,0.0,1.0,0.0,202304838857.0,12.0,2.0,3.0,1.0,1.0,1.0,6.0,31.0,2.0,0.0,1.0,20.0,0.0,63.0,1.0,0.0
370452,2,0,96.0,38.0,1.0,9995.0,-99.0,37.0,141.0,12.0,49.0,4.0,62.0,2.0,1.0,4.0,3.0,0.0,9.0,0.0,0.0,0.0,7.0,37.0,2.0,12.0,1.0,0.0,4T1BF1FK8CU1,2012.0,448.0,2469.0,13.0,49.0,Toyota,40.0,4.0,1.0,0.0,0.0,25.0,0.0,0.0,0.0,81.0,6.0,12.0,0.0,0.0,1.0,37.0,28421.0,1.0,6.0,3.0,Valid license for this class vehicle,3.0,60.0,999.0,0.0,0.0,0.0,0.0,No Record,0.0,0.0,0.0,0.0,2.0,4.0,55.0,1.0,1.0,2.0,1.0,20.0,1.0,17.0,99.0,1.0,1.0,502.0,37.0,2.0,1.0,0.0,202305247062.0,12.0,5.0,8.0,1.0,1.0,1.0,4.0,69.0,2.0,1.0,1.0,20.0,0.0,49.0,1.0,0.0
370454,1,99,96.0,0.0,1.0,9997.0,-99.0,37.0,153.0,12.0,49.0,4.0,22.0,2.0,1.0,4.0,20.0,7.0,8.0,0.0,9.0,0.0,7.0,37.0,2.0,12.0,3.0,0.0,2T1BURHE9FC2,2015.0,448.0,2208.0,13.0,49.0,Toyota,32.0,4.0,1.0,0.0,0.0,45.0,0.0,0.0,0.0,12.0,6.0,12.0,0.0,0.0,1.0,37.0,28379.0,1.0,6.0,3.0,Valid license for this class vehicle,0.0,67.0,999.0,0.0,0.0,1.0,5.0,May,2019.0,5.0,2023.0,0.0,1.0,5.0,50.0,1.0,1.0,2.0,1.0,0.0,1.0,10.0,99.0,1.0,2.0,301.0,37.0,2.0,1.0,0.0,202305039171.0,30.0,3.0,6.0,0.0,1.0,1.0,4.0,40.0,1.0,0.0,1.0,20.0,0.0,49.0,1.0,0.0
370455,1,10,96.0,39.0,1.0,0.0,-99.0,37.0,155.0,34.0,55.0,14.0,89.0,1.0,1.0,4.0,3.0,0.0,8.0,0.0,0.0,996.0,7.0,37.0,1.0,34.0,1.0,0.0,KM8J2CA44KU8,2019.0,498.0,2058.0,7.0,55.0,Hyundai,402.0,14.0,1.0,0.0,0.0,50.0,7.0,0.0,0.0,12.0,6.0,42.0,0.0,0.0,1.0,37.0,28306.0,1.0,6.0,3.0,Valid license for this class vehicle,0.0,73.0,999.0,0.0,0.0,0.0,4.0,April,2020.0,4.0,2020.0,0.0,1.0,2.0,55.0,1.0,1.0,2.0,1.0,20.0,1.0,14.0,99.0,1.0,4.0,103.0,37.0,1.0,1.0,0.0,202305629664.0,12.0,3.0,12.0,0.0,1.0,1.0,14.0,29.0,1.0,0.0,1.0,20.0,0.0,55.0,1.0,0.0
370460,1,0,96.0,39.0,1.0,9995.0,-99.0,37.0,183.0,12.0,63.0,4.0,24.0,2.0,1.0,0.0,3.0,0.0,20.0,0.0,0.0,995.0,0.0,37.0,2.0,12.0,3.0,0.0,5XXGT4L36KG2,2019.0,499.0,2739.0,13.0,63.0,KIA,34.0,4.0,1.0,0.0,0.0,5.0,7.0,0.0,0.0,62.0,6.0,12.0,0.0,0.0,1.0,37.0,27610.0,1.0,6.0,3.0,Valid license for this class vehicle,0.0,66.0,999.0,0.0,0.0,0.0,4.0,April,2019.0,2.0,2023.0,0.0,5.0,3.0,35.0,1.0,1.0,2.0,1.0,20.0,11.0,15.0,99.0,1.0,1.0,414.0,37.0,0.0,1.0,0.0,202305382269.0,12.0,4.0,9.0,1.0,1.0,1.0,4.0,29.0,2.0,1.0,1.0,1.0,0.0,63.0,1.0,98.0
370467,2,99,96.0,0.0,1.0,9995.0,-99.0,37.0,125.0,12.0,49.0,5.0,67.0,1.0,1.0,4.0,3.0,0.0,8.0,0.0,0.0,995.0,7.0,37.0,2.0,12.0,1.0,0.0,JTDKN3DUXB02,2011.0,448.0,2209.0,5.0,49.0,Toyota,46.0,5.0,1.0,0.0,0.0,0.0,0.0,0.0,0.0,6.0,6.0,12.0,0.0,0.0,1.0,37.0,27376.0,1.0,6.0,3.0,Valid license for this class vehicle,0.0,71.0,999.0,0.0,0.0,0.0,6.0,June,2022.0,6.0,2022.0,0.0,2.0,3.0,55.0,1.0,1.0,2.0,1.0,3.0,5.0,53.0,1.0,1.0,1.0,201.0,37.0,1.0,1.0,0.0,202305671811.0,12.0,5.0,11.0,0.0,1.0,1.0,5.0,43.0,2.0,0.0,1.0,20.0,0.0,49.0,1.0,0.0
370469,1,99,96.0,104.0,1.0,9997.0,-99.0,37.0,101.0,32.0,55.0,14.0,23.0,1.0,1.0,4.0,20.0,7.0,8.0,1.0,1.0,0.0,7.0,37.0,1.0,32.0,3.0,0.0,KM8K12AA1KU2,2019.0,498.0,22249.0,7.0,55.0,Hyundai,404.0,14.0,1.0,0.0,0.0,100.0,7.0,3.0,5.0,12.0,6.0,32.0,0.0,1.0,1.0,37.0,27520.0,1.0,1.0,2.0,No valid license for this class vehicle,0.0,70.0,999.0,0.0,1.0,2.0,9.0,September,2019.0,2.0,2023.0,3.0,1.0,2.0,35.0,2.0,2.0,2.0,1.0,40.0,14.0,12.0,99.0,2.0,4.0,102.0,37.0,2.0,1.0,0.0,202304963864.0,32.0,6.0,5.0,4.0,1.0,1.0,14.0,23.0,1.0,4.0,1.0,8.0,1.0,55.0,1.0,99.0
370470,1,0,96.0,38.0,1.0,9995.0,-99.0,37.0,163.0,12.0,49.0,4.0,82.0,2.0,1.0,4.0,3.0,0.0,8.0,0.0,0.0,995.0,7.0,37.0,2.0,12.0,1.0,0.0,2T1BURHE5FC4,2015.0,448.0,2208.0,13.0,49.0,Toyota,32.0,4.0,1.0,0.0,0.0,10.0,0.0,0.0,0.0,81.0,6.0,12.0,0.0,0.0,1.0,37.0,28391.0,1.0,6.0,3.0,Valid license for this class vehicle,0.0,65.0,999.0,0.0,0.0,0.0,8.0,August,2019.0,8.0,2019.0,0.0,1.0,3.0,55.0,1.0,1.0,2.0,1.0,3.0,11.0,15.0,99.0,1.0,1.0,401.0,37.0,1.0,1.0,0.0,202305265884.0,1.0,5.0,9.0,2.0,10.0,1.0,4.0,40.0,1.0,2.0,1.0,9.0,0.0,49.0,1.0,0.0
370472,1,0,96.0,6.0,1.0,9997.0,-99.0,37.0,21.0,12.0,35.0,4.0,20.0,1.0,1.0,0.0,3.0,0.0,20.0,0.0,9.0,997.0,0.0,37.0,2.0,12.0,1.0,0.0,1N4BL4BV8LC2,2020.0,478.0,1904.0,13.0,35.0,Nissan/Datsun,47.0,4.0,1.0,0.0,0.0,45.0,7.0,0.0,0.0,6.0,6.0,12.0,0.0,0.0,1.0,37.0,28748.0,1.0,1.0,2.0,No valid license for this class vehicle,0.0,69.0,999.0,0.0,0.0,5.0,5.0,May,2022.0,3.0,2023.0,0.0,2.0,2.0,45.0,1.0,1.0,2.0,1.0,0.0,2.0,53.0,99.0,1.0,1.0,201.0,37.0,0.0,1.0,0.0,202305267757.0,12.0,6.0,8.0,0.0,1.0,1.0,4.0,25.0,2.0,0.0,1.0,20.0,0.0,35.0,2.0,0.0
370480,1,0,96.0,0.0,1.0,9995.0,-99.0,37.0,67.0,12.0,20.0,4.0,58.0,2.0,1.0,0.0,3.0,0.0,20.0,0.0,0.0,995.0,0.0,37.0,2.0,12.0,1.0,0.0,1G1ZG57BX842,2008.0,467.0,1834.0,13.0,20.0,Chevrolet,37.0,4.0,1.0,0.0,0.0,15.0,7.0,0.0,0.0,12.0,2.0,12.0,0.0,0.0,1.0,37.0,27101.0,1.0,6.0,3.0,Valid license for this class vehicle,0.0,63.0,999.0,0.0,0.0,0.0,7.0,July,2022.0,7.0,2022.0,0.0,1.0,2.0,25.0,1.0,2.0,2.0,1.0,3.0,11.0,15.0,99.0,1.0,1.0,401.0,37.0,0.0,1.0,0.0,202305504946.0,12.0,5.0,12.0,1.0,1.0,1.0,4.0,22.0,1.0,0.0,1.0,20.0,0.0,20.0,2.0,0.0
370482,1,99,96.0,38.0,1.0,9997.0,-99.0,37.0,81.0,12.0,51.0,66.0,42.0,1.0,1.0,0.0,3.0,0.0,20.0,0.0,9.0,997.0,0.0,37.0,2.0,12.0,1.0,0.0,4V4NC9EH9LN2,2020.0,487.0,1967.0,66.0,51.0,Volvo,881.0,66.0,1.0,0.0,0.0,10.0,7.0,0.0,0.0,62.0,2.0,12.0,0.0,0.0,1.0,53.0,99217.0,1.0,6.0,3.0,Valid license for this class vehicle,0.0,68.0,999.0,0.0,6.0,7.0,10.0,October,2018.0,9.0,2022.0,0.0,0.0,0.0,0.0,0.0,0.0,0.0,0.0,97.0,11.0,15.0,99.0,1.0,1.0,414.0,37.0,0.0,1.0,0.0,202304724154.0,12.0,4.0,2.0,0.0,1.0,1.0,66.0,52.0,1.0,0.0,1.0,20.0,0.0,51.0,1.0,0.0
370486,1,99,96.0,0.0,1.0,9995.0,-99.0,37.0,195.0,12.0,63.0,4.0,26.0,2.0,1.0,4.0,20.0,7.0,8.0,0.0,0.0,0.0,7.0,37.0,2.0,12.0,2.0,0.0,5XXGT4L36LG4,2020.0,499.0,2739.0,13.0,63.0,KIA,34.0,4.0,1.0,0.0,0.0,45.0,0.0,0.0,0.0,12.0,6.0,12.0,0.0,0.0,1.0,37.0,27893.0,1.0,1.0,2.0,No valid license for this class vehicle,3.0,63.0,999.0,0.0,0.0,1.0,12.0,December,2022.0,4.0,2023.0,0.0,1.0,4.0,45.0,1.0,3.0,2.0,1.0,0.0,1.0,10.0,99.0,1.0,2.0,301.0,37.0,2.0,1.0,0.0,202305232962.0,12.0,2.0,9.0,2.0,2.0,1.0,4.0,32.0,1.0,2.0,1.0,20.0,0.0,63.0,1.0,0.0
370496,1,0,96.0,6.0,1.0,0.0,-99.0,37.0,111.0,24.0,37.0,80.0,29.0,1.0,1.0,4.0,20.0,7.0,20.0,8.0,0.0,0.0,7.0,37.0,1.0,24.0,1.0,0.0,JH2PC37095M2,2005.0,474.0,14060.0,80.0,37.0,Honda,705.0,80.0,1.0,0.0,0.0,100.0,7.0,8.0,8.0,1.0,6.0,24.0,0.0,0.0,1.0,37.0,28752.0,1.0,1.0,2.0,No valid license for this class vehicle,0.0,73.0,999.0,0.0,0.0,3.0,3.0,March,2019.0,1.0,2023.0,3.0,3.0,4.0,55.0,2.0,2.0,2.0,1.0,0.0,14.0,13.0,99.0,1.0,4.0,101.0,37.0,1.0,1.0,0.0,202305133438.0,12.0,6.0,7.0,4.0,1.0,1.0,80.0,37.0,1.0,4.0,1.0,20.0,8.0,37.0,1.0,98.0
370503,1,9,96.0,6.0,1.0,0.0,-99.0,37.0,99.0,35.0,59.0,4.0,19.0,1.0,1.0,3.0,20.0,7.0,8.0,0.0,1.0,0.0,0.0,37.0,1.0,35.0,3.0,0.0,JTHBJ46GX720,2007.0,515.0,2475.0,13.0,59.0,Lexus,31.0,4.0,1.0,0.0,0.0,80.0,7.0,3.0,5.0,12.0,6.0,35.0,0.0,1.0,1.0,37.0,28723.0,1.0,6.0,3.0,Valid license for this class vehicle,3.0,66.0,999.0,0.0,0.0,0.0,0.0,No Record,0.0,0.0,0.0,3.0,3.0,4.0,55.0,2.0,1.0,2.0,1.0,0.0,14.0,13.0,99.0,1.0,4.0,101.0,37.0,0.0,1.0,0.0,202305396107.0,12.0,7.0,11.0,0.0,1.0,1.0,4.0,19.0,1.0,0.0,1.0,20.0,0.0,59.0,2.0,0.0
370507,2,0,96.0,0.0,1.0,0.0,-99.0,37.0,89.0,12.0,22.0,6.0,29.0,1.0,1.0,1.0,3.0,0.0,20.0,0.0,0.0,996.0,0.0,37.0,2.0,12.0,4.0,0.0,5Y2SL658X7Z4,2007.0,536.0,2807.0,5.0,22.0,Pontiac,32.0,6.0,1.0,0.0,0.0,55.0,0.0,0.0,0.0,7.0,6.0,12.0,0.0,0.0,1.0,47.0,37209.0,1.0,1.0,2.0,No valid license for this class vehicle,0.0,66.0,999.0,0.0,0.0,0.0,0.0,No Record,0.0,0.0,0.0,4.0,3.0,4.0,55.0,1.0,1.0,2.0,2.0,0.0,1.0,5.0,99.0,2.0,2.0,208.0,37.0,0.0,1.0,0.0,202305367610.0,12.0,1.0,10.0,3.0,1.0,1.0,6.0,45.0,2.0,1.0,1.0,1.0,0.0,22.0,2.0,0.0
370508,1,9,96.0,6.0,1.0,0.0,-99.0,37.0,89.0,34.0,35.0,6.0,41.0,2.0,1.0,4.0,3.0,0.0,2.0,0.0,1.0,0.0,7.0,37.0,1.0,34.0,1.0,0.0,5N1AZ2MH1FN2,2015.0,478.0,1914.0,8.0,35.0,Nissan/Datsun,49.0,6.0,1.0,0.0,0.0,50.0,7.0,0.0,0.0,12.0,6.0,42.0,0.0,1.0,1.0,37.0,28792.0,1.0,6.0,3.0,Valid license for this class vehicle,0.0,65.0,999.0,0.0,0.0,0.0,5.0,May,2022.0,5.0,2022.0,3.0,1.0,2.0,35.0,3.0,2.0,2.0,1.0,97.0,14.0,12.0,99.0,1.0,4.0,102.0,37.0,1.0,1.0,0.0,202305166433.0,11.0,6.0,2.0,2.0,2.0,1.0,6.0,79.0,2.0,2.0,1.0,1.0,0.0,35.0,1.0,0.0
370513,2,0,96.0,0.0,1.0,9995.0,-99.0,37.0,135.0,12.0,73.0,80.0,21.0,1.0,1.0,4.0,20.0,7.0,20.0,8.0,0.0,0.0,7.0,37.0,2.0,12.0,1.0,0.0,JKAEXKH11PDA,2023.0,510.0,20805.0,80.0,73.0,Kawasaki,704.0,80.0,1.0,0.0,0.0,45.0,7.0,8.0,8.0,61.0,6.0,12.0,0.0,0.0,1.0,37.0,27517.0,1.0,6.0,3.0,Valid license for this class vehicle,0.0,69.0,999.0,0.0,0.0,0.0,0.0,No Record,0.0,0.0,0.0,0.0,3.0,2.0,45.0,1.0,1.0,2.0,1.0,0.0,1.0,62.0,99.0,1.0,1.0,402.0,37.0,2.0,1.0,0.0,202305092873.0,34.0,3.0,7.0,1.0,10.0,1.0,80.0,23.0,2.0,1.0,1.0,20.0,8.0,73.0,1.0,0.0
370515,1,99,96.0,6.0,1.0,0.0,-99.0,37.0,179.0,12.0,6.0,20.0,26.0,2.0,1.0,4.0,3.0,0.0,8.0,0.0,9.0,0.0,7.0,37.0,2.0,12.0,4.0,0.0,2A4RR5D12AR2,2010.0,477.0,1936.0,2.0,6.0,Chrysler,441.0,20.0,1.0,0.0,0.0,60.0,0.0,0.0,0.0,12.0,6.0,12.0,0.0,0.0,1.0,37.0,28103.0,1.0,1.0,2.0,No valid license for this class vehicle,0.0,64.0,999.0,0.0,0.0,0.0,0.0,No Record,0.0,0.0,0.0,3.0,1.0,2.0,55.0,2.0,1.0,2.0,2.0,97.0,14.0,10.0,99.0,1.0,2.0,301.0,37.0,1.0,1.0,0.0,202305518686.0,12.0,3.0,12.0,3.0,2.0,1.0,20.0,41.0,1.0,2.0,1.0,8.0,0.0,6.0,2.0,0.0
370519,1,9,96.0,6.0,1.0,9997.0,-99.0,37.0,109.0,12.0,49.0,4.0,59.0,1.0,1.0,3.0,20.0,7.0,1.0,0.0,1.0,0.0,0.0,37.0,2.0,12.0,3.0,0.0,4T4BF1FK5CR2,2012.0,448.0,2469.0,13.0,49.0,Toyota,40.0,4.0,1.0,0.0,0.0,45.0,0.0,0.0,0.0,1.0,6.0,12.0,0.0,1.0,1.0,37.0,28092.0,1.0,6.0,3.0,Valid license for this class vehicle,0.0,69.0,999.0,0.0,0.0,1.0,6.0,June,2020.0,6.0,2020.0,0.0,1.0,2.0,45.0,1.0,1.0,2.0,1.0,97.0,11.0,15.0,99.0,1.0,2.0,401.0,37.0,0.0,1.0,0.0,202305328210.0,12.0,3.0,10.0,2.0,1.0,1.0,4.0,32.0,1.0,0.0,1.0,8.0,0.0,49.0,2.0,0.0
370522,2,0,96.0,6.0,1.0,9999.0,-99.0,37.0,123.0,12.0,12.0,4.0,84.0,1.0,1.0,4.0,3.0,0.0,9.0,0.0,0.0,995.0,7.0,37.0,2.0,12.0,1.0,0.0,3FA6P0HDXHR3,2017.0,460.0,1780.0,13.0,12.0,Ford,23.0,4.0,1.0,0.0,0.0,75.0,0.0,0.0,0.0,12.0,6.0,12.0,0.0,0.0,1.0,37.0,27306.0,1.0,6.0,3.0,Valid license for this class vehicle,0.0,68.0,999.0,0.0,0.0,0.0,0.0,No Record,0.0,0.0,0.0,3.0,1.0,2.0,55.0,1.0,1.0,2.0,1.0,0.0,1.0,65.0,99.0,1.0,1.0,409.0,37.0,1.0,1.0,0.0,202304881389.0,12.0,3.0,4.0,0.0,1.0,1.0,4.0,32.0,1.0,0.0,1.0,20.0,0.0,12.0,2.0,0.0
370525,1,0,96.0,39.0,1.0,9995.0,-99.0,37.0,141.0,12.0,37.0,14.0,48.0,1.0,1.0,0.0,3.0,0.0,9.0,0.0,0.0,995.0,0.0,37.0,2.0,12.0,5.0,0.0,5J6RE4H56AL0,2010.0,474.0,1865.0,7.0,37.0,Honda,402.0,14.0,1.0,0.0,0.0,15.0,0.0,0.0,0.0,61.0,6.0,12.0,0.0,0.0,1.0,37.0,28425.0,1.0,1.0,2.0,No valid license for this class vehicle,0.0,63.0,999.0,0.0,0.0,2.0,8.0,August,2019.0,5.0,2021.0,0.0,1.0,2.0,55.0,1.0,1.0,2.0,1.0,20.0,1.0,17.0,99.0,1.0,1.0,504.0,37.0,0.0,1.0,0.0,202304901038.0,12.0,6.0,4.0,1.0,2.0,1.0,14.0,18.0,2.0,1.0,1.0,1.0,0.0,37.0,1.0,0.0
370526,1,9,96.0,6.0,1.0,0.0,-99.0,37.0,147.0,12.0,12.0,4.0,38.0,1.0,1.0,3.0,20.0,7.0,9.0,0.0,1.0,260.0,0.0,37.0,2.0,12.0,2.0,0.0,2FAFP74W5YX1,2000.0,460.0,1778.0,13.0,12.0,Ford,16.0,4.0,1.0,0.0,0.0,65.0,0.0,0.0,0.0,12.0,6.0,12.0,0.0,1.0,1.0,37.0,27858.0,1.0,3.0,2.0,No valid license for this class vehicle,0.0,68.0,999.0,0.0,0.0,1.0,7.0,July,2019.0,7.0,2019.0,3.0,1.0,2.0,55.0,3.0,1.0,2.0,1.0,97.0,14.0,10.0,99.0,1.0,2.0,301.0,37.0,0.0,1.0,0.0,202304822093.0,30.0,7.0,3.0,3.0,10.0,1.0,4.0,53.0,1.0,3.0,1.0,1.0,0.0,12.0,1.0,0.0
370529,1,99,96.0,39.0,1.0,0.0,-99.0,37.0,155.0,42.0,55.0,4.0,16.0,1.0,1.0,4.0,20.0,7.0,8.0,0.0,9.0,0.0,7.0,37.0,1.0,42.0,1.0,0.0,5NPD84LF5HH0,2017.0,498.0,2735.0,13.0,55.0,Hyundai,35.0,4.0,1.0,0.0,0.0,90.0,7.0,0.0,0.0,12.0,6.0,42.0,0.0,0.0,1.0,37.0,28372.0,0.0,0.0,0.0,Not licensed,0.0,68.0,999.0,0.0,0.0,0.0,0.0,No Record,0.0,0.0,0.0,3.0,1.0,2.0,55.0,1.0,1.0,2.0,1.0,20.0,1.0,14.0,99.0,1.0,4.0,103.0,37.0,1.0,1.0,0.0,202305700999.0,12.0,6.0,7.0,0.0,1.0,1.0,4.0,17.0,2.0,0.0,1.0,20.0,0.0,55.0,1.0,0.0
370531,1,99,96.0,6.0,1.0,0.0,-99.0,37.0,165.0,12.0,20.0,15.0,14.0,1.0,1.0,1.0,20.0,7.0,20.0,0.0,9.0,996.0,0.0,37.0,2.0,12.0,3.0,0.0,1GNEC13Z43R2,2003.0,467.0,1852.0,7.0,20.0,Chevrolet,421.0,15.0,1.0,0.0,0.0,65.0,0.0,3.0,5.0,12.0,6.0,1.0,0.0,0.0,1.0,37.0,28352.0,0.0,0.0,0.0,Not licensed,0.0,70.0,999.0,0.0,0.0,0.0,0.0,No Record,0.0,0.0,0.0,3.0,1.0,2.0,45.0,1.0,1.0,2.0,1.0,0.0,1.0,13.0,99.0,1.0,4.0,202.0,37.0,0.0,1.0,0.0,202304713298.0,12.0,3.0,1.0,1.0,2.0,1.0,15.0,32.0,2.0,1.0,1.0,9.0,0.0,20.0,1.0,98.0
370532,1,99,96.0,51.0,1.0,0.0,-99.0,37.0,183.0,12.0,35.0,4.0,24.0,1.0,1.0,4.0,20.0,7.0,8.0,0.0,9.0,0.0,6.0,37.0,2.0,12.0,1.0,0.0,1N4AL3AP3GC1,2016.0,478.0,1904.0,13.0,35.0,Nissan/Datsun,47.0,4.0,1.0,0.0,0.0,50.0,0.0,0.0,0.0,12.0,6.0,12.0,0.0,0.0,1.0,37.0,27893.0,1.0,6.0,3.0,Valid license for this class vehicle,0.0,65.0,999.0,0.0,1.0,0.0,7.0,July,2020.0,7.0,2022.0,0.0,1.0,2.0,50.0,1.0,1.0,2.0,1.0,97.0,1.0,17.0,99.0,1.0,2.0,301.0,37.0,1.0,1.0,0.0,202305038208.0,12.0,5.0,4.0,0.0,1.0,1.0,4.0,30.0,2.0,0.0,1.0,20.0,0.0,35.0,1.0,0.0
370534,1,0,96.0,58.0,1.0,0.0,-99.0,37.0,183.0,12.0,37.0,5.0,41.0,2.0,1.0,2.0,3.0,0.0,8.0,0.0,0.0,996.0,0.0,37.0,2.0,12.0,2.0,0.0,SHHFK7H56JU4,2018.0,474.0,1863.0,5.0,37.0,Honda,31.0,5.0,1.0,0.0,0.0,45.0,0.0,0.0,0.0,12.0,6.0,12.0,0.0,0.0,1.0,37.0,27526.0,1.0,6.0,3.0,Valid license for this class vehicle,3.0,63.0,999.0,0.0,0.0,0.0,0.0,No Record,0.0,0.0,0.0,0.0,1.0,2.0,45.0,1.0,1.0,2.0,1.0,97.0,1.0,10.0,99.0,1.0,2.0,301.0,37.0,0.0,1.0,0.0,202304883484.0,11.0,6.0,3.0,0.0,1.0,1.0,5.0,26.0,1.0,0.0,1.0,1.0,0.0,37.0,1.0,0.0
370542,1,0,0.0,0.0,1.0,9995.0,-99.0,37.0,13.0,12.0,76.0,80.0,53.0,2.0,1.0,4.0,20.0,7.0,20.0,8.0,0.0,995.0,7.0,37.0,2.0,12.0,1.0,0.0,JYAVM01E65A0,2005.0,564.0,3305.0,82.0,76.0,Yamaha,705.0,80.0,1.0,0.0,0.0,5.0,7.0,8.0,8.0,12.0,4.0,12.0,0.0,0.0,1.0,37.0,27962.0,1.0,6.0,3.0,Valid license for this class vehicle,0.0,63.0,999.0,0.0,0.0,0.0,0.0,No Record,0.0,0.0,0.0,0.0,1.0,4.0,35.0,1.0,1.0,2.0,1.0,7.0,11.0,15.0,1.0,9.0,1.0,401.0,37.0,1.0,1.0,0.0,202304701507.0,34.0,4.0,1.0,1.0,1.0,1.0,80.0,66.0,1.0,1.0,1.0,20.0,8.0,76.0,1.0,99.0
370550,1,0,96.0,0.0,1.0,9995.0,-99.0,37.0,171.0,12.0,37.0,4.0,43.0,2.0,1.0,3.0,3.0,0.0,8.0,0.0,0.0,995.0,0.0,37.0,2.0,12.0,3.0,0.0,19XFC2F63KE0,2019.0,474.0,1863.0,13.0,37.0,Honda,31.0,4.0,1.0,0.0,0.0,55.0,0.0,0.0,0.0,12.0,6.0,12.0,0.0,0.0,1.0,37.0,27030.0,1.0,6.0,3.0,Valid license for this class vehicle,3.0,63.0,999.0,0.0,0.0,0.0,0.0,No Record,0.0,0.0,0.0,0.0,1.0,2.0,55.0,2.0,2.0,2.0,1.0,97.0,14.0,10.0,99.0,1.0,2.0,301.0,37.0,0.0,1.0,0.0,202305536927.0,12.0,7.0,10.0,2.0,1.0,1.0,4.0,65.0,1.0,0.0,1.0,20.0,0.0,37.0,2.0,0.0
370559,1,99,96.0,6.0,1.0,0.0,-99.0,37.0,51.0,12.0,35.0,34.0,38.0,1.0,1.0,4.0,20.0,7.0,8.0,0.0,1.0,0.0,7.0,37.0,2.0,12.0,1.0,0.0,1N6AD0ER0KN7,2019.0,478.0,1919.0,60.0,35.0,Nissan/Datsun,472.0,34.0,1.0,0.0,0.0,82.0,0.0,0.0,0.0,12.0,6.0,12.0,0.0,1.0,1.0,37.0,28303.0,1.0,6.0,3.0,Valid license for this class vehicle,0.0,69.0,999.0,0.0,2.0,2.0,7.0,July,2019.0,4.0,2021.0,4.0,5.0,5.0,45.0,1.0,1.0,2.0,2.0,0.0,1.0,10.0,99.0,1.0,2.0,301.0,37.0,1.0,1.0,0.0,202305616014.0,12.0,1.0,12.0,0.0,1.0,1.0,34.0,63.0,1.0,0.0,1.0,20.0,0.0,35.0,2.0,0.0
370561,1,9,96.0,36.0,1.0,9997.0,-99.0,37.0,83.0,34.0,20.0,4.0,35.0,2.0,1.0,4.0,20.0,7.0,20.0,1.0,1.0,995.0,7.0,37.0,1.0,34.0,1.0,0.0,2G1WB5E30E11,2014.0,467.0,13634.0,13.0,20.0,Chevrolet,2.0,4.0,1.0,0.0,0.0,70.0,7.0,3.0,5.0,12.0,6.0,32.0,0.0,1.0,1.0,37.0,27850.0,1.0,6.0,3.0,Valid license for this class vehicle,0.0,63.0,999.0,0.0,0.0,0.0,0.0,No Record,0.0,0.0,0.0,3.0,1.0,2.0,55.0,2.0,1.0,2.0,1.0,97.0,14.0,12.0,99.0,1.0,4.0,102.0,37.0,1.0,1.0,0.0,202305077812.0,12.0,6.0,6.0,1.0,1.0,1.0,4.0,19.0,1.0,0.0,1.0,20.0,0.0,20.0,1.0,98.0
370566,2,0,96.0,0.0,1.0,0.0,-99.0,37.0,21.0,12.0,35.0,14.0,30.0,2.0,1.0,2.0,3.0,0.0,8.0,0.0,0.0,996.0,0.0,37.0,2.0,12.0,1.0,0.0,5N1BT3BA8PC7,2023.0,478.0,1913.0,7.0,35.0,Nissan/Datsun,404.0,14.0,1.0,0.0,0.0,45.0,0.0,0.0,0.0,12.0,6.0,12.0,0.0,0.0,1.0,13.0,30076.0,1.0,3.0,2.0,No valid license for this class vehicle,0.0,999.0,999.0,0.0,0.0,0.0,0.0,No Record,0.0,0.0,0.0,0.0,2.0,4.0,45.0,1.0,1.0,2.0,1.0,0.0,1.0,17.0,99.0,1.0,1.0,302.0,37.0,0.0,1.0,0.0,202304992187.0,12.0,3.0,5.0,0.0,1.0,1.0,14.0,69.0,2.0,0.0,1.0,20.0,0.0,35.0,2.0,0.0