ST_CASE,VEH_NO_x,DRIMPAIR_x,DRDISTRACT,DRIVERRF,PER_NO_x,DRUGRES,DRUGACTQTY,STATE_x,COUNTY,HARM_EV_x,MAKE_x,BODY_TYP_x,AGE,SEX,PER_TYP_x,INJ_SEV,REST_USE,REST_MIS,AIR_BAG_x,EJECTION,DRINKING,ALC_RES,HISPANIC,STATE_y,VE_FORMS,HARM_EV_y,NUMOCCS,HIT_RUN,VIN,MOD_YEAR,VPICMAKE,VPICMODEL,VPICBODYCLASS,MAKE_y,MAKENAME,MODEL,BODY_TYP_y,HAZ_INV,HAZ_PLAC,HAZ_ID,TRAV_SP,UNDEROVERRIDE,ROLLOVER,ROLINLOC,IMPACT1,DEFORMED,M_HARM,FIRE_EXP,DR_DRINK,DR_PRES,L_STATE,DR_ZIP,L_TYPE,L_STATUS,L_COMPL,L_COMPLNAME,L_RESTRI,DR_HGT,DR_WGT,PREV_DWI,PREV_SPD,PREV_OTH,FIRST_MO,FIRST_MONAME,FIRST_YR,LAST_MO,LAST_YR,SPEEDREL,VTRAFWAY,VNUM_LAN,VSPD_LIM,VALIGN,VPROFILE,VPAVETYP,VSURCOND,VTRAFCON,P_CRASH1,P_CRASH2,P_CRASH3,PCRASH4,PCRASH5,ACC_CONFIG,STATE,RACE,ORDER,MULTRACE,CASENUM,HARM_EV,DAY_WEEK,MONTH,MAXSEV_IM,WEATHR_IM,PER_NO_y,BODY_TYP,AGE_IM,SEX_IM,INJSEV_IM,PER_TYP_y,AIR_BAG_y,EJECT_IM,MAKE,VEH_NO_y,DRIMPAIR_y
370584,1,0,96.0,0.0,1.0,0.0,-99.0,37.0,65.0,12.0,49.0,34.0,73.0,1.0,1.0,4.0,3.0,0.0,8.0,0.0,0.0,0.0,7.0,37.0,2.0,12.0,3.0,0.0,3TMCZ5AN4KM2,2019.0,448.0,2223.0,60.0,49.0,Toyota,472.0,34.0,1.0,0.0,0.0,3.0,0.0,3.0,1.0,9.0,6.0,12.0,0.0,0.0,1.0,37.0,27915.0,1.0,6.0,3.0,Valid license for this class vehicle,0.0,67.0,999.0,0.0,0.0,0.0,0.0,No Record,0.0,0.0,0.0,0.0,1.0,4.0,35.0,2.0,3.0,2.0,1.0,20.0,11.0,17.0,99.0,1.0,1.0,401.0,37.0,1.0,1.0,0.0,202304826312.0,12.0,2.0,3.0,0.0,1.0,1.0,34.0,21.0,1.0,0.0,1.0,20.0,0.0,49.0,1.0,0.0
370585,1,99,96.0,58.0,1.0,9999.0,-99.0,37.0,65.0,34.0,37.0,4.0,51.0,2.0,1.0,4.0,20.0,7.0,9.0,1.0,1.0,995.0,7.0,37.0,1.0,34.0,1.0,0.0,1HGCM56866A0,2006.0,474.0,1861.0,13.0,37.0,Honda,32.0,4.0,1.0,0.0,0.0,55.0,0.0,3.0,6.0,12.0,6.0,1.0,0.0,1.0,1.0,37.0,27822.0,1.0,6.0,3.0,Valid license for this class vehicle,0.0,60.0,999.0,0.0,0.0,0.0,0.0,No Record,0.0,0.0,0.0,0.0,1.0,2.0,55.0,2.0,1.0,2.0,1.0,97.0,14.0,12.0,99.0,1.0,4.0,102.0,37.0,1.0,1.0,0.0,202305546349.0,52.0,7.0,12.0,2.0,1.0,1.0,4.0,31.0,1.0,2.0,1.0,98.0,0.0,37.0,1.0,0.0
370587,1,0,96.0,28.0,1.0,0.0,-99.0,37.0,67.0,12.0,82.0,66.0,44.0,1.0,1.0,0.0,3.0,0.0,20.0,0.0,0.0,996.0,0.0,37.0,2.0,12.0,1.0,0.0,3AKJHHDR3LSL,2020.0,450.0,2501.0,66.0,82.0,Freightliner,881.0,66.0,1.0,0.0,0.0,65.0,0.0,0.0,0.0,1.0,2.0,12.0,0.0,0.0,1.0,4.0,85001.0,1.0,6.0,3.0,Valid license for this class vehicle,0.0,68.0,999.0,0.0,0.0,0.0,0.0,No Record,0.0,0.0,0.0,0.0,3.0,4.0,65.0,1.0,1.0,2.0,1.0,0.0,15.0,11.0,99.0,1.0,2.0,207.0,37.0,0.0,1.0,0.0,202305112506.0,12.0,7.0,7.0,0.0,1.0,1.0,66.0,58.0,2.0,0.0,1.0,20.0,0.0,82.0,2.0,98.0
370597,1,99,96.0,38.0,1.0,0.0,-99.0,37.0,81.0,12.0,55.0,4.0,61.0,2.0,1.0,4.0,3.0,0.0,9.0,0.0,1.0,40.0,7.0,37.0,2.0,12.0,1.0,0.0,5NPEB4AC5DH7,2013.0,498.0,2459.0,13.0,55.0,Hyundai,33.0,4.0,1.0,0.0,0.0,15.0,0.0,0.0,0.0,11.0,6.0,12.0,0.0,1.0,1.0,37.0,27407.0,1.0,6.0,3.0,Valid license for this class vehicle,0.0,63.0,999.0,0.0,0.0,0.0,0.0,No Record,0.0,0.0,0.0,0.0,1.0,2.0,30.0,1.0,1.0,2.0,2.0,20.0,11.0,15.0,99.0,1.0,1.0,408.0,37.0,1.0,1.0,0.0,202304908573.0,12.0,3.0,2.0,0.0,1.0,1.0,4.0,59.0,2.0,0.0,1.0,20.0,0.0,55.0,2.0,0.0
370597,2,9,96.0,6.0,1.0,0.0,-99.0,37.0,81.0,12.0,35.0,14.0,32.0,1.0,1.0,2.0,3.0,0.0,9.0,0.0,1.0,70.0,0.0,37.0,2.0,12.0,1.0,0.0,5N1AR18U66C6,2006.0,478.0,1911.0,7.0,35.0,Nissan/Datsun,401.0,14.0,1.0,0.0,0.0,50.0,0.0,0.0,0.0,12.0,6.0,12.0,0.0,1.0,1.0,37.0,27407.0,1.0,1.0,2.0,No valid license for this class vehicle,0.0,64.0,999.0,2.0,0.0,0.0,10.0,October,2020.0,2.0,2022.0,3.0,5.0,5.0,35.0,1.0,3.0,2.0,2.0,0.0,1.0,65.0,6.0,1.0,2.0,409.0,37.0,0.0,1.0,0.0,202305065268.0,12.0,5.0,6.0,0.0,1.0,1.0,14.0,49.0,2.0,0.0,1.0,20.0,0.0,35.0,2.0,0.0
370599,2,99,96.0,0.0,1.0,9995.0,-99.0,37.0,83.0,12.0,35.0,4.0,53.0,1.0,1.0,4.0,3.0,0.0,9.0,0.0,9.0,0.0,7.0,37.0,2.0,12.0,3.0,0.0,1N4AL3AP2GC2,2016.0,478.0,1904.0,13.0,35.0,Nissan/Datsun,47.0,4.0,1.0,0.0,0.0,60.0,0.0,0.0,0.0,12.0,6.0,12.0,0.0,0.0,1.0,37.0,27843.0,0.0,0.0,0.0,Not licensed,0.0,999.0,999.0,0.0,0.0,4.0,12.0,December,2021.0,2.0,2023.0,0.0,1.0,2.0,55.0,1.0,1.0,2.0,1.0,0.0,1.0,10.0,99.0,1.0,2.0,301.0,37.0,2.0,1.0,0.0,202304736684.0,54.0,4.0,2.0,0.0,1.0,1.0,4.0,27.0,2.0,0.0,1.0,20.0,0.0,35.0,4.0,0.0
370600,1,9,96.0,6.0,1.0,9999.0,-99.0,37.0,85.0,34.0,12.0,2.0,20.0,1.0,1.0,4.0,20.0,7.0,8.0,0.0,1.0,995.0,7.0,37.0,1.0,34.0,1.0,0.0,1ZVBP8AM0C52,2012.0,460.0,1781.0,3.0,12.0,Ford,3.0,2.0,1.0,0.0,0.0,80.0,7.0,0.0,0.0,12.0,2.0,42.0,0.0,1.0,1.0,37.0,27501.0,0.0,0.0,0.0,Not licensed,0.0,67.0,999.0,0.0,1.0,3.0,11.0,November,2021.0,7.0,2022.0,3.0,1.0,2.0,55.0,1.0,1.0,2.0,1.0,0.0,1.0,12.0,99.0,1.0,4.0,102.0,37.0,98.0,1.0,0.0,202304651428.0,12.0,2.0,1.0,1.0,1.0,1.0,2.0,43.0,1.0,1.0,1.0,8.0,0.0,12.0,1.0,98.0
370604,1,0,96.0,0.0,1.0,0.0,-99.0,37.0,93.0,42.0,49.0,4.0,55.0,2.0,1.0,4.0,20.0,7.0,8.0,1.0,0.0,996.0,7.0,37.0,1.0,42.0,1.0,0.0,2T1BU4EE6BC7,2011.0,448.0,2208.0,13.0,49.0,Toyota,32.0,4.0,1.0,0.0,0.0,70.0,7.0,0.0,0.0,12.0,6.0,42.0,0.0,0.0,1.0,37.0,28357.0,0.0,0.0,0.0,Not licensed,0.0,62.0,999.0,0.0,0.0,1.0,3.0,March,2022.0,4.0,2023.0,3.0,1.0,2.0,55.0,1.0,1.0,2.0,1.0,97.0,1.0,10.0,99.0,1.0,4.0,102.0,37.0,2.0,1.0,0.0,202305569824.0,8.0,4.0,11.0,2.0,1.0,1.0,4.0,74.0,1.0,0.0,1.0,20.0,0.0,49.0,1.0,0.0
370609,1,0,96.0,38.0,1.0,0.0,-99.0,37.0,101.0,12.0,37.0,4.0,43.0,1.0,1.0,0.0,3.0,0.0,20.0,0.0,0.0,996.0,0.0,37.0,2.0,12.0,4.0,0.0,2HGEJ6575WH5,1998.0,474.0,1863.0,13.0,37.0,Honda,31.0,4.0,1.0,0.0,0.0,10.0,7.0,0.0,0.0,10.0,6.0,12.0,0.0,0.0,1.0,37.0,27830.0,1.0,3.0,2.0,No valid license for this class vehicle,3.0,69.0,999.0,0.0,0.0,0.0,0.0,No Record,0.0,0.0,0.0,0.0,1.0,2.0,55.0,2.0,2.0,2.0,1.0,20.0,11.0,17.0,99.0,1.0,1.0,401.0,37.0,0.0,1.0,0.0,202305122218.0,12.0,3.0,6.0,4.0,1.0,1.0,4.0,43.0,1.0,0.0,1.0,20.0,0.0,37.0,1.0,0.0
370610,2,0,96.0,28.0,1.0,0.0,-99.0,37.0,101.0,12.0,49.0,4.0,33.0,2.0,1.0,0.0,3.0,0.0,20.0,0.0,0.0,996.0,0.0,37.0,2.0,12.0,1.0,0.0,4T1BE46K99U3,2009.0,448.0,2469.0,13.0,49.0,Toyota,40.0,4.0,1.0,0.0,0.0,50.0,7.0,0.0,0.0,5.0,2.0,12.0,0.0,0.0,1.0,37.0,27577.0,0.0,0.0,0.0,Not licensed,0.0,64.0,999.0,0.0,0.0,0.0,0.0,No Record,0.0,0.0,0.0,0.0,1.0,3.0,55.0,1.0,1.0,2.0,1.0,0.0,10.0,17.0,99.0,1.0,1.0,403.0,37.0,0.0,1.0,0.0,202304894405.0,12.0,5.0,4.0,0.0,2.0,1.0,4.0,27.0,1.0,0.0,1.0,20.0,0.0,49.0,1.0,0.0
370615,1,0,96.0,51.0,1.0,0.0,-99.0,37.0,107.0,12.0,49.0,4.0,23.0,1.0,1.0,0.0,3.0,0.0,8.0,0.0,0.0,996.0,0.0,37.0,2.0,12.0,1.0,0.0,4T1B11HK5KU2,2019.0,448.0,2469.0,13.0,49.0,Toyota,40.0,4.0,1.0,0.0,0.0,58.0,7.0,0.0,0.0,12.0,6.0,12.0,0.0,0.0,1.0,37.0,28525.0,1.0,6.0,3.0,Valid license for this class vehicle,0.0,66.0,999.0,0.0,1.0,1.0,2.0,February,2020.0,5.0,2023.0,0.0,1.0,2.0,55.0,2.0,1.0,2.0,1.0,97.0,14.0,10.0,99.0,1.0,2.0,301.0,37.0,0.0,1.0,0.0,202305140691.0,12.0,2.0,1.0,1.0,1.0,1.0,4.0,39.0,2.0,1.0,1.0,20.0,0.0,49.0,2.0,98.0
370626,1,0,96.0,38.0,1.0,9995.0,-99.0,37.0,133.0,12.0,35.0,4.0,59.0,2.0,1.0,4.0,3.0,0.0,9.0,0.0,0.0,0.0,7.0,37.0,2.0,12.0,1.0,0.0,1N4AL3AP0GC1,2016.0,478.0,1904.0,13.0,35.0,Nissan/Datsun,47.0,4.0,1.0,0.0,0.0,15.0,0.0,0.0,0.0,61.0,6.0,42.0,0.0,0.0,1.0,37.0,28540.0,1.0,6.0,3.0,Valid license for this class vehicle,0.0,62.0,999.0,0.0,0.0,1.0,9.0,September,2022.0,9.0,2022.0,0.0,5.0,5.0,45.0,1.0,1.0,2.0,1.0,20.0,11.0,15.0,99.0,1.0,1.0,414.0,37.0,1.0,1.0,0.0,202304898776.0,12.0,7.0,4.0,0.0,1.0,1.0,4.0,19.0,1.0,0.0,1.0,20.0,0.0,35.0,1.0,0.0
370636,1,0,96.0,38.0,1.0,0.0,-99.0,37.0,151.0,12.0,12.0,4.0,36.0,2.0,1.0,0.0,3.0,0.0,20.0,0.0,0.0,996.0,0.0,37.0,2.0,12.0,1.0,0.0,3FADP4BJ9KM1,2019.0,460.0,3267.0,13.0,12.0,Ford,32.0,4.0,1.0,0.0,0.0,5.0,7.0,0.0,0.0,11.0,6.0,12.0,0.0,0.0,1.0,37.0,27203.0,1.0,6.0,3.0,Valid license for this class vehicle,0.0,65.0,999.0,0.0,0.0,1.0,5.0,May,2019.0,5.0,2019.0,0.0,1.0,5.0,35.0,1.0,1.0,2.0,1.0,0.0,11.0,15.0,99.0,1.0,1.0,401.0,37.0,0.0,1.0,0.0,202304784991.0,12.0,4.0,3.0,0.0,2.0,1.0,4.0,23.0,2.0,0.0,1.0,20.0,0.0,12.0,2.0,0.0
370647,2,0,96.0,0.0,1.0,0.0,-99.0,37.0,161.0,12.0,55.0,4.0,63.0,1.0,1.0,3.0,2.0,0.0,8.0,0.0,0.0,996.0,0.0,37.0,2.0,12.0,1.0,0.0,5NPD84LF0HH0,2017.0,498.0,2735.0,13.0,55.0,Hyundai,35.0,4.0,1.0,0.0,0.0,50.0,0.0,0.0,0.0,1.0,6.0,12.0,0.0,0.0,1.0,45.0,29302.0,1.0,1.0,2.0,No valid license for this class vehicle,0.0,70.0,999.0,0.0,0.0,0.0,2.0,February,2023.0,2.0,2023.0,0.0,2.0,2.0,55.0,1.0,1.0,2.0,1.0,0.0,1.0,17.0,99.0,1.0,1.0,302.0,37.0,0.0,1.0,0.0,202304707900.0,12.0,5.0,1.0,2.0,1.0,1.0,4.0,59.0,2.0,2.0,1.0,9.0,0.0,55.0,2.0,98.0
370658,2,9,96.0,0.0,1.0,0.0,-99.0,37.0,183.0,12.0,14.0,4.0,47.0,1.0,1.0,4.0,3.0,0.0,20.0,0.0,1.0,180.0,7.0,37.0,2.0,12.0,1.0,0.0,2MEFM75W65X6,2005.0,465.0,1792.0,13.0,14.0,Mercury,6.0,4.0,1.0,0.0,0.0,50.0,0.0,0.0,0.0,12.0,6.0,12.0,0.0,1.0,1.0,37.0,27603.0,1.0,6.0,3.0,Valid license for this class vehicle,3.0,70.0,999.0,0.0,0.0,0.0,0.0,No Record,0.0,0.0,0.0,0.0,5.0,5.0,45.0,1.0,1.0,2.0,1.0,0.0,1.0,51.0,99.0,1.0,1.0,202.0,37.0,1.0,1.0,0.0,202305071534.0,45.0,2.0,6.0,4.0,1.0,1.0,4.0,35.0,1.0,4.0,1.0,20.0,0.0,14.0,2.0,9.0
370678,1,0,96.0,38.0,1.0,9995.0,-99.0,37.0,159.0,12.0,37.0,5.0,77.0,2.0,1.0,4.0,3.0,0.0,8.0,0.0,0.0,995.0,7.0,37.0,2.0,12.0,5.0,0.0,JHMGE8H34CC0,2012.0,474.0,2127.0,5.0,37.0,Honda,39.0,5.0,1.0,0.0,0.0,5.0,0.0,0.0,0.0,12.0,6.0,12.0,0.0,0.0,1.0,37.0,28083.0,1.0,6.0,3.0,Valid license for this class vehicle,0.0,62.0,999.0,0.0,0.0,0.0,11.0,November,2020.0,11.0,2020.0,0.0,1.0,2.0,55.0,1.0,2.0,2.0,1.0,20.0,11.0,15.0,99.0,1.0,1.0,414.0,37.0,1.0,1.0,0.0,202304930070.0,12.0,3.0,3.0,0.0,1.0,1.0,5.0,36.0,2.0,0.0,1.0,20.0,0.0,37.0,1.0,98.0
370688,1,10,96.0,51.0,1.0,0.0,-99.0,37.0,11.0,12.0,20.0,34.0,18.0,1.0,1.0,3.0,20.0,7.0,8.0,0.0,1.0,10.0,0.0,37.0,2.0,12.0,2.0,0.0,3GCUKREC1GG2,2016.0,467.0,1850.0,60.0,20.0,Chevrolet,481.0,34.0,1.0,0.0,0.0,55.0,0.0,0.0,0.0,12.0,6.0,38.0,0.0,1.0,1.0,37.0,28657.0,1.0,6.0,3.0,Valid license for this class vehicle,0.0,65.0,999.0,0.0,0.0,0.0,11.0,November,2022.0,11.0,2022.0,0.0,1.0,2.0,55.0,1.0,2.0,2.0,1.0,0.0,1.0,10.0,99.0,1.0,2.0,301.0,37.0,0.0,1.0,0.0,202304724398.0,12.0,7.0,1.0,0.0,4.0,1.0,34.0,65.0,1.0,0.0,1.0,20.0,0.0,20.0,2.0,0.0
370694,1,0,96.0,31.0,1.0,9995.0,-99.0,37.0,21.0,42.0,23.0,34.0,39.0,1.0,1.0,4.0,3.0,0.0,20.0,0.0,0.0,995.0,6.0,37.0,1.0,42.0,1.0,0.0,1GTCS1946X85,1999.0,472.0,11073.0,60.0,23.0,GMC,471.0,34.0,1.0,0.0,0.0,10.0,7.0,0.0,0.0,6.0,6.0,42.0,0.0,0.0,1.0,37.0,28715.0,1.0,6.0,3.0,Valid license for this class vehicle,3.0,67.0,999.0,0.0,0.0,0.0,5.0,May,2022.0,7.0,2023.0,0.0,1.0,2.0,45.0,1.0,1.0,2.0,1.0,97.0,13.0,20.0,99.0,1.0,4.0,992.0,37.0,98.0,1.0,0.0,202304936682.0,12.0,7.0,5.0,1.0,1.0,1.0,34.0,69.0,1.0,1.0,1.0,20.0,0.0,23.0,2.0,0.0
370700,1,10,96.0,36.0,1.0,9997.0,-99.0,37.0,35.0,38.0,49.0,34.0,69.0,1.0,1.0,4.0,20.0,7.0,1.0,0.0,9.0,995.0,7.0,37.0,1.0,38.0,1.0,0.0,5TBET34196S5,2006.0,448.0,2467.0,60.0,49.0,Toyota,482.0,34.0,1.0,0.0,0.0,70.0,7.0,0.0,0.0,14.0,6.0,42.0,0.0,0.0,1.0,37.0,28613.0,1.0,6.0,3.0,Valid license for this class vehicle,3.0,73.0,999.0,0.0,0.0,0.0,0.0,No Record,0.0,0.0,0.0,3.0,1.0,5.0,45.0,1.0,1.0,2.0,1.0,97.0,1.0,12.0,99.0,1.0,5.0,102.0,37.0,2.0,1.0,0.0,202304850301.0,12.0,7.0,3.0,1.0,1.0,1.0,34.0,26.0,1.0,1.0,1.0,20.0,0.0,49.0,1.0,98.0
370702,1,9,96.0,36.0,1.0,0.0,-99.0,37.0,45.0,12.0,55.0,4.0,29.0,1.0,1.0,3.0,3.0,0.0,8.0,0.0,1.0,0.0,0.0,37.0,2.0,12.0,1.0,0.0,5NPEC4AC5BH1,2011.0,498.0,2459.0,13.0,55.0,Hyundai,33.0,4.0,1.0,0.0,0.0,55.0,0.0,0.0,0.0,12.0,6.0,12.0,0.0,1.0,1.0,37.0,28152.0,1.0,3.0,2.0,No valid license for this class vehicle,0.0,71.0,999.0,0.0,5.0,0.0,5.0,May,2019.0,7.0,2020.0,0.0,1.0,2.0,55.0,1.0,1.0,2.0,1.0,97.0,1.0,10.0,99.0,1.0,2.0,301.0,37.0,0.0,1.0,0.0,202305345313.0,12.0,7.0,8.0,2.0,1.0,1.0,4.0,25.0,2.0,2.0,1.0,2.0,0.0,55.0,2.0,99.0
370702,2,9,96.0,0.0,1.0,0.0,-99.0,37.0,45.0,12.0,49.0,4.0,32.0,2.0,1.0,3.0,3.0,0.0,2.0,0.0,1.0,0.0,0.0,37.0,2.0,12.0,2.0,0.0,4T1BF1FK7CU6,2012.0,448.0,2469.0,13.0,49.0,Toyota,40.0,4.0,1.0,0.0,0.0,60.0,0.0,0.0,0.0,12.0,6.0,12.0,0.0,1.0,1.0,37.0,28152.0,1.0,1.0,2.0,No valid license for this class vehicle,0.0,60.0,999.0,1.0,0.0,0.0,9.0,September,2020.0,4.0,2023.0,0.0,1.0,2.0,55.0,1.0,1.0,2.0,1.0,97.0,1.0,17.0,99.0,1.0,1.0,302.0,37.0,0.0,1.0,0.0,202305699574.0,12.0,6.0,12.0,1.0,1.0,1.0,4.0,34.0,1.0,1.0,1.0,1.0,0.0,49.0,2.0,0.0
370703,1,98,96.0,36.0,1.0,0.0,-99.0,37.0,45.0,53.0,12.0,34.0,20.0,1.0,1.0,4.0,20.0,7.0,20.0,0.0,9.0,110.0,7.0,37.0,1.0,53.0,3.0,0.0,1FTRX17252NA,2002.0,460.0,1801.0,60.0,12.0,Ford,481.0,34.0,1.0,0.0,0.0,60.0,7.0,0.0,0.0,12.0,6.0,19.0,0.0,1.0,1.0,37.0,28152.0,1.0,6.0,3.0,Valid license for this class vehicle,0.0,70.0,999.0,0.0,1.0,1.0,6.0,June,2021.0,1.0,2023.0,3.0,1.0,2.0,35.0,3.0,1.0,2.0,1.0,0.0,14.0,12.0,99.0,5.0,4.0,101.0,37.0,2.0,1.0,0.0,202305300766.0,9.0,6.0,9.0,2.0,1.0,1.0,34.0,27.0,1.0,0.0,1.0,98.0,0.0,12.0,1.0,99.0
370713,1,0,96.0,0.0,1.0,9995.0,-99.0,37.0,63.0,12.0,72.0,80.0,39.0,1.0,1.0,4.0,20.0,7.0,20.0,8.0,0.0,995.0,7.0,37.0,2.0,12.0,1.0,0.0,1HD1KED12HB6,2017.0,3888.0,12624.0,81.0,72.0,Harley-Davidson,706.0,80.0,1.0,0.0,0.0,90.0,7.0,8.0,8.0,12.0,6.0,12.0,0.0,0.0,1.0,37.0,27704.0,1.0,6.0,3.0,Valid license for this class vehicle,0.0,70.0,999.0,0.0,2.0,1.0,2.0,February,2019.0,5.0,2020.0,3.0,3.0,2.0,60.0,1.0,1.0,2.0,1.0,0.0,1.0,51.0,99.0,1.0,1.0,202.0,37.0,2.0,1.0,0.0,202305647617.0,11.0,3.0,11.0,3.0,1.0,1.0,80.0,52.0,1.0,3.0,1.0,20.0,8.0,72.0,1.0,0.0
370713,2,0,96.0,0.0,1.0,9995.0,-99.0,37.0,63.0,12.0,49.0,4.0,31.0,2.0,1.0,0.0,3.0,0.0,20.0,0.0,0.0,995.0,0.0,37.0,2.0,12.0,1.0,0.0,4T1BE46K17U5,2007.0,448.0,2469.0,13.0,49.0,Toyota,40.0,4.0,1.0,0.0,0.0,60.0,7.0,0.0,0.0,6.0,7.0,12.0,0.0,0.0,1.0,37.0,27560.0,1.0,6.0,3.0,Valid license for this class vehicle,3.0,63.0,999.0,0.0,0.0,0.0,0.0,No Record,0.0,0.0,0.0,0.0,3.0,2.0,60.0,1.0,1.0,2.0,1.0,0.0,1.0,53.0,99.0,1.0,1.0,201.0,37.0,0.0,1.0,0.0,202305408702.0,12.0,2.0,11.0,1.0,1.0,1.0,4.0,40.0,2.0,0.0,1.0,20.0,0.0,49.0,3.0,0.0
370717,1,0,96.0,6.0,1.0,0.0,-99.0,37.0,65.0,34.0,63.0,4.0,23.0,1.0,1.0,4.0,3.0,0.0,8.0,0.0,0.0,996.0,6.0,37.0,1.0,34.0,1.0,0.0,3KPF24ADXNE4,2022.0,499.0,2462.0,13.0,63.0,KIA,38.0,4.0,1.0,0.0,0.0,100.0,7.0,0.0,0.0,12.0,6.0,42.0,0.0,0.0,1.0,37.0,27510.0,1.0,3.0,2.0,No valid license for this class vehicle,3.0,72.0,999.0,0.0,0.0,0.0,0.0,No Record,0.0,0.0,0.0,3.0,3.0,4.0,70.0,1.0,1.0,2.0,1.0,0.0,1.0,13.0,99.0,1.0,4.0,101.0,37.0,1.0,1.0,0.0,202304833995.0,12.0,6.0,3.0,2.0,2.0,1.0,4.0,26.0,2.0,2.0,1.0,9.0,0.0,63.0,2.0,0.0
370721,1,0,96.0,36.0,1.0,0.0,-99.0,37.0,71.0,12.0,53.0,80.0,25.0,1.0,1.0,4.0,20.0,7.0,20.0,8.0,0.0,0.0,7.0,37.0,2.0,12.0,1.0,0.0,JS1GR7KA8621,2006.0,509.0,13163.0,80.0,53.0,Suzuki,706.0,80.0,1.0,0.0,0.0,60.0,7.0,8.0,8.0,12.0,6.0,12.0,0.0,0.0,1.0,37.0,28054.0,1.0,6.0,3.0,Valid license for this class vehicle,0.0,69.0,999.0,0.0,1.0,1.0,1.0,January,2020.0,3.0,2023.0,3.0,1.0,4.0,35.0,2.0,2.0,2.0,1.0,0.0,14.0,17.0,99.0,1.0,1.0,202.0,37.0,1.0,1.0,0.0,202305465523.0,33.0,3.0,10.0,2.0,5.0,1.0,80.0,16.0,1.0,2.0,1.0,20.0,8.0,53.0,1.0,0.0
370723,1,99,96.0,6.0,1.0,9995.0,-99.0,37.0,71.0,12.0,20.0,2.0,28.0,2.0,1.0,4.0,20.0,7.0,8.0,1.0,0.0,40.0,7.0,37.0,3.0,12.0,1.0,0.0,1G1FD1RSXG01,2016.0,467.0,1829.0,3.0,20.0,Chevrolet,9.0,2.0,1.0,0.0,0.0,110.0,0.0,0.0,0.0,62.0,6.0,12.0,0.0,1.0,1.0,45.0,28277.0,1.0,1.0,2.0,No valid license for this class vehicle,0.0,61.0,999.0,0.0,0.0,0.0,7.0,July,2021.0,5.0,2023.0,3.0,3.0,4.0,60.0,1.0,1.0,2.0,1.0,0.0,1.0,10.0,99.0,1.0,2.0,208.0,37.0,2.0,1.0,0.0,202304711808.0,12.0,7.0,1.0,3.0,10.0,1.0,2.0,17.0,1.0,3.0,1.0,8.0,0.0,20.0,2.0,0.0
370724,1,0,96.0,36.0,1.0,0.0,-99.0,37.0,71.0,42.0,55.0,4.0,24.0,2.0,1.0,4.0,20.0,7.0,8.0,0.0,0.0,996.0,7.0,37.0,1.0,42.0,1.0,0.0,5NPLM4AG6NH0,2022.0,498.0,2735.0,13.0,55.0,Hyundai,35.0,4.0,1.0,0.0,0.0,60.0,7.0,0.0,0.0,12.0,6.0,42.0,1.0,0.0,1.0,37.0,28086.0,1.0,6.0,3.0,Valid license for this class vehicle,0.0,60.0,999.0,0.0,0.0,0.0,0.0,No Record,0.0,0.0,0.0,3.0,1.0,2.0,45.0,2.0,1.0,2.0,1.0,97.0,14.0,12.0,99.0,1.0,4.0,102.0,37.0,1.0,1.0,0.0,202304677435.0,12.0,7.0,1.0,0.0,1.0,1.0,4.0,72.0,1.0,0.0,1.0,20.0,0.0,55.0,1.0,0.0
370725,1,99,96.0,0.0,1.0,9995.0,-99.0,37.0,81.0,12.0,35.0,4.0,60.0,1.0,1.0,4.0,20.0,7.0,9.0,0.0,9.0,0.0,7.0,37.0,6.0,12.0,1.0,0.0,1N4AL3AP5FC2,2015.0,478.0,1904.0,13.0,35.0,Nissan/Datsun,47.0,4.0,1.0,0.0,0.0,56.0,0.0,0.0,0.0,12.0,6.0,12.0,0.0,0.0,1.0,37.0,27407.0,1.0,6.0,3.0,Valid license for this class vehicle,0.0,75.0,999.0,0.0,0.0,0.0,4.0,April,2020.0,4.0,2020.0,3.0,5.0,5.0,45.0,1.0,1.0,2.0,1.0,3.0,1.0,52.0,99.0,1.0,1.0,202.0,37.0,1.0,1.0,0.0,202305004219.0,12.0,2.0,4.0,0.0,1.0,1.0,4.0,35.0,1.0,0.0,1.0,98.0,0.0,35.0,1.0,0.0
370730,1,9,96.0,39.0,1.0,9997.0,-99.0,37.0,85.0,12.0,22.0,4.0,21.0,1.0,1.0,3.0,3.0,0.0,9.0,0.0,1.0,997.0,0.0,37.0,2.0,12.0,2.0,0.0,1G2ZG57B8941,2009.0,536.0,4263.0,13.0,22.0,Pontiac,22.0,4.0,1.0,0.0,0.0,60.0,0.0,0.0,0.0,12.0,6.0,12.0,0.0,1.0,1.0,37.0,28334.0,1.0,6.0,3.0,Valid license for this class vehicle,0.0,71.0,999.0,0.0,0.0,1.0,12.0,December,2021.0,12.0,2021.0,3.0,1.0,2.0,35.0,1.0,1.0,2.0,1.0,20.0,1.0,17.0,99.0,1.0,1.0,503.0,37.0,0.0,1.0,0.0,202304767263.0,12.0,6.0,2.0,3.0,1.0,1.0,4.0,20.0,1.0,3.0,1.0,9.0,0.0,22.0,3.0,98.0