ST_CASE,VEH_NO_x,DRIMPAIR_x,DRDISTRACT,DRIVERRF,PER_NO_x,DRUGRES,DRUGACTQTY,STATE_x,COUNTY,HARM_EV_x,MAKE_x,BODY_TYP_x,AGE,SEX,PER_TYP_x,INJ_SEV,REST_USE,REST_MIS,AIR_BAG_x,EJECTION,DRINKING,ALC_RES,HISPANIC,STATE_y,VE_FORMS,HARM_EV_y,NUMOCCS,HIT_RUN,VIN,MOD_YEAR,VPICMAKE,VPICMODEL,VPICBODYCLASS,MAKE_y,MAKENAME,MODEL,BODY_TYP_y,HAZ_INV,HAZ_PLAC,HAZ_ID,TRAV_SP,UNDEROVERRIDE,ROLLOVER,ROLINLOC,IMPACT1,DEFORMED,M_HARM,FIRE_EXP,DR_DRINK,DR_PRES,L_STATE,DR_ZIP,L_TYPE,L_STATUS,L_COMPL,L_COMPLNAME,L_RESTRI,DR_HGT,DR_WGT,PREV_DWI,PREV_SPD,PREV_OTH,FIRST_MO,FIRST_MONAME,FIRST_YR,LAST_MO,LAST_YR,SPEEDREL,VTRAFWAY,VNUM_LAN,VSPD_LIM,VALIGN,VPROFILE,VPAVETYP,VSURCOND,VTRAFCON,P_CRASH1,P_CRASH2,P_CRASH3,PCRASH4,PCRASH5,ACC_CONFIG,STATE,RACE,ORDER,MULTRACE,CASENUM,HARM_EV,DAY_WEEK,MONTH,MAXSEV_IM,WEATHR_IM,PER_NO_y,BODY_TYP,AGE_IM,SEX_IM,INJSEV_IM,PER_TYP_y,AIR_BAG_y,EJECT_IM,MAKE,VEH_NO_y,DRIMPAIR_y
370968,1,0,96.0,0.0,1.0,0.0,-99.0,37.0,183.0,12.0,86.0,63.0,31.0,1.0,1.0,0.0,3.0,0.0,20.0,0.0,0.0,996.0,0.0,37.0,7.0,12.0,1.0,0.0,1M2AG10C82M0,2002.0,490.0,9455.0,11.0,86.0,Mack,881.0,63.0,1.0,0.0,0.0,60.0,0.0,0.0,0.0,11.0,7.0,12.0,0.0,0.0,1.0,37.0,27610.0,1.0,6.0,3.0,Valid license for this class vehicle,0.0,67.0,999.0,0.0,0.0,1.0,11.0,November,2019.0,11.0,2019.0,0.0,3.0,2.0,70.0,1.0,1.0,2.0,2.0,0.0,98.0,12.0,6.0,1.0,4.0,998.0,37.0,0.0,1.0,0.0,202305291787.0,12.0,4.0,7.0,4.0,1.0,1.0,63.0,31.0,1.0,0.0,1.0,20.0,0.0,86.0,1.0,0.0
370968,2,0,96.0,6.0,1.0,0.0,-99.0,37.0,183.0,12.0,12.0,34.0,22.0,1.0,1.0,1.0,3.0,0.0,9.0,0.0,0.0,996.0,0.0,37.0,7.0,12.0,1.0,0.0,1FT7W2BT5DEB,2013.0,460.0,1805.0,60.0,12.0,Ford,481.0,34.0,1.0,0.0,0.0,70.0,0.0,0.0,0.0,12.0,6.0,12.0,0.0,0.0,1.0,37.0,27526.0,1.0,6.0,3.0,Valid license for this class vehicle,0.0,75.0,999.0,0.0,0.0,0.0,7.0,July,2019.0,3.0,2021.0,0.0,3.0,2.0,70.0,1.0,1.0,2.0,2.0,0.0,1.0,50.0,99.0,1.0,1.0,202.0,37.0,0.0,1.0,0.0,202305291787.0,12.0,4.0,7.0,4.0,1.0,1.0,34.0,22.0,1.0,1.0,1.0,9.0,0.0,12.0,2.0,0.0
370968,3,0,96.0,0.0,1.0,9999.0,-99.0,37.0,183.0,12.0,63.0,20.0,81.0,1.0,1.0,4.0,3.0,0.0,8.0,0.0,0.0,995.0,7.0,37.0,7.0,12.0,2.0,0.0,KNDMB5C19H62,2017.0,499.0,2740.0,2.0,63.0,KIA,441.0,20.0,1.0,0.0,0.0,0.0,0.0,0.0,0.0,6.0,6.0,12.0,0.0,0.0,1.0,37.0,27509.0,1.0,6.0,3.0,Valid license for this class vehicle,0.0,68.0,999.0,0.0,0.0,0.0,0.0,No Record,0.0,0.0,0.0,0.0,3.0,2.0,70.0,1.0,1.0,2.0,2.0,0.0,5.0,53.0,1.0,1.0,1.0,201.0,37.0,1.0,1.0,0.0,202305291787.0,12.0,4.0,7.0,4.0,1.0,1.0,20.0,81.0,1.0,4.0,1.0,8.0,0.0,63.0,3.0,0.0
370971,1,0,96.0,38.0,1.0,0.0,-99.0,37.0,67.0,12.0,49.0,34.0,54.0,1.0,1.0,0.0,3.0,0.0,20.0,0.0,0.0,996.0,0.0,37.0,2.0,12.0,1.0,0.0,3TYCZ5ANXPT1,2023.0,448.0,2223.0,60.0,49.0,Toyota,472.0,34.0,1.0,0.0,0.0,5.0,7.0,0.0,0.0,82.0,7.0,12.0,0.0,0.0,1.0,37.0,27040.0,1.0,6.0,3.0,Valid license for this class vehicle,0.0,70.0,999.0,0.0,0.0,0.0,0.0,No Record,0.0,0.0,0.0,0.0,1.0,2.0,50.0,1.0,1.0,2.0,1.0,3.0,11.0,15.0,99.0,1.0,1.0,401.0,37.0,0.0,1.0,0.0,202304738118.0,12.0,6.0,2.0,3.0,1.0,1.0,34.0,40.0,1.0,3.0,1.0,8.0,0.0,49.0,2.0,0.0
370986,1,99,96.0,58.0,1.0,9997.0,-99.0,37.0,25.0,12.0,49.0,20.0,19.0,1.0,1.0,3.0,20.0,7.0,8.0,0.0,9.0,997.0,0.0,37.0,3.0,12.0,5.0,0.0,5TDZK22C99S2,2009.0,448.0,2468.0,2.0,49.0,Toyota,442.0,20.0,1.0,0.0,0.0,55.0,0.0,0.0,0.0,4.0,6.0,12.0,0.0,0.0,1.0,37.0,28128.0,1.0,1.0,2.0,No valid license for this class vehicle,0.0,999.0,999.0,0.0,1.0,4.0,4.0,April,2021.0,3.0,2023.0,0.0,1.0,4.0,55.0,1.0,2.0,2.0,1.0,0.0,1.0,10.0,16.0,2.0,2.0,301.0,37.0,0.0,1.0,0.0,202304793382.0,12.0,7.0,3.0,0.0,1.0,1.0,20.0,35.0,2.0,0.0,1.0,20.0,0.0,49.0,2.0,0.0
370988,1,96,96.0,51.0,1.0,9997.0,-99.0,37.0,193.0,12.0,7.0,34.0,48.0,1.0,1.0,3.0,20.0,7.0,1.0,0.0,9.0,997.0,0.0,37.0,2.0,12.0,1.0,0.0,1D7HU18D44S5,2004.0,476.0,1938.0,60.0,7.0,Dodge,482.0,34.0,1.0,0.0,0.0,55.0,2.0,0.0,0.0,12.0,6.0,12.0,0.0,0.0,1.0,37.0,27017.0,1.0,1.0,2.0,No valid license for this class vehicle,0.0,71.0,999.0,0.0,0.0,1.0,7.0,July,2020.0,7.0,2020.0,0.0,1.0,2.0,55.0,1.0,1.0,2.0,1.0,97.0,1.0,10.0,99.0,1.0,2.0,301.0,37.0,0.0,1.0,0.0,202305076373.0,12.0,1.0,6.0,2.0,1.0,1.0,34.0,22.0,1.0,0.0,1.0,20.0,0.0,7.0,1.0,0.0
370990,2,0,96.0,36.0,1.0,0.0,-99.0,37.0,35.0,12.0,98.0,97.0,59.0,1.0,1.0,4.0,20.0,7.0,20.0,1.0,0.0,996.0,7.0,37.0,2.0,12.0,1.0,0.0,0,2012.0,99997.0,99997.0,997.0,98.0,Other Make,998.0,97.0,1.0,0.0,0.0,5.0,0.0,0.0,0.0,6.0,6.0,12.0,0.0,0.0,1.0,37.0,28601.0,1.0,1.0,1.0,No license required for this class vehicle,0.0,72.0,999.0,0.0,0.0,0.0,3.0,March,2022.0,3.0,2022.0,0.0,1.0,2.0,45.0,1.0,2.0,2.0,1.0,97.0,1.0,17.0,99.0,1.0,2.0,201.0,37.0,1.0,1.0,0.0,202304636966.0,43.0,1.0,1.0,2.0,1.0,1.0,83.0,49.0,1.0,2.0,1.0,20.0,8.0,73.0,1.0,98.0
370992,1,0,96.0,39.0,1.0,0.0,-99.0,37.0,105.0,42.0,12.0,5.0,31.0,1.0,1.0,0.0,3.0,0.0,8.0,0.0,0.0,996.0,0.0,37.0,1.0,42.0,2.0,0.0,1FAHP3K28CL4,2012.0,460.0,1779.0,5.0,12.0,Ford,37.0,5.0,1.0,0.0,0.0,55.0,7.0,0.0,0.0,12.0,6.0,42.0,0.0,0.0,1.0,37.0,27330.0,1.0,6.0,3.0,Valid license for this class vehicle,3.0,67.0,999.0,0.0,1.0,3.0,10.0,October,2019.0,7.0,2023.0,0.0,1.0,2.0,55.0,1.0,1.0,2.0,1.0,20.0,1.0,14.0,99.0,1.0,4.0,103.0,37.0,0.0,1.0,0.0,202304890195.0,12.0,3.0,3.0,0.0,1.0,1.0,5.0,24.0,1.0,0.0,1.0,8.0,0.0,12.0,2.0,0.0
370998,2,0,96.0,0.0,1.0,0.0,-99.0,37.0,119.0,12.0,37.0,4.0,25.0,2.0,1.0,1.0,3.0,0.0,20.0,0.0,0.0,996.0,0.0,37.0,2.0,12.0,1.0,0.0,1HGCG5649WA1,1998.0,474.0,1861.0,13.0,37.0,Honda,32.0,4.0,1.0,0.0,0.0,998.0,0.0,0.0,0.0,61.0,7.0,12.0,0.0,0.0,1.0,37.0,28208.0,1.0,6.0,3.0,Valid license for this class vehicle,3.0,62.0,999.0,0.0,0.0,0.0,0.0,No Record,0.0,0.0,0.0,0.0,1.0,5.0,45.0,1.0,1.0,2.0,1.0,20.0,11.0,15.0,99.0,1.0,1.0,414.0,37.0,0.0,1.0,0.0,202305192341.0,33.0,3.0,5.0,0.0,1.0,1.0,4.0,46.0,1.0,0.0,1.0,98.0,0.0,37.0,1.0,99.0
371006,2,0,96.0,0.0,1.0,0.0,-99.0,37.0,125.0,12.0,63.0,4.0,57.0,1.0,1.0,2.0,3.0,0.0,8.0,0.0,0.0,996.0,0.0,37.0,2.0,12.0,3.0,0.0,3KPF34AD2ME3,2021.0,499.0,2462.0,13.0,63.0,KIA,38.0,4.0,1.0,0.0,0.0,45.0,0.0,0.0,0.0,12.0,6.0,12.0,0.0,0.0,1.0,37.0,28387.0,1.0,1.0,2.0,No valid license for this class vehicle,0.0,68.0,999.0,0.0,0.0,0.0,0.0,No Record,0.0,0.0,0.0,0.0,2.0,5.0,45.0,1.0,1.0,2.0,2.0,0.0,1.0,17.0,99.0,1.0,1.0,302.0,37.0,0.0,1.0,0.0,202305331046.0,12.0,6.0,10.0,0.0,1.0,1.0,4.0,65.0,2.0,0.0,1.0,20.0,0.0,63.0,2.0,0.0
371007,2,0,96.0,0.0,1.0,0.0,-99.0,37.0,125.0,12.0,35.0,15.0,45.0,2.0,1.0,0.0,3.0,0.0,1.0,0.0,0.0,996.0,0.0,37.0,3.0,12.0,3.0,0.0,5N1BA0NF1AN6,2010.0,478.0,1915.0,7.0,35.0,Nissan/Datsun,421.0,15.0,1.0,0.0,0.0,20.0,0.0,0.0,0.0,6.0,6.0,12.0,0.0,0.0,1.0,37.0,27331.0,1.0,6.0,3.0,Valid license for this class vehicle,3.0,66.0,999.0,0.0,0.0,0.0,0.0,No Record,0.0,0.0,0.0,0.0,1.0,5.0,45.0,1.0,2.0,2.0,1.0,0.0,1.0,17.0,99.0,1.0,1.0,201.0,37.0,0.0,1.0,0.0,202304831171.0,12.0,6.0,3.0,0.0,1.0,1.0,15.0,34.0,2.0,0.0,1.0,20.0,0.0,35.0,2.0,98.0
371026,1,99,96.0,36.0,1.0,9999.0,-99.0,37.0,21.0,42.0,7.0,2.0,32.0,2.0,1.0,4.0,20.0,7.0,8.0,0.0,9.0,999.0,7.0,37.0,1.0,42.0,2.0,0.0,2C3CDZFJ8MH5,2021.0,476.0,1893.0,13.0,7.0,Dodge,28.0,2.0,1.0,0.0,0.0,95.0,7.0,0.0,0.0,12.0,6.0,42.0,0.0,0.0,1.0,37.0,28792.0,1.0,1.0,2.0,No valid license for this class vehicle,0.0,63.0,999.0,1.0,0.0,0.0,8.0,August,2019.0,3.0,2021.0,3.0,1.0,2.0,25.0,1.0,2.0,2.0,1.0,0.0,1.0,12.0,16.0,2.0,4.0,102.0,37.0,2.0,1.0,0.0,202304774181.0,8.0,1.0,1.0,4.0,1.0,1.0,2.0,52.0,2.0,0.0,1.0,98.0,0.0,7.0,1.0,98.0
371028,2,0,96.0,0.0,1.0,0.0,-99.0,37.0,25.0,12.0,55.0,4.0,31.0,2.0,1.0,3.0,20.0,7.0,1.0,0.0,0.0,996.0,0.0,37.0,2.0,12.0,3.0,0.0,5NPD84LF3KH4,2019.0,498.0,2735.0,13.0,55.0,Hyundai,35.0,4.0,1.0,0.0,0.0,45.0,0.0,0.0,0.0,12.0,6.0,12.0,0.0,0.0,1.0,37.0,28025.0,1.0,6.0,3.0,Valid license for this class vehicle,0.0,64.0,999.0,0.0,0.0,0.0,9.0,September,2020.0,9.0,2020.0,0.0,1.0,2.0,45.0,3.0,2.0,2.0,1.0,97.0,14.0,62.0,1.0,1.0,2.0,302.0,37.0,0.0,1.0,0.0,202305505986.0,12.0,6.0,10.0,0.0,1.0,1.0,4.0,72.0,1.0,0.0,1.0,20.0,0.0,55.0,2.0,0.0
371036,2,99,96.0,0.0,1.0,9999.0,-99.0,37.0,179.0,12.0,12.0,15.0,57.0,2.0,1.0,4.0,3.0,0.0,8.0,0.0,9.0,995.0,7.0,37.0,2.0,12.0,1.0,0.0,2FMPK3J98LBA,2020.0,460.0,1797.0,7.0,12.0,Ford,424.0,15.0,1.0,0.0,0.0,55.0,0.0,0.0,0.0,12.0,6.0,12.0,0.0,0.0,1.0,37.0,28104.0,1.0,6.0,3.0,Valid license for this class vehicle,0.0,67.0,999.0,0.0,0.0,0.0,0.0,No Record,0.0,0.0,0.0,0.0,1.0,2.0,55.0,1.0,1.0,2.0,1.0,0.0,1.0,10.0,99.0,1.0,2.0,301.0,37.0,1.0,1.0,0.0,202305195369.0,12.0,6.0,8.0,0.0,1.0,1.0,15.0,54.0,2.0,0.0,1.0,20.0,0.0,12.0,2.0,0.0
371037,1,0,96.0,38.0,1.0,9999.0,-99.0,37.0,173.0,12.0,12.0,14.0,82.0,1.0,1.0,4.0,3.0,0.0,8.0,0.0,0.0,995.0,7.0,37.0,2.0,12.0,2.0,0.0,1FMCU0F77JUB,2018.0,460.0,1798.0,7.0,12.0,Ford,402.0,14.0,1.0,0.0,0.0,10.0,0.0,0.0,0.0,11.0,6.0,12.0,0.0,0.0,1.0,45.0,29642.0,1.0,6.0,3.0,Valid license for this class vehicle,3.0,71.0,999.0,0.0,0.0,0.0,0.0,No Record,0.0,0.0,0.0,0.0,0.0,0.0,0.0,0.0,0.0,0.0,0.0,97.0,10.0,16.0,99.0,1.0,1.0,412.0,37.0,1.0,1.0,0.0,202304877499.0,12.0,7.0,4.0,3.0,1.0,1.0,14.0,81.0,1.0,3.0,1.0,8.0,0.0,12.0,1.0,98.0
371051,2,99,96.0,34.0,1.0,9995.0,-99.0,37.0,105.0,12.0,12.0,4.0,19.0,2.0,1.0,3.0,3.0,0.0,8.0,0.0,9.0,995.0,0.0,37.0,2.0,12.0,3.0,0.0,3FAHP08178R2,2008.0,460.0,1780.0,13.0,12.0,Ford,23.0,4.0,1.0,0.0,0.0,65.0,0.0,3.0,1.0,1.0,6.0,1.0,0.0,0.0,1.0,37.0,27330.0,1.0,6.0,3.0,Valid license for this class vehicle,3.0,64.0,999.0,0.0,1.0,0.0,6.0,June,2023.0,6.0,2023.0,0.0,1.0,2.0,55.0,1.0,1.0,2.0,1.0,0.0,6.0,51.0,99.0,1.0,2.0,416.0,37.0,0.0,1.0,0.0,202304668130.0,12.0,7.0,1.0,3.0,1.0,1.0,4.0,33.0,1.0,3.0,1.0,1.0,0.0,12.0,2.0,0.0
371053,1,0,96.0,38.0,1.0,9995.0,-99.0,37.0,157.0,12.0,49.0,4.0,24.0,1.0,1.0,0.0,3.0,0.0,20.0,0.0,0.0,995.0,0.0,37.0,2.0,12.0,1.0,0.0,1NXBR32E17Z8,2007.0,448.0,2208.0,13.0,49.0,Toyota,32.0,4.0,1.0,0.0,0.0,7.0,7.0,0.0,0.0,63.0,6.0,12.0,0.0,0.0,1.0,37.0,27288.0,1.0,6.0,3.0,Valid license for this class vehicle,3.0,63.0,999.0,0.0,0.0,1.0,6.0,June,2021.0,6.0,2021.0,0.0,0.0,0.0,0.0,0.0,0.0,0.0,0.0,0.0,11.0,15.0,99.0,1.0,1.0,414.0,37.0,0.0,1.0,0.0,202305259565.0,12.0,6.0,9.0,0.0,1.0,1.0,4.0,65.0,2.0,0.0,1.0,20.0,0.0,49.0,1.0,98.0
371055,1,99,96.0,51.0,1.0,9995.0,-99.0,37.0,183.0,12.0,37.0,14.0,42.0,1.0,1.0,4.0,3.0,0.0,8.0,0.0,9.0,310.0,7.0,37.0,3.0,12.0,1.0,0.0,7FART6H95LE0,2020.0,474.0,1865.0,7.0,37.0,Honda,402.0,14.0,1.0,0.0,0.0,70.0,0.0,3.0,5.0,12.0,6.0,12.0,0.0,1.0,1.0,37.0,27603.0,1.0,6.0,3.0,Valid license for this class vehicle,0.0,69.0,999.0,0.0,0.0,0.0,0.0,No Record,0.0,0.0,0.0,0.0,1.0,2.0,55.0,1.0,1.0,2.0,2.0,97.0,6.0,54.0,99.0,1.0,2.0,413.0,37.0,1.0,1.0,0.0,202305334837.0,12.0,1.0,8.0,4.0,2.0,1.0,14.0,42.0,1.0,4.0,1.0,8.0,0.0,37.0,1.0,99.0
371056,2,0,96.0,0.0,1.0,9995.0,-99.0,37.0,21.0,12.0,37.0,20.0,66.0,1.0,1.0,2.0,3.0,0.0,8.0,0.0,0.0,995.0,0.0,37.0,3.0,12.0,2.0,0.0,5FNRL6H97PB0,2023.0,474.0,1869.0,2.0,37.0,Honda,441.0,20.0,1.0,0.0,0.0,60.0,0.0,0.0,0.0,12.0,6.0,24.0,0.0,0.0,1.0,37.0,27863.0,1.0,6.0,3.0,Valid license for this class vehicle,3.0,68.0,999.0,0.0,0.0,0.0,0.0,No Record,0.0,0.0,0.0,0.0,3.0,3.0,60.0,1.0,1.0,2.0,1.0,0.0,1.0,54.0,6.0,1.0,1.0,302.0,37.0,0.0,1.0,0.0,202305296155.0,12.0,3.0,8.0,0.0,1.0,1.0,20.0,36.0,2.0,0.0,1.0,20.0,0.0,37.0,1.0,0.0
371057,1,0,96.0,38.0,1.0,9997.0,-99.0,37.0,25.0,12.0,49.0,4.0,32.0,1.0,1.0,0.0,3.0,0.0,20.0,0.0,0.0,997.0,0.0,37.0,3.0,12.0,1.0,0.0,2T1BR12E81C4,2001.0,448.0,2208.0,13.0,49.0,Toyota,32.0,4.0,1.0,0.0,0.0,15.0,0.0,0.0,0.0,81.0,6.0,12.0,0.0,0.0,1.0,37.0,28027.0,0.0,0.0,0.0,Not licensed,0.0,999.0,999.0,0.0,0.0,0.0,0.0,No Record,0.0,0.0,0.0,0.0,2.0,3.0,45.0,1.0,2.0,2.0,1.0,0.0,11.0,15.0,99.0,1.0,1.0,401.0,37.0,0.0,1.0,0.0,202305753041.0,12.0,2.0,10.0,0.0,1.0,1.0,4.0,17.0,2.0,0.0,1.0,20.0,0.0,49.0,1.0,0.0
371073,1,99,96.0,58.0,1.0,9999.0,-99.0,37.0,37.0,42.0,55.0,4.0,41.0,2.0,1.0,4.0,20.0,7.0,8.0,0.0,9.0,995.0,7.0,37.0,1.0,42.0,1.0,0.0,5NPDH4AE5DH2,2013.0,498.0,2735.0,13.0,55.0,Hyundai,35.0,4.0,1.0,0.0,0.0,70.0,7.0,0.0,0.0,12.0,6.0,2.0,1.0,0.0,1.0,37.0,28315.0,1.0,6.0,3.0,Valid license for this class vehicle,0.0,66.0,999.0,0.0,0.0,0.0,11.0,November,2022.0,11.0,2022.0,0.0,3.0,2.0,65.0,1.0,1.0,2.0,1.0,0.0,1.0,13.0,99.0,1.0,4.0,101.0,37.0,2.0,1.0,0.0,202304846070.0,25.0,3.0,1.0,1.0,1.0,1.0,4.0,17.0,1.0,0.0,1.0,1.0,0.0,55.0,1.0,0.0
371075,1,99,96.0,6.0,1.0,9999.0,-99.0,37.0,45.0,42.0,37.0,4.0,36.0,2.0,1.0,4.0,99.0,7.0,99.0,0.0,9.0,995.0,7.0,37.0,1.0,42.0,1.0,0.0,1HGCV1F36KA0,2019.0,474.0,1861.0,13.0,37.0,Honda,32.0,4.0,1.0,0.0,0.0,75.0,7.0,0.0,0.0,12.0,6.0,42.0,0.0,0.0,1.0,37.0,28150.0,1.0,6.0,3.0,Valid license for this class vehicle,0.0,68.0,999.0,0.0,1.0,1.0,6.0,June,2021.0,9.0,2023.0,3.0,1.0,2.0,55.0,2.0,2.0,2.0,1.0,97.0,14.0,12.0,99.0,1.0,4.0,102.0,37.0,1.0,1.0,0.0,202304913751.0,12.0,7.0,5.0,0.0,1.0,1.0,4.0,28.0,2.0,0.0,1.0,3.0,0.0,37.0,2.0,0.0
371099,1,99,96.0,36.0,1.0,9997.0,-99.0,37.0,81.0,32.0,7.0,4.0,27.0,1.0,1.0,4.0,3.0,0.0,8.0,0.0,1.0,997.0,7.0,37.0,1.0,32.0,1.0,0.0,2C3CDXGJ9KH5,2019.0,476.0,1895.0,13.0,7.0,Dodge,24.0,4.0,1.0,0.0,0.0,111.0,7.0,0.0,0.0,12.0,6.0,2.0,1.0,1.0,1.0,37.0,27105.0,1.0,6.0,3.0,Valid license for this class vehicle,0.0,69.0,999.0,0.0,1.0,0.0,6.0,June,2021.0,10.0,2022.0,3.0,3.0,4.0,65.0,1.0,1.0,2.0,1.0,0.0,1.0,13.0,99.0,1.0,4.0,101.0,37.0,2.0,1.0,0.0,202305532364.0,12.0,4.0,11.0,1.0,1.0,1.0,4.0,21.0,2.0,0.0,1.0,20.0,0.0,7.0,2.0,0.0
371105,2,0,96.0,6.0,1.0,0.0,-99.0,37.0,97.0,12.0,12.0,4.0,46.0,1.0,1.0,4.0,3.0,0.0,8.0,0.0,0.0,996.0,7.0,37.0,2.0,12.0,1.0,0.0,3FADP4AJ7JM1,2018.0,460.0,3267.0,13.0,12.0,Ford,32.0,4.0,1.0,0.0,0.0,65.0,1.0,0.0,0.0,12.0,6.0,12.0,0.0,0.0,1.0,37.0,28655.0,1.0,6.0,3.0,Valid license for this class vehicle,0.0,71.0,999.0,0.0,0.0,0.0,0.0,No Record,0.0,0.0,0.0,0.0,3.0,4.0,65.0,1.0,1.0,2.0,1.0,0.0,1.0,17.0,99.0,1.0,1.0,202.0,37.0,1.0,1.0,0.0,202305134541.0,12.0,5.0,5.0,0.0,2.0,1.0,4.0,52.0,1.0,0.0,1.0,20.0,0.0,12.0,1.0,0.0
371115,1,0,96.0,38.0,1.0,9995.0,-99.0,37.0,45.0,12.0,18.0,4.0,88.0,1.0,1.0,2.0,3.0,0.0,8.0,0.0,0.0,995.0,0.0,37.0,2.0,12.0,3.0,0.0,1G4PR5SK9F41,2015.0,468.0,1823.0,13.0,18.0,Buick / Opel,25.0,4.0,1.0,0.0,0.0,10.0,0.0,0.0,0.0,11.0,6.0,12.0,0.0,0.0,1.0,39.0,45373.0,1.0,6.0,3.0,Valid license for this class vehicle,3.0,75.0,999.0,0.0,1.0,0.0,4.0,April,2023.0,4.0,2023.0,0.0,1.0,2.0,55.0,4.0,1.0,2.0,1.0,97.0,11.0,15.0,99.0,1.0,1.0,414.0,37.0,0.0,1.0,0.0,202305368180.0,12.0,4.0,11.0,0.0,1.0,1.0,4.0,21.0,1.0,0.0,1.0,20.0,0.0,18.0,1.0,0.0
371122,2,0,96.0,36.0,1.0,0.0,-99.0,37.0,69.0,14.0,49.0,34.0,44.0,1.0,1.0,4.0,20.0,7.0,20.0,0.0,0.0,996.0,7.0,37.0,1.0,14.0,1.0,0.0,3TMLU42N69M0,2009.0,448.0,2223.0,60.0,49.0,Toyota,472.0,34.0,1.0,0.0,0.0,100.0,1.0,0.0,0.0,12.0,6.0,14.0,0.0,0.0,1.0,37.0,27587.0,1.0,6.0,3.0,Valid license for this class vehicle,0.0,66.0,999.0,0.0,0.0,0.0,0.0,No Record,0.0,0.0,0.0,3.0,2.0,2.0,60.0,1.0,1.0,2.0,1.0,0.0,1.0,13.0,99.0,1.0,4.0,101.0,37.0,1.0,1.0,0.0,202305634400.0,12.0,6.0,8.0,2.0,1.0,1.0,34.0,66.0,1.0,0.0,1.0,20.0,0.0,49.0,2.0,0.0
371137,1,0,0.0,6.0,1.0,9999.0,-99.0,37.0,129.0,12.0,37.0,80.0,25.0,1.0,1.0,4.0,20.0,7.0,20.0,8.0,9.0,995.0,7.0,37.0,2.0,12.0,1.0,0.0,JH2SC59018M0,2008.0,474.0,11975.0,80.0,37.0,Honda,706.0,80.0,1.0,0.0,0.0,80.0,7.0,8.0,8.0,12.0,6.0,12.0,0.0,0.0,1.0,37.0,28412.0,1.0,6.0,3.0,Valid license for this class vehicle,0.0,67.0,999.0,0.0,2.0,0.0,5.0,May,2019.0,7.0,2021.0,3.0,1.0,6.0,45.0,1.0,1.0,2.0,1.0,3.0,1.0,62.0,99.0,1.0,2.0,402.0,37.0,1.0,1.0,0.0,202305264945.0,12.0,4.0,9.0,3.0,1.0,1.0,80.0,35.0,1.0,3.0,1.0,20.0,8.0,37.0,1.0,98.0
371140,1,0,0.0,0.0,1.0,9995.0,-99.0,37.0,125.0,12.0,49.0,14.0,21.0,2.0,1.0,4.0,3.0,0.0,8.0,0.0,0.0,0.0,7.0,37.0,2.0,12.0,1.0,0.0,JTEBU14R3400,2004.0,448.0,2216.0,7.0,49.0,Toyota,401.0,14.0,1.0,0.0,0.0,25.0,0.0,3.0,1.0,81.0,6.0,24.0,0.0,0.0,1.0,37.0,28326.0,1.0,6.0,3.0,Valid license for this class vehicle,0.0,64.0,999.0,0.0,0.0,1.0,3.0,March,2020.0,10.0,2020.0,0.0,3.0,2.0,60.0,1.0,1.0,2.0,1.0,0.0,11.0,15.0,99.0,1.0,1.0,401.0,37.0,1.0,1.0,0.0,202304902085.0,12.0,2.0,5.0,0.0,1.0,1.0,14.0,17.0,1.0,0.0,1.0,20.0,0.0,49.0,2.0,0.0
371142,1,99,0.0,0.0,1.0,9999.0,-99.0,37.0,141.0,12.0,37.0,4.0,22.0,2.0,1.0,4.0,3.0,0.0,8.0,0.0,9.0,995.0,6.0,37.0,2.0,12.0,1.0,0.0,19XFC2F52HE0,2017.0,474.0,1863.0,13.0,37.0,Honda,31.0,4.0,1.0,0.0,0.0,55.0,0.0,0.0,0.0,12.0,6.0,12.0,0.0,0.0,1.0,37.0,28405.0,1.0,6.0,3.0,Valid license for this class vehicle,0.0,66.0,999.0,0.0,0.0,0.0,0.0,No Record,0.0,0.0,0.0,0.0,2.0,2.0,55.0,1.0,1.0,2.0,1.0,0.0,1.0,54.0,99.0,1.0,1.0,301.0,37.0,98.0,1.0,0.0,202304848417.0,12.0,7.0,3.0,0.0,1.0,1.0,4.0,23.0,2.0,0.0,1.0,99.0,0.0,37.0,1.0,99.0
371142,2,0,0.0,0.0,1.0,9995.0,-99.0,37.0,141.0,12.0,37.0,4.0,33.0,1.0,1.0,3.0,3.0,0.0,8.0,0.0,0.0,995.0,0.0,37.0,2.0,12.0,1.0,0.0,1HGCV1F45NA0,2022.0,474.0,1861.0,13.0,37.0,Honda,32.0,4.0,1.0,0.0,0.0,55.0,0.0,0.0,0.0,12.0,6.0,12.0,0.0,0.0,1.0,37.0,28443.0,1.0,6.0,3.0,Valid license for this class vehicle,0.0,74.0,999.0,0.0,0.0,0.0,0.0,No Record,0.0,0.0,0.0,0.0,2.0,2.0,55.0,1.0,1.0,2.0,1.0,0.0,1.0,54.0,99.0,1.0,1.0,302.0,37.0,0.0,1.0,0.0,202305598195.0,24.0,5.0,11.0,2.0,1.0,1.0,4.0,23.0,2.0,0.0,1.0,1.0,0.0,37.0,1.0,0.0