ST_CASE,VEH_NO_x,DRIMPAIR_x,DRDISTRACT,DRIVERRF,PER_NO_x,DRUGRES,DRUGACTQTY,STATE_x,COUNTY,HARM_EV_x,MAKE_x,BODY_TYP_x,AGE,SEX,PER_TYP_x,INJ_SEV,REST_USE,REST_MIS,AIR_BAG_x,EJECTION,DRINKING,ALC_RES,HISPANIC,STATE_y,VE_FORMS,HARM_EV_y,NUMOCCS,HIT_RUN,VIN,MOD_YEAR,VPICMAKE,VPICMODEL,VPICBODYCLASS,MAKE_y,MAKENAME,MODEL,BODY_TYP_y,HAZ_INV,HAZ_PLAC,HAZ_ID,TRAV_SP,UNDEROVERRIDE,ROLLOVER,ROLINLOC,IMPACT1,DEFORMED,M_HARM,FIRE_EXP,DR_DRINK,DR_PRES,L_STATE,DR_ZIP,L_TYPE,L_STATUS,L_COMPL,L_COMPLNAME,L_RESTRI,DR_HGT,DR_WGT,PREV_DWI,PREV_SPD,PREV_OTH,FIRST_MO,FIRST_MONAME,FIRST_YR,LAST_MO,LAST_YR,SPEEDREL,VTRAFWAY,VNUM_LAN,VSPD_LIM,VALIGN,VPROFILE,VPAVETYP,VSURCOND,VTRAFCON,P_CRASH1,P_CRASH2,P_CRASH3,PCRASH4,PCRASH5,ACC_CONFIG,STATE,RACE,ORDER,MULTRACE,CASENUM,HARM_EV,DAY_WEEK,MONTH,MAXSEV_IM,WEATHR_IM,PER_NO_y,BODY_TYP,AGE_IM,SEX_IM,INJSEV_IM,PER_TYP_y,AIR_BAG_y,EJECT_IM,MAKE,VEH_NO_y,DRIMPAIR_y
371278,1,99,96.0,36.0,1.0,9995.0,-99.0,37.0,147.0,32.0,35.0,4.0,80.0,2.0,1.0,4.0,20.0,7.0,8.0,0.0,9.0,0.0,7.0,37.0,1.0,32.0,1.0,0.0,3N1AB7AP3KY4,2019.0,478.0,1907.0,13.0,35.0,Nissan/Datsun,43.0,4.0,1.0,0.0,0.0,50.0,7.0,3.0,5.0,11.0,6.0,32.0,0.0,0.0,1.0,37.0,27828.0,1.0,6.0,3.0,Valid license for this class vehicle,0.0,61.0,999.0,0.0,0.0,0.0,0.0,No Record,0.0,0.0,0.0,0.0,1.0,2.0,50.0,1.0,1.0,2.0,1.0,97.0,1.0,17.0,16.0,1.0,4.0,101.0,37.0,1.0,1.0,0.0,202304913485.0,15.0,3.0,4.0,3.0,1.0,1.0,4.0,62.0,1.0,0.0,1.0,20.0,0.0,35.0,1.0,0.0
371279,1,99,96.0,36.0,1.0,0.0,-99.0,37.0,147.0,53.0,49.0,4.0,54.0,2.0,1.0,4.0,3.0,0.0,8.0,0.0,9.0,997.0,7.0,37.0,1.0,53.0,1.0,0.0,4T1C11AK0PU1,2023.0,448.0,2469.0,13.0,49.0,Toyota,40.0,4.0,1.0,0.0,0.0,100.0,7.0,3.0,5.0,12.0,6.0,32.0,0.0,0.0,1.0,37.0,27828.0,1.0,6.0,3.0,Valid license for this class vehicle,0.0,67.0,999.0,0.0,0.0,0.0,6.0,June,2023.0,10.0,2023.0,3.0,1.0,2.0,55.0,1.0,1.0,2.0,1.0,97.0,1.0,13.0,16.0,2.0,4.0,101.0,37.0,2.0,1.0,0.0,202305702436.0,12.0,4.0,12.0,0.0,1.0,1.0,4.0,28.0,1.0,0.0,1.0,20.0,0.0,49.0,2.0,0.0
371280,1,99,96.0,36.0,1.0,0.0,-99.0,37.0,147.0,43.0,18.0,15.0,47.0,1.0,1.0,4.0,3.0,0.0,8.0,0.0,9.0,997.0,7.0,37.0,1.0,43.0,1.0,0.0,5GAERBKW9LJ2,2020.0,468.0,1841.0,7.0,18.0,Buick / Opel,421.0,15.0,1.0,0.0,0.0,80.0,7.0,0.0,0.0,12.0,6.0,42.0,0.0,0.0,1.0,37.0,27858.0,1.0,6.0,3.0,Valid license for this class vehicle,0.0,72.0,999.0,0.0,1.0,1.0,2.0,February,2019.0,6.0,2022.0,3.0,1.0,2.0,55.0,1.0,2.0,2.0,1.0,97.0,1.0,13.0,99.0,1.0,4.0,102.0,37.0,1.0,1.0,0.0,202304788774.0,12.0,6.0,3.0,0.0,1.0,1.0,15.0,51.0,2.0,0.0,1.0,20.0,0.0,18.0,1.0,98.0
371292,1,9,96.0,39.0,1.0,9999.0,-99.0,37.0,167.0,12.0,49.0,4.0,36.0,1.0,1.0,2.0,20.0,7.0,8.0,0.0,1.0,995.0,0.0,37.0,2.0,12.0,2.0,0.0,4T1BF3EK9BU7,2011.0,448.0,2469.0,13.0,49.0,Toyota,40.0,4.0,1.0,0.0,0.0,55.0,0.0,0.0,0.0,12.0,6.0,12.0,0.0,1.0,1.0,37.0,28129.0,1.0,6.0,3.0,Valid license for this class vehicle,3.0,67.0,999.0,0.0,1.0,0.0,8.0,August,2020.0,8.0,2020.0,3.0,1.0,2.0,45.0,1.0,1.0,2.0,1.0,20.0,1.0,55.0,1.0,1.0,2.0,503.0,37.0,0.0,1.0,0.0,202305472274.0,12.0,5.0,11.0,0.0,1.0,1.0,4.0,27.0,2.0,0.0,1.0,20.0,0.0,49.0,2.0,0.0
371296,1,0,96.0,104.0,1.0,0.0,-99.0,37.0,183.0,12.0,73.0,80.0,21.0,1.0,1.0,4.0,20.0,7.0,20.0,8.0,0.0,0.0,7.0,37.0,2.0,12.0,1.0,0.0,JKAEXKH19NDA,2022.0,510.0,20805.0,80.0,73.0,Kawasaki,704.0,80.0,1.0,0.0,0.0,90.0,7.0,8.0,8.0,12.0,6.0,12.0,0.0,0.0,1.0,37.0,27858.0,1.0,3.0,2.0,No valid license for this class vehicle,0.0,70.0,999.0,0.0,0.0,1.0,1.0,January,2022.0,1.0,2022.0,3.0,1.0,3.0,35.0,1.0,1.0,2.0,1.0,2.0,1.0,17.0,99.0,1.0,2.0,503.0,37.0,1.0,1.0,0.0,202305476651.0,12.0,1.0,11.0,4.0,1.0,1.0,80.0,21.0,1.0,4.0,1.0,20.0,8.0,73.0,1.0,0.0
371299,1,99,96.0,0.0,1.0,9999.0,-99.0,37.0,127.0,59.0,35.0,4.0,16.0,1.0,1.0,4.0,20.0,7.0,8.0,0.0,0.0,995.0,7.0,37.0,1.0,59.0,1.0,0.0,1N4AL3AP3HC1,2017.0,478.0,1904.0,13.0,35.0,Nissan/Datsun,47.0,4.0,1.0,0.0,0.0,58.0,7.0,0.0,0.0,12.0,6.0,30.0,0.0,0.0,1.0,37.0,27856.0,2.0,6.0,3.0,Valid license for this class vehicle,3.0,69.0,999.0,0.0,0.0,0.0,0.0,No Record,0.0,0.0,0.0,0.0,2.0,4.0,55.0,1.0,1.0,2.0,1.0,0.0,1.0,13.0,16.0,1.0,4.0,101.0,37.0,2.0,1.0,0.0,202304773230.0,12.0,6.0,2.0,0.0,2.0,1.0,4.0,35.0,2.0,0.0,1.0,20.0,0.0,35.0,1.0,0.0
371302,1,10,96.0,24.0,1.0,9999.0,-99.0,37.0,149.0,42.0,35.0,34.0,73.0,1.0,1.0,4.0,20.0,7.0,1.0,0.0,0.0,995.0,7.0,37.0,1.0,42.0,1.0,0.0,1N6AD0ER5KN8,2019.0,478.0,1919.0,60.0,35.0,Nissan/Datsun,472.0,34.0,1.0,0.0,0.0,45.0,7.0,0.0,0.0,12.0,6.0,42.0,0.0,0.0,1.0,37.0,28756.0,1.0,6.0,3.0,Valid license for this class vehicle,0.0,68.0,999.0,0.0,1.0,0.0,4.0,April,2022.0,4.0,2022.0,4.0,1.0,2.0,45.0,3.0,1.0,2.0,1.0,97.0,14.0,13.0,16.0,1.0,4.0,101.0,37.0,1.0,1.0,0.0,202305177379.0,12.0,5.0,6.0,2.0,1.0,1.0,34.0,42.0,2.0,0.0,1.0,3.0,0.0,35.0,4.0,0.0
371307,1,0,96.0,39.0,1.0,0.0,-99.0,37.0,183.0,12.0,20.0,6.0,38.0,1.0,1.0,1.0,3.0,0.0,8.0,0.0,0.0,996.0,0.0,37.0,2.0,12.0,5.0,0.0,1GNKRGED0CJ3,2012.0,467.0,1853.0,7.0,20.0,Chevrolet,24.0,6.0,1.0,0.0,0.0,47.0,0.0,0.0,0.0,12.0,6.0,12.0,0.0,0.0,1.0,37.0,27610.0,1.0,6.0,3.0,Valid license for this class vehicle,0.0,68.0,999.0,0.0,0.0,0.0,7.0,July,2021.0,7.0,2021.0,0.0,3.0,5.0,45.0,1.0,1.0,2.0,1.0,3.0,1.0,17.0,99.0,1.0,1.0,402.0,37.0,0.0,1.0,0.0,202305398099.0,12.0,5.0,11.0,4.0,1.0,1.0,6.0,38.0,1.0,1.0,1.0,8.0,0.0,20.0,1.0,0.0
371311,1,9,93.0,84.0,1.0,9997.0,-99.0,37.0,183.0,12.0,42.0,4.0,46.0,1.0,1.0,2.0,3.0,0.0,2.0,0.0,1.0,997.0,0.0,37.0,2.0,12.0,1.0,0.0,WDDHF5KB2EA8,2014.0,449.0,2081.0,13.0,42.0,Mercedes-Benz,48.0,4.0,1.0,0.0,0.0,70.0,0.0,3.0,9.0,12.0,6.0,12.0,0.0,1.0,1.0,37.0,27596.0,1.0,6.0,3.0,Valid license for this class vehicle,0.0,69.0,999.0,0.0,2.0,1.0,1.0,January,2019.0,8.0,2023.0,3.0,2.0,4.0,55.0,1.0,2.0,2.0,1.0,0.0,1.0,51.0,6.0,1.0,2.0,202.0,37.0,0.0,1.0,0.0,202305320506.0,12.0,5.0,8.0,0.0,1.0,1.0,4.0,34.0,1.0,0.0,1.0,20.0,0.0,42.0,1.0,0.0
371314,1,99,96.0,58.0,1.0,9999.0,-99.0,37.0,183.0,57.0,41.0,4.0,25.0,2.0,1.0,4.0,20.0,7.0,99.0,1.0,9.0,995.0,7.0,37.0,1.0,57.0,1.0,0.0,3MZBPBCM1PM3,2023.0,473.0,2074.0,13.0,41.0,Mazda,51.0,4.0,1.0,0.0,0.0,70.0,7.0,3.0,3.0,11.0,6.0,52.0,1.0,0.0,1.0,37.0,28152.0,1.0,6.0,3.0,Valid license for this class vehicle,0.0,64.0,999.0,0.0,0.0,2.0,8.0,August,2019.0,4.0,2022.0,0.0,3.0,4.0,70.0,1.0,1.0,2.0,1.0,0.0,1.0,12.0,99.0,1.0,4.0,102.0,37.0,1.0,1.0,0.0,202305567554.0,57.0,5.0,11.0,4.0,1.0,1.0,4.0,25.0,2.0,4.0,1.0,98.0,1.0,41.0,1.0,99.0
371315,1,9,96.0,36.0,1.0,9999.0,-99.0,37.0,183.0,57.0,49.0,4.0,29.0,1.0,1.0,4.0,3.0,0.0,8.0,0.0,1.0,995.0,6.0,37.0,1.0,57.0,1.0,0.0,JTDBU4EE4AJ0,2010.0,448.0,2208.0,13.0,49.0,Toyota,32.0,4.0,1.0,0.0,0.0,85.0,7.0,3.0,3.0,11.0,6.0,21.0,0.0,1.0,1.0,37.0,27557.0,0.0,0.0,0.0,Not licensed,0.0,67.0,999.0,0.0,0.0,0.0,0.0,No Record,0.0,0.0,0.0,3.0,3.0,6.0,70.0,1.0,1.0,2.0,1.0,0.0,1.0,12.0,16.0,1.0,4.0,102.0,37.0,1.0,1.0,0.0,202305229152.0,12.0,1.0,9.0,0.0,10.0,1.0,4.0,58.0,1.0,0.0,1.0,20.0,0.0,49.0,1.0,99.0
371321,1,99,96.0,36.0,1.0,9995.0,-99.0,37.0,193.0,1.0,7.0,34.0,37.0,1.0,1.0,4.0,3.0,0.0,20.0,0.0,1.0,120.0,7.0,37.0,1.0,1.0,1.0,0.0,3D7UT2CL1AG1,2010.0,476.0,1938.0,60.0,7.0,Dodge,482.0,34.0,1.0,0.0,0.0,100.0,7.0,3.0,5.0,0.0,6.0,42.0,0.0,1.0,1.0,37.0,28624.0,1.0,6.0,3.0,Valid license for this class vehicle,0.0,69.0,999.0,0.0,0.0,0.0,0.0,No Record,0.0,0.0,0.0,3.0,1.0,2.0,35.0,3.0,1.0,2.0,1.0,97.0,14.0,13.0,16.0,1.0,4.0,101.0,37.0,1.0,1.0,0.0,202304831062.0,12.0,5.0,2.0,2.0,1.0,1.0,34.0,39.0,1.0,0.0,1.0,8.0,0.0,7.0,1.0,0.0
371333,1,99,96.0,28.0,1.0,9999.0,-99.0,37.0,25.0,42.0,35.0,4.0,44.0,1.0,1.0,4.0,20.0,7.0,9.0,0.0,1.0,995.0,7.0,37.0,1.0,42.0,1.0,0.0,1N4AA5APXCC8,2012.0,478.0,2302.0,13.0,35.0,Nissan/Datsun,39.0,4.0,1.0,0.0,0.0,45.0,7.0,0.0,0.0,12.0,6.0,42.0,0.0,1.0,1.0,37.0,28215.0,1.0,6.0,3.0,Valid license for this class vehicle,0.0,70.0,999.0,0.0,0.0,0.0,1.0,January,2020.0,12.0,2021.0,0.0,1.0,2.0,35.0,3.0,1.0,2.0,1.0,97.0,14.0,12.0,99.0,1.0,4.0,102.0,37.0,2.0,1.0,0.0,202304858371.0,12.0,1.0,4.0,0.0,1.0,1.0,4.0,49.0,2.0,0.0,1.0,20.0,0.0,35.0,2.0,9.0
371339,2,0,0.0,0.0,1.0,9999.0,-99.0,37.0,39.0,12.0,12.0,4.0,51.0,1.0,1.0,2.0,3.0,0.0,9.0,0.0,0.0,995.0,0.0,37.0,2.0,12.0,1.0,0.0,2FAFP71W07X1,2007.0,460.0,1778.0,13.0,12.0,Ford,16.0,4.0,1.0,0.0,0.0,20.0,0.0,0.0,0.0,11.0,6.0,12.0,0.0,0.0,1.0,37.0,28906.0,1.0,6.0,3.0,Valid license for this class vehicle,3.0,69.0,999.0,0.0,0.0,0.0,0.0,No Record,0.0,0.0,0.0,0.0,1.0,2.0,35.0,3.0,2.0,2.0,1.0,97.0,14.0,62.0,9.0,1.0,1.0,302.0,37.0,0.0,1.0,0.0,202305669881.0,12.0,2.0,7.0,0.0,1.0,1.0,4.0,69.0,1.0,0.0,1.0,20.0,0.0,12.0,1.0,0.0
371341,1,0,96.0,28.0,1.0,9999.0,-99.0,37.0,51.0,59.0,20.0,34.0,63.0,2.0,1.0,4.0,20.0,7.0,8.0,0.0,0.0,995.0,7.0,37.0,1.0,59.0,2.0,0.0,3GCPKSE71CG2,2012.0,467.0,1850.0,60.0,20.0,Chevrolet,481.0,34.0,1.0,0.0,0.0,55.0,7.0,0.0,0.0,12.0,6.0,42.0,0.0,0.0,1.0,37.0,28312.0,1.0,6.0,3.0,Valid license for this class vehicle,0.0,64.0,999.0,0.0,0.0,0.0,0.0,No Record,0.0,0.0,0.0,0.0,1.0,2.0,55.0,2.0,1.0,2.0,1.0,97.0,14.0,12.0,99.0,1.0,4.0,102.0,37.0,1.0,1.0,0.0,202304909817.0,12.0,1.0,4.0,0.0,1.0,1.0,34.0,42.0,1.0,0.0,1.0,1.0,0.0,20.0,2.0,0.0
371348,1,0,96.0,58.0,1.0,9999.0,-99.0,37.0,63.0,42.0,49.0,4.0,20.0,2.0,1.0,4.0,3.0,0.0,9.0,0.0,0.0,995.0,7.0,37.0,1.0,42.0,1.0,0.0,4T1BE32K56U6,2006.0,448.0,2469.0,13.0,49.0,Toyota,40.0,4.0,1.0,0.0,0.0,65.0,7.0,0.0,0.0,12.0,6.0,42.0,0.0,0.0,1.0,48.0,27606.0,1.0,6.0,3.0,Valid license for this class vehicle,3.0,999.0,999.0,0.0,0.0,0.0,0.0,No Record,0.0,0.0,0.0,0.0,2.0,3.0,65.0,1.0,1.0,2.0,2.0,0.0,1.0,12.0,99.0,1.0,4.0,102.0,37.0,19.0,1.0,0.0,202305534346.0,12.0,5.0,11.0,1.0,1.0,1.0,4.0,43.0,1.0,0.0,1.0,20.0,0.0,49.0,1.0,0.0
371349,1,99,96.0,28.0,1.0,9999.0,-99.0,37.0,67.0,43.0,20.0,4.0,66.0,1.0,1.0,4.0,20.0,7.0,20.0,0.0,0.0,995.0,7.0,37.0,1.0,43.0,1.0,0.0,2G1WF52E5493,2004.0,467.0,1833.0,13.0,20.0,Chevrolet,2.0,4.0,1.0,0.0,0.0,45.0,7.0,0.0,0.0,12.0,6.0,43.0,0.0,0.0,1.0,37.0,27018.0,1.0,6.0,3.0,Valid license for this class vehicle,0.0,73.0,999.0,0.0,0.0,0.0,0.0,No Record,0.0,0.0,0.0,0.0,5.0,5.0,45.0,1.0,1.0,2.0,1.0,97.0,1.0,12.0,99.0,1.0,4.0,102.0,37.0,1.0,1.0,0.0,202305404728.0,12.0,7.0,11.0,3.0,1.0,1.0,4.0,44.0,2.0,3.0,1.0,9.0,0.0,20.0,1.0,98.0
371357,1,0,96.0,58.0,1.0,0.0,-99.0,37.0,77.0,42.0,37.0,15.0,62.0,2.0,1.0,4.0,3.0,0.0,9.0,0.0,0.0,997.0,7.0,37.0,1.0,42.0,1.0,0.0,5FNYF18445B0,2005.0,474.0,1864.0,7.0,37.0,Honda,421.0,15.0,1.0,0.0,0.0,55.0,7.0,3.0,5.0,61.0,6.0,42.0,0.0,0.0,1.0,37.0,27507.0,1.0,6.0,3.0,Valid license for this class vehicle,0.0,63.0,999.0,0.0,0.0,0.0,0.0,No Record,0.0,0.0,0.0,0.0,1.0,2.0,55.0,2.0,1.0,2.0,1.0,0.0,14.0,12.0,7.0,3.0,4.0,101.0,37.0,2.0,1.0,0.0,202305252032.0,14.0,6.0,9.0,0.0,1.0,1.0,15.0,17.0,2.0,0.0,1.0,20.0,0.0,37.0,2.0,0.0
371360,1,1,96.0,39.0,1.0,9999.0,-99.0,37.0,85.0,42.0,12.0,4.0,76.0,1.0,1.0,4.0,20.0,7.0,8.0,0.0,0.0,995.0,7.0,37.0,1.0,42.0,1.0,0.0,3FA6P0D90JR1,2018.0,460.0,1780.0,13.0,12.0,Ford,23.0,4.0,1.0,0.0,0.0,55.0,7.0,0.0,0.0,12.0,6.0,42.0,0.0,0.0,1.0,37.0,27521.0,1.0,6.0,3.0,Valid license for this class vehicle,0.0,66.0,999.0,0.0,0.0,0.0,0.0,No Record,0.0,0.0,0.0,0.0,1.0,2.0,55.0,1.0,1.0,2.0,2.0,20.0,1.0,8.0,99.0,1.0,4.0,101.0,37.0,1.0,1.0,0.0,202305084020.0,12.0,6.0,6.0,0.0,1.0,1.0,4.0,25.0,2.0,0.0,1.0,8.0,0.0,12.0,1.0,0.0
371361,1,9,96.0,54.0,1.0,0.0,-99.0,37.0,97.0,12.0,35.0,4.0,45.0,2.0,1.0,4.0,20.0,7.0,20.0,0.0,1.0,995.0,7.0,37.0,2.0,12.0,1.0,0.0,1N4AL3AP6FC5,2015.0,478.0,1904.0,13.0,35.0,Nissan/Datsun,47.0,4.0,1.0,0.0,0.0,0.0,0.0,0.0,0.0,6.0,6.0,12.0,0.0,1.0,1.0,37.0,28801.0,1.0,6.0,3.0,Valid license for this class vehicle,0.0,64.0,999.0,0.0,0.0,2.0,11.0,November,2019.0,3.0,2020.0,0.0,3.0,2.0,65.0,1.0,2.0,2.0,2.0,0.0,5.0,53.0,1.0,1.0,1.0,201.0,37.0,1.0,1.0,0.0,202305323614.0,12.0,3.0,9.0,2.0,1.0,1.0,4.0,36.0,2.0,0.0,1.0,20.0,0.0,35.0,3.0,0.0
371365,1,99,96.0,58.0,1.0,9999.0,-99.0,37.0,101.0,52.0,12.0,4.0,42.0,2.0,1.0,4.0,3.0,0.0,9.0,0.0,9.0,995.0,6.0,37.0,1.0,52.0,1.0,0.0,3FADP4BJ6KM1,2019.0,460.0,3267.0,13.0,12.0,Ford,32.0,4.0,1.0,0.0,0.0,75.0,7.0,0.0,0.0,12.0,6.0,52.0,0.0,0.0,1.0,37.0,28311.0,1.0,6.0,3.0,Valid license for this class vehicle,3.0,64.0,999.0,0.0,0.0,0.0,0.0,No Record,0.0,0.0,0.0,0.0,3.0,2.0,60.0,1.0,1.0,2.0,1.0,0.0,1.0,12.0,99.0,1.0,4.0,102.0,37.0,1.0,1.0,0.0,202305079692.0,35.0,4.0,7.0,3.0,1.0,1.0,4.0,21.0,1.0,1.0,1.0,1.0,0.0,12.0,2.0,99.0
371367,1,0,96.0,51.0,1.0,9999.0,-99.0,37.0,109.0,12.0,37.0,4.0,25.0,2.0,1.0,4.0,3.0,0.0,8.0,0.0,0.0,995.0,6.0,37.0,2.0,12.0,1.0,0.0,19XFC2F51JE0,2018.0,474.0,1863.0,13.0,37.0,Honda,31.0,4.0,1.0,0.0,0.0,65.0,0.0,0.0,0.0,12.0,6.0,12.0,0.0,0.0,1.0,37.0,28613.0,1.0,6.0,3.0,Valid license for this class vehicle,0.0,63.0,999.0,0.0,0.0,0.0,0.0,No Record,0.0,0.0,0.0,0.0,2.0,2.0,65.0,1.0,1.0,2.0,1.0,0.0,1.0,54.0,99.0,1.0,2.0,303.0,37.0,1.0,1.0,0.0,202305357219.0,12.0,5.0,10.0,0.0,2.0,1.0,4.0,43.0,1.0,0.0,1.0,20.0,0.0,37.0,3.0,0.0
371372,1,0,96.0,58.0,1.0,0.0,-99.0,37.0,119.0,59.0,41.0,4.0,17.0,1.0,1.0,2.0,3.0,0.0,8.0,0.0,0.0,996.0,0.0,37.0,1.0,59.0,4.0,0.0,JM1BL1SF9A13,2010.0,473.0,2074.0,13.0,41.0,Mazda,51.0,4.0,1.0,0.0,0.0,42.0,7.0,3.0,5.0,12.0,6.0,1.0,0.0,0.0,1.0,37.0,28205.0,0.0,0.0,0.0,Not licensed,0.0,999.0,999.0,0.0,0.0,0.0,0.0,No Record,0.0,0.0,0.0,3.0,1.0,4.0,35.0,1.0,1.0,2.0,1.0,0.0,1.0,12.0,99.0,9.0,4.0,102.0,37.0,0.0,1.0,0.0,202305258982.0,12.0,7.0,8.0,0.0,1.0,1.0,4.0,35.0,1.0,0.0,1.0,20.0,0.0,41.0,1.0,0.0
371377,1,1,96.0,0.0,1.0,9995.0,-99.0,37.0,119.0,14.0,49.0,4.0,55.0,2.0,1.0,4.0,3.0,0.0,20.0,0.0,9.0,0.0,6.0,37.0,1.0,14.0,1.0,0.0,2T1BU4EE0DC9,2013.0,448.0,2208.0,13.0,49.0,Toyota,32.0,4.0,1.0,0.0,0.0,30.0,8.0,0.0,0.0,12.0,6.0,14.0,0.0,0.0,1.0,37.0,28214.0,1.0,6.0,3.0,Valid license for this class vehicle,3.0,63.0,999.0,0.0,0.0,0.0,0.0,No Record,0.0,0.0,0.0,9.0,1.0,2.0,25.0,1.0,1.0,2.0,2.0,0.0,1.0,8.0,99.0,9.0,4.0,103.0,37.0,98.0,1.0,0.0,202305188070.0,12.0,6.0,8.0,3.0,1.0,1.0,4.0,59.0,1.0,0.0,1.0,20.0,0.0,49.0,2.0,0.0
371383,1,99,96.0,0.0,1.0,9999.0,-99.0,37.0,133.0,12.0,49.0,4.0,34.0,2.0,1.0,4.0,20.0,7.0,20.0,0.0,9.0,995.0,99.0,37.0,2.0,12.0,3.0,0.0,4T1BF28BX4U3,2004.0,448.0,2465.0,13.0,49.0,Toyota,43.0,4.0,1.0,0.0,0.0,40.0,8.0,0.0,0.0,12.0,6.0,12.0,0.0,0.0,1.0,37.0,28540.0,1.0,6.0,3.0,Valid license for this class vehicle,3.0,67.0,999.0,0.0,0.0,0.0,5.0,May,2023.0,5.0,2023.0,4.0,2.0,3.0,45.0,1.0,1.0,2.0,1.0,3.0,1.0,50.0,99.0,1.0,1.0,202.0,37.0,99.0,1.0,0.0,202304698489.0,12.0,4.0,1.0,0.0,4.0,1.0,4.0,20.0,1.0,0.0,1.0,20.0,0.0,49.0,1.0,0.0
371389,1,99,96.0,58.0,1.0,9999.0,-99.0,37.0,141.0,34.0,55.0,4.0,64.0,2.0,1.0,4.0,3.0,0.0,20.0,0.0,9.0,995.0,99.0,37.0,1.0,34.0,1.0,0.0,5NPEB4AC1DH5,2013.0,498.0,2459.0,13.0,55.0,Hyundai,33.0,4.0,1.0,0.0,0.0,60.0,7.0,3.0,5.0,12.0,6.0,1.0,0.0,0.0,1.0,37.0,28478.0,1.0,6.0,3.0,Valid license for this class vehicle,0.0,63.0,999.0,0.0,0.0,0.0,0.0,No Record,0.0,0.0,0.0,3.0,1.0,2.0,55.0,3.0,1.0,2.0,1.0,0.0,14.0,13.0,99.0,9.0,4.0,101.0,37.0,99.0,1.0,0.0,202304695899.0,12.0,6.0,1.0,0.0,10.0,1.0,4.0,15.0,1.0,0.0,1.0,1.0,0.0,55.0,1.0,98.0
371392,1,99,96.0,0.0,1.0,9999.0,-99.0,37.0,155.0,42.0,82.0,66.0,28.0,1.0,1.0,4.0,20.0,7.0,20.0,0.0,9.0,995.0,7.0,37.0,1.0,42.0,1.0,0.0,1FUJA6CK97LX,2007.0,450.0,2482.0,66.0,82.0,Freightliner,881.0,66.0,1.0,0.0,0.0,65.0,7.0,0.0,0.0,12.0,6.0,42.0,0.0,0.0,1.0,37.0,28466.0,1.0,6.0,3.0,Valid license for this class vehicle,3.0,65.0,999.0,0.0,0.0,1.0,4.0,April,2022.0,4.0,2022.0,0.0,3.0,2.0,70.0,3.0,1.0,2.0,1.0,0.0,14.0,1.0,99.0,9.0,4.0,101.0,37.0,1.0,1.0,0.0,202305200267.0,12.0,4.0,7.0,1.0,1.0,1.0,66.0,55.0,1.0,0.0,1.0,20.0,0.0,82.0,2.0,0.0
371395,1,99,96.0,0.0,1.0,9999.0,-99.0,37.0,181.0,42.0,18.0,4.0,46.0,1.0,1.0,4.0,20.0,7.0,9.0,0.0,9.0,995.0,7.0,37.0,1.0,42.0,1.0,0.0,1G4HD57228U1,2008.0,468.0,4267.0,13.0,18.0,Buick / Opel,23.0,4.0,1.0,0.0,0.0,70.0,7.0,0.0,0.0,12.0,6.0,42.0,0.0,0.0,1.0,37.0,27537.0,1.0,6.0,3.0,Valid license for this class vehicle,0.0,71.0,999.0,0.0,0.0,0.0,0.0,No Record,0.0,0.0,0.0,0.0,1.0,2.0,45.0,2.0,1.0,2.0,1.0,97.0,14.0,6.0,99.0,9.0,4.0,102.0,37.0,2.0,1.0,0.0,202304869617.0,12.0,6.0,3.0,0.0,10.0,1.0,4.0,66.0,1.0,0.0,1.0,20.0,0.0,18.0,2.0,98.0
371399,1,99,96.0,58.0,1.0,9995.0,-99.0,37.0,183.0,42.0,20.0,16.0,44.0,1.0,1.0,4.0,20.0,7.0,9.0,0.0,9.0,180.0,7.0,37.0,1.0,42.0,1.0,0.0,3GNFK16R3XG2,1999.0,467.0,1851.0,7.0,20.0,Chevrolet,431.0,16.0,1.0,0.0,0.0,45.0,7.0,0.0,0.0,12.0,6.0,42.0,0.0,1.0,1.0,37.0,27522.0,1.0,6.0,3.0,Valid license for this class vehicle,0.0,70.0,999.0,0.0,0.0,0.0,4.0,April,2021.0,4.0,2021.0,0.0,1.0,2.0,45.0,2.0,3.0,2.0,1.0,97.0,14.0,12.0,99.0,1.0,4.0,102.0,37.0,1.0,1.0,0.0,202305567560.0,42.0,6.0,12.0,4.0,1.0,1.0,16.0,44.0,1.0,4.0,1.0,9.0,0.0,20.0,1.0,99.0
371400,1,9,96.0,6.0,1.0,9995.0,-99.0,37.0,183.0,42.0,37.0,15.0,22.0,1.0,1.0,2.0,20.0,7.0,20.0,0.0,1.0,995.0,0.0,37.0,1.0,42.0,2.0,0.0,5FNYF18475B0,2005.0,474.0,1864.0,7.0,37.0,Honda,421.0,15.0,1.0,0.0,0.0,65.0,7.0,0.0,0.0,12.0,6.0,42.0,0.0,1.0,1.0,37.0,27713.0,0.0,0.0,0.0,Not licensed,0.0,999.0,999.0,0.0,0.0,0.0,0.0,No Record,0.0,0.0,0.0,3.0,2.0,2.0,35.0,1.0,1.0,2.0,2.0,0.0,1.0,12.0,99.0,1.0,4.0,102.0,37.0,0.0,1.0,0.0,202305477969.0,42.0,7.0,12.0,4.0,1.0,1.0,15.0,22.0,1.0,2.0,1.0,20.0,0.0,37.0,1.0,9.0