ST_CASE,VEH_NO_x,DRIMPAIR_x,DRDISTRACT,DRIVERRF,PER_NO_x,DRUGRES,DRUGACTQTY,STATE_x,COUNTY,HARM_EV_x,MAKE_x,BODY_TYP_x,AGE,SEX,PER_TYP_x,INJ_SEV,REST_USE,REST_MIS,AIR_BAG_x,EJECTION,DRINKING,ALC_RES,HISPANIC,STATE_y,VE_FORMS,HARM_EV_y,NUMOCCS,HIT_RUN,VIN,MOD_YEAR,VPICMAKE,VPICMODEL,VPICBODYCLASS,MAKE_y,MAKENAME,MODEL,BODY_TYP_y,HAZ_INV,HAZ_PLAC,HAZ_ID,TRAV_SP,UNDEROVERRIDE,ROLLOVER,ROLINLOC,IMPACT1,DEFORMED,M_HARM,FIRE_EXP,DR_DRINK,DR_PRES,L_STATE,DR_ZIP,L_TYPE,L_STATUS,L_COMPL,L_COMPLNAME,L_RESTRI,DR_HGT,DR_WGT,PREV_DWI,PREV_SPD,PREV_OTH,FIRST_MO,FIRST_MONAME,FIRST_YR,LAST_MO,LAST_YR,SPEEDREL,VTRAFWAY,VNUM_LAN,VSPD_LIM,VALIGN,VPROFILE,VPAVETYP,VSURCOND,VTRAFCON,P_CRASH1,P_CRASH2,P_CRASH3,PCRASH4,PCRASH5,ACC_CONFIG,STATE,RACE,ORDER,MULTRACE,CASENUM,HARM_EV,DAY_WEEK,MONTH,MAXSEV_IM,WEATHR_IM,PER_NO_y,BODY_TYP,AGE_IM,SEX_IM,INJSEV_IM,PER_TYP_y,AIR_BAG_y,EJECT_IM,MAKE,VEH_NO_y,DRIMPAIR_y
390002,1,0,0.0,38.0,1.0,0.0,-99.0,39.0,49.0,12.0,49.0,6.0,40.0,1.0,1.0,1.0,3.0,0.0,8.0,0.0,8.0,996.0,0.0,39.0,2.0,12.0,1.0,0.0,JTLKT334X502,2005.0,448.0,2210.0,7.0,49.0,Toyota,49.0,6.0,1.0,0.0,0.0,10.0,7.0,0.0,0.0,4.0,6.0,12.0,0.0,0.0,1.0,39.0,43119.0,1.0,1.0,2.0,No valid license for this class vehicle,0.0,66.0,180.0,0.0,0.0,0.0,0.0,No Record,0.0,0.0,0.0,0.0,1.0,5.0,45.0,1.0,1.0,2.0,1.0,3.0,11.0,15.0,99.0,1.0,1.0,401.0,39.0,0.0,1.0,0.0,202304643494.0,12.0,2.0,1.0,4.0,10.0,1.0,6.0,40.0,1.0,1.0,1.0,8.0,0.0,49.0,1.0,0.0
390002,2,98,96.0,0.0,1.0,6001.0,-99.0,39.0,49.0,12.0,72.0,80.0,33.0,1.0,1.0,4.0,20.0,7.0,20.0,8.0,8.0,0.0,7.0,39.0,2.0,12.0,1.0,0.0,1HD1CZ317BC4,2011.0,3888.0,11330.0,94.0,72.0,Harley-Davidson,706.0,80.0,1.0,0.0,0.0,45.0,7.0,8.0,8.0,12.0,6.0,12.0,0.0,0.0,1.0,39.0,43227.0,1.0,1.0,2.0,No valid license for this class vehicle,0.0,74.0,195.0,0.0,1.0,0.0,9.0,September,2022.0,9.0,2022.0,0.0,1.0,5.0,45.0,1.0,1.0,2.0,1.0,3.0,1.0,62.0,99.0,1.0,1.0,402.0,39.0,98.0,1.0,0.0,202304643494.0,12.0,2.0,1.0,4.0,10.0,1.0,80.0,33.0,1.0,4.0,1.0,20.0,8.0,72.0,2.0,0.0
390012,1,98,96.0,0.0,1.0,2096.0,-99.0,39.0,97.0,52.0,12.0,2.0,46.0,1.0,1.0,4.0,20.0,7.0,9.0,1.0,8.0,996.0,7.0,39.0,1.0,52.0,1.0,0.0,1ZVFT80N0651,2006.0,460.0,1781.0,3.0,12.0,Ford,3.0,2.0,1.0,0.0,0.0,999.0,7.0,0.0,0.0,12.0,6.0,52.0,0.0,0.0,1.0,42.0,16602.0,1.0,6.0,3.0,Valid license for this class vehicle,0.0,72.0,999.0,0.0,0.0,0.0,0.0,No Record,0.0,0.0,0.0,9.0,3.0,3.0,70.0,1.0,1.0,2.0,1.0,0.0,1.0,13.0,99.0,9.0,4.0,101.0,39.0,1.0,1.0,0.0,202305421160.0,14.0,2.0,11.0,2.0,1.0,1.0,2.0,28.0,1.0,2.0,1.0,9.0,0.0,12.0,1.0,98.0
390014,1,0,0.0,51.0,1.0,0.0,-99.0,39.0,49.0,12.0,34.0,14.0,27.0,1.0,1.0,2.0,3.0,0.0,8.0,0.0,8.0,996.0,0.0,39.0,2.0,12.0,1.0,0.0,5UXKR0C51F0P,2015.0,452.0,1717.0,7.0,34.0,BMW,401.0,14.0,1.0,0.0,0.0,999.0,8.0,0.0,0.0,12.0,6.0,12.0,0.0,0.0,1.0,39.0,43215.0,1.0,1.0,2.0,No valid license for this class vehicle,0.0,71.0,285.0,1.0,0.0,0.0,11.0,November,2019.0,12.0,2019.0,0.0,3.0,2.0,65.0,4.0,1.0,2.0,1.0,0.0,1.0,54.0,99.0,1.0,1.0,303.0,39.0,0.0,1.0,0.0,202304670850.0,12.0,1.0,1.0,4.0,10.0,1.0,14.0,27.0,1.0,2.0,1.0,8.0,0.0,34.0,1.0,0.0
390014,2,98,0.0,0.0,1.0,6001.0,-99.0,39.0,49.0,12.0,37.0,4.0,33.0,1.0,1.0,4.0,3.0,0.0,8.0,0.0,8.0,0.0,7.0,39.0,2.0,12.0,2.0,0.0,1HGCV2F36JA0,2018.0,474.0,1861.0,13.0,37.0,Honda,32.0,4.0,1.0,0.0,0.0,999.0,8.0,0.0,0.0,12.0,6.0,12.0,0.0,0.0,1.0,39.0,43055.0,1.0,6.0,3.0,Valid license for this class vehicle,0.0,71.0,189.0,0.0,4.0,0.0,8.0,August,2018.0,4.0,2021.0,0.0,3.0,2.0,65.0,4.0,1.0,2.0,1.0,0.0,1.0,54.0,99.0,1.0,1.0,303.0,39.0,98.0,1.0,0.0,202304670850.0,12.0,1.0,1.0,4.0,10.0,1.0,4.0,33.0,1.0,4.0,1.0,8.0,0.0,37.0,2.0,98.0
390017,1,0,96.0,26.0,1.0,3019.0,10.0,39.0,131.0,45.0,20.0,34.0,66.0,1.0,1.0,4.0,3.0,0.0,9.0,0.0,8.0,996.0,7.0,39.0,1.0,45.0,1.0,0.0,1GCRKSE72DZ3,2013.0,467.0,1850.0,60.0,20.0,Chevrolet,481.0,34.0,1.0,0.0,0.0,67.0,8.0,0.0,0.0,12.0,6.0,2.0,1.0,0.0,1.0,39.0,45661.0,1.0,6.0,3.0,Valid license for this class vehicle,0.0,68.0,160.0,0.0,1.0,0.0,9.0,September,2022.0,9.0,2022.0,0.0,2.0,3.0,60.0,1.0,1.0,2.0,2.0,0.0,1.0,51.0,1.0,1.0,1.0,998.0,39.0,1.0,1.0,0.0,202304807237.0,12.0,6.0,3.0,0.0,1.0,1.0,34.0,70.0,1.0,0.0,1.0,20.0,0.0,20.0,1.0,0.0
390025,1,0,0.0,0.0,1.0,0.0,-99.0,39.0,101.0,12.0,7.0,15.0,60.0,2.0,1.0,3.0,3.0,0.0,20.0,0.0,8.0,996.0,0.0,39.0,2.0,12.0,3.0,0.0,1C4SDJET9FC6,2015.0,476.0,3508.0,7.0,7.0,Dodge,422.0,15.0,1.0,0.0,0.0,999.0,8.0,0.0,0.0,3.0,6.0,12.0,0.0,0.0,1.0,39.0,43347.0,1.0,6.0,3.0,Valid license for this class vehicle,0.0,64.0,156.0,0.0,0.0,0.0,0.0,No Record,0.0,0.0,0.0,0.0,1.0,3.0,55.0,1.0,1.0,2.0,1.0,0.0,1.0,66.0,99.0,1.0,1.0,502.0,39.0,0.0,1.0,0.0,202304684311.0,12.0,2.0,1.0,4.0,10.0,1.0,15.0,60.0,2.0,3.0,1.0,20.0,0.0,7.0,1.0,0.0
390028,1,98,96.0,39.0,1.0,1.0,-99.0,39.0,77.0,12.0,55.0,14.0,28.0,2.0,1.0,4.0,20.0,7.0,8.0,0.0,8.0,28.0,7.0,39.0,2.0,12.0,2.0,0.0,KM8J3CA45GU1,2016.0,498.0,2058.0,7.0,55.0,Hyundai,402.0,14.0,1.0,0.0,0.0,999.0,1.0,0.0,0.0,12.0,6.0,12.0,0.0,1.0,1.0,39.0,44857.0,1.0,6.0,3.0,Valid license for this class vehicle,0.0,67.0,200.0,0.0,1.0,0.0,11.0,November,2022.0,11.0,2022.0,9.0,1.0,2.0,55.0,8.0,8.0,2.0,1.0,20.0,1.0,17.0,99.0,1.0,1.0,503.0,39.0,1.0,1.0,0.0,202304855897.0,12.0,6.0,1.0,2.0,1.0,1.0,14.0,89.0,1.0,2.0,1.0,1.0,0.0,55.0,1.0,0.0
390049,1,9,96.0,0.0,1.0,1.0,-99.0,39.0,119.0,34.0,2.0,14.0,51.0,1.0,1.0,4.0,20.0,7.0,98.0,1.0,1.0,193.0,7.0,39.0,1.0,34.0,2.0,0.0,1C4BJWDG2HL6,2017.0,483.0,1943.0,7.0,2.0,Jeep / Kaiser-Jeep / Willys- Jeep,403.0,14.0,1.0,0.0,0.0,69.0,7.0,3.0,5.0,12.0,6.0,1.0,0.0,1.0,1.0,39.0,43821.0,1.0,6.0,3.0,Valid license for this class vehicle,0.0,72.0,226.0,0.0,3.0,0.0,7.0,July,2018.0,8.0,2020.0,4.0,1.0,2.0,55.0,3.0,1.0,2.0,2.0,0.0,14.0,13.0,99.0,1.0,4.0,101.0,39.0,1.0,1.0,0.0,202305427272.0,12.0,1.0,10.0,0.0,1.0,1.0,14.0,27.0,1.0,0.0,1.0,20.0,0.0,2.0,2.0,98.0
390051,1,0,96.0,6.0,1.0,3026.0,-99.0,39.0,35.0,25.0,35.0,4.0,79.0,1.0,1.0,4.0,3.0,0.0,9.0,0.0,8.0,0.0,2.0,39.0,1.0,25.0,1.0,0.0,1N4AL3AP3EC1,2014.0,478.0,1904.0,13.0,35.0,Nissan/Datsun,47.0,4.0,1.0,0.0,0.0,999.0,7.0,0.0,0.0,11.0,6.0,25.0,0.0,0.0,1.0,39.0,44055.0,1.0,6.0,3.0,Valid license for this class vehicle,0.0,70.0,165.0,0.0,0.0,0.0,0.0,No Record,0.0,0.0,0.0,0.0,3.0,3.0,70.0,1.0,1.0,2.0,3.0,0.0,1.0,12.0,99.0,1.0,4.0,102.0,39.0,1.0,1.0,0.0,202305148423.0,12.0,4.0,7.0,0.0,1.0,1.0,4.0,17.0,1.0,0.0,1.0,20.0,0.0,35.0,2.0,0.0
390056,1,0,0.0,51.0,1.0,3034.0,-99.0,39.0,49.0,12.0,49.0,4.0,52.0,1.0,1.0,4.0,99.0,7.0,9.0,0.0,8.0,361.0,7.0,39.0,2.0,12.0,1.0,0.0,4T1BE32K92U6,2002.0,448.0,2469.0,13.0,49.0,Toyota,40.0,4.0,1.0,0.0,0.0,999.0,8.0,0.0,0.0,12.0,6.0,12.0,0.0,1.0,1.0,39.0,43228.0,1.0,6.0,3.0,Valid license for this class vehicle,0.0,72.0,150.0,0.0,1.0,1.0,1.0,January,2020.0,2.0,2022.0,0.0,3.0,2.0,65.0,2.0,2.0,2.0,1.0,0.0,14.0,19.0,99.0,1.0,1.0,303.0,39.0,98.0,1.0,0.0,202304719349.0,12.0,7.0,2.0,4.0,10.0,1.0,4.0,52.0,1.0,4.0,1.0,9.0,0.0,49.0,1.0,0.0
390062,1,98,0.0,0.0,1.0,1.0,-99.0,39.0,171.0,12.0,87.0,66.0,53.0,1.0,1.0,0.0,3.0,0.0,20.0,0.0,8.0,0.0,0.0,39.0,2.0,12.0,1.0,0.0,1XP5D69X8XD4,1999.0,495.0,2046.0,66.0,87.0,Peterbilt,881.0,66.0,1.0,0.0,0.0,50.0,8.0,0.0,0.0,3.0,4.0,12.0,0.0,0.0,1.0,18.0,46706.0,1.0,6.0,3.0,Valid license for this class vehicle,0.0,67.0,170.0,0.0,0.0,0.0,0.0,No Record,0.0,0.0,0.0,0.0,1.0,2.0,55.0,1.0,1.0,2.0,1.0,3.0,1.0,17.0,99.0,1.0,1.0,502.0,39.0,0.0,1.0,0.0,202304877504.0,12.0,6.0,4.0,3.0,1.0,1.0,66.0,63.0,1.0,0.0,1.0,20.0,0.0,87.0,1.0,98.0
390072,2,0,0.0,6.0,1.0,0.0,-99.0,39.0,81.0,12.0,37.0,5.0,48.0,1.0,1.0,0.0,3.0,0.0,20.0,0.0,8.0,996.0,0.0,39.0,2.0,12.0,1.0,0.0,19XFL2H84NE0,2022.0,474.0,1863.0,5.0,37.0,Honda,31.0,5.0,1.0,0.0,0.0,35.0,7.0,0.0,0.0,12.0,2.0,12.0,0.0,0.0,1.0,39.0,43953.0,1.0,6.0,3.0,Valid license for this class vehicle,3.0,70.0,235.0,0.0,0.0,0.0,0.0,No Record,0.0,0.0,0.0,4.0,1.0,4.0,35.0,3.0,1.0,2.0,1.0,0.0,1.0,51.0,1.0,1.0,1.0,202.0,39.0,0.0,1.0,0.0,202305230740.0,12.0,3.0,9.0,0.0,1.0,1.0,5.0,20.0,1.0,0.0,1.0,20.0,0.0,37.0,1.0,0.0
390073,1,0,0.0,38.0,1.0,3026.0,-99.0,39.0,55.0,12.0,63.0,6.0,94.0,1.0,1.0,4.0,20.0,7.0,9.0,0.0,8.0,0.0,7.0,39.0,2.0,12.0,2.0,0.0,KNDJP3A56J75,2018.0,499.0,2460.0,7.0,63.0,KIA,37.0,6.0,1.0,0.0,0.0,999.0,8.0,0.0,0.0,11.0,6.0,12.0,0.0,0.0,1.0,39.0,44024.0,1.0,6.0,3.0,Valid license for this class vehicle,3.0,66.0,155.0,0.0,0.0,0.0,0.0,No Record,0.0,0.0,0.0,0.0,1.0,2.0,45.0,8.0,8.0,8.0,1.0,20.0,4.0,19.0,1.0,1.0,1.0,504.0,39.0,1.0,1.0,0.0,202305167736.0,12.0,5.0,7.0,2.0,1.0,1.0,6.0,24.0,1.0,2.0,1.0,20.0,0.0,63.0,2.0,0.0
390074,1,0,6.0,28.0,1.0,2143.0,765.0,39.0,107.0,12.0,20.0,4.0,61.0,1.0,1.0,4.0,3.0,0.0,8.0,0.0,8.0,0.0,7.0,39.0,2.0,12.0,1.0,0.0,1G1ZD5ST0LF0,2020.0,467.0,1834.0,13.0,20.0,Chevrolet,37.0,4.0,1.0,0.0,0.0,55.0,8.0,0.0,0.0,12.0,6.0,12.0,0.0,0.0,1.0,39.0,45356.0,1.0,6.0,3.0,Valid license for this class vehicle,3.0,68.0,210.0,0.0,0.0,1.0,11.0,November,2018.0,11.0,2018.0,0.0,1.0,2.0,55.0,1.0,1.0,2.0,1.0,0.0,15.0,10.0,1.0,1.0,2.0,301.0,39.0,1.0,1.0,0.0,202304782720.0,12.0,7.0,2.0,2.0,1.0,1.0,4.0,18.0,2.0,2.0,1.0,9.0,0.0,20.0,1.0,0.0
390075,1,0,0.0,39.0,1.0,0.0,-99.0,39.0,51.0,12.0,6.0,20.0,74.0,2.0,1.0,2.0,3.0,0.0,8.0,0.0,8.0,996.0,0.0,39.0,2.0,12.0,1.0,0.0,2C4RC1FG2JR1,2018.0,477.0,3628.0,2.0,6.0,Chrysler,443.0,20.0,1.0,0.0,0.0,999.0,8.0,0.0,0.0,12.0,6.0,12.0,0.0,0.0,1.0,39.0,43540.0,1.0,6.0,3.0,Valid license for this class vehicle,0.0,66.0,175.0,0.0,0.0,0.0,0.0,No Record,0.0,0.0,0.0,0.0,1.0,2.0,55.0,1.0,1.0,2.0,2.0,20.0,1.0,17.0,99.0,1.0,1.0,501.0,39.0,0.0,1.0,0.0,202305154055.0,14.0,7.0,8.0,0.0,1.0,1.0,20.0,54.0,1.0,0.0,1.0,20.0,0.0,6.0,1.0,0.0
390084,1,98,96.0,54.0,1.0,0.0,-99.0,39.0,35.0,12.0,22.0,4.0,57.0,1.0,1.0,3.0,20.0,7.0,9.0,1.0,8.0,996.0,0.0,39.0,2.0,12.0,2.0,0.0,1G2ZG57B0841,2008.0,536.0,4263.0,13.0,22.0,Pontiac,22.0,4.0,1.0,0.0,0.0,0.0,8.0,3.0,5.0,6.0,6.0,12.0,0.0,0.0,1.0,39.0,44103.0,1.0,6.0,3.0,Valid license for this class vehicle,3.0,69.0,204.0,0.0,0.0,0.0,0.0,No Record,0.0,0.0,0.0,0.0,3.0,2.0,60.0,1.0,2.0,1.0,2.0,0.0,5.0,53.0,1.0,1.0,1.0,201.0,39.0,0.0,1.0,0.0,202305213963.0,12.0,3.0,8.0,2.0,1.0,1.0,4.0,18.0,2.0,2.0,1.0,9.0,0.0,22.0,1.0,0.0
390086,1,98,96.0,6.0,1.0,1.0,-99.0,39.0,89.0,35.0,48.0,14.0,28.0,1.0,1.0,4.0,3.0,0.0,9.0,0.0,8.0,70.0,7.0,39.0,1.0,35.0,1.0,0.0,JF2GPACC5E82,2014.0,523.0,2236.0,7.0,48.0,Subaru,403.0,14.0,1.0,0.0,0.0,999.0,7.0,3.0,5.0,11.0,6.0,19.0,0.0,1.0,1.0,39.0,43050.0,1.0,6.0,3.0,Valid license for this class vehicle,0.0,73.0,240.0,0.0,1.0,0.0,8.0,August,2019.0,8.0,2019.0,0.0,1.0,2.0,55.0,1.0,2.0,2.0,1.0,0.0,1.0,12.0,99.0,1.0,4.0,102.0,39.0,1.0,1.0,0.0,202305752894.0,12.0,3.0,12.0,0.0,1.0,1.0,14.0,81.0,1.0,0.0,1.0,20.0,0.0,48.0,1.0,0.0
390087,1,0,0.0,0.0,1.0,3034.0,-99.0,39.0,29.0,12.0,35.0,4.0,44.0,1.0,1.0,4.0,20.0,7.0,8.0,0.0,8.0,0.0,7.0,39.0,2.0,12.0,1.0,0.0,1N4AL2AP0CC1,2012.0,478.0,1904.0,13.0,35.0,Nissan/Datsun,47.0,4.0,1.0,0.0,0.0,999.0,8.0,0.0,0.0,12.0,6.0,24.0,0.0,0.0,1.0,39.0,44432.0,1.0,6.0,3.0,Valid license for this class vehicle,0.0,71.0,150.0,0.0,0.0,0.0,0.0,No Record,0.0,0.0,0.0,9.0,1.0,2.0,55.0,1.0,2.0,2.0,2.0,0.0,1.0,66.0,1.0,1.0,1.0,503.0,39.0,1.0,1.0,0.0,202304914526.0,12.0,6.0,5.0,0.0,1.0,1.0,4.0,25.0,1.0,0.0,1.0,20.0,0.0,35.0,1.0,0.0
390088,1,0,96.0,38.0,1.0,2037.0,147.2,39.0,9.0,12.0,20.0,14.0,78.0,2.0,1.0,4.0,3.0,0.0,8.0,0.0,8.0,0.0,7.0,39.0,2.0,12.0,2.0,0.0,3GNAXUEV2KS6,2019.0,467.0,1847.0,7.0,20.0,Chevrolet,404.0,14.0,1.0,0.0,0.0,999.0,8.0,0.0,0.0,10.0,6.0,12.0,0.0,0.0,1.0,54.0,25265.0,1.0,6.0,3.0,Valid license for this class vehicle,3.0,62.0,145.0,0.0,0.0,0.0,0.0,No Record,0.0,0.0,0.0,0.0,2.0,2.0,60.0,8.0,8.0,8.0,1.0,20.0,4.0,17.0,1.0,1.0,1.0,504.0,39.0,1.0,1.0,0.0,202305099003.0,12.0,3.0,5.0,2.0,1.0,1.0,14.0,27.0,2.0,0.0,1.0,1.0,0.0,20.0,3.0,0.0
390090,1,9,0.0,0.0,1.0,0.0,-99.0,39.0,49.0,12.0,12.0,34.0,32.0,1.0,1.0,0.0,99.0,7.0,9.0,0.0,1.0,189.0,0.0,39.0,2.0,12.0,1.0,0.0,2FTRX18W64CA,2004.0,460.0,7331.0,60.0,12.0,Ford,481.0,34.0,1.0,0.0,0.0,999.0,8.0,3.0,1.0,12.0,6.0,12.0,0.0,1.0,1.0,39.0,43126.0,1.0,6.0,3.0,Valid license for this class vehicle,0.0,73.0,250.0,0.0,1.0,0.0,12.0,December,2018.0,2.0,2023.0,0.0,1.0,2.0,55.0,2.0,2.0,2.0,1.0,0.0,14.0,10.0,1.0,1.0,2.0,302.0,39.0,0.0,1.0,0.0,202304748186.0,12.0,1.0,2.0,4.0,1.0,1.0,34.0,32.0,1.0,0.0,1.0,9.0,0.0,12.0,1.0,9.0
390090,2,0,0.0,0.0,1.0,0.0,-99.0,39.0,49.0,12.0,20.0,4.0,23.0,1.0,1.0,2.0,20.0,7.0,8.0,0.0,8.0,996.0,0.0,39.0,2.0,12.0,2.0,0.0,1G11B5SA9DF2,2013.0,467.0,1834.0,13.0,20.0,Chevrolet,37.0,4.0,1.0,0.0,0.0,999.0,8.0,0.0,0.0,12.0,6.0,12.0,0.0,0.0,1.0,39.0,43123.0,1.0,6.0,3.0,Valid license for this class vehicle,3.0,72.0,250.0,0.0,4.0,1.0,7.0,July,2019.0,2.0,2023.0,0.0,1.0,2.0,55.0,3.0,2.0,2.0,1.0,0.0,14.0,62.0,6.0,1.0,2.0,301.0,39.0,0.0,1.0,0.0,202304748186.0,12.0,1.0,2.0,4.0,1.0,1.0,4.0,23.0,1.0,2.0,1.0,8.0,0.0,20.0,2.0,0.0
390091,2,0,0.0,0.0,1.0,1094.0,-99.0,39.0,95.0,12.0,63.0,4.0,80.0,2.0,1.0,4.0,3.0,0.0,8.0,0.0,8.0,0.0,7.0,39.0,2.0,12.0,2.0,0.0,5XXGN4A76DG1,2013.0,499.0,2739.0,13.0,63.0,KIA,34.0,4.0,1.0,0.0,0.0,40.0,8.0,0.0,0.0,12.0,6.0,12.0,0.0,0.0,1.0,39.0,43623.0,1.0,6.0,3.0,Valid license for this class vehicle,0.0,65.0,135.0,0.0,0.0,0.0,0.0,No Record,0.0,0.0,0.0,0.0,5.0,5.0,40.0,1.0,1.0,2.0,1.0,0.0,1.0,62.0,99.0,1.0,1.0,402.0,39.0,1.0,1.0,0.0,202304877411.0,12.0,2.0,4.0,1.0,1.0,1.0,4.0,36.0,2.0,0.0,1.0,20.0,0.0,63.0,2.0,98.0
390092,1,9,92.0,28.0,1.0,0.0,-99.0,39.0,101.0,12.0,7.0,34.0,41.0,1.0,1.0,3.0,3.0,0.0,9.0,0.0,1.0,148.0,0.0,39.0,2.0,12.0,2.0,0.0,1D7HW42K07S2,2007.0,476.0,1941.0,60.0,7.0,Dodge,472.0,34.0,1.0,0.0,0.0,999.0,8.0,3.0,5.0,12.0,6.0,12.0,0.0,1.0,1.0,39.0,43302.0,1.0,6.0,3.0,Valid license for this class vehicle,3.0,72.0,250.0,0.0,0.0,1.0,10.0,October,2020.0,10.0,2020.0,0.0,1.0,2.0,50.0,1.0,2.0,2.0,1.0,0.0,1.0,10.0,99.0,1.0,2.0,301.0,39.0,0.0,1.0,0.0,202304750652.0,12.0,3.0,2.0,4.0,1.0,1.0,34.0,41.0,1.0,3.0,1.0,9.0,0.0,7.0,1.0,9.0
390094,1,98,96.0,26.0,1.0,1.0,-99.0,39.0,135.0,12.0,49.0,14.0,20.0,1.0,1.0,4.0,20.0,7.0,9.0,0.0,8.0,0.0,7.0,39.0,2.0,12.0,1.0,0.0,JT3HP10V9Y71,2000.0,448.0,2217.0,7.0,49.0,Toyota,402.0,14.0,1.0,0.0,0.0,999.0,8.0,0.0,0.0,12.0,6.0,12.0,0.0,0.0,1.0,39.0,45338.0,1.0,6.0,3.0,Valid license for this class vehicle,3.0,69.0,270.0,0.0,2.0,3.0,1.0,January,2019.0,8.0,2022.0,0.0,2.0,2.0,70.0,1.0,1.0,2.0,2.0,0.0,1.0,52.0,99.0,1.0,1.0,203.0,39.0,1.0,1.0,0.0,202305178292.0,14.0,6.0,8.0,0.0,1.0,1.0,14.0,51.0,2.0,0.0,1.0,98.0,0.0,49.0,1.0,98.0
390098,3,0,0.0,0.0,1.0,0.0,-99.0,39.0,59.0,24.0,82.0,66.0,64.0,1.0,1.0,2.0,3.0,0.0,20.0,0.0,8.0,996.0,0.0,39.0,3.0,24.0,1.0,0.0,3AKJHHDR3PSN,2023.0,450.0,2501.0,66.0,82.0,Freightliner,881.0,66.0,1.0,0.0,0.0,71.0,7.0,0.0,0.0,12.0,6.0,54.0,0.0,0.0,1.0,12.0,32833.0,1.0,6.0,3.0,Valid license for this class vehicle,3.0,74.0,999.0,0.0,0.0,1.0,10.0,October,2021.0,4.0,2022.0,0.0,2.0,2.0,70.0,8.0,8.0,2.0,1.0,0.0,1.0,91.0,99.0,1.0,3.0,998.0,39.0,0.0,1.0,0.0,202305226026.0,43.0,6.0,9.0,0.0,1.0,1.0,66.0,36.0,1.0,0.0,1.0,20.0,0.0,82.0,1.0,98.0
390105,1,0,0.0,0.0,1.0,1.0,-99.0,39.0,151.0,12.0,2.0,14.0,52.0,2.0,1.0,4.0,3.0,0.0,9.0,0.0,8.0,0.0,7.0,39.0,3.0,12.0,1.0,0.0,1C4HJXDG8LW1,2020.0,483.0,1943.0,7.0,2.0,Jeep / Kaiser-Jeep / Willys- Jeep,403.0,14.0,1.0,0.0,0.0,999.0,8.0,3.0,5.0,9.0,6.0,1.0,0.0,0.0,1.0,39.0,44730.0,1.0,6.0,3.0,Valid license for this class vehicle,3.0,64.0,150.0,0.0,0.0,0.0,0.0,No Record,0.0,0.0,0.0,0.0,1.0,2.0,55.0,1.0,2.0,2.0,1.0,0.0,1.0,62.0,99.0,1.0,1.0,998.0,39.0,1.0,1.0,0.0,202304769254.0,12.0,2.0,2.0,4.0,1.0,1.0,14.0,52.0,2.0,4.0,1.0,9.0,0.0,2.0,1.0,0.0
390106,2,98,96.0,28.0,1.0,1.0,-99.0,39.0,133.0,12.0,37.0,4.0,24.0,1.0,1.0,4.0,3.0,0.0,9.0,0.0,8.0,235.0,1.0,39.0,3.0,12.0,1.0,0.0,1HGCR2F39GA0,2016.0,474.0,1861.0,13.0,37.0,Honda,32.0,4.0,1.0,0.0,0.0,999.0,8.0,0.0,0.0,12.0,6.0,12.0,0.0,1.0,1.0,6.0,94801.0,1.0,6.0,3.0,Valid license for this class vehicle,0.0,71.0,210.0,0.0,0.0,0.0,0.0,No Record,0.0,0.0,0.0,0.0,1.0,2.0,55.0,1.0,1.0,2.0,1.0,0.0,1.0,10.0,99.0,1.0,2.0,302.0,39.0,1.0,1.0,0.0,202304898182.0,12.0,6.0,4.0,3.0,1.0,1.0,4.0,63.0,1.0,0.0,1.0,9.0,0.0,37.0,3.0,0.0
390109,1,9,96.0,84.0,1.0,1.0,-99.0,39.0,155.0,12.0,72.0,80.0,56.0,1.0,1.0,4.0,20.0,7.0,20.0,8.0,1.0,180.0,7.0,39.0,2.0,12.0,1.0,0.0,1HD1BRY16YY0,2000.0,3888.0,11416.0,94.0,72.0,Harley-Davidson,706.0,80.0,1.0,0.0,0.0,999.0,7.0,8.0,8.0,99.0,6.0,12.0,0.0,1.0,1.0,39.0,44410.0,1.0,6.0,3.0,Valid license for this class vehicle,3.0,66.0,325.0,0.0,0.0,0.0,0.0,No Record,0.0,0.0,0.0,5.0,1.0,2.0,45.0,1.0,1.0,2.0,1.0,0.0,1.0,52.0,8.0,9.0,2.0,407.0,39.0,1.0,1.0,0.0,202304933145.0,12.0,7.0,2.0,3.0,1.0,1.0,80.0,54.0,2.0,3.0,1.0,20.0,8.0,72.0,1.0,0.0
390110,1,98,0.0,39.0,1.0,1096.0,-99.0,39.0,101.0,12.0,35.0,4.0,61.0,1.0,1.0,2.0,3.0,0.0,8.0,0.0,8.0,0.0,0.0,39.0,3.0,12.0,3.0,0.0,1N4AL3AP9GC1,2016.0,478.0,1904.0,13.0,35.0,Nissan/Datsun,47.0,4.0,1.0,0.0,0.0,40.0,8.0,0.0,0.0,12.0,6.0,12.0,0.0,0.0,1.0,39.0,43302.0,1.0,6.0,3.0,Valid license for this class vehicle,0.0,67.0,178.0,0.0,0.0,0.0,11.0,November,2019.0,11.0,2019.0,0.0,1.0,2.0,55.0,1.0,1.0,2.0,1.0,20.0,1.0,17.0,1.0,1.0,1.0,503.0,39.0,0.0,1.0,0.0,202304771365.0,12.0,4.0,2.0,4.0,1.0,1.0,4.0,61.0,1.0,2.0,1.0,8.0,0.0,35.0,1.0,98.0