ST_CASE,VEH_NO_x,DRIMPAIR_x,DRDISTRACT,DRIVERRF,PER_NO_x,DRUGRES,DRUGACTQTY,STATE_x,COUNTY,HARM_EV_x,MAKE_x,BODY_TYP_x,AGE,SEX,PER_TYP_x,INJ_SEV,REST_USE,REST_MIS,AIR_BAG_x,EJECTION,DRINKING,ALC_RES,HISPANIC,STATE_y,VE_FORMS,HARM_EV_y,NUMOCCS,HIT_RUN,VIN,MOD_YEAR,VPICMAKE,VPICMODEL,VPICBODYCLASS,MAKE_y,MAKENAME,MODEL,BODY_TYP_y,HAZ_INV,HAZ_PLAC,HAZ_ID,TRAV_SP,UNDEROVERRIDE,ROLLOVER,ROLINLOC,IMPACT1,DEFORMED,M_HARM,FIRE_EXP,DR_DRINK,DR_PRES,L_STATE,DR_ZIP,L_TYPE,L_STATUS,L_COMPL,L_COMPLNAME,L_RESTRI,DR_HGT,DR_WGT,PREV_DWI,PREV_SPD,PREV_OTH,FIRST_MO,FIRST_MONAME,FIRST_YR,LAST_MO,LAST_YR,SPEEDREL,VTRAFWAY,VNUM_LAN,VSPD_LIM,VALIGN,VPROFILE,VPAVETYP,VSURCOND,VTRAFCON,P_CRASH1,P_CRASH2,P_CRASH3,PCRASH4,PCRASH5,ACC_CONFIG,STATE,RACE,ORDER,MULTRACE,CASENUM,HARM_EV,DAY_WEEK,MONTH,MAXSEV_IM,WEATHR_IM,PER_NO_y,BODY_TYP,AGE_IM,SEX_IM,INJSEV_IM,PER_TYP_y,AIR_BAG_y,EJECT_IM,MAKE,VEH_NO_y,DRIMPAIR_y
390772,2,98,0.0,0.0,1.0,1059.0,-99.0,39.0,113.0,12.0,35.0,4.0,40.0,1.0,1.0,4.0,3.0,0.0,8.0,0.0,8.0,0.0,7.0,39.0,2.0,12.0,1.0,0.0,3N1BC1AP0AL3,2010.0,478.0,1894.0,13.0,35.0,Nissan/Datsun,50.0,4.0,1.0,0.0,0.0,999.0,8.0,0.0,0.0,3.0,6.0,12.0,0.0,0.0,1.0,39.0,45342.0,1.0,6.0,3.0,Valid license for this class vehicle,0.0,72.0,205.0,0.0,0.0,0.0,0.0,No Record,0.0,0.0,0.0,0.0,1.0,6.0,45.0,1.0,1.0,1.0,1.0,3.0,11.0,15.0,99.0,1.0,1.0,401.0,39.0,1.0,1.0,0.0,202304863515.0,12.0,3.0,1.0,0.0,1.0,1.0,4.0,22.0,2.0,0.0,1.0,20.0,0.0,35.0,1.0,0.0
390798,1,9,96.0,51.0,1.0,1.0,-99.0,39.0,49.0,12.0,12.0,5.0,26.0,1.0,1.0,3.0,20.0,7.0,9.0,0.0,1.0,75.0,0.0,39.0,6.0,12.0,3.0,0.0,1FAHP3K27CL4,2012.0,460.0,1779.0,5.0,12.0,Ford,37.0,5.0,1.0,0.0,0.0,999.0,8.0,0.0,0.0,12.0,6.0,12.0,0.0,1.0,1.0,39.0,43211.0,0.0,0.0,0.0,Not licensed,0.0,999.0,999.0,0.0,0.0,0.0,0.0,No Record,0.0,0.0,0.0,9.0,3.0,3.0,65.0,3.0,1.0,2.0,1.0,0.0,14.0,54.0,99.0,1.0,1.0,999.0,39.0,0.0,1.0,0.0,202305246560.0,12.0,2.0,9.0,4.0,1.0,1.0,5.0,26.0,1.0,3.0,1.0,9.0,0.0,12.0,1.0,9.0
390802,2,98,96.0,0.0,1.0,1059.0,-99.0,39.0,35.0,12.0,53.0,80.0,25.0,1.0,1.0,4.0,20.0,7.0,20.0,8.0,8.0,0.0,7.0,39.0,2.0,12.0,1.0,0.0,JS1GN7FA4P71,2023.0,509.0,13162.0,80.0,53.0,Suzuki,705.0,80.0,1.0,0.0,0.0,998.0,7.0,8.0,8.0,3.0,6.0,12.0,0.0,0.0,1.0,39.0,44136.0,1.0,6.0,3.0,Valid license for this class vehicle,0.0,66.0,206.0,0.0,0.0,0.0,0.0,No Record,0.0,0.0,0.0,0.0,1.0,5.0,35.0,1.0,1.0,1.0,1.0,3.0,1.0,62.0,98.0,2.0,3.0,407.0,39.0,2.0,1.0,0.0,202305358356.0,12.0,7.0,10.0,1.0,1.0,1.0,80.0,29.0,1.0,1.0,1.0,20.0,8.0,53.0,2.0,0.0
390806,2,0,0.0,0.0,1.0,5060.0,0.58,39.0,147.0,12.0,72.0,80.0,45.0,1.0,1.0,4.0,20.0,7.0,20.0,8.0,8.0,70.0,7.0,39.0,2.0,12.0,1.0,0.0,1HD1KBM1XCB6,2012.0,3888.0,11077.0,81.0,72.0,Harley-Davidson,706.0,80.0,1.0,0.0,0.0,999.0,7.0,8.0,8.0,12.0,4.0,12.0,0.0,1.0,1.0,39.0,44883.0,1.0,6.0,3.0,Valid license for this class vehicle,3.0,73.0,200.0,0.0,0.0,1.0,7.0,July,2020.0,7.0,2020.0,0.0,1.0,2.0,55.0,1.0,1.0,2.0,1.0,0.0,1.0,62.0,99.0,1.0,1.0,402.0,39.0,1.0,1.0,0.0,202304956896.0,1.0,6.0,5.0,3.0,1.0,1.0,80.0,43.0,1.0,3.0,1.0,20.0,8.0,72.0,1.0,98.0
390821,1,0,96.0,39.0,1.0,1.0,-99.0,39.0,173.0,12.0,59.0,14.0,80.0,2.0,1.0,4.0,20.0,7.0,8.0,1.0,8.0,0.0,7.0,39.0,2.0,12.0,1.0,0.0,2T2HA31U14C0,2004.0,515.0,2214.0,7.0,59.0,Lexus,403.0,14.0,1.0,0.0,0.0,55.0,8.0,0.0,0.0,12.0,6.0,12.0,0.0,0.0,1.0,39.0,43402.0,1.0,6.0,3.0,Valid license for this class vehicle,3.0,65.0,140.0,0.0,0.0,0.0,9.0,September,2019.0,9.0,2019.0,0.0,1.0,2.0,55.0,1.0,8.0,8.0,98.0,20.0,1.0,17.0,99.0,1.0,1.0,503.0,39.0,1.0,1.0,0.0,202305016500.0,34.0,6.0,6.0,3.0,1.0,1.0,14.0,15.0,2.0,3.0,1.0,1.0,2.0,59.0,1.0,0.0
390822,1,98,96.0,51.0,1.0,0.0,-99.0,39.0,103.0,12.0,20.0,14.0,26.0,1.0,1.0,4.0,3.0,0.0,8.0,0.0,1.0,228.0,1.0,39.0,2.0,12.0,2.0,0.0,2GNAXHEV5L61,2020.0,467.0,1847.0,7.0,20.0,Chevrolet,404.0,14.0,1.0,0.0,0.0,999.0,8.0,0.0,0.0,12.0,6.0,12.0,0.0,1.0,1.0,99.0,43228.0,9.0,9.0,9.0,Unknown,9.0,999.0,999.0,99.0,99.0,99.0,99.0,Unknown,9999.0,99.0,9999.0,0.0,3.0,2.0,65.0,1.0,1.0,2.0,1.0,0.0,1.0,54.0,99.0,1.0,1.0,303.0,39.0,98.0,1.0,0.0,202305168860.0,42.0,7.0,6.0,1.0,10.0,1.0,14.0,18.0,2.0,1.0,1.0,20.0,0.0,20.0,1.0,0.0
390824,1,98,96.0,39.0,1.0,3066.0,-99.0,39.0,49.0,12.0,76.0,80.0,18.0,1.0,1.0,4.0,20.0,7.0,20.0,8.0,8.0,0.0,7.0,39.0,2.0,12.0,1.0,0.0,JYARJ06E45A0,2005.0,564.0,3211.0,80.0,76.0,Yamaha,705.0,80.0,1.0,0.0,0.0,999.0,7.0,8.0,8.0,12.0,6.0,12.0,0.0,0.0,1.0,39.0,43213.0,1.0,6.0,3.0,Valid license for this class vehicle,0.0,74.0,165.0,0.0,0.0,0.0,0.0,No Record,0.0,0.0,0.0,5.0,1.0,5.0,35.0,1.0,2.0,2.0,1.0,3.0,1.0,17.0,99.0,1.0,1.0,415.0,39.0,1.0,1.0,0.0,202305174150.0,33.0,7.0,7.0,4.0,1.0,1.0,80.0,19.0,1.0,4.0,1.0,20.0,8.0,76.0,1.0,98.0
390827,1,0,0.0,38.0,1.0,0.0,-99.0,39.0,93.0,12.0,12.0,14.0,25.0,1.0,1.0,2.0,20.0,7.0,9.0,0.0,8.0,996.0,0.0,39.0,2.0,12.0,4.0,0.0,MAJ3S2GE6LC3,2020.0,460.0,17774.0,7.0,12.0,Ford,403.0,14.0,1.0,0.0,0.0,5.0,8.0,0.0,0.0,3.0,6.0,12.0,0.0,0.0,1.0,39.0,44035.0,1.0,6.0,3.0,Valid license for this class vehicle,3.0,69.0,165.0,0.0,0.0,0.0,4.0,April,2022.0,4.0,2022.0,0.0,2.0,3.0,50.0,1.0,1.0,2.0,1.0,0.0,11.0,15.0,1.0,1.0,1.0,401.0,39.0,0.0,1.0,0.0,202304714220.0,12.0,5.0,1.0,1.0,1.0,1.0,14.0,24.0,2.0,0.0,1.0,8.0,0.0,12.0,1.0,0.0
390829,1,98,0.0,0.0,1.0,9996.0,-99.0,39.0,113.0,12.0,73.0,80.0,22.0,1.0,1.0,4.0,20.0,7.0,20.0,8.0,8.0,164.0,1.0,39.0,2.0,12.0,1.0,1.0,JKAEXKH15PDA,2023.0,510.0,20805.0,80.0,73.0,Kawasaki,704.0,80.0,1.0,0.0,0.0,80.0,7.0,8.0,8.0,11.0,6.0,30.0,0.0,1.0,1.0,39.0,45410.0,8.0,6.0,3.0,Valid license for this class vehicle,3.0,68.0,185.0,0.0,1.0,3.0,4.0,April,2019.0,3.0,2021.0,4.0,5.0,5.0,35.0,1.0,1.0,2.0,1.0,0.0,1.0,70.0,99.0,1.0,1.0,409.0,39.0,1.0,1.0,0.0,202305016237.0,12.0,7.0,4.0,3.0,1.0,1.0,80.0,18.0,1.0,3.0,1.0,20.0,8.0,73.0,2.0,0.0
390832,1,0,96.0,28.0,1.0,1.0,-99.0,39.0,127.0,12.0,20.0,34.0,40.0,1.0,1.0,4.0,99.0,7.0,20.0,0.0,8.0,0.0,7.0,39.0,2.0,12.0,1.0,0.0,1GCEK19J97Z5,2007.0,467.0,1850.0,60.0,20.0,Chevrolet,481.0,34.0,1.0,0.0,0.0,999.0,8.0,0.0,0.0,12.0,6.0,2.0,1.0,0.0,1.0,39.0,43201.0,1.0,1.0,2.0,No valid license for this class vehicle,0.0,68.0,150.0,3.0,1.0,1.0,3.0,March,2019.0,4.0,2022.0,0.0,1.0,2.0,55.0,1.0,1.0,2.0,1.0,0.0,1.0,10.0,99.0,1.0,2.0,301.0,39.0,1.0,1.0,0.0,202304925210.0,72.0,5.0,5.0,0.0,1.0,1.0,34.0,28.0,1.0,0.0,1.0,3.0,0.0,20.0,1.0,0.0
390836,2,98,96.0,26.0,1.0,5062.0,15.0,39.0,109.0,25.0,7.0,4.0,42.0,2.0,1.0,4.0,20.0,7.0,8.0,1.0,8.0,0.0,7.0,39.0,3.0,25.0,1.0,0.0,2C3CDXBG8NH2,2022.0,476.0,1895.0,13.0,7.0,Dodge,24.0,4.0,1.0,0.0,0.0,999.0,8.0,0.0,0.0,12.0,6.0,12.0,0.0,0.0,1.0,55.0,53218.0,9.0,9.0,9.0,Unknown,9.0,999.0,999.0,99.0,99.0,99.0,99.0,Unknown,9999.0,99.0,9999.0,0.0,3.0,3.0,65.0,1.0,2.0,2.0,1.0,0.0,1.0,50.0,99.0,1.0,1.0,998.0,39.0,2.0,1.0,0.0,202305752575.0,12.0,4.0,11.0,0.0,1.0,1.0,4.0,58.0,1.0,0.0,1.0,20.0,0.0,7.0,1.0,0.0
390845,1,9,0.0,0.0,1.0,3066.0,-99.0,39.0,95.0,31.0,30.0,4.0,41.0,1.0,1.0,4.0,99.0,7.0,8.0,0.0,1.0,0.0,7.0,39.0,1.0,31.0,2.0,0.0,1VWBT7A30EC0,2014.0,482.0,3134.0,13.0,30.0,Volkswagen,46.0,4.0,1.0,0.0,0.0,65.0,7.0,0.0,0.0,12.0,6.0,31.0,0.0,1.0,1.0,39.0,43605.0,1.0,3.0,2.0,No valid license for this class vehicle,0.0,72.0,280.0,1.0,1.0,0.0,12.0,December,2022.0,6.0,2023.0,3.0,1.0,4.0,35.0,1.0,1.0,2.0,1.0,0.0,1.0,12.0,99.0,1.0,4.0,102.0,39.0,1.0,1.0,0.0,202305295958.0,14.0,3.0,10.0,2.0,1.0,1.0,4.0,39.0,2.0,2.0,1.0,20.0,0.0,30.0,1.0,0.0
390846,1,0,0.0,39.0,1.0,0.0,-99.0,39.0,113.0,12.0,20.0,34.0,20.0,1.0,1.0,0.0,3.0,0.0,20.0,0.0,8.0,996.0,0.0,39.0,2.0,12.0,2.0,0.0,1GCSKSE37AZ1,2010.0,467.0,1850.0,60.0,20.0,Chevrolet,481.0,34.0,1.0,0.0,0.0,15.0,7.0,0.0,0.0,9.0,2.0,12.0,0.0,0.0,1.0,39.0,45424.0,1.0,6.0,3.0,Valid license for this class vehicle,0.0,71.0,180.0,0.0,1.0,0.0,10.0,October,2021.0,10.0,2021.0,0.0,1.0,4.0,50.0,1.0,1.0,2.0,1.0,3.0,10.0,16.0,1.0,1.0,1.0,410.0,39.0,0.0,1.0,0.0,202305329715.0,12.0,5.0,10.0,4.0,10.0,1.0,34.0,28.0,2.0,3.0,1.0,9.0,0.0,20.0,2.0,0.0
390847,1,98,0.0,26.0,1.0,1.0,-99.0,39.0,49.0,12.0,34.0,80.0,52.0,1.0,1.0,4.0,20.0,7.0,20.0,8.0,1.0,167.0,7.0,39.0,2.0,12.0,1.0,0.0,WB10E2307M6D,2021.0,452.0,1742.0,80.0,34.0,BMW,706.0,80.0,1.0,0.0,0.0,100.0,7.0,8.0,8.0,11.0,6.0,12.0,0.0,1.0,1.0,39.0,43110.0,1.0,6.0,3.0,Valid license for this class vehicle,0.0,75.0,228.0,1.0,0.0,0.0,1.0,January,2019.0,1.0,2019.0,2.0,3.0,3.0,65.0,1.0,1.0,2.0,1.0,0.0,1.0,51.0,1.0,1.0,1.0,209.0,39.0,2.0,1.0,0.0,202305272594.0,12.0,7.0,9.0,4.0,1.0,1.0,80.0,52.0,1.0,4.0,1.0,20.0,8.0,34.0,1.0,9.0
390849,2,98,96.0,34.0,1.0,0.0,-99.0,39.0,153.0,12.0,63.0,4.0,18.0,1.0,1.0,3.0,99.0,7.0,9.0,0.0,8.0,996.0,0.0,39.0,2.0,12.0,4.0,0.0,3KPF24AD1ME3,2021.0,499.0,2462.0,13.0,63.0,KIA,38.0,4.0,1.0,0.0,0.0,998.0,8.0,0.0,0.0,1.0,6.0,30.0,0.0,0.0,1.0,99.0,99999.0,9.0,9.0,9.0,Unknown,9.0,999.0,999.0,99.0,99.0,99.0,99.0,Unknown,9999.0,99.0,9999.0,4.0,1.0,4.0,35.0,1.0,1.0,2.0,1.0,3.0,6.0,50.0,6.0,1.0,2.0,207.0,39.0,0.0,1.0,0.0,202304954263.0,34.0,3.0,2.0,0.0,4.0,1.0,4.0,42.0,1.0,0.0,1.0,2.0,0.0,63.0,1.0,0.0
390851,1,9,96.0,58.0,1.0,0.0,-99.0,39.0,153.0,42.0,22.0,2.0,35.0,2.0,1.0,3.0,20.0,7.0,9.0,0.0,1.0,191.0,0.0,39.0,1.0,42.0,2.0,0.0,1G2AS18H7971,2009.0,536.0,4259.0,3.0,22.0,Pontiac,19.0,2.0,1.0,0.0,0.0,55.0,7.0,0.0,0.0,2.0,6.0,42.0,0.0,1.0,1.0,39.0,44310.0,1.0,1.0,2.0,No valid license for this class vehicle,0.0,63.0,123.0,0.0,2.0,1.0,10.0,October,2018.0,8.0,2023.0,4.0,1.0,2.0,35.0,2.0,2.0,2.0,1.0,0.0,14.0,6.0,1.0,5.0,4.0,101.0,39.0,0.0,1.0,0.0,202304710402.0,42.0,4.0,1.0,0.0,4.0,1.0,2.0,36.0,2.0,0.0,1.0,20.0,0.0,22.0,1.0,0.0
390852,1,98,96.0,0.0,1.0,6002.0,55.5,39.0,151.0,42.0,54.0,4.0,35.0,1.0,1.0,4.0,20.0,7.0,9.0,0.0,8.0,66.0,7.0,39.0,1.0,42.0,1.0,0.0,19UUA56842A0,2002.0,475.0,1873.0,13.0,54.0,Acura,35.0,4.0,1.0,0.0,0.0,999.0,7.0,3.0,5.0,11.0,6.0,1.0,0.0,1.0,1.0,39.0,44705.0,1.0,1.0,2.0,No valid license for this class vehicle,0.0,66.0,154.0,0.0,0.0,1.0,3.0,March,2019.0,3.0,2019.0,9.0,1.0,2.0,40.0,1.0,2.0,2.0,1.0,0.0,1.0,9.0,6.0,5.0,4.0,102.0,39.0,1.0,1.0,1.0,202305278631.0,42.0,6.0,9.0,4.0,1.0,1.0,4.0,35.0,1.0,4.0,1.0,9.0,0.0,54.0,1.0,98.0
390853,1,98,96.0,0.0,1.0,1.0,-99.0,39.0,47.0,12.0,73.0,80.0,28.0,1.0,1.0,4.0,20.0,7.0,20.0,8.0,8.0,0.0,7.0,39.0,2.0,12.0,1.0,0.0,ML5EXER12PDA,2023.0,510.0,3391.0,80.0,73.0,Kawasaki,705.0,80.0,1.0,0.0,0.0,999.0,7.0,8.0,8.0,12.0,6.0,12.0,0.0,0.0,1.0,39.0,43160.0,8.0,6.0,3.0,Valid license for this class vehicle,3.0,70.0,135.0,0.0,0.0,1.0,6.0,June,2019.0,6.0,2019.0,9.0,1.0,4.0,25.0,1.0,1.0,2.0,1.0,3.0,1.0,62.0,16.0,2.0,1.0,402.0,39.0,1.0,1.0,0.0,202304821540.0,12.0,7.0,3.0,1.0,1.0,1.0,80.0,28.0,1.0,1.0,1.0,20.0,8.0,73.0,2.0,0.0
390858,1,0,0.0,26.0,1.0,0.0,-99.0,39.0,17.0,12.0,37.0,20.0,75.0,2.0,1.0,4.0,3.0,0.0,9.0,0.0,8.0,996.0,7.0,39.0,4.0,12.0,1.0,0.0,5FNRL38637B0,2007.0,474.0,1869.0,2.0,37.0,Honda,441.0,20.0,1.0,0.0,0.0,35.0,8.0,0.0,0.0,12.0,6.0,12.0,0.0,0.0,1.0,39.0,45011.0,1.0,6.0,3.0,Valid license for this class vehicle,3.0,64.0,262.0,0.0,0.0,1.0,11.0,November,2021.0,5.0,2022.0,0.0,1.0,2.0,35.0,1.0,2.0,2.0,1.0,3.0,1.0,50.0,99.0,1.0,1.0,202.0,39.0,1.0,1.0,0.0,202304746366.0,12.0,3.0,2.0,1.0,10.0,1.0,20.0,25.0,2.0,0.0,1.0,8.0,0.0,37.0,1.0,0.0
390861,1,10,96.0,0.0,1.0,2132.0,23.0,39.0,101.0,35.0,20.0,34.0,48.0,1.0,1.0,4.0,20.0,7.0,8.0,0.0,8.0,996.0,7.0,39.0,1.0,35.0,1.0,0.0,3GCPCSE05CG1,2012.0,467.0,1850.0,60.0,20.0,Chevrolet,481.0,34.0,1.0,0.0,0.0,999.0,7.0,3.0,5.0,12.0,6.0,1.0,0.0,0.0,1.0,39.0,44901.0,1.0,6.0,3.0,Valid license for this class vehicle,0.0,72.0,200.0,0.0,1.0,0.0,5.0,May,2022.0,5.0,2022.0,0.0,1.0,2.0,55.0,2.0,1.0,2.0,1.0,0.0,14.0,12.0,1.0,1.0,4.0,102.0,39.0,1.0,1.0,0.0,202305294591.0,35.0,7.0,9.0,4.0,1.0,1.0,34.0,48.0,1.0,4.0,1.0,8.0,0.0,20.0,1.0,10.0
390866,1,0,0.0,38.0,1.0,0.0,-99.0,39.0,49.0,12.0,92.0,52.0,58.0,1.0,1.0,0.0,3.0,0.0,20.0,0.0,8.0,996.0,0.0,39.0,2.0,12.0,1.0,0.0,15GGD2714E11,2014.0,554.0,2867.0,16.0,92.0,Gillig,988.0,52.0,1.0,0.0,0.0,5.0,7.0,0.0,0.0,3.0,4.0,12.0,0.0,0.0,1.0,39.0,43219.0,1.0,6.0,3.0,Valid license for this class vehicle,3.0,75.0,300.0,0.0,0.0,0.0,0.0,No Record,0.0,0.0,0.0,0.0,1.0,4.0,35.0,1.0,1.0,2.0,1.0,0.0,11.0,15.0,99.0,1.0,1.0,401.0,39.0,0.0,1.0,0.0,202305196659.0,12.0,7.0,8.0,0.0,1.0,1.0,52.0,42.0,2.0,0.0,1.0,20.0,0.0,92.0,1.0,0.0
390866,2,98,0.0,0.0,1.0,5060.0,7.1,39.0,49.0,12.0,53.0,80.0,31.0,1.0,1.0,4.0,20.0,7.0,20.0,8.0,8.0,0.0,7.0,39.0,2.0,12.0,1.0,0.0,JS1GX72B9D21,2013.0,509.0,13083.0,80.0,53.0,Suzuki,706.0,80.0,1.0,0.0,0.0,999.0,7.0,8.0,8.0,12.0,6.0,12.0,0.0,0.0,1.0,39.0,43031.0,1.0,6.0,3.0,Valid license for this class vehicle,3.0,75.0,230.0,0.0,0.0,0.0,0.0,No Record,0.0,0.0,0.0,0.0,1.0,4.0,35.0,1.0,1.0,2.0,1.0,0.0,1.0,62.0,99.0,1.0,1.0,402.0,39.0,1.0,1.0,0.0,202305285046.0,12.0,3.0,10.0,4.0,1.0,1.0,80.0,31.0,1.0,4.0,1.0,20.0,8.0,53.0,2.0,98.0
390868,1,98,96.0,0.0,1.0,1.0,-99.0,39.0,17.0,34.0,49.0,4.0,24.0,1.0,1.0,4.0,99.0,7.0,9.0,1.0,8.0,0.0,1.0,39.0,1.0,34.0,1.0,0.0,5YFBURHE6JP8,2018.0,448.0,2208.0,13.0,49.0,Toyota,32.0,4.0,1.0,0.0,0.0,999.0,7.0,3.0,5.0,11.0,6.0,1.0,0.0,0.0,1.0,18.0,47374.0,1.0,1.0,2.0,No valid license for this class vehicle,0.0,69.0,200.0,0.0,2.0,3.0,11.0,November,2021.0,8.0,2022.0,9.0,1.0,2.0,55.0,2.0,1.0,2.0,2.0,0.0,1.0,12.0,1.0,1.0,4.0,102.0,39.0,1.0,1.0,0.0,202304682535.0,12.0,4.0,1.0,0.0,1.0,1.0,4.0,24.0,2.0,0.0,1.0,20.0,0.0,49.0,1.0,98.0
390876,1,0,0.0,0.0,1.0,0.0,-99.0,39.0,113.0,30.0,35.0,4.0,21.0,2.0,1.0,2.0,3.0,0.0,9.0,0.0,8.0,996.0,0.0,39.0,1.0,30.0,4.0,0.0,1N4BL4BV2NN3,2022.0,478.0,1904.0,13.0,35.0,Nissan/Datsun,47.0,4.0,1.0,0.0,0.0,999.0,7.0,0.0,0.0,12.0,6.0,30.0,0.0,0.0,1.0,13.0,45405.0,7.0,6.0,3.0,Valid license for this class vehicle,0.0,999.0,999.0,0.0,0.0,0.0,0.0,No Record,0.0,0.0,0.0,0.0,2.0,3.0,40.0,1.0,1.0,2.0,2.0,3.0,11.0,15.0,99.0,3.0,4.0,101.0,39.0,0.0,1.0,0.0,202305326551.0,12.0,3.0,10.0,0.0,1.0,1.0,4.0,33.0,1.0,0.0,1.0,2.0,0.0,35.0,2.0,0.0
390877,1,0,0.0,36.0,1.0,0.0,-99.0,39.0,35.0,12.0,63.0,4.0,16.0,1.0,1.0,3.0,20.0,7.0,8.0,0.0,8.0,996.0,0.0,39.0,2.0,12.0,4.0,0.0,5XXGT4L37JG2,2018.0,499.0,2739.0,13.0,63.0,KIA,34.0,4.0,1.0,0.0,0.0,88.0,8.0,3.0,1.0,12.0,6.0,1.0,0.0,0.0,1.0,39.0,44109.0,0.0,0.0,0.0,Not licensed,0.0,72.0,203.0,0.0,0.0,0.0,0.0,No Record,0.0,0.0,0.0,4.0,1.0,3.0,35.0,1.0,1.0,2.0,1.0,3.0,1.0,62.0,1.0,1.0,1.0,402.0,39.0,0.0,1.0,0.0,202304978392.0,12.0,3.0,3.0,0.0,1.0,1.0,4.0,34.0,2.0,0.0,1.0,20.0,0.0,63.0,1.0,0.0
390885,1,0,0.0,0.0,1.0,0.0,-99.0,39.0,151.0,24.0,72.0,80.0,68.0,1.0,1.0,2.0,20.0,7.0,20.0,8.0,8.0,996.0,0.0,39.0,1.0,24.0,2.0,0.0,1HD1FRW403Y7,2003.0,3888.0,11136.0,81.0,72.0,Harley-Davidson,706.0,80.0,1.0,0.0,0.0,40.0,7.0,8.0,8.0,9.0,6.0,24.0,0.0,0.0,1.0,39.0,44615.0,1.0,6.0,3.0,Valid license for this class vehicle,3.0,71.0,170.0,0.0,1.0,1.0,4.0,April,2019.0,12.0,2022.0,0.0,1.0,2.0,55.0,2.0,2.0,2.0,1.0,0.0,14.0,5.0,99.0,1.0,4.0,101.0,39.0,0.0,1.0,0.0,202305298414.0,1.0,2.0,10.0,4.0,1.0,1.0,80.0,68.0,1.0,2.0,1.0,20.0,8.0,72.0,1.0,0.0
390888,2,0,0.0,0.0,1.0,0.0,-99.0,39.0,95.0,12.0,12.0,34.0,58.0,1.0,1.0,3.0,3.0,0.0,8.0,0.0,8.0,996.0,0.0,39.0,2.0,12.0,1.0,0.0,1FT7W2BT6HED,2017.0,460.0,1805.0,60.0,12.0,Ford,481.0,34.0,1.0,0.0,0.0,999.0,8.0,0.0,0.0,12.0,6.0,12.0,0.0,0.0,1.0,54.0,26147.0,1.0,6.0,3.0,Valid license for this class vehicle,0.0,999.0,999.0,0.0,0.0,0.0,0.0,No Record,0.0,0.0,0.0,0.0,2.0,2.0,70.0,3.0,2.0,1.0,2.0,0.0,1.0,62.0,99.0,1.0,1.0,303.0,39.0,0.0,1.0,0.0,202305161208.0,12.0,6.0,6.0,2.0,2.0,1.0,34.0,26.0,2.0,2.0,1.0,20.0,0.0,12.0,3.0,0.0
390911,1,0,0.0,58.0,1.0,0.0,-99.0,39.0,169.0,30.0,12.0,14.0,65.0,2.0,1.0,4.0,3.0,0.0,9.0,0.0,8.0,996.0,7.0,39.0,1.0,30.0,1.0,0.0,1FMZU73K55UA,2005.0,460.0,1800.0,7.0,12.0,Ford,401.0,14.0,1.0,0.0,0.0,998.0,7.0,0.0,0.0,12.0,6.0,42.0,0.0,0.0,1.0,39.0,44691.0,1.0,6.0,3.0,Valid license for this class vehicle,0.0,60.0,140.0,0.0,0.0,0.0,0.0,No Record,0.0,0.0,0.0,0.0,1.0,2.0,45.0,1.0,2.0,2.0,1.0,0.0,1.0,12.0,99.0,1.0,4.0,102.0,39.0,1.0,1.0,0.0,202304975781.0,12.0,1.0,3.0,0.0,1.0,1.0,14.0,66.0,1.0,0.0,1.0,20.0,0.0,12.0,2.0,0.0
390914,1,0,0.0,0.0,1.0,5060.0,4.8,39.0,65.0,42.0,20.0,34.0,18.0,1.0,1.0,4.0,3.0,0.0,20.0,0.0,8.0,0.0,7.0,39.0,1.0,42.0,1.0,0.0,1GCCS1956281,2002.0,467.0,11483.0,60.0,20.0,Chevrolet,471.0,34.0,1.0,0.0,0.0,100.0,7.0,0.0,0.0,12.0,6.0,42.0,0.0,0.0,1.0,39.0,45814.0,1.0,6.0,3.0,Valid license for this class vehicle,3.0,73.0,160.0,0.0,1.0,0.0,9.0,September,2023.0,9.0,2023.0,3.0,1.0,2.0,55.0,1.0,1.0,2.0,1.0,0.0,1.0,12.0,99.0,1.0,4.0,102.0,39.0,1.0,1.0,0.0,202305326189.0,42.0,1.0,10.0,4.0,1.0,1.0,34.0,18.0,1.0,4.0,1.0,20.0,0.0,20.0,1.0,0.0
390925,1,98,96.0,28.0,1.0,3022.0,-99.0,39.0,27.0,12.0,55.0,4.0,25.0,2.0,1.0,4.0,20.0,7.0,20.0,0.0,8.0,0.0,7.0,39.0,2.0,12.0,1.0,0.0,5NPEB4AC1DH5,2013.0,498.0,2459.0,13.0,55.0,Hyundai,33.0,4.0,1.0,0.0,0.0,999.0,8.0,3.0,5.0,12.0,6.0,12.0,0.0,0.0,1.0,39.0,45113.0,1.0,6.0,3.0,Valid license for this class vehicle,0.0,65.0,180.0,1.0,1.0,0.0,8.0,August,2020.0,3.0,2023.0,0.0,1.0,2.0,55.0,1.0,1.0,2.0,2.0,0.0,1.0,10.0,99.0,1.0,2.0,301.0,39.0,1.0,1.0,0.0,202304695899.0,12.0,6.0,1.0,0.0,10.0,1.0,4.0,15.0,1.0,0.0,1.0,1.0,0.0,55.0,1.0,98.0