ST_CASE,VEH_NO_x,DRIMPAIR_x,DRDISTRACT,DRIVERRF,PER_NO_x,DRUGRES,DRUGACTQTY,STATE_x,COUNTY,HARM_EV_x,MAKE_x,BODY_TYP_x,AGE,SEX,PER_TYP_x,INJ_SEV,REST_USE,REST_MIS,AIR_BAG_x,EJECTION,DRINKING,ALC_RES,HISPANIC,STATE_y,VE_FORMS,HARM_EV_y,NUMOCCS,HIT_RUN,VIN,MOD_YEAR,VPICMAKE,VPICMODEL,VPICBODYCLASS,MAKE_y,MAKENAME,MODEL,BODY_TYP_y,HAZ_INV,HAZ_PLAC,HAZ_ID,TRAV_SP,UNDEROVERRIDE,ROLLOVER,ROLINLOC,IMPACT1,DEFORMED,M_HARM,FIRE_EXP,DR_DRINK,DR_PRES,L_STATE,DR_ZIP,L_TYPE,L_STATUS,L_COMPL,L_COMPLNAME,L_RESTRI,DR_HGT,DR_WGT,PREV_DWI,PREV_SPD,PREV_OTH,FIRST_MO,FIRST_MONAME,FIRST_YR,LAST_MO,LAST_YR,SPEEDREL,VTRAFWAY,VNUM_LAN,VSPD_LIM,VALIGN,VPROFILE,VPAVETYP,VSURCOND,VTRAFCON,P_CRASH1,P_CRASH2,P_CRASH3,PCRASH4,PCRASH5,ACC_CONFIG,STATE,RACE,ORDER,MULTRACE,CASENUM,HARM_EV,DAY_WEEK,MONTH,MAXSEV_IM,WEATHR_IM,PER_NO_y,BODY_TYP,AGE_IM,SEX_IM,INJSEV_IM,PER_TYP_y,AIR_BAG_y,EJECT_IM,MAKE,VEH_NO_y,DRIMPAIR_y
390926,1,98,96.0,0.0,1.0,0.0,-99.0,39.0,49.0,21.0,49.0,14.0,39.0,1.0,1.0,4.0,3.0,0.0,9.0,0.0,8.0,0.0,7.0,39.0,1.0,21.0,1.0,0.0,JTMBFREV4HJ7,2017.0,448.0,2217.0,7.0,49.0,Toyota,402.0,14.0,1.0,0.0,0.0,999.0,7.0,0.0,0.0,11.0,6.0,21.0,0.0,0.0,1.0,39.0,43229.0,1.0,4.0,2.0,No valid license for this class vehicle,0.0,74.0,195.0,0.0,0.0,1.0,6.0,June,2021.0,8.0,2022.0,9.0,3.0,4.0,65.0,3.0,2.0,2.0,1.0,0.0,1.0,13.0,1.0,1.0,4.0,101.0,39.0,2.0,1.0,0.0,202304993851.0,12.0,3.0,5.0,0.0,1.0,1.0,14.0,46.0,1.0,0.0,1.0,20.0,0.0,49.0,1.0,98.0
390940,1,0,0.0,38.0,1.0,0.0,-99.0,39.0,99.0,12.0,35.0,4.0,49.0,1.0,1.0,0.0,20.0,7.0,9.0,0.0,8.0,996.0,0.0,39.0,2.0,12.0,1.0,0.0,1N4AA5AP1DC8,2013.0,478.0,2302.0,13.0,35.0,Nissan/Datsun,39.0,4.0,1.0,0.0,0.0,998.0,7.0,0.0,0.0,7.0,6.0,12.0,0.0,0.0,1.0,39.0,44502.0,1.0,6.0,3.0,Valid license for this class vehicle,0.0,74.0,330.0,0.0,0.0,0.0,0.0,No Record,0.0,0.0,0.0,0.0,0.0,0.0,0.0,0.0,0.0,0.0,0.0,0.0,11.0,15.0,99.0,1.0,1.0,414.0,39.0,0.0,1.0,0.0,202304854056.0,12.0,3.0,4.0,2.0,1.0,1.0,4.0,56.0,1.0,2.0,1.0,20.0,0.0,35.0,1.0,95.0
390940,2,9,0.0,0.0,1.0,3066.0,-99.0,39.0,99.0,12.0,53.0,80.0,26.0,1.0,1.0,4.0,20.0,7.0,20.0,8.0,1.0,155.0,7.0,39.0,2.0,12.0,1.0,0.0,JS1VP55B9K71,2019.0,509.0,24813.0,6.0,53.0,Suzuki,705.0,80.0,1.0,0.0,0.0,998.0,7.0,8.0,8.0,12.0,6.0,12.0,0.0,1.0,1.0,39.0,44514.0,1.0,6.0,3.0,Valid license for this class vehicle,0.0,67.0,165.0,0.0,0.0,1.0,6.0,June,2023.0,6.0,2023.0,0.0,1.0,4.0,35.0,1.0,1.0,2.0,1.0,0.0,1.0,72.0,99.0,1.0,1.0,415.0,39.0,1.0,1.0,0.0,202305343318.0,12.0,1.0,7.0,4.0,1.0,1.0,80.0,26.0,1.0,4.0,1.0,20.0,8.0,53.0,2.0,9.0
390942,1,98,0.0,28.0,1.0,3019.0,77.0,39.0,35.0,12.0,12.0,4.0,30.0,1.0,1.0,4.0,20.0,7.0,8.0,0.0,8.0,0.0,7.0,39.0,2.0,12.0,1.0,0.0,3FA6P0H79GR2,2016.0,460.0,1780.0,13.0,12.0,Ford,23.0,4.0,1.0,0.0,0.0,78.0,8.0,0.0,0.0,12.0,6.0,12.0,1.0,0.0,1.0,39.0,44109.0,1.0,1.0,2.0,No valid license for this class vehicle,0.0,71.0,147.0,0.0,1.0,3.0,2.0,February,2019.0,3.0,2022.0,0.0,1.0,2.0,35.0,1.0,2.0,2.0,1.0,0.0,1.0,10.0,99.0,1.0,2.0,301.0,39.0,2.0,1.0,0.0,202304993969.0,12.0,3.0,4.0,0.0,1.0,1.0,4.0,63.0,1.0,0.0,1.0,20.0,0.0,12.0,1.0,0.0
390943,1,98,0.0,51.0,1.0,3019.0,299.0,39.0,35.0,12.0,37.0,4.0,23.0,1.0,1.0,4.0,99.0,7.0,8.0,0.0,8.0,125.0,7.0,39.0,2.0,12.0,3.0,0.0,1HGCR2F32DA0,2013.0,474.0,1861.0,13.0,37.0,Honda,32.0,4.0,1.0,0.0,0.0,999.0,8.0,0.0,0.0,12.0,6.0,12.0,0.0,1.0,1.0,39.0,44024.0,1.0,6.0,3.0,Valid license for this class vehicle,3.0,72.0,145.0,0.0,1.0,0.0,7.0,July,2023.0,7.0,2023.0,0.0,6.0,1.0,60.0,1.0,1.0,2.0,1.0,0.0,1.0,11.0,99.0,4.0,6.0,998.0,39.0,2.0,1.0,0.0,202305478573.0,12.0,3.0,10.0,2.0,1.0,1.0,4.0,23.0,1.0,2.0,1.0,20.0,0.0,37.0,2.0,0.0
390957,1,9,0.0,0.0,1.0,3019.0,-99.0,39.0,131.0,35.0,12.0,4.0,43.0,2.0,1.0,0.0,3.0,0.0,9.0,0.0,8.0,0.0,0.0,39.0,1.0,35.0,3.0,0.0,1FAFP34N75W1,2005.0,460.0,1779.0,13.0,12.0,Ford,37.0,4.0,1.0,0.0,0.0,70.0,7.0,0.0,0.0,12.0,6.0,42.0,0.0,0.0,1.0,39.0,45661.0,1.0,1.0,2.0,No valid license for this class vehicle,0.0,66.0,150.0,0.0,0.0,0.0,0.0,No Record,0.0,0.0,0.0,3.0,1.0,2.0,45.0,2.0,1.0,2.0,1.0,0.0,14.0,12.0,99.0,1.0,4.0,102.0,39.0,0.0,1.0,0.0,202305357316.0,12.0,7.0,10.0,1.0,2.0,1.0,4.0,22.0,2.0,0.0,1.0,20.0,0.0,12.0,2.0,0.0
390959,1,98,0.0,51.0,1.0,1.0,-99.0,39.0,155.0,12.0,20.0,34.0,91.0,1.0,1.0,4.0,3.0,0.0,9.0,0.0,8.0,80.0,7.0,39.0,2.0,12.0,1.0,0.0,1GCCS19X1T81,1996.0,467.0,11483.0,60.0,20.0,Chevrolet,471.0,34.0,1.0,0.0,0.0,999.0,8.0,0.0,0.0,12.0,6.0,12.0,0.0,1.0,1.0,39.0,44403.0,1.0,6.0,3.0,Valid license for this class vehicle,3.0,69.0,175.0,0.0,0.0,0.0,0.0,No Record,0.0,0.0,0.0,9.0,2.0,2.0,65.0,1.0,2.0,2.0,2.0,0.0,1.0,54.0,1.0,1.0,1.0,303.0,39.0,1.0,1.0,0.0,202304962425.0,52.0,2.0,5.0,0.0,1.0,1.0,34.0,64.0,1.0,0.0,1.0,20.0,0.0,20.0,1.0,1.0
390960,1,98,0.0,0.0,1.0,3033.0,0.12,39.0,61.0,34.0,12.0,4.0,28.0,1.0,1.0,4.0,20.0,7.0,8.0,1.0,8.0,194.0,7.0,39.0,1.0,34.0,1.0,0.0,1FADP3F26DL3,2013.0,460.0,1779.0,13.0,12.0,Ford,37.0,4.0,1.0,0.0,0.0,998.0,7.0,3.0,3.0,12.0,6.0,1.0,0.0,1.0,1.0,39.0,45215.0,1.0,6.0,3.0,Valid license for this class vehicle,0.0,74.0,190.0,0.0,0.0,0.0,0.0,No Record,0.0,0.0,0.0,0.0,2.0,2.0,65.0,2.0,1.0,2.0,1.0,0.0,14.0,12.0,99.0,1.0,4.0,102.0,39.0,1.0,1.0,0.0,202304805429.0,12.0,4.0,2.0,0.0,1.0,1.0,4.0,20.0,2.0,0.0,1.0,20.0,0.0,12.0,2.0,0.0
390962,1,98,12.0,104.0,1.0,5060.0,27.0,39.0,35.0,12.0,59.0,14.0,34.0,1.0,1.0,4.0,20.0,7.0,9.0,1.0,8.0,0.0,7.0,39.0,2.0,12.0,1.0,0.0,JTJBARBZ7H21,2017.0,515.0,3653.0,7.0,59.0,Lexus,405.0,14.0,1.0,0.0,0.0,100.0,8.0,0.0,0.0,11.0,6.0,30.0,1.0,0.0,1.0,39.0,44105.0,0.0,0.0,0.0,Not licensed,0.0,69.0,190.0,0.0,0.0,1.0,8.0,August,2022.0,8.0,2022.0,3.0,1.0,4.0,35.0,1.0,1.0,2.0,2.0,3.0,1.0,19.0,99.0,1.0,3.0,208.0,39.0,2.0,1.0,0.0,202304962718.0,12.0,6.0,5.0,0.0,1.0,1.0,14.0,60.0,2.0,0.0,1.0,20.0,0.0,59.0,1.0,0.0
390965,1,0,96.0,38.0,1.0,1.0,-99.0,39.0,41.0,12.0,37.0,4.0,27.0,1.0,1.0,3.0,3.0,0.0,8.0,0.0,1.0,0.0,0.0,39.0,2.0,12.0,2.0,0.0,1HGFA16587L1,2007.0,474.0,1863.0,13.0,37.0,Honda,31.0,4.0,1.0,0.0,0.0,999.0,8.0,0.0,0.0,3.0,6.0,12.0,0.0,1.0,1.0,39.0,43015.0,0.0,0.0,0.0,Not licensed,0.0,999.0,999.0,0.0,0.0,0.0,0.0,No Record,0.0,0.0,0.0,9.0,1.0,2.0,55.0,1.0,1.0,2.0,1.0,20.0,1.0,17.0,1.0,1.0,1.0,502.0,39.0,0.0,1.0,0.0,202305309677.0,12.0,6.0,10.0,0.0,1.0,1.0,4.0,26.0,2.0,0.0,1.0,20.0,0.0,37.0,1.0,0.0
390968,2,0,0.0,0.0,1.0,0.0,-99.0,39.0,169.0,12.0,37.0,4.0,19.0,1.0,1.0,2.0,3.0,0.0,8.0,0.0,8.0,996.0,0.0,39.0,2.0,12.0,2.0,0.0,19XFC2F50HE0,2017.0,474.0,1863.0,13.0,37.0,Honda,31.0,4.0,1.0,0.0,0.0,60.0,8.0,0.0,0.0,12.0,6.0,12.0,0.0,0.0,1.0,39.0,44270.0,1.0,6.0,3.0,Valid license for this class vehicle,0.0,72.0,250.0,0.0,0.0,0.0,0.0,No Record,0.0,0.0,0.0,0.0,2.0,3.0,60.0,1.0,1.0,2.0,1.0,0.0,1.0,66.0,16.0,1.0,1.0,503.0,39.0,0.0,1.0,0.0,202304793749.0,12.0,3.0,1.0,1.0,1.0,1.0,4.0,21.0,2.0,0.0,1.0,20.0,0.0,37.0,1.0,0.0
390971,1,98,96.0,0.0,1.0,5063.0,11.0,39.0,33.0,34.0,12.0,4.0,19.0,1.0,1.0,4.0,20.0,7.0,8.0,1.0,8.0,0.0,7.0,39.0,2.0,34.0,2.0,0.0,1FADP3E25DL3,2013.0,460.0,1779.0,13.0,12.0,Ford,37.0,4.0,1.0,0.0,0.0,76.0,7.0,3.0,5.0,11.0,6.0,54.0,0.0,0.0,1.0,39.0,44870.0,1.0,6.0,3.0,Valid license for this class vehicle,0.0,72.0,155.0,0.0,0.0,0.0,0.0,No Record,0.0,0.0,0.0,0.0,1.0,2.0,55.0,1.0,1.0,2.0,2.0,0.0,1.0,12.0,99.0,1.0,4.0,102.0,39.0,2.0,1.0,0.0,202305372150.0,34.0,1.0,10.0,4.0,2.0,1.0,4.0,19.0,1.0,4.0,1.0,8.0,1.0,12.0,1.0,98.0
390973,1,98,96.0,0.0,1.0,2088.0,1.6,39.0,21.0,30.0,41.0,4.0,65.0,2.0,1.0,4.0,20.0,7.0,9.0,2.0,8.0,0.0,7.0,39.0,1.0,30.0,1.0,0.0,1YVHP80C775M,2007.0,473.0,2078.0,13.0,41.0,Mazda,50.0,4.0,1.0,0.0,0.0,998.0,8.0,0.0,0.0,1.0,6.0,14.0,0.0,0.0,1.0,39.0,43078.0,1.0,6.0,3.0,Valid license for this class vehicle,0.0,65.0,220.0,0.0,0.0,0.0,0.0,No Record,0.0,0.0,0.0,0.0,1.0,2.0,25.0,1.0,2.0,2.0,1.0,0.0,1.0,13.0,99.0,1.0,4.0,101.0,39.0,1.0,1.0,0.0,202304867071.0,12.0,2.0,4.0,0.0,1.0,1.0,4.0,64.0,2.0,0.0,1.0,20.0,0.0,41.0,2.0,0.0
390981,1,98,96.0,0.0,1.0,0.0,-99.0,39.0,95.0,24.0,20.0,34.0,55.0,1.0,1.0,4.0,20.0,7.0,20.0,2.0,8.0,996.0,7.0,39.0,3.0,24.0,1.0,0.0,1GCEC14Z07Z1,2007.0,467.0,1850.0,60.0,20.0,Chevrolet,481.0,34.0,1.0,0.0,0.0,998.0,8.0,0.0,0.0,11.0,6.0,12.0,0.0,0.0,1.0,39.0,43605.0,1.0,6.0,3.0,Valid license for this class vehicle,0.0,74.0,240.0,0.0,0.0,0.0,0.0,No Record,0.0,0.0,0.0,0.0,6.0,2.0,45.0,1.0,2.0,8.0,98.0,3.0,1.0,12.0,99.0,1.0,4.0,102.0,39.0,1.0,1.0,0.0,202304638424.0,8.0,1.0,1.0,4.0,1.0,1.0,34.0,39.0,1.0,0.0,1.0,20.0,0.0,20.0,1.0,99.0
390982,1,98,0.0,0.0,1.0,1.0,-99.0,39.0,93.0,30.0,72.0,80.0,59.0,1.0,1.0,4.0,20.0,7.0,20.0,8.0,1.0,220.0,7.0,39.0,1.0,30.0,1.0,0.0,1HD1KBM12DB6,2013.0,3888.0,8515.0,81.0,72.0,Harley-Davidson,706.0,80.0,1.0,0.0,0.0,55.0,7.0,8.0,8.0,12.0,6.0,30.0,0.0,1.0,1.0,39.0,44039.0,1.0,6.0,3.0,Valid license for this class vehicle,0.0,67.0,200.0,0.0,1.0,1.0,5.0,May,2019.0,11.0,2019.0,4.0,1.0,2.0,35.0,3.0,1.0,2.0,1.0,0.0,14.0,13.0,1.0,1.0,4.0,101.0,39.0,1.0,1.0,0.0,202304985584.0,33.0,3.0,5.0,2.0,1.0,1.0,80.0,49.0,1.0,2.0,1.0,20.0,8.0,72.0,1.0,0.0
390993,2,0,0.0,0.0,1.0,1.0,-99.0,39.0,5.0,12.0,49.0,4.0,40.0,1.0,1.0,4.0,20.0,7.0,9.0,0.0,8.0,0.0,7.0,39.0,2.0,12.0,1.0,0.0,4T1BG22K51U0,2001.0,448.0,2469.0,13.0,49.0,Toyota,40.0,4.0,1.0,0.0,0.0,999.0,8.0,0.0,0.0,12.0,6.0,12.0,0.0,0.0,1.0,39.0,44866.0,1.0,6.0,3.0,Valid license for this class vehicle,3.0,72.0,220.0,0.0,0.0,0.0,0.0,No Record,0.0,0.0,0.0,0.0,1.0,2.0,55.0,1.0,1.0,2.0,1.0,0.0,1.0,66.0,99.0,1.0,1.0,501.0,39.0,1.0,1.0,0.0,202305583714.0,12.0,6.0,12.0,0.0,10.0,1.0,4.0,54.0,2.0,0.0,1.0,8.0,0.0,49.0,2.0,0.0
390996,1,0,0.0,38.0,1.0,0.0,-99.0,39.0,139.0,12.0,7.0,20.0,41.0,1.0,1.0,1.0,3.0,0.0,9.0,0.0,8.0,996.0,0.0,39.0,2.0,12.0,1.0,0.0,2C4RDGCG1ER1,2014.0,476.0,14832.0,2.0,7.0,Dodge,442.0,20.0,1.0,0.0,0.0,10.0,8.0,3.0,1.0,3.0,6.0,12.0,0.0,0.0,1.0,39.0,44875.0,1.0,6.0,3.0,Valid license for this class vehicle,0.0,74.0,275.0,1.0,0.0,0.0,2.0,February,2020.0,5.0,2020.0,0.0,1.0,2.0,45.0,3.0,8.0,8.0,1.0,20.0,4.0,17.0,1.0,1.0,1.0,502.0,39.0,0.0,1.0,0.0,202305417561.0,11.0,5.0,11.0,0.0,1.0,1.0,20.0,68.0,2.0,0.0,1.0,20.0,0.0,7.0,1.0,0.0
390997,1,98,96.0,39.0,1.0,3033.0,-99.0,39.0,175.0,12.0,73.0,80.0,33.0,1.0,1.0,4.0,20.0,7.0,20.0,8.0,1.0,20.0,7.0,39.0,2.0,12.0,1.0,0.0,JKAZXBD1XRB5,1994.0,510.0,13025.0,80.0,73.0,Kawasaki,706.0,80.0,1.0,0.0,0.0,999.0,7.0,8.0,8.0,12.0,6.0,12.0,0.0,1.0,1.0,39.0,44844.0,1.0,6.0,3.0,Valid license for this class vehicle,0.0,71.0,220.0,0.0,0.0,0.0,0.0,No Record,0.0,0.0,0.0,0.0,1.0,2.0,35.0,1.0,1.0,2.0,1.0,20.0,1.0,17.0,99.0,1.0,1.0,501.0,39.0,1.0,1.0,0.0,202305391122.0,1.0,5.0,11.0,4.0,1.0,1.0,80.0,33.0,1.0,4.0,1.0,20.0,8.0,73.0,1.0,98.0
390997,2,0,0.0,0.0,1.0,0.0,-99.0,39.0,175.0,12.0,12.0,61.0,77.0,2.0,1.0,0.0,3.0,0.0,20.0,0.0,8.0,996.0,0.0,39.0,2.0,12.0,21.0,0.0,1FDFE4FS3EDA,2014.0,460.0,1819.0,62.0,12.0,Ford,870.0,61.0,1.0,0.0,0.0,30.0,7.0,0.0,0.0,2.0,2.0,12.0,0.0,0.0,1.0,39.0,44883.0,1.0,6.0,3.0,Valid license for this class vehicle,3.0,66.0,200.0,0.0,1.0,0.0,10.0,October,2019.0,10.0,2019.0,0.0,1.0,2.0,35.0,1.0,8.0,8.0,98.0,0.0,1.0,66.0,99.0,1.0,1.0,502.0,39.0,0.0,1.0,0.0,202305391122.0,1.0,5.0,11.0,4.0,1.0,1.0,61.0,77.0,2.0,0.0,1.0,20.0,0.0,12.0,2.0,0.0
391002,1,98,96.0,28.0,1.0,1.0,-99.0,39.0,155.0,12.0,2.0,14.0,82.0,1.0,1.0,4.0,3.0,0.0,9.0,0.0,8.0,0.0,7.0,39.0,2.0,12.0,1.0,0.0,1J4GL48K87W5,2007.0,483.0,1944.0,7.0,2.0,Jeep / Kaiser-Jeep / Willys- Jeep,405.0,14.0,1.0,0.0,0.0,999.0,8.0,0.0,0.0,12.0,6.0,12.0,0.0,0.0,1.0,42.0,16125.0,1.0,6.0,3.0,Valid license for this class vehicle,0.0,67.0,999.0,0.0,0.0,0.0,0.0,No Record,0.0,0.0,0.0,0.0,1.0,2.0,55.0,2.0,2.0,2.0,1.0,0.0,14.0,10.0,1.0,1.0,2.0,301.0,39.0,1.0,1.0,0.0,202305196746.0,12.0,2.0,8.0,0.0,1.0,1.0,14.0,69.0,2.0,0.0,1.0,20.0,0.0,2.0,1.0,0.0
391002,2,98,96.0,0.0,1.0,1030.0,2.9,39.0,155.0,12.0,49.0,4.0,51.0,1.0,1.0,4.0,3.0,0.0,9.0,0.0,8.0,0.0,7.0,39.0,2.0,12.0,2.0,0.0,4T1BF3EK4BU1,2011.0,448.0,2469.0,13.0,49.0,Toyota,40.0,4.0,1.0,0.0,0.0,999.0,8.0,0.0,0.0,12.0,6.0,12.0,0.0,0.0,1.0,42.0,16125.0,1.0,6.0,3.0,Valid license for this class vehicle,0.0,70.0,999.0,0.0,1.0,0.0,6.0,June,2019.0,6.0,2021.0,0.0,1.0,2.0,55.0,3.0,2.0,2.0,1.0,0.0,14.0,62.0,1.0,1.0,1.0,302.0,39.0,1.0,1.0,0.0,202304756029.0,12.0,6.0,2.0,0.0,10.0,1.0,4.0,17.0,2.0,0.0,1.0,20.0,0.0,49.0,1.0,0.0
391003,2,98,96.0,0.0,1.0,3026.0,-99.0,39.0,157.0,12.0,12.0,21.0,62.0,1.0,1.0,4.0,20.0,7.0,20.0,1.0,8.0,0.0,7.0,39.0,3.0,12.0,1.0,0.0,1FTNS24L82HB,2002.0,460.0,1817.0,95.0,12.0,Ford,461.0,21.0,1.0,0.0,0.0,0.0,8.0,0.0,0.0,6.0,6.0,12.0,0.0,0.0,1.0,39.0,44212.0,1.0,6.0,3.0,Valid license for this class vehicle,0.0,72.0,215.0,0.0,3.0,1.0,12.0,December,2021.0,10.0,2023.0,0.0,1.0,2.0,50.0,1.0,1.0,2.0,1.0,0.0,5.0,53.0,1.0,1.0,1.0,201.0,39.0,1.0,1.0,0.0,202305583543.0,12.0,4.0,12.0,0.0,1.0,1.0,21.0,21.0,1.0,0.0,1.0,20.0,0.0,12.0,1.0,0.0
391005,1,0,0.0,38.0,1.0,1.0,-99.0,39.0,133.0,12.0,41.0,14.0,26.0,2.0,1.0,2.0,3.0,0.0,9.0,0.0,8.0,0.0,0.0,39.0,2.0,12.0,1.0,0.0,3MVDMBBL9MM2,2021.0,473.0,26914.0,7.0,41.0,Mazda,498.0,14.0,1.0,0.0,0.0,10.0,7.0,0.0,0.0,12.0,6.0,12.0,0.0,0.0,1.0,39.0,44241.0,1.0,6.0,3.0,Valid license for this class vehicle,0.0,64.0,170.0,0.0,0.0,0.0,0.0,No Record,0.0,0.0,0.0,0.0,1.0,3.0,35.0,1.0,2.0,2.0,1.0,4.0,11.0,15.0,1.0,1.0,1.0,401.0,39.0,0.0,1.0,0.0,202304943438.0,12.0,1.0,2.0,2.0,1.0,1.0,14.0,41.0,2.0,0.0,1.0,1.0,0.0,41.0,1.0,9.0
391008,1,98,0.0,0.0,1.0,5060.0,0.124,39.0,61.0,30.0,7.0,4.0,34.0,1.0,1.0,4.0,99.0,7.0,99.0,0.0,8.0,123.0,7.0,39.0,1.0,30.0,2.0,0.0,2C3CDXJG8KH5,2019.0,476.0,1895.0,13.0,7.0,Dodge,24.0,4.0,1.0,0.0,0.0,999.0,7.0,0.0,0.0,12.0,6.0,2.0,1.0,1.0,1.0,39.0,45239.0,1.0,6.0,3.0,Valid license for this class vehicle,0.0,65.0,160.0,0.0,3.0,2.0,1.0,January,2019.0,8.0,2023.0,5.0,1.0,2.0,35.0,1.0,2.0,2.0,2.0,0.0,1.0,12.0,99.0,9.0,4.0,102.0,39.0,2.0,1.0,0.0,202305491989.0,12.0,1.0,11.0,0.0,1.0,1.0,4.0,52.0,2.0,0.0,1.0,20.0,0.0,7.0,2.0,0.0
391009,3,10,96.0,0.0,1.0,0.0,-99.0,39.0,49.0,12.0,49.0,4.0,15.0,1.0,1.0,3.0,99.0,7.0,9.0,0.0,8.0,996.0,0.0,39.0,3.0,12.0,2.0,0.0,1NXBR32E23Z0,2003.0,448.0,2208.0,13.0,49.0,Toyota,32.0,4.0,1.0,0.0,0.0,999.0,8.0,0.0,0.0,3.0,6.0,12.0,0.0,0.0,1.0,39.0,43207.0,0.0,0.0,0.0,Not licensed,0.0,999.0,999.0,0.0,0.0,0.0,0.0,No Record,0.0,0.0,0.0,0.0,1.0,4.0,98.0,1.0,1.0,2.0,1.0,3.0,11.0,15.0,99.0,1.0,1.0,401.0,39.0,0.0,1.0,0.0,202304934980.0,12.0,7.0,5.0,0.0,1.0,1.0,4.0,84.0,1.0,0.0,1.0,20.0,0.0,49.0,1.0,0.0
391016,2,0,0.0,0.0,1.0,0.0,-99.0,39.0,169.0,12.0,6.0,4.0,18.0,1.0,1.0,2.0,20.0,7.0,8.0,0.0,8.0,996.0,0.0,39.0,2.0,12.0,1.0,0.0,1C3CCCAB9FN5,2015.0,477.0,2053.0,13.0,6.0,Chrysler,18.0,4.0,1.0,0.0,0.0,55.0,8.0,0.0,0.0,12.0,6.0,12.0,0.0,0.0,1.0,39.0,44667.0,1.0,6.0,3.0,Valid license for this class vehicle,0.0,72.0,175.0,0.0,0.0,0.0,0.0,No Record,0.0,0.0,0.0,0.0,1.0,2.0,55.0,1.0,1.0,2.0,1.0,0.0,1.0,66.0,99.0,1.0,1.0,501.0,39.0,0.0,1.0,0.0,202304702109.0,12.0,6.0,1.0,0.0,1.0,1.0,4.0,34.0,1.0,0.0,1.0,2.0,0.0,6.0,2.0,0.0
391020,1,98,0.0,0.0,1.0,1133.0,180.0,39.0,89.0,42.0,37.0,4.0,51.0,1.0,1.0,4.0,20.0,7.0,8.0,0.0,1.0,12.0,7.0,39.0,1.0,42.0,1.0,0.0,1HGFA16868L0,2008.0,474.0,1863.0,13.0,37.0,Honda,31.0,4.0,1.0,0.0,0.0,999.0,7.0,0.0,0.0,12.0,6.0,42.0,0.0,1.0,1.0,39.0,43701.0,1.0,6.0,3.0,Valid license for this class vehicle,0.0,71.0,245.0,1.0,0.0,0.0,12.0,December,2020.0,12.0,2020.0,9.0,2.0,2.0,55.0,3.0,1.0,2.0,1.0,0.0,14.0,13.0,99.0,1.0,4.0,101.0,39.0,1.0,1.0,0.0,202304915480.0,12.0,3.0,4.0,0.0,1.0,1.0,4.0,16.0,1.0,0.0,1.0,20.0,0.0,37.0,1.0,0.0
391025,1,98,0.0,0.0,1.0,1.0,-99.0,39.0,49.0,11.0,37.0,4.0,27.0,1.0,1.0,4.0,20.0,7.0,8.0,1.0,8.0,0.0,7.0,39.0,1.0,11.0,1.0,0.0,1HGCV1F55JA1,2018.0,474.0,1861.0,13.0,37.0,Honda,32.0,4.0,1.0,0.0,0.0,87.0,7.0,0.0,0.0,12.0,6.0,30.0,0.0,0.0,1.0,39.0,43123.0,1.0,6.0,3.0,Valid license for this class vehicle,0.0,69.0,178.0,0.0,0.0,0.0,0.0,No Record,0.0,0.0,0.0,0.0,1.0,2.0,55.0,1.0,1.0,2.0,1.0,0.0,1.0,87.0,99.0,1.0,1.0,103.0,39.0,1.0,1.0,0.0,202305645564.0,12.0,4.0,11.0,0.0,1.0,1.0,4.0,21.0,2.0,0.0,1.0,8.0,0.0,37.0,3.0,0.0
391028,1,98,0.0,0.0,1.0,5060.0,0.007,39.0,61.0,42.0,35.0,4.0,38.0,1.0,1.0,4.0,99.0,7.0,8.0,0.0,1.0,140.0,7.0,39.0,1.0,42.0,1.0,0.0,1N4AL3AP4FC5,2015.0,478.0,1904.0,13.0,35.0,Nissan/Datsun,47.0,4.0,1.0,0.0,0.0,80.0,7.0,0.0,0.0,12.0,6.0,42.0,0.0,1.0,1.0,39.0,45238.0,1.0,6.0,3.0,Valid license for this class vehicle,0.0,71.0,232.0,0.0,0.0,1.0,11.0,November,2018.0,11.0,2018.0,4.0,1.0,2.0,40.0,2.0,2.0,2.0,1.0,0.0,14.0,12.0,1.0,1.0,4.0,102.0,39.0,2.0,1.0,0.0,202305432602.0,12.0,3.0,11.0,0.0,1.0,1.0,4.0,57.0,2.0,0.0,1.0,20.0,0.0,35.0,1.0,9.0
391029,1,98,96.0,0.0,1.0,5060.0,-99.0,39.0,95.0,33.0,20.0,4.0,23.0,1.0,1.0,4.0,3.0,0.0,9.0,0.0,8.0,210.0,7.0,39.0,1.0,33.0,1.0,0.0,1G1PA5SH4F71,2015.0,467.0,1832.0,13.0,20.0,Chevrolet,25.0,4.0,1.0,0.0,0.0,998.0,7.0,0.0,0.0,12.0,6.0,42.0,0.0,1.0,1.0,39.0,43614.0,1.0,6.0,3.0,Valid license for this class vehicle,3.0,65.0,169.0,0.0,0.0,0.0,3.0,March,2023.0,3.0,2023.0,0.0,5.0,5.0,40.0,1.0,1.0,2.0,1.0,0.0,1.0,13.0,99.0,1.0,4.0,101.0,39.0,2.0,1.0,0.0,202305234056.0,12.0,7.0,7.0,2.0,1.0,1.0,4.0,64.0,2.0,2.0,1.0,20.0,0.0,20.0,1.0,98.0