ST_CASE,VEH_NO_x,DRIMPAIR_x,DRDISTRACT,DRIVERRF,PER_NO_x,DRUGRES,DRUGACTQTY,STATE_x,COUNTY,HARM_EV_x,MAKE_x,BODY_TYP_x,AGE,SEX,PER_TYP_x,INJ_SEV,REST_USE,REST_MIS,AIR_BAG_x,EJECTION,DRINKING,ALC_RES,HISPANIC,STATE_y,VE_FORMS,HARM_EV_y,NUMOCCS,HIT_RUN,VIN,MOD_YEAR,VPICMAKE,VPICMODEL,VPICBODYCLASS,MAKE_y,MAKENAME,MODEL,BODY_TYP_y,HAZ_INV,HAZ_PLAC,HAZ_ID,TRAV_SP,UNDEROVERRIDE,ROLLOVER,ROLINLOC,IMPACT1,DEFORMED,M_HARM,FIRE_EXP,DR_DRINK,DR_PRES,L_STATE,DR_ZIP,L_TYPE,L_STATUS,L_COMPL,L_COMPLNAME,L_RESTRI,DR_HGT,DR_WGT,PREV_DWI,PREV_SPD,PREV_OTH,FIRST_MO,FIRST_MONAME,FIRST_YR,LAST_MO,LAST_YR,SPEEDREL,VTRAFWAY,VNUM_LAN,VSPD_LIM,VALIGN,VPROFILE,VPAVETYP,VSURCOND,VTRAFCON,P_CRASH1,P_CRASH2,P_CRASH3,PCRASH4,PCRASH5,ACC_CONFIG,STATE,RACE,ORDER,MULTRACE,CASENUM,HARM_EV,DAY_WEEK,MONTH,MAXSEV_IM,WEATHR_IM,PER_NO_y,BODY_TYP,AGE_IM,SEX_IM,INJSEV_IM,PER_TYP_y,AIR_BAG_y,EJECT_IM,MAKE,VEH_NO_y,DRIMPAIR_y
400097,1,99,99.0,0.0,1.0,5997.0,-99.0,40.0,109.0,25.0,53.0,80.0,35.0,1.0,1.0,4.0,20.0,7.0,20.0,8.0,9.0,996.0,7.0,40.0,1.0,25.0,1.0,0.0,JS1GN7DA8621,2006.0,509.0,13162.0,80.0,53.0,Suzuki,705.0,80.0,1.0,0.0,0.0,998.0,7.0,8.0,8.0,12.0,6.0,31.0,0.0,0.0,1.0,40.0,73112.0,1.0,6.0,3.0,Valid license for this class vehicle,0.0,71.0,155.0,0.0,0.0,0.0,0.0,No Record,0.0,0.0,0.0,3.0,3.0,3.0,60.0,2.0,1.0,1.0,1.0,0.0,1.0,12.0,99.0,1.0,4.0,102.0,40.0,3.0,1.0,0.0,202305235148.0,12.0,1.0,9.0,3.0,10.0,1.0,80.0,23.0,1.0,3.0,1.0,20.0,8.0,53.0,1.0,0.0
400099,1,0,99.0,38.0,1.0,0.0,-99.0,40.0,109.0,12.0,49.0,4.0,69.0,1.0,1.0,1.0,3.0,0.0,9.0,0.0,0.0,996.0,0.0,40.0,2.0,12.0,1.0,0.0,5YFBURHE7GP5,2016.0,448.0,2208.0,13.0,49.0,Toyota,32.0,4.0,1.0,0.0,0.0,998.0,7.0,0.0,0.0,10.0,6.0,12.0,0.0,0.0,1.0,40.0,73122.0,1.0,6.0,3.0,Valid license for this class vehicle,0.0,60.0,110.0,0.0,0.0,0.0,0.0,No Record,0.0,0.0,0.0,0.0,1.0,2.0,25.0,1.0,1.0,2.0,1.0,20.0,1.0,17.0,99.0,1.0,1.0,504.0,40.0,0.0,1.0,0.0,202304778996.0,12.0,6.0,2.0,0.0,1.0,1.0,4.0,50.0,1.0,0.0,1.0,20.0,0.0,49.0,3.0,98.0
400102,2,0,0.0,0.0,1.0,0.0,-99.0,40.0,115.0,12.0,20.0,14.0,31.0,1.0,1.0,3.0,3.0,0.0,8.0,0.0,0.0,996.0,0.0,40.0,2.0,12.0,1.0,0.0,KL79MTSL4MB0,2021.0,467.0,4548.0,7.0,20.0,Chevrolet,498.0,14.0,1.0,0.0,0.0,998.0,0.0,0.0,0.0,11.0,6.0,12.0,0.0,0.0,1.0,40.0,74344.0,1.0,6.0,3.0,Valid license for this class vehicle,3.0,72.0,145.0,0.0,0.0,0.0,0.0,No Record,0.0,0.0,0.0,0.0,1.0,2.0,65.0,1.0,1.0,2.0,2.0,0.0,1.0,62.0,99.0,1.0,1.0,302.0,40.0,0.0,1.0,0.0,202305267221.0,12.0,5.0,9.0,0.0,10.0,1.0,14.0,33.0,1.0,0.0,1.0,20.0,0.0,20.0,2.0,0.0
400103,1,99,99.0,28.0,1.0,0.0,-99.0,40.0,143.0,24.0,12.0,34.0,39.0,1.0,1.0,0.0,3.0,0.0,1.0,0.0,9.0,996.0,0.0,40.0,2.0,24.0,2.0,0.0,1FTSW2BRXAEA,2010.0,460.0,1805.0,60.0,12.0,Ford,481.0,34.0,1.0,0.0,0.0,998.0,0.0,0.0,0.0,12.0,6.0,12.0,0.0,0.0,1.0,40.0,74129.0,0.0,0.0,0.0,Not licensed,0.0,999.0,160.0,0.0,0.0,0.0,0.0,No Record,0.0,0.0,0.0,0.0,2.0,2.0,55.0,1.0,6.0,2.0,1.0,0.0,1.0,12.0,99.0,1.0,4.0,102.0,40.0,0.0,1.0,0.0,202305090004.0,8.0,4.0,5.0,1.0,1.0,1.0,34.0,35.0,1.0,0.0,1.0,20.0,0.0,12.0,1.0,0.0
400107,3,0,0.0,0.0,1.0,0.0,-99.0,40.0,145.0,12.0,63.0,4.0,31.0,1.0,1.0,0.0,3.0,0.0,20.0,0.0,8.0,996.0,0.0,40.0,3.0,12.0,2.0,0.0,5XXGT4L37KG3,2019.0,499.0,2739.0,13.0,63.0,KIA,34.0,4.0,1.0,0.0,0.0,998.0,7.0,0.0,0.0,8.0,2.0,54.0,0.0,0.0,1.0,40.0,74434.0,1.0,6.0,3.0,Valid license for this class vehicle,3.0,68.0,185.0,0.0,0.0,0.0,0.0,No Record,0.0,0.0,0.0,0.0,1.0,2.0,65.0,1.0,1.0,2.0,1.0,0.0,1.0,98.0,99.0,1.0,1.0,998.0,40.0,0.0,1.0,0.0,202304703907.0,12.0,7.0,1.0,0.0,1.0,1.0,4.0,32.0,2.0,0.0,1.0,20.0,0.0,63.0,2.0,0.0
400108,1,1,99.0,0.0,1.0,0.0,-99.0,40.0,111.0,42.0,49.0,4.0,57.0,1.0,1.0,4.0,3.0,0.0,8.0,0.0,1.0,40.0,7.0,40.0,1.0,42.0,1.0,0.0,2T1BURHE0KC1,2019.0,448.0,2208.0,13.0,49.0,Toyota,32.0,4.0,1.0,0.0,0.0,998.0,7.0,3.0,6.0,12.0,6.0,42.0,0.0,1.0,1.0,40.0,74114.0,1.0,6.0,3.0,Valid license for this class vehicle,3.0,72.0,230.0,0.0,0.0,0.0,0.0,No Record,0.0,0.0,0.0,0.0,1.0,2.0,65.0,1.0,1.0,2.0,1.0,0.0,1.0,8.0,1.0,1.0,4.0,101.0,40.0,1.0,1.0,0.0,202305235063.0,12.0,2.0,9.0,0.0,1.0,1.0,4.0,27.0,1.0,0.0,1.0,20.0,0.0,49.0,2.0,0.0
400109,1,99,99.0,0.0,1.0,1.0,-99.0,40.0,15.0,38.0,49.0,34.0,48.0,1.0,1.0,4.0,20.0,7.0,1.0,1.0,9.0,200.0,7.0,40.0,1.0,38.0,1.0,0.0,5TBET341X5S4,2005.0,448.0,2467.0,60.0,49.0,Toyota,482.0,34.0,1.0,0.0,0.0,998.0,7.0,3.0,6.0,1.0,6.0,1.0,0.0,1.0,1.0,40.0,73538.0,0.0,0.0,0.0,Not licensed,0.0,66.0,185.0,0.0,0.0,0.0,0.0,No Record,0.0,0.0,0.0,4.0,1.0,2.0,65.0,3.0,3.0,2.0,1.0,0.0,14.0,13.0,6.0,4.0,4.0,102.0,40.0,1.0,1.0,0.0,202304864813.0,38.0,7.0,3.0,4.0,1.0,1.0,34.0,48.0,1.0,4.0,1.0,1.0,1.0,49.0,1.0,99.0
400110,1,99,99.0,28.0,1.0,5997.0,-99.0,40.0,99.0,12.0,49.0,4.0,33.0,1.0,1.0,4.0,3.0,0.0,1.0,0.0,9.0,0.0,7.0,40.0,2.0,12.0,1.0,0.0,4T1BF3EK6BU7,2011.0,448.0,2469.0,13.0,49.0,Toyota,40.0,4.0,1.0,0.0,0.0,998.0,0.0,0.0,0.0,12.0,6.0,12.0,0.0,0.0,1.0,40.0,73086.0,1.0,6.0,3.0,Valid license for this class vehicle,3.0,73.0,290.0,0.0,0.0,0.0,0.0,No Record,0.0,0.0,0.0,0.0,1.0,2.0,60.0,1.0,1.0,2.0,1.0,0.0,1.0,10.0,99.0,1.0,2.0,301.0,40.0,1.0,1.0,0.0,202304873823.0,12.0,3.0,4.0,0.0,1.0,1.0,4.0,36.0,2.0,0.0,1.0,20.0,0.0,49.0,1.0,98.0
400116,1,0,0.0,87.0,1.0,0.0,-99.0,40.0,17.0,12.0,55.0,9.0,22.0,1.0,1.0,0.0,3.0,0.0,20.0,0.0,0.0,996.0,0.0,40.0,2.0,12.0,1.0,0.0,KMHTC6AD9GU2,2016.0,498.0,2298.0,3.0,55.0,Hyundai,42.0,9.0,1.0,0.0,0.0,998.0,0.0,0.0,0.0,1.0,6.0,12.0,0.0,0.0,1.0,40.0,73112.0,1.0,6.0,3.0,Valid license for this class vehicle,3.0,69.0,169.0,0.0,0.0,0.0,0.0,No Record,0.0,0.0,0.0,4.0,3.0,3.0,70.0,1.0,1.0,1.0,2.0,0.0,1.0,10.0,99.0,4.0,2.0,209.0,40.0,0.0,1.0,0.0,202304985341.0,12.0,5.0,5.0,0.0,1.0,1.0,9.0,61.0,1.0,0.0,1.0,20.0,0.0,55.0,2.0,0.0
400127,1,0,99.0,0.0,1.0,5997.0,-99.0,40.0,119.0,35.0,20.0,34.0,53.0,1.0,1.0,4.0,20.0,7.0,20.0,0.0,1.0,160.0,7.0,40.0,1.0,35.0,1.0,0.0,1GCEK19T04E3,2004.0,467.0,1850.0,60.0,20.0,Chevrolet,481.0,34.0,1.0,0.0,0.0,998.0,7.0,3.0,5.0,12.0,6.0,1.0,0.0,1.0,1.0,40.0,74062.0,0.0,0.0,0.0,Not licensed,0.0,77.0,357.0,0.0,0.0,0.0,0.0,No Record,0.0,0.0,0.0,3.0,1.0,2.0,45.0,1.0,6.0,5.0,1.0,0.0,1.0,9.0,99.0,4.0,4.0,102.0,40.0,1.0,1.0,0.0,202304765192.0,53.0,7.0,2.0,1.0,10.0,1.0,34.0,17.0,1.0,0.0,1.0,9.0,0.0,20.0,1.0,98.0
400144,1,98,6.0,0.0,1.0,5060.0,-99.0,40.0,49.0,12.0,51.0,66.0,38.0,1.0,1.0,2.0,3.0,0.0,20.0,0.0,0.0,0.0,0.0,40.0,7.0,12.0,1.0,0.0,4V4NC9EH7NN2,2022.0,487.0,1967.0,66.0,51.0,Volvo,881.0,66.0,1.0,0.0,0.0,998.0,0.0,0.0,0.0,12.0,6.0,12.0,0.0,0.0,1.0,12.0,33401.0,1.0,6.0,3.0,Valid license for this class vehicle,0.0,67.0,999.0,0.0,1.0,0.0,4.0,April,2021.0,4.0,2021.0,5.0,2.0,2.0,75.0,1.0,1.0,2.0,1.0,28.0,1.0,50.0,99.0,1.0,1.0,202.0,40.0,0.0,1.0,0.0,202305227431.0,25.0,6.0,5.0,2.0,2.0,1.0,66.0,66.0,1.0,0.0,1.0,20.0,0.0,51.0,2.0,98.0
400147,1,9,0.0,39.0,1.0,5060.0,-99.0,40.0,79.0,42.0,12.0,4.0,30.0,1.0,1.0,0.0,3.0,0.0,8.0,0.0,0.0,0.0,0.0,40.0,1.0,42.0,3.0,0.0,3FA6P0K96FR2,2015.0,460.0,1780.0,13.0,12.0,Ford,23.0,4.0,1.0,0.0,0.0,998.0,7.0,0.0,0.0,12.0,6.0,42.0,0.0,0.0,1.0,40.0,74868.0,1.0,6.0,3.0,Valid license for this class vehicle,0.0,78.0,216.0,0.0,0.0,0.0,0.0,No Record,0.0,0.0,0.0,0.0,1.0,2.0,45.0,1.0,1.0,2.0,1.0,20.0,1.0,14.0,99.0,9.0,4.0,103.0,40.0,0.0,1.0,0.0,202304725921.0,12.0,1.0,1.0,0.0,1.0,1.0,4.0,40.0,1.0,0.0,1.0,20.0,0.0,12.0,1.0,0.0
400152,1,0,0.0,0.0,1.0,0.0,-99.0,40.0,109.0,12.0,55.0,14.0,70.0,1.0,1.0,0.0,3.0,0.0,20.0,0.0,0.0,996.0,0.0,40.0,7.0,12.0,1.0,0.0,KM8J33A42JU6,2018.0,498.0,2058.0,7.0,55.0,Hyundai,402.0,14.0,1.0,0.0,0.0,0.0,0.0,0.0,0.0,6.0,4.0,12.0,0.0,0.0,1.0,40.0,73118.0,1.0,6.0,3.0,Valid license for this class vehicle,0.0,72.0,152.0,0.0,0.0,0.0,0.0,No Record,0.0,0.0,0.0,0.0,3.0,4.0,60.0,1.0,1.0,2.0,2.0,0.0,5.0,53.0,1.0,1.0,1.0,998.0,40.0,0.0,1.0,0.0,202305730337.0,12.0,3.0,12.0,2.0,1.0,1.0,14.0,73.0,1.0,0.0,1.0,3.0,0.0,55.0,1.0,0.0
400172,1,99,99.0,28.0,1.0,1.0,-99.0,40.0,27.0,12.0,49.0,4.0,59.0,2.0,1.0,4.0,20.0,7.0,1.0,0.0,9.0,0.0,7.0,40.0,3.0,12.0,1.0,0.0,4T1BG22K61U8,2001.0,448.0,2469.0,13.0,49.0,Toyota,40.0,4.0,1.0,0.0,0.0,998.0,0.0,0.0,0.0,12.0,6.0,12.0,0.0,0.0,1.0,40.0,73095.0,1.0,6.0,3.0,Valid license for this class vehicle,3.0,63.0,148.0,0.0,0.0,0.0,0.0,No Record,0.0,0.0,0.0,0.0,1.0,2.0,60.0,1.0,5.0,2.0,1.0,0.0,1.0,10.0,99.0,1.0,2.0,301.0,40.0,3.0,1.0,0.0,202304930537.0,12.0,7.0,4.0,1.0,1.0,1.0,4.0,21.0,2.0,0.0,1.0,20.0,0.0,49.0,1.0,98.0
400173,2,0,0.0,0.0,1.0,0.0,-99.0,40.0,81.0,1.0,20.0,34.0,33.0,1.0,1.0,0.0,3.0,0.0,20.0,0.0,0.0,996.0,0.0,40.0,2.0,1.0,1.0,0.0,3GCUKRECXJG5,2018.0,467.0,1850.0,60.0,20.0,Chevrolet,481.0,34.0,1.0,0.0,0.0,998.0,7.0,0.0,0.0,7.0,2.0,12.0,0.0,0.0,1.0,40.0,74834.0,1.0,6.0,3.0,Valid license for this class vehicle,0.0,67.0,150.0,0.0,0.0,0.0,0.0,No Record,0.0,0.0,0.0,0.0,1.0,2.0,65.0,1.0,1.0,2.0,1.0,0.0,11.0,15.0,1.0,1.0,1.0,998.0,40.0,0.0,1.0,0.0,202304980465.0,1.0,6.0,5.0,2.0,1.0,1.0,34.0,32.0,2.0,2.0,1.0,9.0,0.0,20.0,1.0,98.0
400175,2,0,0.0,0.0,1.0,0.0,-99.0,40.0,27.0,12.0,82.0,66.0,46.0,1.0,1.0,0.0,3.0,0.0,20.0,0.0,0.0,996.0,0.0,40.0,2.0,12.0,1.0,0.0,1FUJHHDR5MLL,2021.0,450.0,2501.0,66.0,82.0,Freightliner,881.0,66.0,1.0,0.0,0.0,998.0,0.0,0.0,0.0,6.0,4.0,12.0,0.0,0.0,1.0,5.0,72834.0,1.0,6.0,3.0,Valid license for this class vehicle,0.0,74.0,280.0,0.0,0.0,0.0,0.0,No Record,0.0,0.0,0.0,0.0,3.0,3.0,65.0,1.0,1.0,2.0,1.0,0.0,1.0,53.0,99.0,1.0,1.0,209.0,40.0,0.0,1.0,0.0,202304851584.0,8.0,1.0,2.0,3.0,1.0,1.0,66.0,35.0,1.0,0.0,1.0,20.0,0.0,82.0,1.0,0.0
400179,1,99,10.0,58.0,1.0,1.0,-99.0,40.0,71.0,1.0,35.0,15.0,24.0,1.0,1.0,4.0,20.0,7.0,9.0,1.0,9.0,0.0,1.0,40.0,1.0,1.0,1.0,0.0,5N1AA08A54N7,2004.0,478.0,1915.0,7.0,35.0,Nissan/Datsun,421.0,15.0,1.0,0.0,0.0,998.0,7.0,3.0,5.0,0.0,6.0,1.0,0.0,0.0,1.0,48.0,74631.0,1.0,6.0,3.0,Valid license for this class vehicle,3.0,999.0,999.0,0.0,0.0,0.0,0.0,No Record,0.0,0.0,0.0,0.0,1.0,2.0,65.0,1.0,1.0,2.0,1.0,0.0,1.0,13.0,6.0,4.0,4.0,101.0,40.0,1.0,1.0,0.0,202305480372.0,12.0,3.0,12.0,3.0,1.0,1.0,15.0,35.0,1.0,0.0,1.0,20.0,0.0,35.0,2.0,0.0
400183,1,0,0.0,48.0,1.0,5060.0,-99.0,40.0,19.0,12.0,20.0,4.0,46.0,1.0,1.0,2.0,3.0,0.0,9.0,0.0,0.0,0.0,0.0,40.0,2.0,12.0,2.0,0.0,1G1ZE5ST2GF1,2016.0,467.0,1834.0,13.0,20.0,Chevrolet,37.0,4.0,1.0,0.0,0.0,998.0,7.0,0.0,0.0,8.0,6.0,12.0,0.0,0.0,1.0,40.0,73401.0,1.0,6.0,3.0,Valid license for this class vehicle,0.0,999.0,999.0,0.0,0.0,0.0,0.0,No Record,0.0,0.0,0.0,0.0,2.0,2.0,35.0,1.0,1.0,1.0,1.0,3.0,10.0,16.0,99.0,1.0,1.0,407.0,40.0,0.0,1.0,0.0,202304867855.0,12.0,2.0,4.0,0.0,1.0,1.0,4.0,20.0,1.0,0.0,1.0,20.0,0.0,20.0,1.0,0.0
400185,1,99,99.0,28.0,1.0,5997.0,-99.0,40.0,143.0,12.0,76.0,80.0,27.0,1.0,1.0,4.0,20.0,7.0,20.0,8.0,9.0,180.0,7.0,40.0,2.0,12.0,1.0,0.0,MH3RH18Y8PK0,2023.0,564.0,30328.0,80.0,76.0,Yamaha,703.0,80.0,1.0,0.0,0.0,75.0,7.0,8.0,8.0,12.0,6.0,12.0,0.0,1.0,1.0,40.0,74066.0,1.0,6.0,3.0,Valid license for this class vehicle,0.0,69.0,160.0,0.0,0.0,0.0,0.0,No Record,0.0,0.0,0.0,3.0,1.0,4.0,40.0,2.0,5.0,1.0,1.0,0.0,14.0,10.0,99.0,9.0,2.0,301.0,40.0,1.0,1.0,0.0,202305436542.0,12.0,4.0,11.0,0.0,1.0,1.0,80.0,31.0,1.0,0.0,1.0,20.0,8.0,76.0,3.0,0.0
400204,1,0,0.0,0.0,1.0,1.0,-99.0,40.0,13.0,12.0,12.0,34.0,48.0,1.0,1.0,2.0,3.0,0.0,8.0,0.0,0.0,0.0,0.0,40.0,2.0,12.0,1.0,0.0,1FTFW1ET9DKD,2013.0,460.0,1801.0,60.0,12.0,Ford,481.0,34.0,1.0,0.0,0.0,998.0,0.0,0.0,0.0,12.0,6.0,12.0,0.0,0.0,1.0,40.0,74701.0,0.0,0.0,0.0,Not licensed,0.0,999.0,999.0,0.0,0.0,0.0,0.0,No Record,0.0,0.0,0.0,3.0,1.0,5.0,55.0,1.0,1.0,2.0,1.0,0.0,1.0,66.0,99.0,1.0,1.0,503.0,40.0,0.0,1.0,0.0,202304960112.0,12.0,6.0,4.0,0.0,10.0,1.0,34.0,57.0,1.0,0.0,1.0,20.0,0.0,12.0,2.0,0.0
400208,2,0,0.0,0.0,1.0,0.0,-99.0,40.0,135.0,12.0,2.0,15.0,41.0,2.0,1.0,0.0,3.0,0.0,20.0,0.0,0.0,996.0,0.0,40.0,2.0,12.0,1.0,0.0,1C4RJFAG0KC5,2019.0,483.0,1949.0,7.0,2.0,Jeep / Kaiser-Jeep / Willys- Jeep,422.0,15.0,1.0,0.0,0.0,998.0,0.0,0.0,0.0,1.0,6.0,12.0,0.0,0.0,1.0,40.0,73160.0,1.0,6.0,3.0,Valid license for this class vehicle,0.0,66.0,150.0,0.0,1.0,0.0,10.0,October,2022.0,10.0,2022.0,0.0,1.0,2.0,35.0,1.0,1.0,1.0,1.0,0.0,1.0,62.0,99.0,1.0,1.0,402.0,40.0,0.0,1.0,0.0,202305269965.0,12.0,4.0,9.0,2.0,1.0,1.0,15.0,33.0,1.0,2.0,1.0,1.0,0.0,2.0,3.0,0.0
400211,1,0,0.0,31.0,1.0,1.0,-99.0,40.0,11.0,12.0,35.0,14.0,40.0,2.0,1.0,4.0,3.0,0.0,8.0,0.0,0.0,0.0,1.0,40.0,2.0,12.0,4.0,0.0,5N1AR2MM7FC6,2015.0,478.0,1911.0,8.0,35.0,Nissan/Datsun,401.0,14.0,1.0,0.0,0.0,998.0,0.0,0.0,0.0,10.0,6.0,12.0,0.0,0.0,1.0,40.0,73639.0,0.0,0.0,0.0,Not licensed,0.0,999.0,999.0,0.0,0.0,1.0,6.0,June,2019.0,6.0,2019.0,0.0,1.0,4.0,70.0,1.0,1.0,2.0,1.0,0.0,13.0,20.0,99.0,1.0,3.0,992.0,40.0,98.0,1.0,0.0,202305327133.0,12.0,3.0,8.0,2.0,1.0,1.0,14.0,56.0,2.0,2.0,1.0,20.0,0.0,35.0,2.0,98.0
400214,1,99,99.0,0.0,1.0,1.0,-99.0,40.0,17.0,32.0,19.0,4.0,72.0,1.0,1.0,4.0,3.0,0.0,8.0,0.0,0.0,200.0,7.0,40.0,1.0,32.0,1.0,0.0,2G61M5S30H91,2017.0,469.0,1827.0,13.0,19.0,Cadillac,23.0,4.0,1.0,0.0,0.0,998.0,7.0,3.0,5.0,12.0,6.0,1.0,0.0,1.0,1.0,40.0,73040.0,1.0,6.0,3.0,Valid license for this class vehicle,0.0,70.0,180.0,0.0,1.0,0.0,10.0,October,2018.0,10.0,2018.0,0.0,1.0,2.0,55.0,1.0,1.0,2.0,1.0,0.0,1.0,13.0,99.0,9.0,4.0,101.0,40.0,3.0,1.0,0.0,202304761259.0,12.0,5.0,2.0,0.0,1.0,1.0,4.0,47.0,2.0,0.0,1.0,20.0,0.0,19.0,1.0,98.0
400217,1,99,99.0,104.0,1.0,5997.0,-99.0,40.0,125.0,12.0,53.0,80.0,20.0,1.0,1.0,4.0,20.0,7.0,20.0,8.0,1.0,0.0,7.0,40.0,3.0,12.0,1.0,0.0,JS1GN7CA3421,2004.0,509.0,13233.0,80.0,53.0,Suzuki,705.0,80.0,1.0,0.0,0.0,998.0,7.0,8.0,8.0,12.0,6.0,54.0,0.0,1.0,1.0,40.0,73165.0,1.0,3.0,2.0,No valid license for this class vehicle,0.0,73.0,164.0,0.0,0.0,0.0,0.0,No Record,0.0,0.0,0.0,3.0,1.0,2.0,55.0,1.0,1.0,2.0,1.0,0.0,1.0,62.0,99.0,9.0,3.0,402.0,40.0,1.0,1.0,0.0,202305117218.0,33.0,2.0,7.0,2.0,1.0,1.0,80.0,22.0,1.0,2.0,1.0,20.0,8.0,53.0,1.0,0.0
400219,1,0,99.0,0.0,1.0,1.0,-99.0,40.0,43.0,1.0,87.0,66.0,50.0,1.0,1.0,4.0,3.0,0.0,20.0,0.0,0.0,0.0,7.0,40.0,1.0,1.0,1.0,0.0,1XPBDP9X7JD4,2018.0,495.0,2787.0,66.0,87.0,Peterbilt,881.0,66.0,1.0,0.0,0.0,998.0,7.0,3.0,5.0,0.0,6.0,1.0,0.0,0.0,1.0,40.0,73843.0,1.0,6.0,3.0,Valid license for this class vehicle,0.0,74.0,295.0,0.0,0.0,0.0,0.0,No Record,0.0,0.0,0.0,0.0,1.0,2.0,65.0,1.0,1.0,2.0,2.0,0.0,1.0,9.0,99.0,5.0,4.0,102.0,40.0,1.0,1.0,0.0,202305315296.0,12.0,4.0,10.0,0.0,1.0,1.0,66.0,62.0,1.0,0.0,1.0,20.0,0.0,87.0,1.0,98.0
400221,2,0,0.0,0.0,1.0,0.0,-99.0,40.0,131.0,12.0,35.0,4.0,59.0,1.0,1.0,3.0,3.0,0.0,1.0,0.0,0.0,996.0,0.0,40.0,2.0,12.0,2.0,0.0,1N4AL3AP1EN3,2014.0,478.0,1904.0,13.0,35.0,Nissan/Datsun,47.0,4.0,1.0,0.0,0.0,998.0,0.0,0.0,0.0,12.0,6.0,12.0,0.0,0.0,1.0,40.0,74021.0,1.0,6.0,3.0,Valid license for this class vehicle,0.0,72.0,190.0,0.0,0.0,0.0,0.0,No Record,0.0,0.0,0.0,0.0,1.0,2.0,55.0,2.0,1.0,2.0,2.0,0.0,14.0,62.0,99.0,1.0,1.0,302.0,40.0,0.0,1.0,0.0,202305489893.0,12.0,3.0,12.0,3.0,1.0,1.0,4.0,25.0,1.0,2.0,1.0,8.0,0.0,35.0,2.0,0.0
400226,1,0,0.0,0.0,1.0,1.0,-99.0,40.0,121.0,11.0,12.0,15.0,61.0,2.0,1.0,4.0,20.0,7.0,8.0,1.0,0.0,0.0,7.0,40.0,1.0,11.0,1.0,0.0,1FMSK8DH3LGC,2020.0,460.0,1800.0,7.0,12.0,Ford,425.0,15.0,1.0,0.0,0.0,998.0,7.0,3.0,5.0,12.0,6.0,35.0,0.0,0.0,1.0,40.0,74501.0,1.0,6.0,3.0,Valid license for this class vehicle,3.0,65.0,180.0,0.0,0.0,0.0,0.0,No Record,0.0,0.0,0.0,0.0,1.0,2.0,65.0,1.0,1.0,2.0,1.0,0.0,1.0,87.0,99.0,1.0,1.0,103.0,40.0,3.0,1.0,0.0,202305433020.0,12.0,5.0,10.0,0.0,2.0,1.0,15.0,28.0,2.0,0.0,1.0,8.0,0.0,12.0,2.0,0.0
400240,1,99,99.0,0.0,1.0,1.0,-99.0,40.0,81.0,12.0,49.0,14.0,31.0,2.0,1.0,1.0,3.0,0.0,8.0,0.0,0.0,0.0,0.0,40.0,4.0,12.0,2.0,0.0,JTEBU5JR3K56,2019.0,448.0,2216.0,7.0,49.0,Toyota,401.0,14.0,1.0,0.0,0.0,998.0,0.0,3.0,1.0,12.0,6.0,12.0,0.0,0.0,1.0,40.0,74864.0,1.0,6.0,3.0,Valid license for this class vehicle,3.0,62.0,115.0,0.0,0.0,0.0,0.0,No Record,0.0,0.0,0.0,0.0,1.0,2.0,65.0,1.0,1.0,2.0,1.0,0.0,1.0,50.0,99.0,1.0,1.0,202.0,40.0,0.0,1.0,0.0,202304982558.0,12.0,2.0,5.0,1.0,10.0,1.0,14.0,41.0,1.0,1.0,1.0,8.0,0.0,49.0,1.0,0.0
400253,1,99,99.0,0.0,1.0,1.0,-99.0,40.0,141.0,1.0,49.0,14.0,63.0,2.0,1.0,4.0,3.0,0.0,20.0,0.0,0.0,0.0,7.0,40.0,1.0,1.0,1.0,0.0,2T3ZF4DV8CW1,2012.0,448.0,2217.0,7.0,49.0,Toyota,402.0,14.0,1.0,0.0,0.0,998.0,7.0,3.0,6.0,0.0,6.0,1.0,0.0,0.0,1.0,40.0,73566.0,1.0,6.0,3.0,Valid license for this class vehicle,3.0,63.0,200.0,0.0,0.0,0.0,0.0,No Record,0.0,0.0,0.0,0.0,1.0,2.0,45.0,1.0,1.0,4.0,1.0,0.0,1.0,9.0,99.0,9.0,4.0,101.0,40.0,3.0,1.0,0.0,202305092885.0,12.0,2.0,7.0,0.0,1.0,1.0,14.0,38.0,1.0,0.0,1.0,20.0,0.0,49.0,1.0,0.0
400257,1,9,5.0,51.0,1.0,3022.0,-99.0,40.0,143.0,12.0,55.0,4.0,22.0,2.0,1.0,4.0,3.0,0.0,8.0,0.0,1.0,140.0,7.0,40.0,2.0,12.0,1.0,0.0,5NPDH4AE2DH4,2013.0,498.0,2735.0,13.0,55.0,Hyundai,35.0,4.0,1.0,0.0,0.0,998.0,0.0,0.0,0.0,12.0,6.0,12.0,0.0,1.0,1.0,40.0,74014.0,1.0,6.0,3.0,Valid license for this class vehicle,3.0,63.0,130.0,0.0,1.0,0.0,9.0,September,2019.0,9.0,2019.0,0.0,3.0,3.0,60.0,3.0,5.0,2.0,1.0,0.0,14.0,54.0,99.0,9.0,3.0,303.0,40.0,1.0,1.0,0.0,202304796605.0,12.0,7.0,2.0,0.0,1.0,1.0,4.0,40.0,1.0,0.0,1.0,20.0,0.0,55.0,1.0,98.0