ST_CASE,VEH_NO_x,DRIMPAIR_x,DRDISTRACT,DRIVERRF,PER_NO_x,DRUGRES,DRUGACTQTY,STATE_x,COUNTY,HARM_EV_x,MAKE_x,BODY_TYP_x,AGE,SEX,PER_TYP_x,INJ_SEV,REST_USE,REST_MIS,AIR_BAG_x,EJECTION,DRINKING,ALC_RES,HISPANIC,STATE_y,VE_FORMS,HARM_EV_y,NUMOCCS,HIT_RUN,VIN,MOD_YEAR,VPICMAKE,VPICMODEL,VPICBODYCLASS,MAKE_y,MAKENAME,MODEL,BODY_TYP_y,HAZ_INV,HAZ_PLAC,HAZ_ID,TRAV_SP,UNDEROVERRIDE,ROLLOVER,ROLINLOC,IMPACT1,DEFORMED,M_HARM,FIRE_EXP,DR_DRINK,DR_PRES,L_STATE,DR_ZIP,L_TYPE,L_STATUS,L_COMPL,L_COMPLNAME,L_RESTRI,DR_HGT,DR_WGT,PREV_DWI,PREV_SPD,PREV_OTH,FIRST_MO,FIRST_MONAME,FIRST_YR,LAST_MO,LAST_YR,SPEEDREL,VTRAFWAY,VNUM_LAN,VSPD_LIM,VALIGN,VPROFILE,VPAVETYP,VSURCOND,VTRAFCON,P_CRASH1,P_CRASH2,P_CRASH3,PCRASH4,PCRASH5,ACC_CONFIG,STATE,RACE,ORDER,MULTRACE,CASENUM,HARM_EV,DAY_WEEK,MONTH,MAXSEV_IM,WEATHR_IM,PER_NO_y,BODY_TYP,AGE_IM,SEX_IM,INJSEV_IM,PER_TYP_y,AIR_BAG_y,EJECT_IM,MAKE,VEH_NO_y,DRIMPAIR_y
420018,1,1,0.0,0.0,1.0,1.0,-99.0,42.0,97.0,19.0,24.0,4.0,88.0,1.0,1.0,4.0,20.0,7.0,20.0,0.0,0.0,0.0,7.0,42.0,1.0,19.0,1.0,0.0,1G8ZS57N08F1,2008.0,1056.0,4336.0,13.0,24.0,Saturn,9.0,4.0,1.0,0.0,0.0,25.0,7.0,0.0,0.0,12.0,6.0,19.0,0.0,0.0,1.0,42.0,17851.0,1.0,6.0,3.0,Valid license for this class vehicle,3.0,73.0,999.0,0.0,0.0,0.0,0.0,No Record,0.0,0.0,0.0,0.0,4.0,2.0,25.0,1.0,1.0,2.0,1.0,0.0,1.0,8.0,99.0,3.0,4.0,101.0,42.0,1.0,1.0,0.0,202305221495.0,12.0,2.0,8.0,3.0,1.0,1.0,4.0,55.0,1.0,3.0,1.0,1.0,0.0,24.0,2.0,98.0
420020,2,99,99.0,0.0,1.0,1.0,-99.0,42.0,43.0,12.0,20.0,2.0,17.0,1.0,1.0,4.0,20.0,7.0,8.0,2.0,0.0,0.0,7.0,42.0,3.0,12.0,1.0,0.0,1G1AK15F4771,2007.0,467.0,4234.0,3.0,20.0,Chevrolet,22.0,2.0,1.0,0.0,0.0,999.0,0.0,0.0,0.0,10.0,6.0,12.0,1.0,0.0,1.0,42.0,17980.0,2.0,6.0,3.0,Valid license for this class vehicle,0.0,67.0,999.0,0.0,0.0,0.0,0.0,No Record,0.0,0.0,0.0,9.0,1.0,2.0,55.0,1.0,1.0,2.0,2.0,0.0,1.0,62.0,99.0,1.0,1.0,402.0,42.0,1.0,1.0,0.0,202304930659.0,12.0,4.0,5.0,0.0,2.0,1.0,2.0,32.0,2.0,0.0,1.0,20.0,0.0,20.0,2.0,98.0
420032,1,2,96.0,0.0,1.0,0.0,-99.0,42.0,17.0,30.0,48.0,14.0,82.0,1.0,1.0,4.0,3.0,0.0,1.0,0.0,0.0,996.0,7.0,42.0,1.0,30.0,1.0,0.0,JF1SG63664H7,2004.0,523.0,2234.0,7.0,48.0,Subaru,401.0,14.0,1.0,0.0,0.0,35.0,7.0,0.0,0.0,12.0,6.0,30.0,0.0,0.0,1.0,42.0,18966.0,1.0,6.0,3.0,Valid license for this class vehicle,0.0,68.0,999.0,0.0,0.0,0.0,0.0,No Record,0.0,0.0,0.0,0.0,1.0,4.0,25.0,3.0,1.0,2.0,1.0,0.0,14.0,13.0,99.0,1.0,4.0,101.0,42.0,1.0,1.0,0.0,202305407867.0,24.0,5.0,11.0,0.0,1.0,1.0,14.0,51.0,1.0,0.0,1.0,20.0,0.0,48.0,1.0,0.0
420041,1,99,99.0,0.0,1.0,1.0,-99.0,42.0,55.0,12.0,49.0,4.0,61.0,1.0,1.0,4.0,20.0,7.0,8.0,0.0,1.0,205.0,7.0,42.0,2.0,12.0,1.0,0.0,5YFEPMAE2MP2,2021.0,448.0,2208.0,13.0,49.0,Toyota,32.0,4.0,1.0,0.0,0.0,60.0,0.0,0.0,0.0,12.0,6.0,12.0,0.0,1.0,1.0,42.0,17201.0,1.0,6.0,3.0,Valid license for this class vehicle,3.0,66.0,999.0,0.0,0.0,1.0,7.0,July,2018.0,12.0,2022.0,9.0,1.0,3.0,55.0,1.0,1.0,2.0,1.0,0.0,1.0,11.0,99.0,9.0,6.0,303.0,42.0,18.0,1.0,0.0,202304930246.0,12.0,5.0,3.0,0.0,1.0,1.0,4.0,20.0,2.0,0.0,1.0,20.0,0.0,49.0,1.0,98.0
420048,1,99,99.0,0.0,1.0,0.0,-99.0,42.0,75.0,12.0,37.0,4.0,76.0,2.0,1.0,4.0,99.0,7.0,8.0,0.0,9.0,996.0,7.0,42.0,3.0,12.0,1.0,0.0,1HGCP3F82CA0,2012.0,474.0,1861.0,13.0,37.0,Honda,32.0,4.0,1.0,0.0,0.0,999.0,0.0,0.0,0.0,3.0,6.0,12.0,0.0,0.0,1.0,42.0,17038.0,1.0,6.0,3.0,Valid license for this class vehicle,0.0,63.0,999.0,0.0,0.0,0.0,0.0,No Record,0.0,0.0,0.0,9.0,2.0,2.0,45.0,1.0,1.0,2.0,1.0,0.0,11.0,15.0,99.0,1.0,1.0,401.0,42.0,1.0,1.0,0.0,202304715580.0,12.0,5.0,2.0,0.0,1.0,1.0,4.0,44.0,1.0,0.0,1.0,20.0,0.0,37.0,1.0,0.0
420048,3,0,0.0,0.0,1.0,0.0,-99.0,42.0,75.0,12.0,20.0,15.0,32.0,2.0,1.0,1.0,3.0,0.0,20.0,0.0,0.0,996.0,0.0,42.0,3.0,12.0,1.0,0.0,1GNEVGKW7JJ1,2018.0,467.0,1853.0,7.0,20.0,Chevrolet,423.0,15.0,1.0,0.0,0.0,0.0,0.0,0.0,0.0,10.0,4.0,12.0,0.0,0.0,1.0,42.0,17003.0,1.0,6.0,3.0,Valid license for this class vehicle,0.0,64.0,999.0,0.0,0.0,0.0,0.0,No Record,0.0,0.0,0.0,0.0,1.0,2.0,35.0,1.0,1.0,2.0,1.0,20.0,5.0,67.0,1.0,1.0,1.0,998.0,42.0,0.0,1.0,0.0,202304717689.0,12.0,5.0,2.0,0.0,1.0,1.0,15.0,34.0,1.0,0.0,1.0,20.0,0.0,20.0,1.0,0.0
420052,1,99,96.0,0.0,1.0,0.0,-99.0,42.0,101.0,12.0,63.0,4.0,18.0,1.0,1.0,3.0,99.0,7.0,8.0,9.0,9.0,996.0,0.0,42.0,2.0,12.0,2.0,0.0,5XXGT4L39LG4,2020.0,499.0,2739.0,13.0,63.0,KIA,34.0,4.0,1.0,0.0,0.0,999.0,0.0,0.0,0.0,12.0,6.0,12.0,0.0,0.0,1.0,42.0,19460.0,1.0,6.0,3.0,Valid license for this class vehicle,0.0,71.0,999.0,0.0,0.0,0.0,0.0,No Record,0.0,0.0,0.0,5.0,4.0,2.0,98.0,1.0,1.0,2.0,1.0,3.0,99.0,19.0,99.0,9.0,9.0,999.0,42.0,0.0,1.0,0.0,202304848351.0,34.0,6.0,2.0,4.0,10.0,1.0,4.0,21.0,1.0,4.0,1.0,8.0,1.0,63.0,1.0,98.0
420071,1,0,0.0,51.0,1.0,9999.0,-99.0,42.0,27.0,12.0,6.0,20.0,85.0,1.0,1.0,4.0,3.0,0.0,8.0,0.0,0.0,999.0,7.0,42.0,2.0,12.0,1.0,0.0,2C4RC1BG1DR5,2013.0,477.0,1936.0,2.0,6.0,Chrysler,441.0,20.0,1.0,0.0,0.0,69.0,0.0,0.0,0.0,12.0,6.0,12.0,0.0,0.0,1.0,39.0,44878.0,1.0,3.0,2.0,No valid license for this class vehicle,0.0,70.0,175.0,0.0,0.0,0.0,12.0,December,2018.0,12.0,2018.0,0.0,3.0,2.0,70.0,2.0,6.0,2.0,1.0,0.0,14.0,54.0,99.0,1.0,1.0,303.0,42.0,1.0,1.0,0.0,202305014238.0,12.0,5.0,5.0,0.0,1.0,1.0,20.0,64.0,1.0,0.0,1.0,20.0,0.0,6.0,1.0,98.0
420085,1,2,0.0,53.0,1.0,0.0,-99.0,42.0,91.0,12.0,63.0,4.0,29.0,1.0,1.0,5.0,3.0,0.0,8.0,0.0,1.0,150.0,0.0,42.0,2.0,12.0,1.0,0.0,5XXGT4L31KG3,2019.0,499.0,2739.0,13.0,63.0,KIA,34.0,4.0,1.0,0.0,0.0,999.0,0.0,0.0,0.0,12.0,6.0,12.0,0.0,1.0,1.0,42.0,19133.0,1.0,6.0,3.0,Valid license for this class vehicle,3.0,75.0,999.0,0.0,0.0,0.0,0.0,No Record,0.0,0.0,0.0,4.0,3.0,2.0,55.0,3.0,1.0,2.0,1.0,0.0,14.0,54.0,99.0,1.0,1.0,303.0,42.0,0.0,1.0,0.0,202305041408.0,12.0,3.0,6.0,0.0,1.0,1.0,4.0,49.0,1.0,0.0,1.0,1.0,0.0,63.0,1.0,0.0
420086,1,0,96.0,0.0,1.0,0.0,-99.0,42.0,77.0,12.0,37.0,4.0,25.0,1.0,1.0,5.0,3.0,0.0,8.0,0.0,0.0,996.0,0.0,42.0,2.0,12.0,3.0,0.0,2HGFC1F3XMH7,2021.0,474.0,1863.0,13.0,37.0,Honda,31.0,4.0,1.0,0.0,0.0,999.0,0.0,0.0,0.0,4.0,6.0,12.0,0.0,0.0,1.0,42.0,19606.0,1.0,6.0,3.0,Valid license for this class vehicle,3.0,66.0,999.0,0.0,0.0,0.0,0.0,No Record,0.0,0.0,0.0,0.0,1.0,2.0,55.0,1.0,1.0,2.0,1.0,20.0,1.0,17.0,1.0,1.0,1.0,502.0,42.0,0.0,1.0,0.0,202305279405.0,12.0,7.0,7.0,1.0,1.0,1.0,4.0,57.0,1.0,0.0,1.0,3.0,0.0,37.0,1.0,0.0
420091,2,0,0.0,0.0,1.0,0.0,-99.0,42.0,19.0,11.0,59.0,4.0,21.0,1.0,1.0,0.0,3.0,0.0,20.0,0.0,0.0,996.0,0.0,42.0,2.0,11.0,1.0,0.0,JTHBJ46G8720,2007.0,515.0,2475.0,13.0,59.0,Lexus,31.0,4.0,1.0,0.0,0.0,999.0,0.0,0.0,0.0,4.0,2.0,12.0,0.0,0.0,1.0,42.0,15066.0,1.0,6.0,3.0,Valid license for this class vehicle,0.0,70.0,999.0,0.0,1.0,0.0,5.0,May,2021.0,5.0,2021.0,0.0,1.0,2.0,40.0,2.0,1.0,2.0,1.0,3.0,11.0,66.0,99.0,1.0,1.0,998.0,42.0,0.0,1.0,0.0,202304873872.0,12.0,6.0,4.0,2.0,1.0,1.0,4.0,69.0,2.0,0.0,1.0,20.0,0.0,59.0,1.0,98.0
420096,1,9,99.0,104.0,1.0,1.0,-99.0,42.0,7.0,35.0,55.0,4.0,17.0,1.0,1.0,3.0,99.0,7.0,1.0,0.0,1.0,126.0,0.0,42.0,1.0,35.0,2.0,0.0,5NPEB4AC5DH5,2013.0,498.0,2459.0,13.0,55.0,Hyundai,33.0,4.0,1.0,0.0,0.0,999.0,7.0,3.0,5.0,12.0,6.0,35.0,0.0,1.0,1.0,42.0,15066.0,2.0,6.0,3.0,Valid license for this class vehicle,2.0,74.0,999.0,0.0,0.0,0.0,0.0,No Record,0.0,0.0,0.0,4.0,1.0,2.0,25.0,1.0,1.0,1.0,98.0,3.0,11.0,14.0,99.0,9.0,4.0,103.0,42.0,0.0,1.0,0.0,202304854642.0,33.0,7.0,4.0,0.0,1.0,1.0,4.0,17.0,1.0,0.0,1.0,8.0,0.0,55.0,1.0,0.0
420101,1,99,99.0,35.0,1.0,5060.0,-99.0,42.0,91.0,12.0,37.0,14.0,31.0,1.0,1.0,4.0,99.0,7.0,8.0,0.0,9.0,260.0,99.0,42.0,2.0,12.0,1.0,0.0,3CZRU6H36KG7,2019.0,474.0,9212.0,7.0,37.0,Honda,404.0,14.0,1.0,0.0,0.0,999.0,0.0,0.0,0.0,12.0,6.0,12.0,0.0,1.0,1.0,42.0,19422.0,1.0,6.0,3.0,Valid license for this class vehicle,0.0,69.0,999.0,0.0,0.0,0.0,5.0,May,2019.0,5.0,2019.0,3.0,1.0,4.0,25.0,1.0,1.0,2.0,1.0,0.0,6.0,54.0,99.0,1.0,1.0,303.0,42.0,99.0,1.0,0.0,202305223016.0,12.0,7.0,9.0,0.0,1.0,1.0,14.0,73.0,2.0,0.0,1.0,20.0,0.0,37.0,2.0,0.0
420102,1,10,96.0,0.0,1.0,3022.0,120.0,42.0,101.0,21.0,20.0,4.0,62.0,2.0,1.0,4.0,99.0,7.0,8.0,0.0,9.0,265.0,7.0,42.0,1.0,21.0,1.0,0.0,1G11B5SL4EF2,2014.0,467.0,1834.0,13.0,20.0,Chevrolet,37.0,4.0,1.0,0.0,0.0,40.0,7.0,0.0,0.0,12.0,6.0,21.0,0.0,1.0,1.0,42.0,19143.0,1.0,6.0,3.0,Valid license for this class vehicle,1.0,65.0,999.0,0.0,1.0,0.0,11.0,November,2019.0,1.0,2021.0,9.0,2.0,1.0,30.0,1.0,1.0,2.0,1.0,0.0,1.0,12.0,99.0,9.0,4.0,102.0,42.0,2.0,1.0,0.0,202304969147.0,30.0,6.0,5.0,0.0,1.0,1.0,4.0,73.0,2.0,0.0,1.0,20.0,0.0,20.0,1.0,0.0
420109,1,98,99.0,0.0,1.0,1.0,-99.0,42.0,91.0,12.0,12.0,4.0,19.0,1.0,1.0,4.0,20.0,7.0,8.0,0.0,0.0,0.0,99.0,42.0,2.0,12.0,1.0,0.0,1FAHP35N18W2,2008.0,460.0,1779.0,13.0,12.0,Ford,37.0,4.0,1.0,0.0,0.0,999.0,1.0,0.0,0.0,2.0,6.0,12.0,0.0,0.0,1.0,42.0,18974.0,1.0,6.0,3.0,Valid license for this class vehicle,0.0,67.0,999.0,0.0,0.0,0.0,0.0,No Record,0.0,0.0,0.0,9.0,5.0,5.0,45.0,1.0,1.0,2.0,1.0,0.0,1.0,17.0,99.0,9.0,9.0,402.0,42.0,99.0,1.0,0.0,202304675566.0,12.0,3.0,1.0,2.0,1.0,1.0,4.0,38.0,2.0,2.0,1.0,20.0,0.0,12.0,2.0,0.0
420111,1,0,0.0,48.0,1.0,0.0,-99.0,42.0,81.0,12.0,12.0,15.0,84.0,1.0,1.0,0.0,3.0,0.0,2.0,0.0,0.0,996.0,0.0,42.0,3.0,12.0,2.0,0.0,2FMPK4J99LBA,2020.0,460.0,1797.0,7.0,12.0,Ford,424.0,15.0,1.0,0.0,0.0,5.0,7.0,0.0,0.0,2.0,6.0,12.0,0.0,0.0,1.0,42.0,17756.0,1.0,6.0,3.0,Valid license for this class vehicle,0.0,67.0,999.0,0.0,0.0,0.0,0.0,No Record,0.0,0.0,0.0,0.0,5.0,3.0,35.0,1.0,1.0,2.0,1.0,0.0,11.0,15.0,1.0,1.0,1.0,401.0,42.0,0.0,1.0,0.0,202304943224.0,12.0,6.0,4.0,4.0,1.0,1.0,15.0,84.0,1.0,0.0,1.0,2.0,0.0,12.0,1.0,0.0
420126,1,99,96.0,0.0,1.0,2088.0,-99.0,42.0,63.0,32.0,55.0,14.0,63.0,1.0,1.0,4.0,20.0,7.0,1.0,0.0,0.0,0.0,7.0,42.0,1.0,32.0,1.0,0.0,KM8J3CAL8LU1,2020.0,498.0,2058.0,7.0,55.0,Hyundai,402.0,14.0,1.0,0.0,0.0,55.0,7.0,0.0,0.0,12.0,6.0,42.0,0.0,0.0,1.0,42.0,15725.0,1.0,6.0,3.0,Valid license for this class vehicle,3.0,68.0,999.0,0.0,0.0,0.0,3.0,March,2022.0,1.0,2023.0,0.0,1.0,2.0,55.0,1.0,1.0,2.0,1.0,0.0,1.0,12.0,1.0,1.0,4.0,102.0,42.0,1.0,1.0,0.0,202305365202.0,12.0,4.0,11.0,1.0,1.0,1.0,14.0,17.0,2.0,0.0,1.0,9.0,0.0,55.0,1.0,0.0
420134,1,0,3.0,36.0,1.0,1.0,-99.0,42.0,43.0,43.0,63.0,4.0,55.0,2.0,1.0,5.0,99.0,7.0,8.0,0.0,0.0,0.0,0.0,42.0,1.0,43.0,2.0,0.0,3KPA24ADXLE3,2020.0,499.0,2299.0,13.0,63.0,KIA,32.0,4.0,1.0,0.0,0.0,999.0,7.0,3.0,5.0,14.0,6.0,30.0,0.0,0.0,1.0,42.0,17057.0,0.0,0.0,0.0,Not licensed,0.0,61.0,999.0,0.0,0.0,0.0,0.0,No Record,0.0,0.0,0.0,0.0,1.0,2.0,30.0,1.0,1.0,2.0,1.0,0.0,1.0,13.0,99.0,1.0,4.0,101.0,42.0,0.0,1.0,0.0,202305138726.0,12.0,6.0,7.0,2.0,10.0,1.0,4.0,70.0,2.0,2.0,1.0,20.0,0.0,63.0,3.0,0.0
420139,1,0,96.0,50.0,1.0,0.0,-99.0,42.0,101.0,59.0,20.0,4.0,23.0,1.0,1.0,5.0,99.0,7.0,99.0,0.0,0.0,996.0,0.0,42.0,2.0,59.0,4.0,0.0,1G1ZD5ST0NF1,2022.0,467.0,1834.0,13.0,20.0,Chevrolet,37.0,4.0,1.0,0.0,0.0,90.0,0.0,0.0,0.0,5.0,6.0,59.0,0.0,0.0,1.0,42.0,19401.0,1.0,6.0,3.0,Valid license for this class vehicle,0.0,67.0,999.0,0.0,0.0,0.0,0.0,No Record,0.0,0.0,0.0,3.0,4.0,2.0,35.0,1.0,1.0,2.0,1.0,3.0,1.0,12.0,99.0,9.0,4.0,102.0,42.0,0.0,1.0,0.0,202304884886.0,12.0,3.0,3.0,2.0,1.0,1.0,4.0,27.0,2.0,2.0,1.0,1.0,0.0,20.0,3.0,0.0
420142,1,0,0.0,48.0,1.0,0.0,-99.0,42.0,45.0,12.0,20.0,4.0,64.0,1.0,1.0,0.0,3.0,0.0,8.0,0.0,0.0,996.0,0.0,42.0,2.0,12.0,1.0,0.0,2G1WB5E31G11,2016.0,467.0,13634.0,13.0,20.0,Chevrolet,2.0,4.0,1.0,0.0,0.0,25.0,7.0,0.0,0.0,3.0,6.0,12.0,0.0,0.0,1.0,42.0,19026.0,1.0,6.0,3.0,Valid license for this class vehicle,0.0,74.0,999.0,0.0,0.0,1.0,9.0,September,2022.0,9.0,2022.0,0.0,2.0,4.0,45.0,1.0,1.0,2.0,1.0,3.0,11.0,15.0,1.0,1.0,1.0,401.0,42.0,0.0,1.0,0.0,202304689987.0,11.0,1.0,1.0,0.0,10.0,1.0,4.0,32.0,2.0,0.0,1.0,20.0,0.0,20.0,1.0,0.0
420146,1,99,96.0,51.0,1.0,9999.0,-99.0,42.0,49.0,59.0,49.0,4.0,23.0,1.0,1.0,4.0,3.0,0.0,1.0,0.0,1.0,120.0,7.0,42.0,2.0,59.0,1.0,0.0,2T1BU4EEXDC0,2013.0,448.0,2208.0,13.0,49.0,Toyota,32.0,4.0,1.0,0.0,0.0,70.0,7.0,3.0,6.0,12.0,6.0,32.0,0.0,1.0,1.0,42.0,16506.0,1.0,6.0,3.0,Valid license for this class vehicle,3.0,75.0,999.0,0.0,0.0,0.0,0.0,No Record,0.0,0.0,0.0,5.0,1.0,2.0,40.0,2.0,6.0,2.0,1.0,0.0,14.0,6.0,99.0,3.0,4.0,101.0,42.0,1.0,1.0,0.0,202305422095.0,12.0,4.0,11.0,1.0,1.0,1.0,4.0,88.0,2.0,1.0,1.0,8.0,0.0,49.0,2.0,0.0
420150,1,99,96.0,0.0,1.0,9999.0,-99.0,42.0,129.0,42.0,42.0,1.0,63.0,1.0,1.0,4.0,99.0,7.0,1.0,0.0,0.0,999.0,7.0,42.0,1.0,42.0,1.0,0.0,W1KWK8EBXMG0,2021.0,449.0,2085.0,1.0,42.0,Mercedes-Benz,42.0,1.0,1.0,0.0,0.0,999.0,7.0,0.0,0.0,12.0,6.0,42.0,0.0,0.0,1.0,42.0,15601.0,1.0,6.0,3.0,Valid license for this class vehicle,0.0,68.0,999.0,0.0,1.0,0.0,12.0,December,2020.0,12.0,2020.0,0.0,3.0,2.0,45.0,1.0,6.0,1.0,1.0,0.0,1.0,13.0,99.0,1.0,4.0,101.0,42.0,1.0,1.0,0.0,202304855751.0,42.0,7.0,2.0,4.0,1.0,1.0,1.0,63.0,1.0,4.0,1.0,1.0,0.0,42.0,1.0,99.0
420154,1,99,99.0,58.0,1.0,3019.0,-99.0,42.0,107.0,42.0,37.0,4.0,22.0,1.0,1.0,4.0,8.0,1.0,8.0,0.0,0.0,136.0,6.0,42.0,1.0,42.0,1.0,0.0,1HGCV1F4XNA0,2022.0,474.0,1861.0,13.0,37.0,Honda,32.0,4.0,1.0,0.0,0.0,999.0,7.0,0.0,0.0,9.0,6.0,42.0,0.0,1.0,1.0,42.0,17976.0,1.0,6.0,3.0,Valid license for this class vehicle,0.0,66.0,999.0,0.0,1.0,0.0,9.0,September,2021.0,9.0,2021.0,3.0,1.0,2.0,45.0,3.0,1.0,2.0,1.0,0.0,14.0,6.0,7.0,3.0,4.0,101.0,42.0,98.0,1.0,0.0,202305471348.0,12.0,6.0,10.0,0.0,1.0,1.0,4.0,20.0,1.0,0.0,1.0,20.0,0.0,37.0,2.0,0.0
420157,1,99,99.0,28.0,1.0,3073.0,391.5,42.0,65.0,12.0,55.0,14.0,42.0,1.0,1.0,4.0,20.0,7.0,8.0,0.0,0.0,997.0,7.0,42.0,2.0,12.0,1.0,0.0,5XYZU3LB0EG1,2014.0,498.0,2057.0,7.0,55.0,Hyundai,401.0,14.0,1.0,0.0,0.0,60.0,0.0,0.0,0.0,12.0,6.0,12.0,0.0,0.0,1.0,42.0,15801.0,1.0,1.0,2.0,No valid license for this class vehicle,3.0,71.0,999.0,0.0,0.0,0.0,0.0,No Record,0.0,0.0,0.0,4.0,1.0,2.0,35.0,2.0,1.0,2.0,1.0,0.0,14.0,10.0,99.0,1.0,2.0,301.0,42.0,1.0,1.0,0.0,202305415507.0,30.0,4.0,11.0,0.0,1.0,1.0,14.0,22.0,1.0,0.0,1.0,20.0,0.0,55.0,1.0,98.0
420167,1,99,99.0,28.0,1.0,1.0,-99.0,42.0,133.0,12.0,35.0,6.0,56.0,1.0,1.0,4.0,20.0,7.0,8.0,0.0,0.0,0.0,7.0,42.0,2.0,12.0,1.0,0.0,5N1AT2MV1FC7,2015.0,478.0,1913.0,8.0,35.0,Nissan/Datsun,51.0,6.0,1.0,0.0,0.0,45.0,0.0,0.0,0.0,12.0,6.0,12.0,0.0,0.0,1.0,24.0,21078.0,1.0,6.0,3.0,Valid license for this class vehicle,0.0,74.0,999.0,0.0,0.0,0.0,0.0,No Record,0.0,0.0,0.0,0.0,1.0,2.0,20.0,1.0,1.0,2.0,1.0,0.0,1.0,10.0,99.0,1.0,2.0,301.0,42.0,1.0,1.0,0.0,202305270871.0,12.0,4.0,9.0,0.0,10.0,1.0,6.0,40.0,1.0,0.0,1.0,9.0,0.0,35.0,1.0,0.0
420169,1,2,5.0,6.0,1.0,5997.0,-99.0,42.0,41.0,42.0,12.0,2.0,40.0,1.0,1.0,2.0,20.0,7.0,1.0,0.0,0.0,0.0,0.0,42.0,1.0,42.0,2.0,0.0,1ZVFT82H9753,2007.0,460.0,1781.0,3.0,12.0,Ford,3.0,2.0,1.0,0.0,0.0,999.0,7.0,0.0,0.0,2.0,6.0,42.0,0.0,0.0,1.0,42.0,17065.0,1.0,6.0,3.0,Valid license for this class vehicle,0.0,67.0,999.0,0.0,0.0,0.0,7.0,July,2021.0,7.0,2021.0,0.0,1.0,2.0,40.0,1.0,1.0,2.0,1.0,0.0,1.0,13.0,99.0,1.0,4.0,101.0,42.0,0.0,1.0,0.0,202305673936.0,12.0,3.0,10.0,1.0,1.0,1.0,2.0,22.0,1.0,1.0,1.0,1.0,0.0,12.0,2.0,0.0
420175,1,0,96.0,0.0,1.0,1.0,-99.0,42.0,101.0,14.0,7.0,4.0,31.0,1.0,1.0,4.0,99.0,7.0,8.0,1.0,0.0,86.0,7.0,42.0,1.0,14.0,1.0,0.0,2C3CDXBG1MH6,2021.0,476.0,1895.0,13.0,7.0,Dodge,24.0,4.0,1.0,0.0,0.0,100.0,0.0,3.0,5.0,3.0,6.0,42.0,0.0,1.0,1.0,42.0,19132.0,1.0,6.0,3.0,Valid license for this class vehicle,0.0,66.0,999.0,0.0,0.0,0.0,0.0,No Record,0.0,0.0,0.0,3.0,2.0,2.0,35.0,1.0,1.0,2.0,1.0,0.0,1.0,11.0,99.0,1.0,4.0,103.0,42.0,2.0,1.0,0.0,202304936459.0,12.0,1.0,2.0,2.0,1.0,1.0,4.0,25.0,1.0,2.0,1.0,20.0,0.0,7.0,1.0,0.0
420178,1,99,0.0,0.0,1.0,2216.0,-99.0,42.0,129.0,24.0,63.0,14.0,56.0,1.0,1.0,4.0,20.0,7.0,8.0,0.0,0.0,0.0,7.0,42.0,1.0,24.0,1.0,0.0,KNDJ23AU5M77,2021.0,499.0,2460.0,7.0,63.0,KIA,498.0,14.0,1.0,0.0,0.0,999.0,7.0,3.0,5.0,14.0,6.0,42.0,0.0,0.0,1.0,42.0,15658.0,1.0,1.0,2.0,No valid license for this class vehicle,0.0,74.0,999.0,0.0,0.0,2.0,4.0,April,2021.0,7.0,2022.0,0.0,1.0,2.0,45.0,3.0,6.0,2.0,2.0,0.0,1.0,13.0,1.0,1.0,4.0,101.0,42.0,1.0,1.0,0.0,202304964483.0,12.0,6.0,3.0,2.0,1.0,1.0,14.0,55.0,2.0,2.0,1.0,20.0,0.0,63.0,2.0,0.0
420186,1,99,99.0,36.0,1.0,9997.0,-99.0,42.0,7.0,53.0,20.0,15.0,59.0,1.0,1.0,4.0,20.0,7.0,20.0,1.0,9.0,997.0,7.0,42.0,2.0,53.0,1.0,0.0,1GNFK13077J3,2007.0,467.0,1852.0,7.0,20.0,Chevrolet,421.0,15.0,1.0,0.0,0.0,999.0,7.0,3.0,5.0,81.0,6.0,34.0,1.0,0.0,1.0,26.0,48842.0,1.0,6.0,3.0,Valid license for this class vehicle,3.0,69.0,160.0,0.0,0.0,0.0,0.0,No Record,0.0,0.0,0.0,3.0,1.0,2.0,55.0,1.0,1.0,2.0,1.0,0.0,1.0,13.0,99.0,1.0,4.0,101.0,42.0,1.0,1.0,0.0,202304988026.0,9.0,4.0,5.0,0.0,1.0,1.0,15.0,55.0,1.0,0.0,1.0,20.0,0.0,20.0,1.0,0.0
420190,1,99,96.0,0.0,1.0,2216.0,-99.0,42.0,91.0,33.0,35.0,4.0,79.0,1.0,1.0,4.0,99.0,7.0,20.0,0.0,0.0,0.0,99.0,42.0,1.0,33.0,1.0,0.0,1N4AL3AP0FC2,2015.0,478.0,1904.0,13.0,35.0,Nissan/Datsun,47.0,4.0,1.0,0.0,0.0,999.0,7.0,0.0,0.0,14.0,6.0,2.0,1.0,0.0,1.0,42.0,19027.0,1.0,6.0,3.0,Valid license for this class vehicle,1.0,68.0,999.0,0.0,0.0,0.0,0.0,No Record,0.0,0.0,0.0,9.0,1.0,2.0,98.0,1.0,1.0,2.0,1.0,0.0,1.0,14.0,99.0,9.0,4.0,103.0,42.0,99.0,1.0,0.0,202304737780.0,12.0,3.0,2.0,2.0,10.0,1.0,4.0,61.0,1.0,0.0,1.0,20.0,0.0,35.0,1.0,0.0