ST_CASE,VEH_NO_x,DRIMPAIR_x,DRDISTRACT,DRIVERRF,PER_NO_x,DRUGRES,DRUGACTQTY,STATE_x,COUNTY,HARM_EV_x,MAKE_x,BODY_TYP_x,AGE,SEX,PER_TYP_x,INJ_SEV,REST_USE,REST_MIS,AIR_BAG_x,EJECTION,DRINKING,ALC_RES,HISPANIC,STATE_y,VE_FORMS,HARM_EV_y,NUMOCCS,HIT_RUN,VIN,MOD_YEAR,VPICMAKE,VPICMODEL,VPICBODYCLASS,MAKE_y,MAKENAME,MODEL,BODY_TYP_y,HAZ_INV,HAZ_PLAC,HAZ_ID,TRAV_SP,UNDEROVERRIDE,ROLLOVER,ROLINLOC,IMPACT1,DEFORMED,M_HARM,FIRE_EXP,DR_DRINK,DR_PRES,L_STATE,DR_ZIP,L_TYPE,L_STATUS,L_COMPL,L_COMPLNAME,L_RESTRI,DR_HGT,DR_WGT,PREV_DWI,PREV_SPD,PREV_OTH,FIRST_MO,FIRST_MONAME,FIRST_YR,LAST_MO,LAST_YR,SPEEDREL,VTRAFWAY,VNUM_LAN,VSPD_LIM,VALIGN,VPROFILE,VPAVETYP,VSURCOND,VTRAFCON,P_CRASH1,P_CRASH2,P_CRASH3,PCRASH4,PCRASH5,ACC_CONFIG,STATE,RACE,ORDER,MULTRACE,CASENUM,HARM_EV,DAY_WEEK,MONTH,MAXSEV_IM,WEATHR_IM,PER_NO_y,BODY_TYP,AGE_IM,SEX_IM,INJSEV_IM,PER_TYP_y,AIR_BAG_y,EJECT_IM,MAKE,VEH_NO_y,DRIMPAIR_y
420940,1,99,99.0,0.0,1.0,5060.0,-99.0,42.0,85.0,59.0,7.0,6.0,35.0,1.0,1.0,4.0,20.0,7.0,3.0,2.0,1.0,43.0,7.0,42.0,1.0,59.0,1.0,0.0,3C4PDDGGXHT5,2017.0,476.0,1939.0,7.0,7.0,Dodge,27.0,6.0,1.0,0.0,0.0,999.0,7.0,3.0,5.0,11.0,6.0,30.0,0.0,1.0,1.0,42.0,16146.0,1.0,6.0,3.0,Valid license for this class vehicle,0.0,71.0,999.0,0.0,0.0,1.0,8.0,August,2020.0,8.0,2021.0,5.0,3.0,2.0,55.0,1.0,1.0,2.0,1.0,0.0,1.0,13.0,1.0,1.0,4.0,101.0,42.0,1.0,1.0,0.0,202304853685.0,12.0,3.0,4.0,1.0,1.0,1.0,6.0,41.0,2.0,0.0,1.0,20.0,0.0,7.0,2.0,0.0
420945,1,9,99.0,28.0,1.0,9997.0,-99.0,42.0,71.0,35.0,49.0,4.0,30.0,1.0,1.0,4.0,20.0,7.0,8.0,0.0,1.0,997.0,7.0,42.0,1.0,35.0,2.0,0.0,4T1BE46K57U1,2007.0,448.0,2469.0,13.0,49.0,Toyota,40.0,4.0,1.0,0.0,0.0,60.0,7.0,0.0,0.0,14.0,6.0,42.0,0.0,1.0,1.0,42.0,17602.0,1.0,6.0,3.0,Valid license for this class vehicle,0.0,66.0,999.0,0.0,0.0,0.0,3.0,March,2023.0,3.0,2023.0,4.0,1.0,2.0,35.0,3.0,6.0,2.0,1.0,0.0,14.0,6.0,99.0,1.0,4.0,101.0,42.0,1.0,1.0,0.0,202304786440.0,42.0,5.0,3.0,1.0,2.0,1.0,4.0,31.0,2.0,1.0,1.0,8.0,0.0,49.0,1.0,0.0
420947,2,0,99.0,0.0,1.0,0.0,-99.0,42.0,61.0,12.0,23.0,67.0,50.0,1.0,1.0,2.0,3.0,0.0,8.0,0.0,8.0,996.0,0.0,42.0,2.0,12.0,1.0,0.0,1GT49REY1NF2,2022.0,472.0,24909.0,60.0,23.0,GMC,880.0,67.0,1.0,0.0,0.0,999.0,0.0,0.0,0.0,12.0,6.0,12.0,0.0,0.0,1.0,42.0,17229.0,1.0,6.0,3.0,Valid license for this class vehicle,0.0,70.0,999.0,0.0,0.0,0.0,0.0,No Record,0.0,0.0,0.0,0.0,1.0,2.0,55.0,1.0,1.0,2.0,1.0,0.0,1.0,62.0,16.0,1.0,1.0,302.0,42.0,0.0,1.0,0.0,202304981923.0,12.0,5.0,4.0,0.0,1.0,1.0,67.0,21.0,1.0,0.0,1.0,20.0,0.0,23.0,1.0,0.0
420954,1,1,0.0,0.0,1.0,0.0,-99.0,42.0,13.0,33.0,55.0,4.0,75.0,1.0,1.0,4.0,20.0,7.0,1.0,0.0,0.0,996.0,99.0,42.0,1.0,33.0,1.0,0.0,5NPEC4AC7BH0,2011.0,498.0,2459.0,13.0,55.0,Hyundai,33.0,4.0,1.0,0.0,0.0,999.0,7.0,0.0,0.0,11.0,6.0,19.0,0.0,0.0,1.0,42.0,16662.0,1.0,6.0,3.0,Valid license for this class vehicle,0.0,72.0,999.0,0.0,0.0,0.0,0.0,No Record,0.0,0.0,0.0,0.0,1.0,2.0,35.0,1.0,6.0,2.0,2.0,0.0,1.0,8.0,1.0,1.0,4.0,102.0,42.0,99.0,1.0,0.0,202305007484.0,9.0,6.0,6.0,2.0,1.0,1.0,4.0,27.0,2.0,0.0,1.0,20.0,0.0,55.0,1.0,0.0
420955,2,0,96.0,0.0,1.0,0.0,-99.0,42.0,47.0,12.0,12.0,4.0,78.0,1.0,1.0,0.0,3.0,0.0,20.0,0.0,0.0,996.0,0.0,42.0,2.0,12.0,2.0,0.0,3FAHP0HA0BR2,2011.0,460.0,1780.0,13.0,12.0,Ford,23.0,4.0,1.0,0.0,0.0,0.0,7.0,0.0,0.0,6.0,2.0,12.0,0.0,0.0,1.0,42.0,18603.0,1.0,6.0,3.0,Valid license for this class vehicle,3.0,73.0,999.0,0.0,0.0,0.0,0.0,No Record,0.0,0.0,0.0,0.0,1.0,2.0,45.0,1.0,1.0,2.0,1.0,0.0,5.0,53.0,1.0,1.0,1.0,201.0,42.0,0.0,1.0,0.0,202305650911.0,11.0,4.0,11.0,0.0,1.0,1.0,4.0,32.0,2.0,0.0,1.0,20.0,0.0,12.0,1.0,0.0
420957,1,0,99.0,104.0,1.0,0.0,-99.0,42.0,101.0,25.0,55.0,4.0,14.0,2.0,1.0,2.0,20.0,7.0,8.0,0.0,9.0,996.0,0.0,42.0,2.0,25.0,4.0,0.0,5NPEB4AC5BH0,2011.0,498.0,2459.0,13.0,55.0,Hyundai,33.0,4.0,1.0,0.0,0.0,999.0,0.0,3.0,5.0,5.0,6.0,1.0,0.0,0.0,1.0,42.0,19104.0,0.0,0.0,0.0,Not licensed,0.0,999.0,999.0,0.0,0.0,0.0,0.0,No Record,0.0,0.0,0.0,4.0,3.0,3.0,50.0,3.0,1.0,2.0,1.0,0.0,14.0,51.0,7.0,1.0,4.0,101.0,42.0,0.0,1.0,0.0,202305343347.0,12.0,4.0,10.0,0.0,1.0,1.0,4.0,17.0,2.0,0.0,1.0,20.0,0.0,55.0,2.0,0.0
420964,1,0,0.0,36.0,1.0,0.0,-99.0,42.0,101.0,25.0,35.0,4.0,18.0,1.0,1.0,2.0,99.0,7.0,1.0,0.0,0.0,996.0,0.0,42.0,2.0,25.0,1.0,0.0,1N4AA5AP6CC8,2012.0,478.0,2302.0,13.0,35.0,Nissan/Datsun,39.0,4.0,1.0,0.0,0.0,998.0,7.0,0.0,0.0,62.0,6.0,12.0,0.0,0.0,1.0,42.0,19153.0,1.0,6.0,3.0,Valid license for this class vehicle,0.0,66.0,999.0,0.0,0.0,0.0,0.0,No Record,0.0,0.0,0.0,4.0,6.0,1.0,55.0,1.0,1.0,2.0,1.0,0.0,1.0,6.0,99.0,2.0,4.0,102.0,42.0,0.0,1.0,0.0,202305251876.0,12.0,7.0,9.0,1.0,1.0,1.0,4.0,56.0,1.0,0.0,1.0,20.0,0.0,35.0,1.0,0.0
420965,1,0,96.0,0.0,1.0,1.0,-99.0,42.0,81.0,12.0,76.0,80.0,21.0,1.0,1.0,4.0,20.0,7.0,20.0,8.0,0.0,0.0,7.0,42.0,2.0,12.0,1.0,0.0,JYARN10E83A0,2003.0,564.0,3214.0,80.0,76.0,Yamaha,706.0,80.0,1.0,0.0,0.0,100.0,7.0,8.0,8.0,12.0,6.0,12.0,0.0,0.0,1.0,42.0,17701.0,1.0,6.0,2.0,No valid license for this class vehicle,3.0,67.0,999.0,0.0,1.0,0.0,4.0,April,2021.0,4.0,2021.0,4.0,1.0,2.0,35.0,1.0,1.0,2.0,1.0,0.0,1.0,62.0,99.0,1.0,1.0,402.0,42.0,1.0,1.0,0.0,202305077457.0,12.0,4.0,6.0,3.0,10.0,1.0,80.0,22.0,1.0,3.0,1.0,20.0,8.0,76.0,2.0,0.0
420966,1,0,96.0,0.0,1.0,1.0,-99.0,42.0,51.0,11.0,72.0,80.0,30.0,1.0,1.0,4.0,20.0,7.0,20.0,8.0,9.0,0.0,7.0,42.0,1.0,11.0,2.0,0.0,1HD1KRP11KB6,2019.0,3888.0,12629.0,81.0,72.0,Harley-Davidson,706.0,80.0,1.0,0.0,0.0,104.0,7.0,8.0,8.0,12.0,6.0,11.0,0.0,0.0,1.0,42.0,15413.0,1.0,6.0,2.0,No valid license for this class vehicle,0.0,70.0,999.0,0.0,1.0,0.0,1.0,January,2022.0,1.0,2022.0,3.0,3.0,2.0,55.0,1.0,1.0,1.0,1.0,0.0,1.0,89.0,99.0,1.0,1.0,103.0,42.0,1.0,1.0,0.0,202305398357.0,11.0,4.0,10.0,4.0,1.0,1.0,80.0,30.0,1.0,4.0,1.0,20.0,8.0,72.0,1.0,99.0
420973,1,0,0.0,51.0,1.0,9997.0,-99.0,42.0,3.0,12.0,30.0,4.0,55.0,1.0,1.0,4.0,20.0,7.0,8.0,0.0,0.0,997.0,7.0,42.0,2.0,12.0,1.0,0.0,1VWCP7A36DC1,2013.0,482.0,3134.0,13.0,30.0,Volkswagen,46.0,4.0,1.0,0.0,0.0,999.0,0.0,0.0,0.0,12.0,6.0,12.0,0.0,0.0,1.0,42.0,15235.0,1.0,6.0,3.0,Valid license for this class vehicle,3.0,75.0,999.0,0.0,1.0,0.0,6.0,June,2019.0,11.0,2019.0,0.0,1.0,2.0,35.0,1.0,1.0,2.0,2.0,0.0,1.0,54.0,99.0,1.0,2.0,303.0,42.0,2.0,1.0,0.0,202305375619.0,12.0,7.0,10.0,4.0,10.0,1.0,4.0,55.0,1.0,4.0,1.0,8.0,0.0,30.0,1.0,0.0
420973,2,0,0.0,0.0,1.0,0.0,-99.0,42.0,3.0,12.0,2.0,15.0,62.0,1.0,1.0,3.0,20.0,7.0,8.0,0.0,0.0,996.0,0.0,42.0,2.0,12.0,3.0,0.0,1C4RJFAG6LC2,2020.0,483.0,1949.0,7.0,2.0,Jeep / Kaiser-Jeep / Willys- Jeep,422.0,15.0,1.0,0.0,0.0,999.0,0.0,0.0,0.0,12.0,6.0,12.0,0.0,0.0,1.0,42.0,15601.0,1.0,6.0,3.0,Valid license for this class vehicle,3.0,70.0,999.0,0.0,0.0,0.0,0.0,No Record,0.0,0.0,0.0,0.0,1.0,2.0,35.0,1.0,1.0,2.0,2.0,0.0,1.0,54.0,99.0,1.0,1.0,303.0,42.0,0.0,1.0,0.0,202305375619.0,12.0,7.0,10.0,4.0,10.0,1.0,15.0,62.0,1.0,3.0,1.0,8.0,0.0,2.0,2.0,0.0
420974,1,9,96.0,0.0,1.0,0.0,-99.0,42.0,91.0,12.0,35.0,6.0,37.0,1.0,1.0,3.0,20.0,7.0,8.0,0.0,1.0,120.0,0.0,42.0,2.0,12.0,1.0,0.0,JN8AS5MT6BW5,2011.0,478.0,1913.0,8.0,35.0,Nissan/Datsun,51.0,6.0,1.0,0.0,0.0,69.0,0.0,0.0,0.0,12.0,6.0,12.0,0.0,1.0,1.0,42.0,19121.0,0.0,0.0,0.0,Not licensed,0.0,70.0,999.0,0.0,0.0,0.0,2.0,February,9999.0,2.0,9999.0,4.0,2.0,2.0,40.0,2.0,6.0,2.0,1.0,0.0,14.0,73.0,99.0,1.0,3.0,999.0,42.0,0.0,1.0,0.0,202305470384.0,12.0,2.0,12.0,3.0,1.0,1.0,6.0,28.0,1.0,2.0,1.0,20.0,0.0,35.0,1.0,0.0
420989,2,0,0.0,0.0,1.0,0.0,-99.0,42.0,89.0,24.0,63.0,6.0,59.0,1.0,1.0,2.0,3.0,0.0,1.0,0.0,0.0,996.0,0.0,42.0,2.0,24.0,2.0,0.0,KNDJT2A27A71,2010.0,499.0,2460.0,7.0,63.0,KIA,37.0,6.0,1.0,0.0,0.0,55.0,0.0,3.0,1.0,12.0,6.0,12.0,0.0,0.0,1.0,42.0,18346.0,1.0,6.0,3.0,Valid license for this class vehicle,0.0,66.0,999.0,0.0,0.0,0.0,0.0,No Record,0.0,0.0,0.0,4.0,1.0,2.0,45.0,1.0,6.0,2.0,4.0,0.0,1.0,62.0,99.0,1.0,1.0,998.0,42.0,0.0,1.0,0.0,202304967557.0,12.0,3.0,5.0,0.0,1.0,1.0,6.0,42.0,2.0,0.0,1.0,20.0,0.0,63.0,1.0,98.0
421004,1,99,99.0,0.0,1.0,1.0,-99.0,42.0,65.0,42.0,82.0,66.0,38.0,1.0,1.0,4.0,3.0,0.0,20.0,0.0,0.0,0.0,7.0,42.0,1.0,42.0,2.0,0.0,3AKJHHDR4RSU,2024.0,450.0,2501.0,66.0,82.0,Freightliner,881.0,66.0,1.0,0.0,0.0,66.0,7.0,0.0,0.0,12.0,6.0,42.0,0.0,0.0,1.0,34.0,8904.0,1.0,6.0,3.0,Valid license for this class vehicle,0.0,73.0,999.0,0.0,0.0,0.0,0.0,No Record,0.0,0.0,0.0,0.0,2.0,2.0,70.0,3.0,1.0,2.0,1.0,0.0,14.0,12.0,99.0,1.0,4.0,102.0,42.0,18.0,1.0,0.0,202305381885.0,38.0,4.0,10.0,3.0,1.0,1.0,66.0,62.0,1.0,0.0,1.0,20.0,0.0,82.0,2.0,98.0
421005,1,0,99.0,36.0,1.0,0.0,-99.0,42.0,29.0,42.0,49.0,20.0,61.0,1.0,1.0,5.0,3.0,0.0,20.0,0.0,0.0,996.0,0.0,42.0,1.0,42.0,2.0,0.0,4T3ZF13C72U4,2002.0,448.0,2468.0,2.0,49.0,Toyota,442.0,20.0,1.0,0.0,0.0,50.0,7.0,3.0,5.0,12.0,6.0,42.0,0.0,0.0,1.0,42.0,19341.0,1.0,6.0,3.0,Valid license for this class vehicle,0.0,72.0,999.0,0.0,0.0,0.0,0.0,No Record,0.0,0.0,0.0,4.0,1.0,2.0,45.0,3.0,5.0,2.0,2.0,0.0,14.0,6.0,99.0,1.0,4.0,101.0,42.0,0.0,1.0,0.0,202305260748.0,12.0,6.0,9.0,2.0,1.0,1.0,20.0,22.0,1.0,0.0,1.0,20.0,0.0,49.0,2.0,0.0
421009,1,99,0.0,38.0,1.0,9997.0,-99.0,42.0,129.0,12.0,55.0,4.0,61.0,2.0,1.0,4.0,3.0,0.0,8.0,0.0,0.0,997.0,7.0,42.0,2.0,12.0,1.0,0.0,KMHDU4AD6AU8,2010.0,498.0,2735.0,13.0,55.0,Hyundai,35.0,4.0,1.0,0.0,0.0,999.0,0.0,0.0,0.0,1.0,6.0,12.0,0.0,0.0,1.0,42.0,15644.0,1.0,6.0,3.0,Valid license for this class vehicle,3.0,62.0,999.0,0.0,0.0,0.0,0.0,No Record,0.0,0.0,0.0,0.0,1.0,2.0,45.0,2.0,1.0,1.0,1.0,0.0,11.0,15.0,99.0,1.0,1.0,401.0,42.0,5.0,1.0,0.0,202304865089.0,12.0,2.0,2.0,1.0,1.0,1.0,4.0,38.0,2.0,1.0,1.0,20.0,0.0,55.0,2.0,98.0
421009,2,0,0.0,0.0,1.0,0.0,-99.0,42.0,129.0,12.0,7.0,14.0,51.0,2.0,1.0,3.0,3.0,0.0,1.0,0.0,0.0,996.0,0.0,42.0,2.0,12.0,1.0,0.0,1D8GU58KX7W6,2007.0,476.0,1940.0,7.0,7.0,Dodge,403.0,14.0,1.0,0.0,0.0,999.0,0.0,0.0,0.0,12.0,6.0,12.0,0.0,0.0,1.0,42.0,15690.0,1.0,6.0,3.0,Valid license for this class vehicle,0.0,69.0,999.0,0.0,0.0,0.0,0.0,No Record,0.0,0.0,0.0,0.0,1.0,2.0,45.0,3.0,1.0,1.0,1.0,0.0,14.0,62.0,99.0,1.0,1.0,402.0,42.0,0.0,1.0,0.0,202305417891.0,12.0,4.0,10.0,4.0,1.0,1.0,14.0,51.0,2.0,3.0,1.0,1.0,0.0,7.0,2.0,0.0
421021,1,99,96.0,0.0,1.0,0.0,-99.0,42.0,101.0,12.0,7.0,14.0,24.0,2.0,1.0,2.0,3.0,0.0,1.0,0.0,0.0,996.0,0.0,42.0,2.0,12.0,1.0,0.0,1D4HS38N83F5,2003.0,476.0,3508.0,7.0,7.0,Dodge,402.0,14.0,1.0,0.0,0.0,35.0,0.0,0.0,0.0,12.0,6.0,12.0,0.0,0.0,1.0,42.0,19144.0,1.0,6.0,3.0,Valid license for this class vehicle,3.0,65.0,999.0,0.0,0.0,0.0,8.0,August,2023.0,8.0,2023.0,0.0,1.0,2.0,30.0,2.0,5.0,2.0,1.0,0.0,14.0,10.0,99.0,1.0,2.0,301.0,42.0,0.0,1.0,0.0,202305146596.0,38.0,6.0,7.0,0.0,1.0,1.0,14.0,21.0,2.0,0.0,1.0,20.0,0.0,7.0,1.0,1.0
421044,1,99,99.0,28.0,1.0,9997.0,-99.0,42.0,3.0,12.0,20.0,14.0,58.0,2.0,1.0,4.0,3.0,0.0,20.0,0.0,9.0,997.0,7.0,42.0,2.0,12.0,1.0,0.0,1GNDT13W21K2,2001.0,467.0,11502.0,7.0,20.0,Chevrolet,401.0,14.0,1.0,0.0,0.0,999.0,0.0,0.0,0.0,12.0,6.0,12.0,0.0,0.0,1.0,42.0,15206.0,1.0,6.0,3.0,Valid license for this class vehicle,0.0,66.0,999.0,0.0,0.0,0.0,9.0,September,2021.0,9.0,2021.0,0.0,1.0,2.0,30.0,1.0,1.0,2.0,1.0,0.0,1.0,10.0,99.0,1.0,2.0,301.0,42.0,2.0,1.0,0.0,202304776640.0,12.0,4.0,2.0,0.0,1.0,1.0,14.0,46.0,1.0,0.0,1.0,20.0,0.0,20.0,1.0,0.0
421046,2,0,0.0,84.0,1.0,0.0,-99.0,42.0,49.0,12.0,12.0,61.0,47.0,1.0,1.0,0.0,3.0,0.0,20.0,0.0,0.0,996.0,0.0,42.0,2.0,12.0,1.0,0.0,1FDXE4FS4HDC,2017.0,460.0,1819.0,62.0,12.0,Ford,870.0,61.0,1.0,0.0,0.0,40.0,0.0,0.0,0.0,12.0,4.0,12.0,0.0,0.0,1.0,42.0,16428.0,1.0,6.0,3.0,Valid license for this class vehicle,0.0,71.0,999.0,0.0,0.0,0.0,0.0,No Record,0.0,0.0,0.0,0.0,2.0,2.0,40.0,1.0,1.0,2.0,1.0,0.0,1.0,62.0,16.0,1.0,1.0,402.0,42.0,0.0,1.0,0.0,202305044832.0,12.0,6.0,4.0,0.0,1.0,1.0,61.0,40.0,1.0,0.0,1.0,20.0,0.0,12.0,1.0,0.0
421054,1,99,96.0,36.0,1.0,1.0,-99.0,42.0,133.0,30.0,55.0,3.0,62.0,1.0,1.0,4.0,20.0,7.0,1.0,0.0,1.0,178.0,7.0,42.0,1.0,30.0,1.0,0.0,KMHHM66D38U2,2008.0,498.0,5847.0,3.0,55.0,Hyundai,37.0,3.0,1.0,0.0,0.0,999.0,7.0,0.0,0.0,12.0,6.0,30.0,0.0,1.0,1.0,42.0,17363.0,1.0,6.0,3.0,Valid license for this class vehicle,3.0,72.0,999.0,0.0,0.0,0.0,0.0,No Record,0.0,0.0,0.0,4.0,1.0,2.0,25.0,1.0,5.0,2.0,1.0,0.0,6.0,6.0,1.0,1.0,4.0,101.0,42.0,1.0,1.0,0.0,202304839958.0,38.0,3.0,1.0,3.0,1.0,1.0,3.0,20.0,1.0,3.0,1.0,1.0,1.0,55.0,1.0,0.0
421060,1,99,96.0,39.0,1.0,5062.0,65.0,42.0,1.0,12.0,20.0,4.0,24.0,1.0,1.0,4.0,20.0,7.0,1.0,0.0,9.0,0.0,6.0,42.0,2.0,12.0,1.0,0.0,1G1ZC5EBXAF2,2010.0,467.0,1834.0,13.0,20.0,Chevrolet,37.0,4.0,1.0,0.0,0.0,40.0,1.0,0.0,0.0,12.0,6.0,12.0,0.0,0.0,1.0,42.0,17331.0,1.0,6.0,3.0,Valid license for this class vehicle,0.0,67.0,999.0,0.0,0.0,0.0,0.0,No Record,0.0,0.0,0.0,0.0,1.0,2.0,98.0,1.0,1.0,2.0,1.0,20.0,1.0,17.0,12.0,2.0,2.0,503.0,42.0,1.0,1.0,0.0,202305494615.0,12.0,1.0,12.0,1.0,1.0,1.0,4.0,27.0,1.0,0.0,1.0,20.0,0.0,20.0,2.0,0.0
421063,1,9,99.0,50.0,1.0,3022.0,-99.0,42.0,71.0,12.0,35.0,4.0,25.0,1.0,1.0,4.0,3.0,0.0,8.0,0.0,1.0,140.0,7.0,42.0,2.0,12.0,1.0,0.0,3N1CN8EV5ML8,2021.0,478.0,1894.0,13.0,35.0,Nissan/Datsun,50.0,4.0,1.0,0.0,0.0,60.0,0.0,0.0,0.0,10.0,6.0,12.0,0.0,1.0,1.0,42.0,17557.0,1.0,6.0,3.0,Valid license for this class vehicle,0.0,74.0,999.0,0.0,1.0,0.0,9.0,September,2023.0,9.0,2023.0,3.0,1.0,2.0,45.0,1.0,1.0,2.0,1.0,0.0,1.0,6.0,16.0,1.0,6.0,301.0,42.0,1.0,1.0,0.0,202304677929.0,12.0,7.0,1.0,0.0,1.0,1.0,4.0,72.0,1.0,0.0,1.0,1.0,0.0,35.0,1.0,0.0
421071,1,1,0.0,0.0,1.0,0.0,-99.0,42.0,11.0,12.0,7.0,20.0,39.0,1.0,1.0,5.0,3.0,0.0,20.0,0.0,0.0,996.0,0.0,42.0,2.0,12.0,1.0,0.0,2C4RDGEG7JR3,2018.0,476.0,14832.0,2.0,7.0,Dodge,442.0,20.0,1.0,0.0,0.0,50.0,0.0,0.0,0.0,11.0,6.0,12.0,0.0,0.0,1.0,42.0,19605.0,1.0,6.0,3.0,Valid license for this class vehicle,3.0,75.0,999.0,0.0,0.0,0.0,0.0,No Record,0.0,0.0,0.0,0.0,1.0,2.0,45.0,1.0,6.0,2.0,1.0,0.0,1.0,8.0,1.0,1.0,1.0,301.0,42.0,0.0,1.0,0.0,202304798302.0,12.0,1.0,2.0,1.0,1.0,1.0,20.0,64.0,1.0,0.0,1.0,20.0,0.0,7.0,1.0,98.0
421072,1,1,0.0,0.0,1.0,0.0,-99.0,42.0,75.0,12.0,30.0,4.0,81.0,1.0,1.0,4.0,3.0,0.0,20.0,0.0,0.0,996.0,7.0,42.0,2.0,12.0,3.0,0.0,1VWAT7A37FC0,2015.0,482.0,3134.0,13.0,30.0,Volkswagen,46.0,4.0,1.0,0.0,0.0,15.0,0.0,0.0,0.0,11.0,6.0,12.0,0.0,0.0,1.0,42.0,17046.0,1.0,6.0,3.0,Valid license for this class vehicle,0.0,71.0,999.0,0.0,0.0,0.0,0.0,No Record,0.0,0.0,0.0,0.0,1.0,2.0,98.0,1.0,1.0,2.0,98.0,20.0,11.0,15.0,99.0,1.0,1.0,414.0,42.0,1.0,1.0,0.0,202305358845.0,12.0,3.0,10.0,1.0,1.0,1.0,4.0,23.0,1.0,1.0,1.0,20.0,0.0,30.0,3.0,0.0
421081,2,0,0.0,0.0,1.0,0.0,-99.0,42.0,71.0,12.0,35.0,14.0,16.0,1.0,2.0,3.0,3.0,0.0,8.0,0.0,0.0,996.0,0.0,42.0,2.0,12.0,2.0,0.0,5N1AR18W95C7,2005.0,478.0,1911.0,7.0,35.0,Nissan/Datsun,401.0,14.0,1.0,0.0,0.0,5.0,0.0,0.0,0.0,9.0,6.0,12.0,0.0,0.0,1.0,42.0,17509.0,1.0,6.0,3.0,Valid license for this class vehicle,3.0,65.0,999.0,0.0,0.0,0.0,0.0,No Record,0.0,0.0,0.0,0.0,1.0,3.0,98.0,1.0,1.0,2.0,98.0,3.0,11.0,15.0,99.0,1.0,1.0,414.0,42.0,0.0,1.0,0.0,202305595482.0,12.0,2.0,5.0,0.0,1.0,1.0,14.0,28.0,2.0,0.0,1.0,20.0,0.0,35.0,1.0,0.0
421082,1,99,99.0,0.0,1.0,2397.0,-99.0,42.0,79.0,24.0,49.0,14.0,43.0,2.0,1.0,4.0,20.0,7.0,20.0,1.0,0.0,0.0,7.0,42.0,1.0,24.0,1.0,0.0,JTEBU5JRXK56,2019.0,448.0,2216.0,7.0,49.0,Toyota,401.0,14.0,1.0,0.0,0.0,999.0,7.0,0.0,0.0,1.0,6.0,24.0,0.0,0.0,1.0,42.0,18661.0,1.0,6.0,3.0,Valid license for this class vehicle,3.0,70.0,999.0,0.0,0.0,0.0,0.0,No Record,0.0,0.0,0.0,4.0,3.0,2.0,65.0,1.0,1.0,1.0,1.0,0.0,1.0,13.0,99.0,1.0,4.0,101.0,42.0,1.0,1.0,0.0,202305148341.0,12.0,6.0,6.0,0.0,1.0,1.0,14.0,41.0,2.0,0.0,1.0,20.0,0.0,49.0,2.0,0.0
421095,1,99,99.0,0.0,1.0,1.0,-99.0,42.0,125.0,31.0,49.0,14.0,33.0,2.0,1.0,4.0,99.0,7.0,20.0,0.0,9.0,29.0,7.0,42.0,1.0,31.0,1.0,0.0,JTEAAAAH2MJ0,2021.0,448.0,3005.0,7.0,49.0,Toyota,498.0,14.0,1.0,0.0,0.0,80.0,7.0,0.0,0.0,12.0,6.0,42.0,1.0,1.0,1.0,42.0,15211.0,1.0,6.0,3.0,Valid license for this class vehicle,0.0,64.0,999.0,0.0,0.0,0.0,11.0,November,2023.0,11.0,2023.0,0.0,3.0,2.0,65.0,3.0,5.0,2.0,1.0,0.0,14.0,6.0,99.0,1.0,4.0,101.0,42.0,1.0,1.0,0.0,202305365517.0,12.0,7.0,8.0,2.0,1.0,1.0,14.0,49.0,2.0,2.0,1.0,20.0,0.0,49.0,2.0,0.0
421097,1,99,99.0,39.0,1.0,3019.0,25.0,42.0,77.0,12.0,48.0,14.0,60.0,1.0,1.0,4.0,20.0,7.0,8.0,0.0,9.0,0.0,7.0,42.0,2.0,12.0,1.0,0.0,JF2GPAGC5E82,2014.0,523.0,2236.0,7.0,48.0,Subaru,403.0,14.0,1.0,0.0,0.0,999.0,0.0,0.0,0.0,2.0,6.0,12.0,0.0,0.0,1.0,42.0,18109.0,1.0,6.0,3.0,Valid license for this class vehicle,0.0,67.0,999.0,0.0,0.0,0.0,0.0,No Record,0.0,0.0,0.0,0.0,1.0,3.0,45.0,1.0,1.0,2.0,1.0,3.0,1.0,17.0,99.0,1.0,1.0,502.0,42.0,1.0,1.0,0.0,202305480338.0,12.0,7.0,12.0,0.0,1.0,1.0,14.0,17.0,2.0,0.0,1.0,20.0,0.0,48.0,2.0,0.0
421103,1,99,99.0,38.0,1.0,0.0,-99.0,42.0,85.0,12.0,2.0,14.0,20.0,1.0,1.0,4.0,20.0,7.0,20.0,0.0,0.0,996.0,99.0,42.0,2.0,12.0,1.0,0.0,1J4NT1GA7BD2,2011.0,483.0,1947.0,7.0,2.0,Jeep / Kaiser-Jeep / Willys- Jeep,407.0,14.0,1.0,0.0,0.0,999.0,0.0,0.0,0.0,2.0,6.0,12.0,0.0,0.0,1.0,42.0,16329.0,1.0,6.0,3.0,Valid license for this class vehicle,0.0,75.0,999.0,0.0,1.0,0.0,11.0,November,2021.0,11.0,2021.0,0.0,1.0,2.0,35.0,1.0,1.0,1.0,1.0,0.0,11.0,15.0,1.0,1.0,1.0,401.0,42.0,99.0,1.0,0.0,202305521840.0,12.0,5.0,12.0,1.0,2.0,1.0,14.0,20.0,2.0,0.0,1.0,20.0,0.0,2.0,1.0,0.0