ST_CASE,VEH_NO_x,DRIMPAIR_x,DRDISTRACT,DRIVERRF,PER_NO_x,DRUGRES,DRUGACTQTY,STATE_x,COUNTY,HARM_EV_x,MAKE_x,BODY_TYP_x,AGE,SEX,PER_TYP_x,INJ_SEV,REST_USE,REST_MIS,AIR_BAG_x,EJECTION,DRINKING,ALC_RES,HISPANIC,STATE_y,VE_FORMS,HARM_EV_y,NUMOCCS,HIT_RUN,VIN,MOD_YEAR,VPICMAKE,VPICMODEL,VPICBODYCLASS,MAKE_y,MAKENAME,MODEL,BODY_TYP_y,HAZ_INV,HAZ_PLAC,HAZ_ID,TRAV_SP,UNDEROVERRIDE,ROLLOVER,ROLINLOC,IMPACT1,DEFORMED,M_HARM,FIRE_EXP,DR_DRINK,DR_PRES,L_STATE,DR_ZIP,L_TYPE,L_STATUS,L_COMPL,L_COMPLNAME,L_RESTRI,DR_HGT,DR_WGT,PREV_DWI,PREV_SPD,PREV_OTH,FIRST_MO,FIRST_MONAME,FIRST_YR,LAST_MO,LAST_YR,SPEEDREL,VTRAFWAY,VNUM_LAN,VSPD_LIM,VALIGN,VPROFILE,VPAVETYP,VSURCOND,VTRAFCON,P_CRASH1,P_CRASH2,P_CRASH3,PCRASH4,PCRASH5,ACC_CONFIG,STATE,RACE,ORDER,MULTRACE,CASENUM,HARM_EV,DAY_WEEK,MONTH,MAXSEV_IM,WEATHR_IM,PER_NO_y,BODY_TYP,AGE_IM,SEX_IM,INJSEV_IM,PER_TYP_y,AIR_BAG_y,EJECT_IM,MAKE,VEH_NO_y,DRIMPAIR_y
450074,1,9,96.0,0.0,1.0,1.0,-99.0,45.0,47.0,35.0,42.0,4.0,48.0,1.0,1.0,4.0,3.0,0.0,8.0,1.0,1.0,169.0,7.0,45.0,1.0,35.0,1.0,0.0,WDDHF5KB1DA7,2013.0,449.0,2081.0,13.0,42.0,Mercedes-Benz,48.0,4.0,1.0,0.0,0.0,100.0,7.0,3.0,5.0,12.0,6.0,35.0,0.0,1.0,1.0,45.0,29681.0,1.0,6.0,3.0,Valid license for this class vehicle,0.0,72.0,265.0,0.0,0.0,0.0,0.0,No Record,0.0,0.0,0.0,3.0,1.0,2.0,55.0,3.0,1.0,2.0,1.0,97.0,14.0,13.0,99.0,1.0,4.0,101.0,45.0,2.0,1.0,0.0,202304906704.0,12.0,6.0,2.0,1.0,1.0,1.0,4.0,59.0,1.0,0.0,1.0,1.0,0.0,42.0,1.0,0.0
450075,1,9,96.0,0.0,1.0,1.0,-99.0,45.0,81.0,34.0,20.0,4.0,45.0,1.0,1.0,4.0,20.0,7.0,8.0,1.0,1.0,211.0,7.0,45.0,1.0,34.0,1.0,0.0,2G1WF52E8391,2003.0,467.0,1833.0,13.0,20.0,Chevrolet,2.0,4.0,1.0,0.0,0.0,75.0,7.0,0.0,0.0,12.0,6.0,30.0,0.0,1.0,1.0,45.0,29832.0,1.0,6.0,3.0,Valid license for this class vehicle,3.0,61.0,189.0,0.0,1.0,1.0,3.0,March,2019.0,10.0,2022.0,0.0,1.0,2.0,55.0,3.0,1.0,2.0,1.0,97.0,14.0,13.0,99.0,1.0,4.0,101.0,45.0,2.0,1.0,0.0,202305014795.0,33.0,5.0,5.0,1.0,1.0,1.0,4.0,50.0,2.0,1.0,1.0,1.0,0.0,20.0,1.0,1.0
450086,2,98,96.0,38.0,1.0,0.0,-99.0,45.0,61.0,12.0,49.0,4.0,41.0,2.0,1.0,0.0,20.0,7.0,9.0,0.0,0.0,996.0,0.0,45.0,2.0,12.0,1.0,0.0,4T1BK36B06U0,2006.0,448.0,2465.0,13.0,49.0,Toyota,43.0,4.0,1.0,0.0,0.0,10.0,0.0,0.0,0.0,12.0,4.0,12.0,0.0,0.0,1.0,45.0,29550.0,1.0,6.0,3.0,Valid license for this class vehicle,0.0,65.0,205.0,0.0,1.0,0.0,4.0,April,2022.0,2.0,2023.0,0.0,1.0,2.0,10.0,1.0,1.0,2.0,1.0,20.0,1.0,17.0,99.0,1.0,1.0,503.0,45.0,0.0,1.0,0.0,202305469651.0,39.0,4.0,12.0,0.0,1.0,1.0,4.0,33.0,1.0,0.0,1.0,1.0,0.0,49.0,1.0,99.0
450089,1,98,96.0,0.0,1.0,0.0,-99.0,45.0,57.0,1.0,52.0,14.0,51.0,1.0,1.0,0.0,3.0,0.0,20.0,0.0,8.0,996.0,0.0,45.0,2.0,1.0,1.0,0.0,JA4J3VA89NZ0,2022.0,481.0,2163.0,7.0,52.0,Mitsubishi,404.0,14.0,1.0,0.0,0.0,0.0,7.0,0.0,0.0,6.0,4.0,18.0,0.0,0.0,1.0,37.0,28112.0,1.0,6.0,3.0,Valid license for this class vehicle,0.0,68.0,999.0,0.0,1.0,0.0,9.0,September,2021.0,9.0,2021.0,0.0,2.0,3.0,45.0,1.0,1.0,2.0,1.0,97.0,5.0,53.0,1.0,1.0,1.0,998.0,45.0,0.0,1.0,0.0,202305479640.0,12.0,6.0,10.0,0.0,1.0,1.0,14.0,59.0,1.0,0.0,1.0,20.0,0.0,52.0,2.0,0.0
450100,1,98,96.0,0.0,1.0,1.0,-99.0,45.0,57.0,12.0,12.0,6.0,45.0,1.0,1.0,4.0,3.0,0.0,8.0,0.0,1.0,185.0,7.0,45.0,2.0,12.0,1.0,0.0,2FMPK3J97HBB,2017.0,460.0,1797.0,7.0,12.0,Ford,24.0,6.0,1.0,0.0,0.0,55.0,0.0,0.0,0.0,12.0,6.0,12.0,0.0,1.0,1.0,45.0,29720.0,1.0,6.0,3.0,Valid license for this class vehicle,3.0,72.0,180.0,0.0,0.0,0.0,0.0,No Record,0.0,0.0,0.0,0.0,1.0,2.0,55.0,1.0,1.0,2.0,1.0,97.0,1.0,62.0,99.0,1.0,1.0,302.0,45.0,1.0,1.0,0.0,202305431457.0,12.0,6.0,10.0,1.0,10.0,1.0,6.0,28.0,1.0,0.0,1.0,8.0,0.0,12.0,1.0,0.0
450100,2,98,5.0,28.0,1.0,0.0,-99.0,45.0,57.0,12.0,20.0,34.0,59.0,1.0,1.0,3.0,20.0,7.0,9.0,0.0,8.0,996.0,0.0,45.0,2.0,12.0,1.0,0.0,1GCGK13UX3F2,2003.0,467.0,1850.0,60.0,20.0,Chevrolet,481.0,34.0,1.0,0.0,0.0,34.0,0.0,0.0,0.0,12.0,6.0,12.0,0.0,0.0,1.0,45.0,29720.0,1.0,6.0,3.0,Valid license for this class vehicle,3.0,71.0,201.0,0.0,0.0,0.0,0.0,No Record,0.0,0.0,0.0,0.0,1.0,2.0,55.0,1.0,1.0,2.0,1.0,97.0,1.0,10.0,99.0,1.0,2.0,301.0,45.0,0.0,1.0,0.0,202305377621.0,11.0,6.0,11.0,0.0,1.0,1.0,34.0,20.0,1.0,0.0,1.0,9.0,0.0,20.0,1.0,0.0
450107,1,98,96.0,0.0,1.0,1.0,-99.0,45.0,21.0,12.0,49.0,5.0,22.0,1.0,1.0,4.0,20.0,7.0,2.0,0.0,0.0,0.0,7.0,45.0,4.0,12.0,1.0,0.0,JTDKARFP7H30,2017.0,448.0,21950.0,13.0,49.0,Toyota,46.0,5.0,1.0,0.0,0.0,0.0,0.0,0.0,0.0,6.0,6.0,12.0,0.0,0.0,1.0,45.0,29630.0,1.0,6.0,3.0,Valid license for this class vehicle,0.0,71.0,155.0,0.0,1.0,1.0,8.0,August,2020.0,10.0,2020.0,0.0,3.0,3.0,65.0,1.0,2.0,2.0,1.0,40.0,5.0,53.0,1.0,1.0,1.0,201.0,45.0,1.0,1.0,0.0,202304951427.0,12.0,2.0,4.0,0.0,1.0,1.0,5.0,52.0,1.0,0.0,1.0,20.0,0.0,49.0,2.0,98.0
450107,2,98,96.0,0.0,1.0,0.0,-99.0,45.0,21.0,12.0,34.0,14.0,53.0,2.0,1.0,0.0,3.0,0.0,2.0,0.0,8.0,996.0,0.0,45.0,4.0,12.0,2.0,0.0,5UXTR9C51KLE,2019.0,452.0,1719.0,7.0,34.0,BMW,402.0,14.0,1.0,0.0,0.0,0.0,0.0,0.0,0.0,9.0,6.0,12.0,0.0,0.0,1.0,34.0,7746.0,1.0,6.0,3.0,Valid license for this class vehicle,0.0,63.0,999.0,0.0,0.0,0.0,0.0,No Record,0.0,0.0,0.0,0.0,3.0,3.0,65.0,1.0,2.0,2.0,1.0,40.0,5.0,53.0,1.0,1.0,1.0,998.0,45.0,0.0,1.0,0.0,202305392801.0,9.0,6.0,10.0,1.0,10.0,1.0,14.0,69.0,1.0,0.0,1.0,20.0,0.0,34.0,1.0,98.0
450110,1,98,96.0,0.0,1.0,0.0,-99.0,45.0,15.0,12.0,49.0,20.0,34.0,2.0,1.0,1.0,3.0,0.0,20.0,0.0,8.0,996.0,0.0,45.0,2.0,12.0,5.0,0.0,5TDZK23C48S1,2008.0,448.0,2468.0,2.0,49.0,Toyota,442.0,20.0,1.0,0.0,0.0,0.0,0.0,0.0,0.0,6.0,6.0,12.0,0.0,0.0,1.0,45.0,29492.0,1.0,6.0,3.0,Valid license for this class vehicle,3.0,64.0,150.0,0.0,1.0,0.0,11.0,November,2022.0,11.0,2022.0,0.0,5.0,5.0,45.0,1.0,1.0,2.0,1.0,97.0,5.0,53.0,1.0,1.0,1.0,201.0,45.0,0.0,1.0,0.0,202304766357.0,12.0,1.0,2.0,0.0,1.0,1.0,20.0,68.0,1.0,0.0,1.0,20.0,0.0,49.0,1.0,0.0
450121,1,98,96.0,0.0,1.0,0.0,-99.0,45.0,23.0,38.0,49.0,34.0,19.0,1.0,1.0,4.0,20.0,7.0,8.0,0.0,8.0,996.0,7.0,45.0,1.0,38.0,3.0,0.0,3TMAZ5CN7JM0,2018.0,448.0,2223.0,60.0,49.0,Toyota,472.0,34.0,1.0,0.0,0.0,55.0,7.0,0.0,0.0,12.0,6.0,39.0,0.0,0.0,1.0,45.0,29706.0,1.0,6.0,3.0,Valid license for this class vehicle,0.0,71.0,125.0,0.0,6.0,0.0,11.0,November,2018.0,10.0,2022.0,0.0,1.0,2.0,55.0,3.0,3.0,2.0,1.0,97.0,14.0,62.0,7.0,4.0,4.0,102.0,45.0,1.0,1.0,0.0,202305289933.0,24.0,4.0,7.0,1.0,1.0,1.0,34.0,43.0,1.0,1.0,1.0,8.0,0.0,49.0,1.0,1.0
450123,2,98,96.0,38.0,1.0,2061.0,-99.0,45.0,85.0,12.0,20.0,14.0,77.0,1.0,1.0,4.0,3.0,0.0,2.0,0.0,1.0,0.0,7.0,45.0,2.0,12.0,1.0,0.0,2GNALBEK5E61,2014.0,467.0,1847.0,7.0,20.0,Chevrolet,404.0,14.0,1.0,0.0,0.0,10.0,0.0,0.0,0.0,9.0,6.0,12.0,0.0,1.0,1.0,45.0,29154.0,1.0,6.0,3.0,Valid license for this class vehicle,3.0,72.0,214.0,0.0,0.0,0.0,0.0,No Record,0.0,0.0,0.0,0.0,1.0,2.0,45.0,1.0,1.0,2.0,1.0,20.0,1.0,17.0,99.0,1.0,1.0,504.0,45.0,1.0,1.0,0.0,202305506486.0,12.0,3.0,12.0,3.0,2.0,1.0,14.0,64.0,2.0,0.0,1.0,98.0,0.0,20.0,1.0,98.0
450130,1,98,96.0,0.0,1.0,0.0,-99.0,45.0,79.0,12.0,2.0,14.0,35.0,2.0,1.0,0.0,3.0,0.0,20.0,0.0,8.0,996.0,0.0,45.0,2.0,12.0,1.0,0.0,1C4BJWEG0HL6,2017.0,483.0,1943.0,7.0,2.0,Jeep / Kaiser-Jeep / Willys- Jeep,403.0,14.0,1.0,0.0,0.0,60.0,7.0,0.0,0.0,6.0,4.0,12.0,0.0,0.0,1.0,45.0,29205.0,1.0,6.0,3.0,Valid license for this class vehicle,3.0,65.0,130.0,0.0,0.0,0.0,1.0,January,2022.0,1.0,2023.0,0.0,3.0,3.0,60.0,1.0,1.0,2.0,1.0,97.0,1.0,53.0,99.0,1.0,1.0,201.0,45.0,0.0,1.0,0.0,202304983299.0,12.0,5.0,5.0,1.0,1.0,1.0,14.0,30.0,2.0,1.0,1.0,20.0,0.0,2.0,2.0,98.0
450132,1,98,96.0,0.0,1.0,0.0,-99.0,45.0,51.0,12.0,55.0,4.0,19.0,1.0,1.0,0.0,3.0,0.0,20.0,0.0,8.0,996.0,0.0,45.0,2.0,12.0,1.0,0.0,5NPEB4AC4BH2,2011.0,498.0,2459.0,13.0,55.0,Hyundai,33.0,4.0,1.0,0.0,0.0,0.0,7.0,0.0,0.0,6.0,4.0,12.0,0.0,0.0,1.0,45.0,29527.0,1.0,6.0,3.0,Valid license for this class vehicle,0.0,66.0,130.0,0.0,0.0,0.0,0.0,No Record,0.0,0.0,0.0,0.0,1.0,2.0,45.0,1.0,1.0,2.0,1.0,97.0,5.0,53.0,1.0,1.0,1.0,201.0,45.0,0.0,1.0,0.0,202305348681.0,12.0,5.0,8.0,3.0,10.0,1.0,4.0,25.0,2.0,3.0,1.0,20.0,0.0,55.0,2.0,0.0
450133,2,98,96.0,39.0,1.0,0.0,-99.0,45.0,83.0,12.0,24.0,14.0,53.0,1.0,1.0,2.0,3.0,0.0,9.0,0.0,8.0,996.0,0.0,45.0,2.0,12.0,1.0,0.0,5GZCZ53404S8,2004.0,1056.0,4595.0,7.0,24.0,Saturn,401.0,14.0,1.0,0.0,0.0,45.0,0.0,0.0,0.0,12.0,6.0,12.0,0.0,0.0,1.0,45.0,29330.0,1.0,6.0,3.0,Valid license for this class vehicle,3.0,74.0,180.0,0.0,0.0,0.0,0.0,No Record,0.0,0.0,0.0,0.0,1.0,2.0,45.0,1.0,1.0,2.0,1.0,3.0,1.0,17.0,99.0,1.0,1.0,503.0,45.0,0.0,1.0,0.0,202305429097.0,14.0,1.0,11.0,0.0,1.0,1.0,14.0,40.0,1.0,0.0,1.0,98.0,0.0,24.0,1.0,99.0
450148,2,98,96.0,38.0,1.0,5062.0,-99.0,45.0,81.0,12.0,37.0,4.0,24.0,1.0,1.0,4.0,3.0,0.0,8.0,2.0,0.0,0.0,7.0,45.0,2.0,12.0,1.0,0.0,1HGCM56777A1,2007.0,474.0,1861.0,13.0,37.0,Honda,32.0,4.0,1.0,0.0,0.0,5.0,0.0,0.0,0.0,3.0,6.0,12.0,0.0,0.0,1.0,45.0,29108.0,1.0,1.0,2.0,No valid license for this class vehicle,0.0,66.0,100.0,0.0,0.0,0.0,12.0,December,2021.0,12.0,2021.0,0.0,1.0,2.0,45.0,1.0,1.0,2.0,1.0,20.0,1.0,17.0,99.0,1.0,1.0,502.0,45.0,2.0,1.0,0.0,202305458696.0,12.0,3.0,11.0,0.0,1.0,1.0,4.0,64.0,2.0,0.0,1.0,20.0,0.0,37.0,2.0,0.0
450157,2,98,96.0,28.0,1.0,9995.0,-99.0,45.0,43.0,12.0,49.0,4.0,65.0,2.0,1.0,4.0,20.0,7.0,9.0,0.0,8.0,995.0,7.0,45.0,2.0,12.0,1.0,0.0,4T1BE32K23U1,2003.0,448.0,2469.0,13.0,49.0,Toyota,40.0,4.0,1.0,0.0,0.0,55.0,0.0,0.0,0.0,12.0,6.0,12.0,0.0,0.0,1.0,45.0,29440.0,1.0,6.0,3.0,Valid license for this class vehicle,3.0,67.0,195.0,0.0,1.0,0.0,7.0,July,2019.0,4.0,2021.0,0.0,1.0,2.0,55.0,1.0,1.0,2.0,1.0,97.0,1.0,10.0,99.0,1.0,2.0,301.0,45.0,1.0,1.0,0.0,202304681012.0,14.0,5.0,1.0,0.0,2.0,1.0,4.0,24.0,1.0,0.0,1.0,1.0,0.0,49.0,1.0,0.0
450159,1,98,96.0,0.0,1.0,3033.0,-99.0,45.0,45.0,33.0,23.0,14.0,47.0,1.0,1.0,4.0,3.0,0.0,9.0,0.0,8.0,93.0,7.0,45.0,1.0,33.0,1.0,0.0,1GKDT13SX321,2003.0,472.0,4507.0,7.0,23.0,GMC,401.0,14.0,1.0,0.0,0.0,35.0,7.0,0.0,0.0,12.0,6.0,42.0,0.0,1.0,1.0,13.0,30349.0,1.0,6.0,3.0,Valid license for this class vehicle,0.0,999.0,999.0,0.0,0.0,0.0,0.0,No Record,0.0,0.0,0.0,4.0,1.0,3.0,35.0,1.0,1.0,1.0,2.0,3.0,11.0,15.0,99.0,1.0,4.0,102.0,45.0,2.0,1.0,0.0,202304878489.0,33.0,6.0,3.0,4.0,2.0,1.0,14.0,47.0,1.0,4.0,1.0,9.0,0.0,23.0,1.0,98.0
450167,1,98,96.0,51.0,1.0,3019.0,-99.0,45.0,7.0,12.0,49.0,4.0,29.0,2.0,1.0,4.0,20.0,7.0,8.0,0.0,1.0,0.0,7.0,45.0,2.0,12.0,1.0,0.0,JTDEPMAE3MJ1,2021.0,448.0,2208.0,13.0,49.0,Toyota,32.0,4.0,1.0,0.0,0.0,35.0,0.0,0.0,0.0,12.0,6.0,12.0,0.0,1.0,1.0,45.0,29621.0,1.0,6.0,3.0,Valid license for this class vehicle,3.0,69.0,180.0,0.0,0.0,1.0,1.0,January,2019.0,1.0,2019.0,0.0,1.0,2.0,35.0,1.0,1.0,2.0,1.0,0.0,1.0,62.0,99.0,1.0,1.0,302.0,45.0,1.0,1.0,0.0,202304744857.0,12.0,6.0,2.0,0.0,10.0,1.0,4.0,21.0,2.0,0.0,1.0,20.0,0.0,49.0,2.0,0.0
450167,2,98,6.0,0.0,1.0,0.0,-99.0,45.0,7.0,12.0,49.0,4.0,34.0,1.0,1.0,1.0,3.0,0.0,9.0,0.0,8.0,996.0,0.0,45.0,2.0,12.0,3.0,0.0,4T1BF3EK9AU5,2010.0,448.0,2469.0,13.0,49.0,Toyota,40.0,4.0,1.0,0.0,0.0,45.0,0.0,0.0,0.0,12.0,6.0,12.0,0.0,0.0,1.0,45.0,29621.0,1.0,6.0,3.0,Valid license for this class vehicle,3.0,66.0,160.0,0.0,1.0,0.0,7.0,July,2021.0,7.0,2021.0,0.0,1.0,2.0,35.0,1.0,1.0,2.0,1.0,0.0,1.0,10.0,99.0,1.0,2.0,301.0,45.0,0.0,1.0,0.0,202305261005.0,12.0,2.0,9.0,1.0,1.0,1.0,4.0,52.0,1.0,0.0,1.0,20.0,0.0,49.0,2.0,0.0
450169,1,98,96.0,28.0,1.0,1.0,-99.0,45.0,39.0,12.0,20.0,34.0,18.0,1.0,1.0,4.0,20.0,7.0,20.0,0.0,8.0,0.0,7.0,45.0,2.0,12.0,1.0,0.0,3GNEC12TX4G2,2004.0,467.0,3876.0,119.0,20.0,Chevrolet,482.0,34.0,1.0,0.0,0.0,65.0,0.0,0.0,0.0,12.0,6.0,12.0,0.0,0.0,1.0,45.0,29065.0,1.0,1.0,2.0,No valid license for this class vehicle,0.0,72.0,185.0,0.0,2.0,0.0,1.0,January,2022.0,11.0,2022.0,0.0,1.0,2.0,55.0,1.0,1.0,2.0,1.0,0.0,1.0,10.0,99.0,1.0,2.0,301.0,45.0,2.0,1.0,0.0,202305026086.0,12.0,3.0,5.0,0.0,2.0,1.0,34.0,41.0,1.0,0.0,1.0,20.0,0.0,20.0,2.0,98.0
450171,1,98,96.0,0.0,1.0,9995.0,-99.0,45.0,83.0,12.0,20.0,14.0,22.0,2.0,1.0,1.0,3.0,0.0,8.0,0.0,0.0,995.0,0.0,45.0,2.0,12.0,2.0,0.0,3GNAXSEV3JS5,2018.0,467.0,1847.0,7.0,20.0,Chevrolet,404.0,14.0,1.0,0.0,0.0,45.0,0.0,0.0,0.0,12.0,6.0,12.0,0.0,0.0,1.0,45.0,29303.0,1.0,6.0,3.0,Valid license for this class vehicle,0.0,67.0,120.0,0.0,1.0,1.0,6.0,June,2018.0,3.0,2019.0,0.0,5.0,5.0,45.0,1.0,1.0,2.0,1.0,0.0,1.0,71.0,99.0,1.0,1.0,503.0,45.0,0.0,1.0,0.0,202304943262.0,12.0,3.0,3.0,4.0,1.0,1.0,14.0,22.0,2.0,1.0,1.0,8.0,0.0,20.0,1.0,98.0
450178,1,98,96.0,0.0,1.0,0.0,-99.0,45.0,35.0,12.0,35.0,4.0,26.0,2.0,1.0,0.0,3.0,0.0,20.0,0.0,8.0,996.0,0.0,45.0,2.0,12.0,1.0,0.0,1N4AL3AP4HC1,2017.0,478.0,1904.0,13.0,35.0,Nissan/Datsun,47.0,4.0,1.0,0.0,0.0,55.0,0.0,0.0,0.0,9.0,4.0,12.0,0.0,0.0,1.0,45.0,29485.0,1.0,6.0,3.0,Valid license for this class vehicle,0.0,70.0,150.0,0.0,0.0,0.0,0.0,No Record,0.0,0.0,0.0,0.0,1.0,2.0,55.0,1.0,1.0,2.0,1.0,97.0,1.0,62.0,99.0,1.0,1.0,207.0,45.0,0.0,1.0,0.0,202305342629.0,12.0,3.0,10.0,0.0,1.0,1.0,4.0,17.0,1.0,0.0,1.0,20.0,0.0,35.0,1.0,0.0
450180,1,98,96.0,28.0,1.0,0.0,-99.0,45.0,51.0,12.0,49.0,4.0,69.0,1.0,1.0,4.0,3.0,0.0,8.0,0.0,8.0,996.0,7.0,45.0,2.0,12.0,1.0,0.0,2T1BU4EE4BC6,2011.0,448.0,2208.0,13.0,49.0,Toyota,32.0,4.0,1.0,0.0,0.0,40.0,0.0,0.0,0.0,12.0,6.0,12.0,0.0,0.0,1.0,45.0,29588.0,1.0,6.0,3.0,Valid license for this class vehicle,3.0,72.0,170.0,0.0,0.0,0.0,0.0,No Record,0.0,0.0,0.0,0.0,5.0,5.0,40.0,1.0,1.0,2.0,1.0,97.0,1.0,50.0,99.0,1.0,1.0,998.0,45.0,1.0,1.0,0.0,202305387216.0,12.0,3.0,8.0,3.0,10.0,1.0,4.0,31.0,2.0,0.0,1.0,20.0,0.0,49.0,2.0,0.0
450186,1,98,96.0,102.0,1.0,1.0,-99.0,45.0,15.0,42.0,35.0,4.0,67.0,1.0,1.0,4.0,20.0,7.0,8.0,0.0,0.0,0.0,7.0,45.0,1.0,42.0,1.0,0.0,1N4AA5AP2BC8,2011.0,478.0,2302.0,13.0,35.0,Nissan/Datsun,39.0,4.0,1.0,0.0,0.0,50.0,7.0,0.0,0.0,12.0,6.0,42.0,0.0,0.0,1.0,45.0,29461.0,1.0,6.0,3.0,Valid license for this class vehicle,0.0,68.0,166.0,0.0,0.0,0.0,11.0,November,2019.0,11.0,2019.0,0.0,1.0,2.0,50.0,2.0,1.0,2.0,2.0,0.0,14.0,9.0,6.0,4.0,4.0,102.0,45.0,2.0,1.0,0.0,202305270093.0,12.0,3.0,9.0,0.0,1.0,1.0,4.0,18.0,2.0,0.0,1.0,20.0,0.0,35.0,2.0,0.0
450190,1,98,96.0,0.0,1.0,0.0,-99.0,45.0,83.0,12.0,52.0,5.0,25.0,1.0,1.0,0.0,3.0,0.0,20.0,0.0,8.0,996.0,0.0,45.0,2.0,12.0,1.0,0.0,ML32A3HJ8JH0,2018.0,481.0,2342.0,5.0,52.0,Mitsubishi,48.0,5.0,1.0,0.0,0.0,55.0,7.0,0.0,0.0,12.0,4.0,12.0,0.0,0.0,1.0,45.0,29365.0,1.0,6.0,3.0,Valid license for this class vehicle,0.0,67.0,170.0,0.0,0.0,0.0,0.0,No Record,0.0,0.0,0.0,4.0,2.0,2.0,55.0,1.0,2.0,1.0,1.0,97.0,1.0,51.0,99.0,1.0,1.0,202.0,45.0,0.0,1.0,0.0,202304869919.0,12.0,7.0,3.0,0.0,10.0,1.0,5.0,19.0,2.0,0.0,1.0,20.0,0.0,52.0,1.0,0.0
450193,2,9,96.0,28.0,1.0,9998.0,-99.0,45.0,53.0,12.0,35.0,4.0,43.0,1.0,1.0,4.0,20.0,7.0,8.0,0.0,1.0,232.0,7.0,45.0,2.0,12.0,1.0,0.0,3N1AB7APXJY3,2018.0,478.0,1907.0,13.0,35.0,Nissan/Datsun,43.0,4.0,1.0,0.0,0.0,60.0,0.0,0.0,0.0,12.0,6.0,12.0,0.0,1.0,1.0,51.0,20111.0,1.0,6.0,3.0,Valid license for this class vehicle,0.0,71.0,200.0,0.0,0.0,0.0,0.0,No Record,0.0,0.0,0.0,0.0,1.0,2.0,55.0,1.0,1.0,2.0,1.0,0.0,1.0,10.0,99.0,1.0,2.0,301.0,45.0,1.0,1.0,0.0,202304886237.0,12.0,2.0,2.0,0.0,1.0,1.0,4.0,65.0,2.0,0.0,1.0,20.0,0.0,35.0,1.0,0.0
450194,1,1,96.0,0.0,1.0,1.0,-99.0,45.0,83.0,35.0,82.0,66.0,63.0,1.0,1.0,4.0,3.0,0.0,20.0,0.0,0.0,0.0,7.0,45.0,1.0,35.0,1.0,0.0,3AKJHHDR9PSU,2023.0,450.0,2501.0,66.0,82.0,Freightliner,881.0,66.0,1.0,0.0,0.0,70.0,7.0,0.0,0.0,12.0,6.0,21.0,0.0,0.0,1.0,13.0,30643.0,1.0,6.0,3.0,Valid license for this class vehicle,0.0,999.0,999.0,0.0,0.0,0.0,0.0,No Record,0.0,0.0,0.0,0.0,3.0,2.0,70.0,1.0,1.0,2.0,1.0,97.0,1.0,13.0,99.0,9.0,4.0,101.0,45.0,1.0,1.0,0.0,202304876650.0,12.0,5.0,4.0,0.0,10.0,1.0,66.0,53.0,1.0,0.0,1.0,20.0,0.0,82.0,2.0,0.0
450195,2,98,96.0,0.0,1.0,0.0,-99.0,45.0,85.0,12.0,87.0,63.0,41.0,1.0,1.0,2.0,3.0,0.0,20.0,0.0,8.0,996.0,0.0,45.0,2.0,12.0,1.0,0.0,1NPCXKEX1LD7,2020.0,495.0,2788.0,11.0,87.0,Peterbilt,881.0,63.0,1.0,0.0,0.0,0.0,0.0,0.0,0.0,6.0,6.0,12.0,0.0,0.0,1.0,45.0,29210.0,1.0,6.0,3.0,Valid license for this class vehicle,0.0,75.0,250.0,0.0,1.0,0.0,11.0,November,2020.0,7.0,2022.0,0.0,1.0,2.0,45.0,1.0,1.0,2.0,1.0,97.0,5.0,53.0,1.0,1.0,1.0,201.0,45.0,0.0,1.0,0.0,202305225434.0,12.0,1.0,8.0,1.0,1.0,1.0,63.0,33.0,1.0,0.0,1.0,20.0,0.0,87.0,2.0,98.0
450198,1,98,96.0,0.0,1.0,0.0,-99.0,45.0,85.0,12.0,63.0,14.0,22.0,2.0,1.0,0.0,3.0,0.0,9.0,0.0,8.0,996.0,0.0,45.0,2.0,12.0,2.0,0.0,KNDPB3A21B70,2011.0,499.0,2770.0,7.0,63.0,KIA,401.0,14.0,1.0,0.0,0.0,45.0,0.0,0.0,0.0,12.0,6.0,12.0,0.0,0.0,1.0,45.0,29154.0,1.0,6.0,3.0,Valid license for this class vehicle,0.0,62.0,187.0,0.0,0.0,0.0,0.0,No Record,0.0,0.0,0.0,4.0,1.0,2.0,45.0,1.0,1.0,2.0,1.0,97.0,1.0,50.0,99.0,1.0,1.0,202.0,45.0,0.0,1.0,0.0,202304723579.0,12.0,4.0,1.0,2.0,1.0,1.0,14.0,48.0,2.0,2.0,1.0,9.0,0.0,63.0,2.0,98.0
450201,2,9,96.0,0.0,1.0,9998.0,-99.0,45.0,25.0,12.0,87.0,66.0,58.0,1.0,1.0,1.0,20.0,7.0,20.0,0.0,0.0,0.0,0.0,45.0,2.0,12.0,1.0,0.0,1XPXD49X6PD8,2023.0,495.0,2794.0,66.0,87.0,Peterbilt,881.0,66.0,1.0,0.0,0.0,0.0,2.0,0.0,0.0,9.0,6.0,2.0,1.0,0.0,1.0,12.0,33432.0,1.0,6.0,3.0,Valid license for this class vehicle,0.0,72.0,999.0,0.0,0.0,1.0,8.0,August,2022.0,8.0,2022.0,0.0,1.0,2.0,45.0,1.0,1.0,2.0,2.0,20.0,5.0,53.0,1.0,1.0,1.0,998.0,45.0,0.0,1.0,0.0,202305487618.0,12.0,6.0,12.0,0.0,10.0,1.0,66.0,32.0,1.0,0.0,1.0,20.0,0.0,87.0,1.0,0.0