ST_CASE,VEH_NO_x,DRIMPAIR_x,DRDISTRACT,DRIVERRF,PER_NO_x,DRUGRES,DRUGACTQTY,STATE_x,COUNTY,HARM_EV_x,MAKE_x,BODY_TYP_x,AGE,SEX,PER_TYP_x,INJ_SEV,REST_USE,REST_MIS,AIR_BAG_x,EJECTION,DRINKING,ALC_RES,HISPANIC,STATE_y,VE_FORMS,HARM_EV_y,NUMOCCS,HIT_RUN,VIN,MOD_YEAR,VPICMAKE,VPICMODEL,VPICBODYCLASS,MAKE_y,MAKENAME,MODEL,BODY_TYP_y,HAZ_INV,HAZ_PLAC,HAZ_ID,TRAV_SP,UNDEROVERRIDE,ROLLOVER,ROLINLOC,IMPACT1,DEFORMED,M_HARM,FIRE_EXP,DR_DRINK,DR_PRES,L_STATE,DR_ZIP,L_TYPE,L_STATUS,L_COMPL,L_COMPLNAME,L_RESTRI,DR_HGT,DR_WGT,PREV_DWI,PREV_SPD,PREV_OTH,FIRST_MO,FIRST_MONAME,FIRST_YR,LAST_MO,LAST_YR,SPEEDREL,VTRAFWAY,VNUM_LAN,VSPD_LIM,VALIGN,VPROFILE,VPAVETYP,VSURCOND,VTRAFCON,P_CRASH1,P_CRASH2,P_CRASH3,PCRASH4,PCRASH5,ACC_CONFIG,STATE,RACE,ORDER,MULTRACE,CASENUM,HARM_EV,DAY_WEEK,MONTH,MAXSEV_IM,WEATHR_IM,PER_NO_y,BODY_TYP,AGE_IM,SEX_IM,INJSEV_IM,PER_TYP_y,AIR_BAG_y,EJECT_IM,MAKE,VEH_NO_y,DRIMPAIR_y
450285,2,98,96.0,0.0,1.0,0.0,-99.0,45.0,45.0,12.0,12.0,1.0,26.0,1.0,1.0,0.0,3.0,0.0,20.0,0.0,8.0,996.0,0.0,45.0,2.0,12.0,1.0,0.0,1FAFP45X71F1,2001.0,460.0,1781.0,1.0,12.0,Ford,3.0,1.0,1.0,0.0,0.0,0.0,7.0,0.0,0.0,12.0,4.0,12.0,0.0,0.0,1.0,45.0,29607.0,1.0,6.0,3.0,Valid license for this class vehicle,0.0,999.0,999.0,0.0,0.0,0.0,0.0,No Record,0.0,0.0,0.0,0.0,1.0,3.0,35.0,1.0,1.0,2.0,1.0,3.0,5.0,54.0,1.0,1.0,1.0,998.0,45.0,0.0,1.0,0.0,202304718257.0,12.0,5.0,2.0,2.0,1.0,1.0,1.0,36.0,1.0,2.0,1.0,9.0,0.0,12.0,1.0,0.0
450287,1,98,96.0,0.0,1.0,0.0,-99.0,45.0,59.0,12.0,20.0,34.0,46.0,1.0,1.0,1.0,3.0,0.0,20.0,0.0,8.0,996.0,0.0,45.0,2.0,12.0,1.0,0.0,1GC2CUEG8FZ1,2015.0,467.0,1850.0,60.0,20.0,Chevrolet,481.0,34.0,1.0,0.0,0.0,45.0,0.0,0.0,0.0,12.0,6.0,12.0,0.0,0.0,1.0,45.0,29692.0,1.0,6.0,3.0,Valid license for this class vehicle,0.0,999.0,999.0,0.0,0.0,0.0,0.0,No Record,0.0,0.0,0.0,0.0,1.0,2.0,45.0,1.0,1.0,2.0,1.0,97.0,1.0,67.0,99.0,1.0,1.0,415.0,45.0,0.0,1.0,0.0,202305142937.0,12.0,7.0,4.0,4.0,1.0,1.0,34.0,46.0,1.0,1.0,1.0,9.0,0.0,20.0,1.0,98.0
450287,2,98,96.0,38.0,1.0,1.0,-99.0,45.0,59.0,12.0,59.0,14.0,63.0,2.0,1.0,4.0,20.0,7.0,9.0,0.0,0.0,0.0,7.0,45.0,2.0,12.0,1.0,0.0,2T2ZK1BA2AC0,2010.0,515.0,2214.0,7.0,59.0,Lexus,403.0,14.0,1.0,0.0,0.0,45.0,0.0,0.0,0.0,12.0,6.0,12.0,0.0,0.0,1.0,45.0,29645.0,1.0,6.0,3.0,Valid license for this class vehicle,0.0,999.0,999.0,0.0,0.0,0.0,0.0,No Record,0.0,0.0,0.0,0.0,1.0,2.0,45.0,1.0,1.0,2.0,1.0,97.0,11.0,15.0,99.0,1.0,1.0,414.0,45.0,1.0,1.0,0.0,202305142937.0,12.0,7.0,4.0,4.0,1.0,1.0,14.0,63.0,2.0,4.0,1.0,9.0,0.0,59.0,2.0,98.0
450289,2,98,96.0,38.0,1.0,1.0,-99.0,45.0,73.0,12.0,55.0,4.0,76.0,2.0,1.0,4.0,3.0,0.0,8.0,0.0,0.0,0.0,7.0,45.0,2.0,12.0,1.0,0.0,5NPEB4AC4BH1,2011.0,498.0,2459.0,13.0,55.0,Hyundai,33.0,4.0,1.0,0.0,0.0,45.0,0.0,0.0,0.0,3.0,6.0,12.0,0.0,0.0,1.0,45.0,29643.0,1.0,6.0,3.0,Valid license for this class vehicle,0.0,999.0,999.0,0.0,0.0,0.0,0.0,No Record,0.0,0.0,0.0,0.0,1.0,2.0,45.0,1.0,1.0,2.0,1.0,0.0,11.0,15.0,99.0,1.0,1.0,414.0,45.0,1.0,1.0,0.0,202304894544.0,12.0,5.0,4.0,0.0,1.0,1.0,4.0,45.0,2.0,0.0,1.0,1.0,0.0,55.0,1.0,0.0
450291,2,98,96.0,0.0,1.0,0.0,-99.0,45.0,19.0,23.0,49.0,14.0,45.0,1.0,1.0,0.0,3.0,0.0,20.0,0.0,8.0,996.0,0.0,45.0,2.0,23.0,2.0,0.0,JTMRWRFV5ND1,2022.0,448.0,2217.0,7.0,49.0,Toyota,402.0,14.0,1.0,0.0,0.0,20.0,7.0,0.0,0.0,19.0,4.0,18.0,0.0,0.0,1.0,45.0,29401.0,1.0,6.0,3.0,Valid license for this class vehicle,0.0,999.0,999.0,0.0,0.0,0.0,0.0,No Record,0.0,0.0,0.0,0.0,1.0,2.0,35.0,1.0,1.0,8.0,1.0,97.0,1.0,90.0,99.0,1.0,1.0,998.0,45.0,0.0,1.0,0.0,202305217662.0,12.0,7.0,9.0,3.0,1.0,1.0,14.0,27.0,2.0,3.0,1.0,1.0,0.0,49.0,2.0,0.0
450300,1,98,96.0,0.0,1.0,0.0,-99.0,45.0,67.0,12.0,37.0,14.0,73.0,2.0,1.0,4.0,3.0,0.0,8.0,0.0,0.0,996.0,7.0,45.0,2.0,12.0,3.0,0.0,5J6RM4H55DL0,2013.0,474.0,1865.0,7.0,37.0,Honda,402.0,14.0,1.0,0.0,0.0,60.0,0.0,0.0,0.0,12.0,6.0,12.0,0.0,0.0,1.0,12.0,32084.0,1.0,6.0,3.0,Valid license for this class vehicle,0.0,67.0,999.0,0.0,0.0,0.0,0.0,No Record,0.0,0.0,0.0,0.0,1.0,2.0,55.0,1.0,1.0,2.0,1.0,0.0,1.0,62.0,99.0,1.0,1.0,302.0,45.0,1.0,1.0,0.0,202305234056.0,12.0,7.0,7.0,2.0,1.0,1.0,14.0,38.0,2.0,2.0,1.0,20.0,0.0,37.0,2.0,98.0
450301,1,9,96.0,0.0,1.0,9995.0,-99.0,45.0,19.0,12.0,49.0,4.0,25.0,2.0,1.0,2.0,3.0,0.0,9.0,0.0,1.0,995.0,0.0,45.0,2.0,12.0,1.0,0.0,4T1C11AK6PU7,2023.0,448.0,2469.0,13.0,49.0,Toyota,40.0,4.0,1.0,0.0,0.0,65.0,0.0,0.0,0.0,12.0,6.0,12.0,0.0,1.0,1.0,45.0,29412.0,1.0,6.0,3.0,Valid license for this class vehicle,0.0,999.0,999.0,0.0,0.0,0.0,0.0,No Record,0.0,0.0,0.0,0.0,2.0,2.0,25.0,1.0,1.0,2.0,1.0,97.0,1.0,51.0,99.0,1.0,1.0,202.0,45.0,0.0,1.0,0.0,202305470639.0,12.0,4.0,12.0,2.0,1.0,1.0,4.0,39.0,2.0,0.0,1.0,20.0,0.0,49.0,3.0,0.0
450305,2,98,96.0,58.0,1.0,0.0,-99.0,45.0,49.0,12.0,37.0,2.0,20.0,1.0,1.0,4.0,20.0,7.0,8.0,1.0,0.0,996.0,7.0,45.0,2.0,12.0,2.0,0.0,2HGFG12646H5,2006.0,474.0,1863.0,3.0,37.0,Honda,31.0,2.0,1.0,0.0,0.0,65.0,0.0,0.0,0.0,3.0,6.0,12.0,0.0,0.0,1.0,45.0,29918.0,1.0,6.0,3.0,Valid license for this class vehicle,0.0,999.0,999.0,0.0,0.0,0.0,0.0,No Record,0.0,0.0,0.0,4.0,1.0,2.0,55.0,3.0,1.0,2.0,2.0,0.0,14.0,10.0,6.0,4.0,2.0,301.0,45.0,2.0,1.0,0.0,202304808166.0,12.0,4.0,3.0,4.0,1.0,1.0,2.0,42.0,1.0,2.0,1.0,1.0,0.0,37.0,2.0,0.0
450306,1,98,96.0,0.0,1.0,0.0,-99.0,45.0,7.0,42.0,37.0,4.0,17.0,1.0,1.0,2.0,3.0,0.0,9.0,0.0,8.0,996.0,0.0,45.0,1.0,42.0,2.0,0.0,1HGCP26879A0,2009.0,474.0,1861.0,13.0,37.0,Honda,32.0,4.0,1.0,0.0,0.0,65.0,7.0,0.0,0.0,12.0,6.0,42.0,0.0,0.0,1.0,13.0,30683.0,2.0,6.0,3.0,Valid license for this class vehicle,0.0,999.0,999.0,0.0,0.0,0.0,0.0,No Record,0.0,0.0,0.0,4.0,1.0,2.0,55.0,2.0,1.0,2.0,1.0,97.0,14.0,12.0,99.0,1.0,4.0,102.0,45.0,0.0,1.0,0.0,202304960548.0,12.0,1.0,5.0,4.0,10.0,1.0,4.0,47.0,2.0,4.0,1.0,20.0,0.0,37.0,1.0,98.0
450308,1,98,96.0,0.0,1.0,0.0,-99.0,45.0,83.0,12.0,12.0,2.0,19.0,1.0,1.0,0.0,3.0,0.0,9.0,0.0,8.0,996.0,0.0,45.0,4.0,12.0,1.0,0.0,1ZVHT80N5851,2008.0,460.0,1781.0,3.0,12.0,Ford,3.0,2.0,1.0,0.0,0.0,70.0,0.0,0.0,0.0,12.0,6.0,12.0,0.0,0.0,1.0,37.0,28748.0,1.0,6.0,3.0,Valid license for this class vehicle,3.0,999.0,999.0,0.0,0.0,0.0,0.0,No Record,0.0,0.0,0.0,4.0,3.0,2.0,70.0,1.0,1.0,2.0,1.0,0.0,1.0,50.0,99.0,1.0,1.0,202.0,45.0,0.0,1.0,0.0,202304820143.0,12.0,4.0,3.0,1.0,1.0,1.0,2.0,57.0,2.0,0.0,1.0,20.0,0.0,12.0,2.0,98.0
450308,2,98,96.0,0.0,1.0,0.0,-99.0,45.0,83.0,12.0,49.0,6.0,36.0,1.0,1.0,2.0,3.0,0.0,9.0,0.0,8.0,996.0,0.0,45.0,4.0,12.0,4.0,0.0,JTDKARFU8G35,2016.0,448.0,2209.0,5.0,49.0,Toyota,46.0,6.0,1.0,0.0,0.0,0.0,0.0,0.0,0.0,6.0,6.0,12.0,0.0,0.0,1.0,45.0,29666.0,1.0,6.0,3.0,Valid license for this class vehicle,0.0,999.0,999.0,0.0,0.0,0.0,0.0,No Record,0.0,0.0,0.0,0.0,3.0,2.0,70.0,1.0,1.0,2.0,1.0,0.0,5.0,53.0,1.0,1.0,1.0,201.0,45.0,0.0,1.0,0.0,202305043586.0,12.0,1.0,4.0,4.0,1.0,1.0,6.0,36.0,1.0,2.0,1.0,9.0,0.0,49.0,2.0,98.0
450313,1,98,17.0,28.0,1.0,0.0,-99.0,45.0,75.0,12.0,35.0,4.0,30.0,1.0,1.0,1.0,20.0,7.0,9.0,0.0,8.0,996.0,0.0,45.0,2.0,12.0,1.0,0.0,1N4AL3AP9GC1,2016.0,478.0,1904.0,13.0,35.0,Nissan/Datsun,47.0,4.0,1.0,0.0,0.0,70.0,0.0,0.0,0.0,12.0,6.0,12.0,0.0,0.0,1.0,45.0,29142.0,1.0,6.0,3.0,Valid license for this class vehicle,0.0,68.0,140.0,0.0,0.0,0.0,0.0,No Record,0.0,0.0,0.0,0.0,1.0,2.0,55.0,1.0,1.0,2.0,1.0,97.0,1.0,10.0,99.0,1.0,2.0,301.0,45.0,0.0,1.0,0.0,202304771365.0,12.0,4.0,2.0,4.0,1.0,1.0,4.0,61.0,1.0,2.0,1.0,8.0,0.0,35.0,1.0,98.0
450315,2,98,96.0,0.0,1.0,0.0,-99.0,45.0,45.0,12.0,49.0,34.0,52.0,2.0,1.0,1.0,3.0,0.0,2.0,0.0,8.0,996.0,0.0,45.0,2.0,12.0,1.0,0.0,5TFCZ5AN1HX0,2017.0,448.0,2223.0,60.0,49.0,Toyota,472.0,34.0,1.0,0.0,0.0,10.0,7.0,0.0,0.0,9.0,6.0,12.0,0.0,0.0,1.0,45.0,29644.0,1.0,6.0,3.0,Valid license for this class vehicle,3.0,67.0,140.0,0.0,0.0,0.0,0.0,No Record,0.0,0.0,0.0,0.0,1.0,2.0,35.0,1.0,2.0,2.0,1.0,97.0,1.0,17.0,99.0,1.0,1.0,504.0,45.0,0.0,1.0,0.0,202304938775.0,12.0,4.0,5.0,0.0,2.0,1.0,34.0,18.0,1.0,0.0,1.0,20.0,0.0,49.0,1.0,98.0
450316,1,98,96.0,0.0,1.0,0.0,-99.0,45.0,91.0,12.0,20.0,5.0,74.0,1.0,1.0,4.0,3.0,0.0,9.0,0.0,0.0,996.0,7.0,45.0,4.0,12.0,2.0,0.0,1G1JG6SHXH41,2017.0,467.0,1835.0,5.0,20.0,Chevrolet,28.0,5.0,1.0,0.0,0.0,60.0,0.0,0.0,0.0,6.0,6.0,12.0,0.0,0.0,1.0,45.0,29730.0,1.0,6.0,3.0,Valid license for this class vehicle,0.0,74.0,190.0,0.0,1.0,0.0,12.0,December,2018.0,8.0,2022.0,0.0,3.0,4.0,60.0,1.0,1.0,2.0,2.0,97.0,1.0,53.0,99.0,1.0,1.0,201.0,45.0,2.0,1.0,0.0,202305139495.0,12.0,6.0,7.0,0.0,1.0,1.0,5.0,38.0,1.0,0.0,1.0,20.0,0.0,20.0,1.0,0.0
450318,1,1,96.0,28.0,1.0,1.0,-99.0,45.0,29.0,26.0,55.0,4.0,83.0,1.0,1.0,4.0,3.0,0.0,8.0,0.0,0.0,0.0,7.0,45.0,1.0,26.0,2.0,0.0,KMHGC4DD7CU1,2012.0,498.0,2774.0,13.0,55.0,Hyundai,41.0,4.0,1.0,0.0,0.0,70.0,7.0,0.0,0.0,12.0,6.0,2.0,1.0,0.0,1.0,51.0,20147.0,1.0,6.0,3.0,Valid license for this class vehicle,0.0,999.0,999.0,0.0,0.0,0.0,0.0,No Record,0.0,0.0,0.0,0.0,3.0,2.0,70.0,1.0,1.0,1.0,1.0,0.0,1.0,12.0,99.0,1.0,4.0,102.0,45.0,1.0,1.0,0.0,202304718627.0,12.0,2.0,1.0,1.0,10.0,1.0,4.0,73.0,1.0,0.0,1.0,20.0,0.0,55.0,1.0,0.0
450321,1,98,96.0,28.0,1.0,1.0,-99.0,45.0,21.0,12.0,54.0,4.0,48.0,1.0,1.0,4.0,3.0,0.0,9.0,0.0,0.0,0.0,1.0,45.0,2.0,12.0,1.0,0.0,19UUA66207A0,2007.0,475.0,1873.0,13.0,54.0,Acura,35.0,4.0,1.0,0.0,0.0,60.0,0.0,0.0,0.0,12.0,6.0,12.0,0.0,0.0,1.0,45.0,29732.0,1.0,6.0,3.0,Valid license for this class vehicle,0.0,69.0,268.0,0.0,0.0,0.0,0.0,No Record,0.0,0.0,0.0,4.0,2.0,2.0,55.0,1.0,1.0,2.0,1.0,97.0,1.0,62.0,99.0,1.0,1.0,301.0,45.0,98.0,1.0,0.0,202305196746.0,12.0,2.0,8.0,0.0,1.0,1.0,4.0,32.0,1.0,0.0,1.0,20.0,0.0,54.0,2.0,0.0
450327,1,98,96.0,0.0,1.0,1.0,-99.0,45.0,83.0,12.0,49.0,4.0,77.0,1.0,1.0,4.0,3.0,0.0,9.0,0.0,0.0,0.0,7.0,45.0,2.0,12.0,1.0,0.0,1NXAE04B0RZ1,1994.0,448.0,2208.0,13.0,49.0,Toyota,32.0,4.0,1.0,0.0,0.0,10.0,0.0,0.0,0.0,9.0,6.0,12.0,0.0,0.0,1.0,45.0,29302.0,1.0,6.0,3.0,Valid license for this class vehicle,0.0,73.0,204.0,0.0,0.0,0.0,0.0,No Record,0.0,0.0,0.0,0.0,0.0,0.0,0.0,0.0,0.0,0.0,0.0,0.0,4.0,17.0,99.0,1.0,1.0,504.0,45.0,1.0,1.0,0.0,202305283055.0,12.0,2.0,7.0,1.0,1.0,1.0,4.0,21.0,1.0,1.0,1.0,8.0,0.0,49.0,1.0,0.0
450328,2,98,96.0,102.0,1.0,0.0,-99.0,45.0,35.0,12.0,35.0,14.0,36.0,2.0,1.0,2.0,3.0,0.0,8.0,0.0,8.0,996.0,0.0,45.0,4.0,12.0,1.0,0.0,5N1DR2MN0JC6,2018.0,478.0,1911.0,8.0,35.0,Nissan/Datsun,401.0,14.0,1.0,0.0,0.0,91.0,0.0,0.0,0.0,12.0,6.0,12.0,0.0,0.0,1.0,45.0,29485.0,1.0,6.0,3.0,Valid license for this class vehicle,0.0,66.0,187.0,0.0,0.0,1.0,6.0,June,2019.0,11.0,2022.0,3.0,1.0,2.0,55.0,1.0,1.0,2.0,1.0,97.0,1.0,10.0,99.0,1.0,2.0,301.0,45.0,0.0,1.0,0.0,202304853958.0,12.0,7.0,4.0,0.0,2.0,1.0,14.0,39.0,2.0,0.0,1.0,20.0,0.0,35.0,2.0,0.0
450329,3,98,96.0,38.0,1.0,1.0,-99.0,45.0,47.0,12.0,37.0,2.0,90.0,2.0,1.0,4.0,20.0,7.0,9.0,1.0,0.0,0.0,7.0,45.0,2.0,12.0,1.0,0.0,1HGEJ8240YL0,2000.0,474.0,1863.0,3.0,37.0,Honda,31.0,2.0,1.0,0.0,0.0,5.0,0.0,0.0,0.0,9.0,6.0,12.0,0.0,0.0,1.0,45.0,29620.0,1.0,6.0,3.0,Valid license for this class vehicle,3.0,63.0,115.0,0.0,0.0,0.0,0.0,No Record,0.0,0.0,0.0,0.0,0.0,0.0,0.0,0.0,0.0,0.0,0.0,97.0,4.0,17.0,99.0,1.0,1.0,504.0,45.0,1.0,1.0,0.0,202304737942.0,59.0,1.0,2.0,3.0,1.0,1.0,2.0,41.0,1.0,3.0,1.0,8.0,0.0,37.0,1.0,2.0
450343,1,98,96.0,0.0,1.0,0.0,-99.0,45.0,45.0,39.0,63.0,4.0,14.0,1.0,1.0,1.0,3.0,0.0,8.0,0.0,8.0,996.0,0.0,45.0,1.0,39.0,4.0,0.0,3KPF24AD9ME2,2021.0,499.0,2462.0,13.0,63.0,KIA,38.0,4.0,1.0,0.0,0.0,90.0,0.0,3.0,6.0,3.0,6.0,39.0,0.0,0.0,1.0,45.0,29673.0,0.0,0.0,0.0,Not licensed,0.0,999.0,999.0,0.0,0.0,0.0,0.0,No Record,0.0,0.0,0.0,4.0,1.0,2.0,35.0,3.0,1.0,2.0,1.0,0.0,14.0,13.0,99.0,1.0,4.0,998.0,45.0,0.0,1.0,0.0,202304853828.0,12.0,4.0,4.0,1.0,10.0,1.0,4.0,35.0,2.0,0.0,1.0,20.0,0.0,63.0,4.0,0.0
450344,2,98,96.0,0.0,1.0,1.0,-99.0,45.0,31.0,12.0,41.0,4.0,16.0,1.0,1.0,4.0,3.0,0.0,8.0,0.0,0.0,0.0,7.0,45.0,2.0,12.0,2.0,0.0,3MZBN1U73HM1,2017.0,473.0,2074.0,13.0,41.0,Mazda,51.0,4.0,1.0,0.0,0.0,60.0,0.0,0.0,0.0,12.0,6.0,12.0,0.0,0.0,1.0,45.0,29505.0,2.0,6.0,3.0,Valid license for this class vehicle,0.0,71.0,186.0,0.0,0.0,2.0,2.0,February,2023.0,2.0,2023.0,0.0,1.0,2.0,30.0,2.0,1.0,8.0,1.0,97.0,14.0,10.0,99.0,1.0,2.0,301.0,45.0,1.0,1.0,0.0,202304932634.0,12.0,3.0,5.0,0.0,1.0,1.0,4.0,24.0,2.0,0.0,1.0,20.0,0.0,41.0,1.0,0.0
450354,1,9,96.0,28.0,1.0,3033.0,-99.0,45.0,63.0,32.0,35.0,4.0,60.0,1.0,1.0,4.0,3.0,0.0,8.0,0.0,1.0,83.0,7.0,45.0,1.0,32.0,1.0,0.0,1N4AL21E47C1,2007.0,478.0,1904.0,13.0,35.0,Nissan/Datsun,47.0,4.0,1.0,0.0,0.0,55.0,7.0,3.0,5.0,12.0,6.0,1.0,0.0,1.0,1.0,45.0,29053.0,1.0,1.0,2.0,No valid license for this class vehicle,0.0,66.0,150.0,0.0,0.0,0.0,8.0,August,2019.0,8.0,2022.0,0.0,1.0,2.0,45.0,1.0,1.0,2.0,2.0,0.0,1.0,12.0,99.0,1.0,4.0,102.0,45.0,1.0,1.0,0.0,202304735894.0,12.0,3.0,1.0,0.0,10.0,1.0,4.0,30.0,2.0,0.0,1.0,20.0,0.0,35.0,1.0,98.0
450357,1,98,96.0,0.0,1.0,0.0,-99.0,45.0,79.0,12.0,34.0,14.0,41.0,2.0,1.0,2.0,3.0,0.0,8.0,0.0,8.0,996.0,0.0,45.0,3.0,12.0,2.0,0.0,5UXWX5C53BL7,2011.0,452.0,1719.0,7.0,34.0,BMW,402.0,14.0,1.0,0.0,0.0,38.0,0.0,0.0,0.0,12.0,6.0,12.0,0.0,0.0,1.0,45.0,29209.0,1.0,6.0,3.0,Valid license for this class vehicle,0.0,66.0,160.0,0.0,0.0,0.0,1.0,January,2021.0,9.0,2022.0,0.0,1.0,3.0,35.0,1.0,1.0,2.0,1.0,3.0,1.0,67.0,99.0,1.0,1.0,415.0,45.0,0.0,1.0,0.0,202305230525.0,12.0,2.0,9.0,2.0,1.0,1.0,14.0,28.0,2.0,2.0,1.0,2.0,0.0,34.0,2.0,0.0
450359,1,98,96.0,28.0,1.0,2132.0,-99.0,45.0,53.0,42.0,20.0,4.0,61.0,2.0,1.0,4.0,20.0,7.0,8.0,0.0,0.0,0.0,7.0,45.0,1.0,42.0,2.0,0.0,1G1ZD5ST1KF1,2019.0,467.0,1834.0,13.0,20.0,Chevrolet,37.0,4.0,1.0,0.0,0.0,65.0,7.0,0.0,0.0,12.0,6.0,42.0,0.0,0.0,1.0,45.0,29936.0,1.0,6.0,3.0,Valid license for this class vehicle,3.0,69.0,220.0,0.0,2.0,2.0,10.0,October,2018.0,6.0,2022.0,4.0,1.0,2.0,55.0,1.0,1.0,2.0,1.0,0.0,1.0,12.0,99.0,1.0,4.0,102.0,45.0,2.0,1.0,0.0,202304881283.0,12.0,5.0,4.0,0.0,1.0,1.0,4.0,57.0,1.0,0.0,1.0,20.0,0.0,20.0,1.0,0.0
450360,2,98,96.0,38.0,1.0,0.0,-99.0,45.0,45.0,12.0,7.0,34.0,20.0,1.0,1.0,0.0,3.0,0.0,9.0,0.0,8.0,996.0,0.0,45.0,2.0,12.0,2.0,0.0,3D7KU28C54G1,2004.0,476.0,1938.0,60.0,7.0,Dodge,482.0,34.0,1.0,0.0,0.0,45.0,0.0,0.0,0.0,12.0,6.0,12.0,0.0,0.0,1.0,45.0,29306.0,1.0,6.0,3.0,Valid license for this class vehicle,0.0,75.0,185.0,0.0,0.0,0.0,0.0,No Record,0.0,0.0,0.0,0.0,6.0,1.0,35.0,1.0,1.0,2.0,1.0,28.0,1.0,17.0,99.0,1.0,1.0,998.0,45.0,0.0,1.0,0.0,202304770626.0,12.0,3.0,2.0,0.0,1.0,1.0,34.0,74.0,1.0,0.0,1.0,20.0,0.0,7.0,1.0,0.0
450365,1,98,96.0,0.0,1.0,0.0,-99.0,45.0,77.0,5.0,20.0,4.0,26.0,2.0,1.0,0.0,3.0,0.0,20.0,0.0,8.0,996.0,0.0,45.0,1.0,5.0,4.0,0.0,1G1ZG5ST4LF1,2020.0,467.0,1834.0,13.0,20.0,Chevrolet,37.0,4.0,1.0,0.0,0.0,5.0,7.0,0.0,0.0,0.0,0.0,5.0,0.0,0.0,1.0,45.0,29642.0,1.0,6.0,3.0,Valid license for this class vehicle,0.0,59.0,200.0,0.0,0.0,0.0,8.0,August,2019.0,8.0,2019.0,0.0,1.0,2.0,35.0,1.0,1.0,2.0,1.0,97.0,1.0,98.0,99.0,1.0,1.0,0.0,45.0,0.0,1.0,0.0,202304894373.0,12.0,7.0,4.0,0.0,1.0,1.0,4.0,45.0,2.0,0.0,1.0,20.0,0.0,20.0,2.0,0.0
450368,1,98,96.0,0.0,1.0,0.0,-99.0,45.0,75.0,12.0,55.0,4.0,60.0,2.0,1.0,1.0,3.0,0.0,9.0,0.0,8.0,996.0,0.0,45.0,2.0,12.0,4.0,0.0,5NPEG4JA0MH0,2021.0,498.0,2459.0,13.0,55.0,Hyundai,33.0,4.0,1.0,0.0,0.0,60.0,0.0,0.0,0.0,12.0,6.0,12.0,0.0,0.0,1.0,45.0,29536.0,1.0,6.0,3.0,Valid license for this class vehicle,0.0,62.0,180.0,0.0,0.0,0.0,0.0,No Record,0.0,0.0,0.0,0.0,2.0,2.0,60.0,1.0,1.0,2.0,1.0,97.0,1.0,67.0,99.0,1.0,1.0,415.0,45.0,0.0,1.0,0.0,202304744115.0,93.0,7.0,1.0,0.0,1.0,1.0,4.0,24.0,1.0,0.0,1.0,20.0,0.0,55.0,1.0,9.0
450382,1,9,96.0,0.0,1.0,3019.0,-99.0,45.0,59.0,35.0,12.0,4.0,20.0,1.0,1.0,4.0,20.0,7.0,2.0,0.0,1.0,98.0,7.0,45.0,1.0,35.0,1.0,0.0,3FAHP0HAXBR1,2011.0,460.0,1780.0,13.0,12.0,Ford,23.0,4.0,1.0,0.0,0.0,97.0,7.0,3.0,5.0,12.0,6.0,1.0,0.0,1.0,1.0,45.0,29384.0,1.0,6.0,3.0,Valid license for this class vehicle,0.0,68.0,155.0,0.0,1.0,0.0,4.0,April,2020.0,7.0,2021.0,0.0,1.0,2.0,55.0,1.0,1.0,2.0,1.0,97.0,1.0,13.0,99.0,1.0,4.0,101.0,45.0,1.0,1.0,0.0,202304894597.0,12.0,1.0,4.0,0.0,1.0,1.0,4.0,19.0,1.0,0.0,1.0,20.0,0.0,12.0,2.0,98.0
450383,1,9,96.0,0.0,1.0,1.0,-99.0,45.0,63.0,26.0,55.0,4.0,50.0,2.0,1.0,4.0,20.0,7.0,8.0,0.0,1.0,249.0,7.0,45.0,1.0,26.0,1.0,0.0,KMHDU4ADXAU9,2010.0,498.0,2735.0,13.0,55.0,Hyundai,35.0,4.0,1.0,0.0,0.0,60.0,7.0,0.0,0.0,12.0,6.0,26.0,0.0,1.0,1.0,45.0,29170.0,1.0,1.0,2.0,No valid license for this class vehicle,3.0,65.0,160.0,0.0,0.0,0.0,6.0,June,2018.0,12.0,2021.0,0.0,3.0,3.0,60.0,1.0,1.0,2.0,1.0,0.0,1.0,12.0,99.0,1.0,4.0,102.0,45.0,2.0,1.0,0.0,202304902026.0,12.0,7.0,2.0,3.0,1.0,1.0,4.0,33.0,2.0,3.0,1.0,99.0,0.0,55.0,1.0,9.0
450394,1,98,96.0,39.0,1.0,0.0,-99.0,45.0,21.0,12.0,35.0,4.0,17.0,2.0,1.0,1.0,3.0,0.0,9.0,0.0,8.0,996.0,0.0,45.0,2.0,12.0,2.0,0.0,1N4AL21E28N4,2008.0,478.0,1904.0,13.0,35.0,Nissan/Datsun,47.0,4.0,1.0,0.0,0.0,25.0,0.0,0.0,0.0,12.0,6.0,12.0,0.0,0.0,1.0,45.0,29340.0,2.0,6.0,3.0,Valid license for this class vehicle,3.0,67.0,140.0,0.0,1.0,1.0,11.0,November,2022.0,5.0,2023.0,0.0,1.0,2.0,35.0,1.0,1.0,2.0,2.0,20.0,4.0,17.0,99.0,1.0,1.0,301.0,45.0,0.0,1.0,0.0,202304960401.0,12.0,6.0,4.0,3.0,1.0,1.0,4.0,35.0,2.0,3.0,1.0,1.0,0.0,35.0,2.0,0.0
450398,1,98,96.0,0.0,1.0,0.0,-99.0,45.0,45.0,33.0,49.0,34.0,39.0,1.0,1.0,0.0,3.0,0.0,8.0,0.0,8.0,996.0,0.0,45.0,2.0,33.0,1.0,0.0,5TFDY5F13KX7,2019.0,448.0,2467.0,60.0,49.0,Toyota,482.0,34.0,1.0,0.0,0.0,40.0,7.0,0.0,0.0,12.0,6.0,12.0,0.0,0.0,1.0,45.0,29642.0,1.0,6.0,3.0,Valid license for this class vehicle,0.0,77.0,250.0,0.0,0.0,0.0,0.0,No Record,0.0,0.0,0.0,0.0,3.0,3.0,45.0,1.0,1.0,2.0,1.0,0.0,1.0,62.0,99.0,1.0,1.0,998.0,45.0,0.0,1.0,0.0,202305206157.0,12.0,3.0,8.0,1.0,10.0,1.0,34.0,42.0,1.0,1.0,1.0,1.0,0.0,49.0,2.0,0.0