ST_CASE,VEH_NO_x,DRIMPAIR_x,DRDISTRACT,DRIVERRF,PER_NO_x,DRUGRES,DRUGACTQTY,STATE_x,COUNTY,HARM_EV_x,MAKE_x,BODY_TYP_x,AGE,SEX,PER_TYP_x,INJ_SEV,REST_USE,REST_MIS,AIR_BAG_x,EJECTION,DRINKING,ALC_RES,HISPANIC,STATE_y,VE_FORMS,HARM_EV_y,NUMOCCS,HIT_RUN,VIN,MOD_YEAR,VPICMAKE,VPICMODEL,VPICBODYCLASS,MAKE_y,MAKENAME,MODEL,BODY_TYP_y,HAZ_INV,HAZ_PLAC,HAZ_ID,TRAV_SP,UNDEROVERRIDE,ROLLOVER,ROLINLOC,IMPACT1,DEFORMED,M_HARM,FIRE_EXP,DR_DRINK,DR_PRES,L_STATE,DR_ZIP,L_TYPE,L_STATUS,L_COMPL,L_COMPLNAME,L_RESTRI,DR_HGT,DR_WGT,PREV_DWI,PREV_SPD,PREV_OTH,FIRST_MO,FIRST_MONAME,FIRST_YR,LAST_MO,LAST_YR,SPEEDREL,VTRAFWAY,VNUM_LAN,VSPD_LIM,VALIGN,VPROFILE,VPAVETYP,VSURCOND,VTRAFCON,P_CRASH1,P_CRASH2,P_CRASH3,PCRASH4,PCRASH5,ACC_CONFIG,STATE,RACE,ORDER,MULTRACE,CASENUM,HARM_EV,DAY_WEEK,MONTH,MAXSEV_IM,WEATHR_IM,PER_NO_y,BODY_TYP,AGE_IM,SEX_IM,INJSEV_IM,PER_TYP_y,AIR_BAG_y,EJECT_IM,MAKE,VEH_NO_y,DRIMPAIR_y
450405,1,98,96.0,39.0,1.0,9995.0,-99.0,45.0,43.0,12.0,18.0,4.0,75.0,1.0,1.0,4.0,20.0,7.0,9.0,0.0,8.0,995.0,7.0,45.0,2.0,12.0,1.0,0.0,1G4ZP5SS0HU1,2017.0,468.0,1821.0,13.0,18.0,Buick / Opel,22.0,4.0,1.0,0.0,0.0,35.0,0.0,0.0,0.0,12.0,6.0,12.0,0.0,0.0,1.0,45.0,29576.0,1.0,6.0,3.0,Valid license for this class vehicle,0.0,68.0,210.0,0.0,0.0,0.0,0.0,No Record,0.0,0.0,0.0,0.0,1.0,2.0,35.0,1.0,1.0,2.0,1.0,20.0,1.0,66.0,99.0,1.0,1.0,503.0,45.0,1.0,1.0,0.0,202304861970.0,12.0,3.0,4.0,0.0,1.0,1.0,4.0,70.0,2.0,0.0,1.0,20.0,0.0,18.0,1.0,0.0
450406,1,98,96.0,0.0,1.0,1.0,-99.0,45.0,85.0,12.0,35.0,34.0,78.0,1.0,1.0,4.0,20.0,7.0,8.0,0.0,8.0,0.0,7.0,45.0,2.0,12.0,1.0,0.0,1N6AD0ER2CC4,2012.0,478.0,1919.0,60.0,35.0,Nissan/Datsun,472.0,34.0,1.0,0.0,0.0,10.0,0.0,0.0,0.0,9.0,6.0,12.0,0.0,0.0,1.0,45.0,29148.0,1.0,6.0,3.0,Valid license for this class vehicle,3.0,62.0,176.0,0.0,0.0,0.0,8.0,August,2020.0,8.0,2020.0,0.0,1.0,2.0,40.0,1.0,1.0,2.0,1.0,3.0,11.0,15.0,99.0,1.0,1.0,414.0,45.0,1.0,1.0,0.0,202305188112.0,12.0,2.0,8.0,2.0,10.0,1.0,34.0,18.0,1.0,0.0,1.0,20.0,0.0,35.0,2.0,98.0
450409,1,98,96.0,28.0,1.0,5062.0,-99.0,45.0,41.0,35.0,63.0,4.0,35.0,2.0,1.0,4.0,20.0,7.0,8.0,0.0,8.0,62.0,7.0,45.0,1.0,35.0,1.0,0.0,3KPFK4A77HE1,2017.0,499.0,2462.0,13.0,63.0,KIA,38.0,4.0,1.0,0.0,0.0,80.0,7.0,0.0,0.0,9.0,6.0,35.0,0.0,1.0,1.0,45.0,29560.0,1.0,6.0,3.0,Valid license for this class vehicle,0.0,63.0,138.0,0.0,1.0,0.0,9.0,September,2020.0,1.0,2022.0,3.0,2.0,2.0,45.0,1.0,1.0,2.0,1.0,97.0,1.0,13.0,99.0,1.0,4.0,101.0,45.0,2.0,1.0,0.0,202305404648.0,12.0,7.0,11.0,2.0,1.0,1.0,4.0,50.0,2.0,2.0,1.0,8.0,0.0,63.0,1.0,98.0
450411,1,98,17.0,28.0,1.0,1.0,-99.0,45.0,17.0,1.0,20.0,34.0,64.0,2.0,1.0,4.0,20.0,7.0,20.0,0.0,8.0,215.0,7.0,45.0,1.0,1.0,1.0,0.0,1GCDT13X03K1,2003.0,467.0,11483.0,60.0,20.0,Chevrolet,471.0,34.0,1.0,0.0,0.0,55.0,7.0,3.0,5.0,0.0,6.0,34.0,0.0,1.0,1.0,45.0,29135.0,1.0,6.0,3.0,Valid license for this class vehicle,0.0,60.0,160.0,0.0,0.0,0.0,0.0,No Record,0.0,0.0,0.0,0.0,1.0,2.0,55.0,1.0,1.0,2.0,1.0,97.0,1.0,12.0,99.0,1.0,4.0,102.0,45.0,2.0,1.0,0.0,202304700771.0,12.0,2.0,1.0,0.0,1.0,1.0,34.0,29.0,1.0,0.0,1.0,20.0,0.0,20.0,1.0,0.0
450416,1,98,96.0,0.0,1.0,1.0,-99.0,45.0,77.0,12.0,73.0,80.0,17.0,1.0,1.0,4.0,20.0,7.0,20.0,8.0,0.0,0.0,7.0,45.0,2.0,12.0,1.0,0.0,JKAZX4P158A0,2008.0,510.0,3173.0,80.0,73.0,Kawasaki,705.0,80.0,1.0,0.0,0.0,45.0,7.0,8.0,8.0,12.0,6.0,12.0,0.0,0.0,1.0,45.0,29640.0,2.0,6.0,3.0,Valid license for this class vehicle,0.0,66.0,110.0,0.0,0.0,0.0,5.0,May,2023.0,5.0,2023.0,0.0,1.0,2.0,45.0,1.0,1.0,2.0,1.0,97.0,1.0,67.0,6.0,1.0,2.0,415.0,45.0,98.0,1.0,0.0,202304892387.0,12.0,6.0,4.0,1.0,1.0,1.0,80.0,20.0,1.0,1.0,1.0,20.0,8.0,73.0,2.0,0.0
450420,1,9,96.0,0.0,1.0,5062.0,-99.0,45.0,45.0,30.0,35.0,4.0,23.0,1.0,1.0,4.0,20.0,7.0,8.0,1.0,1.0,208.0,7.0,45.0,1.0,30.0,1.0,0.0,3N1AB7AP8KY3,2019.0,478.0,1907.0,13.0,35.0,Nissan/Datsun,43.0,4.0,1.0,0.0,0.0,80.0,7.0,0.0,0.0,9.0,6.0,30.0,0.0,1.0,1.0,45.0,29681.0,1.0,1.0,2.0,No valid license for this class vehicle,0.0,71.0,150.0,0.0,1.0,1.0,5.0,May,2019.0,6.0,2023.0,0.0,1.0,2.0,35.0,1.0,1.0,2.0,2.0,0.0,1.0,12.0,99.0,1.0,4.0,102.0,45.0,2.0,1.0,0.0,202304969755.0,18.0,5.0,5.0,2.0,1.0,1.0,4.0,32.0,2.0,0.0,1.0,20.0,0.0,35.0,1.0,98.0
450432,1,98,96.0,28.0,1.0,5062.0,-99.0,45.0,75.0,1.0,49.0,4.0,15.0,1.0,1.0,1.0,20.0,7.0,8.0,1.0,0.0,0.0,0.0,45.0,1.0,1.0,5.0,0.0,4T1BK46K57U5,2007.0,448.0,2469.0,13.0,49.0,Toyota,40.0,4.0,1.0,0.0,0.0,80.0,7.0,3.0,5.0,0.0,6.0,1.0,0.0,0.0,1.0,45.0,29142.0,1.0,6.0,3.0,Valid license for this class vehicle,0.0,74.0,150.0,0.0,0.0,0.0,0.0,No Record,0.0,0.0,0.0,3.0,1.0,2.0,55.0,1.0,1.0,2.0,1.0,0.0,1.0,13.0,99.0,1.0,4.0,101.0,45.0,0.0,1.0,0.0,202305305111.0,15.0,1.0,7.0,1.0,1.0,1.0,4.0,79.0,1.0,0.0,1.0,20.0,0.0,49.0,1.0,0.0
450434,1,98,96.0,58.0,1.0,1.0,-99.0,45.0,3.0,42.0,63.0,4.0,53.0,1.0,1.0,4.0,3.0,0.0,99.0,0.0,1.0,0.0,7.0,45.0,1.0,42.0,1.0,0.0,5XXGM4A70EG2,2014.0,499.0,2739.0,13.0,63.0,KIA,34.0,4.0,1.0,0.0,0.0,70.0,7.0,0.0,0.0,12.0,6.0,42.0,1.0,1.0,1.0,45.0,29104.0,1.0,6.0,3.0,Valid license for this class vehicle,3.0,70.0,205.0,0.0,0.0,0.0,0.0,No Record,0.0,0.0,0.0,4.0,3.0,2.0,70.0,1.0,1.0,2.0,1.0,0.0,1.0,12.0,99.0,1.0,4.0,102.0,45.0,1.0,1.0,0.0,202305133703.0,12.0,6.0,7.0,0.0,1.0,1.0,4.0,51.0,2.0,0.0,1.0,20.0,0.0,63.0,2.0,0.0
450435,1,98,96.0,39.0,1.0,9995.0,-99.0,45.0,51.0,46.0,63.0,4.0,23.0,1.0,1.0,4.0,3.0,0.0,8.0,0.0,8.0,995.0,7.0,45.0,1.0,46.0,1.0,0.0,3KPA24AD7ME3,2021.0,499.0,2299.0,13.0,63.0,KIA,32.0,4.0,1.0,0.0,0.0,998.0,7.0,0.0,0.0,12.0,6.0,23.0,0.0,0.0,1.0,45.0,29511.0,1.0,1.0,2.0,No valid license for this class vehicle,0.0,76.0,300.0,0.0,1.0,0.0,4.0,April,2020.0,3.0,2023.0,0.0,1.0,2.0,40.0,1.0,1.0,2.0,1.0,4.0,1.0,18.0,99.0,1.0,1.0,998.0,45.0,2.0,1.0,0.0,202304912742.0,12.0,7.0,4.0,0.0,1.0,1.0,4.0,24.0,2.0,0.0,1.0,20.0,0.0,63.0,1.0,0.0
450444,1,98,96.0,28.0,1.0,9995.0,-99.0,45.0,59.0,12.0,63.0,6.0,75.0,1.0,1.0,4.0,3.0,0.0,20.0,0.0,8.0,995.0,7.0,45.0,2.0,12.0,1.0,0.0,KNDJN2A23J78,2018.0,499.0,2460.0,7.0,63.0,KIA,37.0,6.0,1.0,0.0,0.0,45.0,0.0,0.0,0.0,12.0,6.0,12.0,0.0,0.0,1.0,45.0,29332.0,1.0,6.0,3.0,Valid license for this class vehicle,3.0,69.0,180.0,0.0,0.0,0.0,0.0,No Record,0.0,0.0,0.0,0.0,2.0,2.0,45.0,1.0,1.0,2.0,1.0,3.0,1.0,10.0,99.0,1.0,2.0,301.0,45.0,1.0,1.0,0.0,202305164320.0,12.0,5.0,6.0,4.0,1.0,1.0,6.0,75.0,1.0,4.0,1.0,8.0,0.0,63.0,1.0,98.0
450444,2,98,96.0,0.0,1.0,0.0,-99.0,45.0,59.0,12.0,87.0,66.0,33.0,1.0,1.0,0.0,3.0,0.0,20.0,0.0,8.0,996.0,0.0,45.0,2.0,12.0,1.0,0.0,1XPBDP9X4PD7,2023.0,495.0,2787.0,66.0,87.0,Peterbilt,881.0,66.0,1.0,0.0,0.0,0.0,0.0,0.0,0.0,12.0,6.0,12.0,0.0,0.0,1.0,45.0,29649.0,1.0,6.0,3.0,Valid license for this class vehicle,3.0,66.0,219.0,0.0,0.0,0.0,0.0,No Record,0.0,0.0,0.0,0.0,2.0,2.0,45.0,1.0,1.0,2.0,1.0,3.0,5.0,67.0,1.0,1.0,1.0,302.0,45.0,0.0,1.0,0.0,202305164320.0,12.0,5.0,6.0,4.0,1.0,1.0,66.0,33.0,1.0,0.0,1.0,20.0,0.0,87.0,2.0,98.0
450446,2,98,96.0,0.0,1.0,0.0,-99.0,45.0,11.0,12.0,49.0,4.0,75.0,2.0,1.0,2.0,3.0,0.0,8.0,0.0,8.0,996.0,0.0,45.0,2.0,12.0,1.0,0.0,4T1BF3EK5AU5,2010.0,448.0,2469.0,13.0,49.0,Toyota,40.0,4.0,1.0,0.0,0.0,55.0,0.0,0.0,0.0,12.0,6.0,12.0,0.0,0.0,1.0,45.0,29843.0,1.0,6.0,3.0,Valid license for this class vehicle,0.0,63.0,128.0,0.0,1.0,0.0,1.0,January,2022.0,1.0,2022.0,0.0,1.0,2.0,55.0,1.0,1.0,2.0,1.0,97.0,1.0,70.0,99.0,1.0,1.0,413.0,45.0,0.0,1.0,0.0,202304735131.0,12.0,2.0,2.0,1.0,1.0,1.0,4.0,20.0,1.0,0.0,1.0,20.0,0.0,49.0,1.0,0.0
450449,1,9,96.0,0.0,1.0,1.0,-99.0,45.0,47.0,42.0,20.0,34.0,21.0,1.0,1.0,4.0,20.0,7.0,20.0,0.0,1.0,160.0,7.0,45.0,1.0,42.0,1.0,0.0,1GCEK19T5XE1,1999.0,467.0,1850.0,60.0,20.0,Chevrolet,481.0,34.0,1.0,0.0,0.0,55.0,7.0,3.0,5.0,12.0,6.0,1.0,0.0,1.0,1.0,45.0,29646.0,1.0,6.0,3.0,Valid license for this class vehicle,0.0,75.0,180.0,0.0,3.0,0.0,7.0,July,2020.0,2.0,2022.0,0.0,1.0,2.0,25.0,2.0,1.0,2.0,1.0,97.0,14.0,12.0,99.0,1.0,4.0,102.0,45.0,1.0,1.0,0.0,202305238074.0,12.0,3.0,9.0,0.0,10.0,1.0,34.0,60.0,1.0,0.0,1.0,20.0,0.0,20.0,1.0,0.0
450451,1,98,96.0,0.0,1.0,1.0,-99.0,45.0,45.0,33.0,49.0,4.0,65.0,2.0,1.0,4.0,20.0,7.0,8.0,0.0,0.0,192.0,7.0,45.0,1.0,33.0,1.0,0.0,3MYDLBYV2JY3,2018.0,448.0,24949.0,13.0,49.0,Toyota,51.0,4.0,1.0,0.0,0.0,73.0,7.0,0.0,0.0,12.0,6.0,30.0,0.0,1.0,1.0,45.0,29654.0,1.0,6.0,3.0,Valid license for this class vehicle,3.0,64.0,158.0,0.0,1.0,0.0,10.0,October,2019.0,1.0,2023.0,4.0,1.0,2.0,35.0,2.0,1.0,2.0,1.0,0.0,14.0,12.0,99.0,1.0,4.0,102.0,45.0,1.0,1.0,0.0,202304928029.0,12.0,2.0,2.0,3.0,1.0,1.0,4.0,67.0,2.0,3.0,1.0,20.0,0.0,49.0,2.0,0.0
450453,1,9,96.0,0.0,1.0,1.0,-99.0,45.0,63.0,30.0,20.0,4.0,69.0,1.0,1.0,4.0,20.0,7.0,20.0,2.0,1.0,260.0,7.0,45.0,1.0,30.0,1.0,0.0,1G1AT58H7972,2009.0,467.0,4234.0,13.0,20.0,Chevrolet,22.0,4.0,1.0,0.0,0.0,45.0,7.0,3.0,5.0,9.0,6.0,1.0,0.0,1.0,1.0,45.0,29123.0,1.0,6.0,3.0,Valid license for this class vehicle,0.0,67.0,230.0,0.0,0.0,0.0,0.0,No Record,0.0,0.0,0.0,0.0,1.0,2.0,45.0,1.0,1.0,2.0,1.0,0.0,1.0,13.0,99.0,1.0,4.0,101.0,45.0,1.0,1.0,0.0,202305577992.0,12.0,3.0,12.0,0.0,1.0,1.0,4.0,66.0,1.0,0.0,1.0,20.0,0.0,20.0,2.0,98.0
450454,2,98,96.0,38.0,1.0,0.0,-99.0,45.0,43.0,12.0,63.0,4.0,46.0,2.0,1.0,0.0,20.0,7.0,20.0,0.0,8.0,996.0,0.0,45.0,2.0,12.0,1.0,0.0,3KPF34AD4ME3,2021.0,499.0,2462.0,13.0,63.0,KIA,38.0,4.0,1.0,0.0,0.0,35.0,7.0,0.0,0.0,12.0,6.0,12.0,0.0,0.0,1.0,45.0,29588.0,1.0,1.0,2.0,No valid license for this class vehicle,0.0,64.0,138.0,0.0,0.0,0.0,1.0,January,2023.0,1.0,2023.0,0.0,1.0,2.0,35.0,1.0,1.0,2.0,1.0,97.0,11.0,15.0,99.0,1.0,1.0,414.0,45.0,0.0,1.0,0.0,202304781485.0,11.0,7.0,2.0,0.0,1.0,1.0,4.0,56.0,1.0,0.0,1.0,20.0,0.0,63.0,1.0,0.0
450465,1,98,96.0,39.0,1.0,0.0,-99.0,45.0,67.0,34.0,18.0,14.0,40.0,2.0,1.0,4.0,20.0,7.0,8.0,0.0,8.0,996.0,7.0,45.0,1.0,34.0,1.0,0.0,KL4CJASB9EB5,2014.0,468.0,1842.0,7.0,18.0,Buick / Opel,404.0,14.0,1.0,0.0,0.0,60.0,7.0,0.0,0.0,12.0,6.0,34.0,0.0,0.0,1.0,45.0,29571.0,1.0,6.0,3.0,Valid license for this class vehicle,3.0,62.0,321.0,0.0,1.0,1.0,12.0,December,2022.0,4.0,2023.0,0.0,1.0,2.0,60.0,1.0,1.0,8.0,1.0,20.0,1.0,14.0,99.0,1.0,4.0,101.0,45.0,1.0,1.0,0.0,202305339468.0,12.0,7.0,9.0,0.0,1.0,1.0,14.0,39.0,1.0,0.0,1.0,20.0,0.0,18.0,2.0,98.0
450469,1,98,96.0,0.0,1.0,0.0,-99.0,45.0,49.0,12.0,35.0,4.0,22.0,2.0,1.0,2.0,3.0,0.0,8.0,0.0,8.0,996.0,0.0,45.0,2.0,12.0,1.0,0.0,1N4AL3AP3FN3,2015.0,478.0,1904.0,13.0,35.0,Nissan/Datsun,47.0,4.0,1.0,0.0,0.0,45.0,0.0,0.0,0.0,12.0,6.0,12.0,0.0,0.0,1.0,45.0,29918.0,1.0,6.0,3.0,Valid license for this class vehicle,3.0,59.0,170.0,0.0,0.0,0.0,0.0,No Record,0.0,0.0,0.0,0.0,1.0,2.0,45.0,1.0,1.0,2.0,1.0,0.0,1.0,62.0,99.0,1.0,1.0,302.0,45.0,0.0,1.0,0.0,202304963916.0,12.0,6.0,5.0,0.0,10.0,1.0,4.0,66.0,1.0,0.0,1.0,20.0,0.0,35.0,2.0,0.0
450469,2,9,96.0,102.0,1.0,5062.0,-99.0,45.0,49.0,12.0,35.0,4.0,29.0,2.0,1.0,4.0,20.0,7.0,8.0,0.0,1.0,210.0,7.0,45.0,2.0,12.0,1.0,0.0,1N4AL3AP2GN3,2016.0,478.0,1904.0,13.0,35.0,Nissan/Datsun,47.0,4.0,1.0,0.0,0.0,55.0,0.0,0.0,0.0,12.0,6.0,12.0,0.0,1.0,1.0,45.0,29918.0,1.0,6.0,3.0,Valid license for this class vehicle,0.0,63.0,210.0,0.0,0.0,0.0,0.0,No Record,0.0,0.0,0.0,4.0,1.0,2.0,45.0,1.0,1.0,2.0,1.0,0.0,1.0,10.0,99.0,1.0,2.0,301.0,45.0,2.0,1.0,0.0,202305241427.0,12.0,2.0,8.0,0.0,10.0,1.0,4.0,17.0,1.0,0.0,1.0,20.0,0.0,35.0,1.0,0.0
450470,1,98,96.0,28.0,1.0,9995.0,-99.0,45.0,19.0,12.0,37.0,4.0,18.0,1.0,1.0,4.0,99.0,7.0,9.0,0.0,8.0,995.0,7.0,45.0,2.0,12.0,1.0,0.0,1HGCR2F37DA0,2013.0,474.0,1861.0,13.0,37.0,Honda,32.0,4.0,1.0,0.0,0.0,50.0,0.0,0.0,0.0,12.0,6.0,12.0,0.0,0.0,1.0,45.0,29405.0,1.0,6.0,3.0,Valid license for this class vehicle,0.0,69.0,145.0,0.0,0.0,1.0,11.0,November,2022.0,11.0,2022.0,0.0,1.0,2.0,45.0,1.0,1.0,2.0,1.0,97.0,1.0,10.0,99.0,1.0,2.0,301.0,45.0,1.0,1.0,0.0,202305059115.0,12.0,5.0,5.0,2.0,1.0,1.0,4.0,38.0,2.0,0.0,1.0,8.0,0.0,37.0,3.0,0.0
450473,1,98,96.0,0.0,1.0,0.0,-99.0,45.0,83.0,12.0,45.0,15.0,22.0,1.0,1.0,0.0,3.0,0.0,9.0,0.0,8.0,996.0,0.0,45.0,2.0,12.0,1.0,0.0,WP1AB2A25FLA,2015.0,584.0,7895.0,7.0,45.0,Porsche,421.0,15.0,1.0,0.0,0.0,50.0,0.0,0.0,0.0,12.0,6.0,12.0,0.0,0.0,1.0,45.0,29301.0,1.0,6.0,3.0,Valid license for this class vehicle,0.0,68.0,195.0,0.0,3.0,0.0,7.0,July,2018.0,6.0,2023.0,0.0,5.0,5.0,50.0,1.0,1.0,2.0,1.0,97.0,1.0,66.0,99.0,1.0,1.0,503.0,45.0,0.0,1.0,0.0,202305184591.0,12.0,1.0,6.0,4.0,1.0,1.0,15.0,22.0,1.0,0.0,1.0,9.0,0.0,45.0,1.0,98.0
450473,2,98,96.0,0.0,1.0,1.0,-99.0,45.0,83.0,12.0,37.0,4.0,80.0,2.0,1.0,4.0,3.0,0.0,8.0,0.0,0.0,0.0,7.0,45.0,2.0,12.0,1.0,0.0,1HGCV1F16JA2,2018.0,474.0,1861.0,13.0,37.0,Honda,32.0,4.0,1.0,0.0,0.0,20.0,0.0,0.0,0.0,9.0,6.0,12.0,0.0,0.0,1.0,45.0,29307.0,1.0,6.0,3.0,Valid license for this class vehicle,0.0,61.0,142.0,0.0,0.0,1.0,8.0,August,2019.0,8.0,2019.0,0.0,1.0,2.0,50.0,1.0,1.0,2.0,1.0,20.0,1.0,17.0,99.0,1.0,1.0,504.0,45.0,1.0,1.0,0.0,202305090199.0,12.0,6.0,7.0,2.0,1.0,1.0,4.0,72.0,1.0,2.0,1.0,1.0,0.0,37.0,2.0,0.0
450476,2,98,96.0,28.0,1.0,5062.0,-99.0,45.0,7.0,12.0,35.0,4.0,22.0,1.0,1.0,4.0,3.0,0.0,8.0,0.0,1.0,0.0,7.0,45.0,2.0,12.0,1.0,0.0,3N1CN7AP3GL8,2016.0,478.0,1894.0,13.0,35.0,Nissan/Datsun,50.0,4.0,1.0,0.0,0.0,45.0,0.0,0.0,0.0,9.0,6.0,12.0,0.0,1.0,1.0,45.0,29697.0,1.0,6.0,3.0,Valid license for this class vehicle,0.0,71.0,175.0,0.0,0.0,0.0,0.0,No Record,0.0,0.0,0.0,0.0,1.0,2.0,40.0,3.0,1.0,2.0,1.0,0.0,14.0,54.0,7.0,1.0,2.0,302.0,45.0,1.0,1.0,0.0,202304880825.0,12.0,7.0,4.0,0.0,2.0,1.0,4.0,64.0,2.0,0.0,1.0,20.0,0.0,35.0,2.0,0.0
450486,1,98,96.0,0.0,1.0,0.0,-99.0,45.0,85.0,12.0,20.0,4.0,18.0,1.0,1.0,0.0,3.0,0.0,20.0,0.0,8.0,996.0,0.0,45.0,2.0,12.0,1.0,0.0,1G11C5SL3EF2,2014.0,467.0,1834.0,13.0,20.0,Chevrolet,37.0,4.0,1.0,0.0,0.0,998.0,7.0,0.0,0.0,12.0,6.0,12.0,0.0,0.0,1.0,45.0,29102.0,1.0,6.0,3.0,Valid license for this class vehicle,0.0,72.0,290.0,0.0,0.0,0.0,0.0,No Record,0.0,0.0,0.0,0.0,1.0,2.0,98.0,1.0,1.0,2.0,1.0,20.0,1.0,17.0,99.0,1.0,1.0,503.0,45.0,0.0,1.0,0.0,202305127129.0,9.0,5.0,5.0,2.0,1.0,1.0,4.0,23.0,1.0,0.0,1.0,20.0,0.0,20.0,1.0,0.0
450494,1,98,17.0,0.0,1.0,9995.0,-99.0,45.0,63.0,12.0,55.0,4.0,21.0,2.0,1.0,4.0,99.0,7.0,9.0,0.0,8.0,995.0,7.0,45.0,3.0,12.0,1.0,0.0,5NPDH4AE2BH0,2011.0,498.0,2735.0,13.0,55.0,Hyundai,35.0,4.0,1.0,0.0,0.0,80.0,0.0,0.0,0.0,12.0,6.0,12.0,0.0,0.0,1.0,45.0,29053.0,1.0,6.0,3.0,Valid license for this class vehicle,0.0,61.0,140.0,0.0,1.0,0.0,5.0,May,2023.0,5.0,2023.0,0.0,1.0,2.0,55.0,1.0,1.0,2.0,1.0,97.0,1.0,10.0,99.0,1.0,2.0,301.0,45.0,1.0,1.0,0.0,202304707169.0,12.0,7.0,1.0,0.0,1.0,1.0,4.0,53.0,1.0,0.0,1.0,20.0,0.0,55.0,1.0,0.0
450500,1,98,96.0,0.0,1.0,0.0,-99.0,45.0,51.0,39.0,35.0,4.0,18.0,1.0,1.0,1.0,20.0,7.0,8.0,0.0,8.0,996.0,0.0,45.0,1.0,39.0,5.0,0.0,1N4AL3AP1GC1,2016.0,478.0,1904.0,13.0,35.0,Nissan/Datsun,47.0,4.0,1.0,0.0,0.0,50.0,7.0,3.0,5.0,12.0,6.0,1.0,0.0,0.0,1.0,45.0,29568.0,1.0,6.0,3.0,Valid license for this class vehicle,0.0,67.0,150.0,0.0,1.0,1.0,7.0,July,2021.0,3.0,2023.0,4.0,1.0,2.0,25.0,1.0,1.0,2.0,2.0,97.0,1.0,13.0,99.0,1.0,4.0,101.0,45.0,0.0,1.0,0.0,202305507767.0,12.0,5.0,12.0,0.0,1.0,1.0,4.0,41.0,2.0,0.0,1.0,20.0,0.0,35.0,2.0,0.0
450524,1,98,96.0,0.0,1.0,0.0,-99.0,45.0,45.0,12.0,20.0,15.0,17.0,1.0,1.0,0.0,3.0,0.0,9.0,0.0,8.0,996.0,0.0,45.0,2.0,12.0,1.0,0.0,1GNFK13027R1,2007.0,467.0,1852.0,7.0,20.0,Chevrolet,421.0,15.0,1.0,0.0,0.0,40.0,0.0,0.0,0.0,12.0,6.0,12.0,0.0,0.0,1.0,45.0,29681.0,2.0,6.0,3.0,Valid license for this class vehicle,0.0,68.0,150.0,0.0,0.0,0.0,0.0,No Record,0.0,0.0,0.0,0.0,2.0,2.0,40.0,1.0,1.0,2.0,1.0,97.0,1.0,67.0,99.0,1.0,1.0,415.0,45.0,0.0,1.0,0.0,202304930624.0,54.0,6.0,5.0,0.0,1.0,1.0,15.0,36.0,1.0,0.0,1.0,20.0,0.0,20.0,1.0,0.0
450524,2,9,96.0,0.0,1.0,9995.0,-99.0,45.0,45.0,12.0,37.0,4.0,44.0,1.0,1.0,0.0,3.0,0.0,2.0,0.0,1.0,116.0,0.0,45.0,2.0,12.0,4.0,0.0,2HGFA16549H3,2009.0,474.0,1863.0,13.0,37.0,Honda,31.0,4.0,1.0,0.0,0.0,25.0,0.0,0.0,0.0,3.0,6.0,12.0,0.0,1.0,1.0,45.0,29617.0,0.0,0.0,0.0,Not licensed,0.0,999.0,999.0,0.0,0.0,0.0,0.0,No Record,0.0,0.0,0.0,0.0,2.0,2.0,40.0,1.0,1.0,2.0,1.0,97.0,11.0,15.0,99.0,1.0,1.0,414.0,45.0,0.0,1.0,0.0,202304929499.0,9.0,7.0,2.0,1.0,1.0,1.0,4.0,25.0,2.0,0.0,1.0,20.0,0.0,37.0,1.0,0.0
450531,1,98,96.0,0.0,1.0,0.0,-99.0,45.0,45.0,24.0,7.0,34.0,31.0,1.0,1.0,0.0,3.0,0.0,20.0,0.0,8.0,996.0,0.0,45.0,1.0,24.0,2.0,0.0,1C6RR7LT1ES4,2014.0,496.0,13620.0,60.0,7.0,Dodge,482.0,34.0,1.0,0.0,0.0,55.0,7.0,0.0,0.0,1.0,6.0,24.0,0.0,0.0,1.0,45.0,29661.0,1.0,6.0,3.0,Valid license for this class vehicle,0.0,61.0,170.0,0.0,0.0,0.0,12.0,December,2018.0,12.0,2018.0,4.0,3.0,2.0,55.0,1.0,2.0,2.0,2.0,0.0,1.0,13.0,99.0,1.0,4.0,101.0,45.0,0.0,1.0,0.0,202305161819.0,24.0,3.0,7.0,4.0,2.0,1.0,34.0,31.0,1.0,0.0,1.0,20.0,0.0,7.0,1.0,98.0
450537,1,98,96.0,0.0,1.0,0.0,-99.0,45.0,13.0,12.0,6.0,20.0,60.0,2.0,1.0,1.0,3.0,0.0,8.0,0.0,8.0,996.0,0.0,45.0,2.0,12.0,6.0,0.0,2C4RC1BG2NR1,2022.0,477.0,3628.0,2.0,6.0,Chrysler,443.0,20.0,1.0,0.0,0.0,45.0,0.0,0.0,0.0,12.0,6.0,12.0,0.0,0.0,1.0,18.0,46074.0,1.0,6.0,3.0,Valid license for this class vehicle,3.0,63.0,116.0,0.0,0.0,0.0,0.0,No Record,0.0,0.0,0.0,0.0,1.0,2.0,45.0,1.0,1.0,2.0,1.0,0.0,1.0,62.0,99.0,1.0,1.0,302.0,45.0,0.0,1.0,0.0,202305163077.0,12.0,3.0,6.0,0.0,1.0,1.0,20.0,32.0,2.0,0.0,1.0,20.0,0.0,6.0,4.0,0.0