ST_CASE,VEH_NO_x,DRIMPAIR_x,DRDISTRACT,DRIVERRF,PER_NO_x,DRUGRES,DRUGACTQTY,STATE_x,COUNTY,HARM_EV_x,MAKE_x,BODY_TYP_x,AGE,SEX,PER_TYP_x,INJ_SEV,REST_USE,REST_MIS,AIR_BAG_x,EJECTION,DRINKING,ALC_RES,HISPANIC,STATE_y,VE_FORMS,HARM_EV_y,NUMOCCS,HIT_RUN,VIN,MOD_YEAR,VPICMAKE,VPICMODEL,VPICBODYCLASS,MAKE_y,MAKENAME,MODEL,BODY_TYP_y,HAZ_INV,HAZ_PLAC,HAZ_ID,TRAV_SP,UNDEROVERRIDE,ROLLOVER,ROLINLOC,IMPACT1,DEFORMED,M_HARM,FIRE_EXP,DR_DRINK,DR_PRES,L_STATE,DR_ZIP,L_TYPE,L_STATUS,L_COMPL,L_COMPLNAME,L_RESTRI,DR_HGT,DR_WGT,PREV_DWI,PREV_SPD,PREV_OTH,FIRST_MO,FIRST_MONAME,FIRST_YR,LAST_MO,LAST_YR,SPEEDREL,VTRAFWAY,VNUM_LAN,VSPD_LIM,VALIGN,VPROFILE,VPAVETYP,VSURCOND,VTRAFCON,P_CRASH1,P_CRASH2,P_CRASH3,PCRASH4,PCRASH5,ACC_CONFIG,STATE,RACE,ORDER,MULTRACE,CASENUM,HARM_EV,DAY_WEEK,MONTH,MAXSEV_IM,WEATHR_IM,PER_NO_y,BODY_TYP,AGE_IM,SEX_IM,INJSEV_IM,PER_TYP_y,AIR_BAG_y,EJECT_IM,MAKE,VEH_NO_y,DRIMPAIR_y
450541,1,9,96.0,28.0,1.0,9998.0,-99.0,45.0,27.0,38.0,49.0,4.0,42.0,1.0,1.0,4.0,20.0,7.0,9.0,0.0,0.0,0.0,7.0,45.0,1.0,38.0,1.0,0.0,4T1BF3EK1AU5,2010.0,448.0,2469.0,13.0,49.0,Toyota,40.0,4.0,1.0,0.0,0.0,55.0,7.0,0.0,0.0,12.0,6.0,42.0,0.0,0.0,1.0,45.0,29072.0,1.0,6.0,3.0,Valid license for this class vehicle,3.0,68.0,180.0,0.0,1.0,0.0,3.0,March,2022.0,4.0,2022.0,0.0,1.0,2.0,55.0,2.0,1.0,2.0,1.0,97.0,14.0,12.0,99.0,1.0,4.0,102.0,45.0,1.0,1.0,0.0,202304646462.0,12.0,3.0,1.0,2.0,2.0,1.0,4.0,35.0,1.0,0.0,1.0,20.0,0.0,49.0,2.0,0.0
450545,1,98,96.0,28.0,1.0,3022.0,-99.0,45.0,17.0,25.0,35.0,4.0,27.0,1.0,1.0,4.0,20.0,7.0,20.0,1.0,8.0,108.0,7.0,45.0,1.0,25.0,2.0,0.0,1N4AL3APXEC3,2014.0,478.0,1904.0,13.0,35.0,Nissan/Datsun,47.0,4.0,1.0,0.0,0.0,93.0,7.0,3.0,3.0,12.0,6.0,1.0,0.0,1.0,1.0,45.0,29406.0,1.0,6.0,3.0,Valid license for this class vehicle,0.0,71.0,185.0,0.0,0.0,1.0,9.0,September,2022.0,9.0,2022.0,3.0,3.0,2.0,70.0,1.0,3.0,2.0,1.0,97.0,1.0,12.0,99.0,1.0,4.0,102.0,45.0,2.0,1.0,0.0,202305429030.0,12.0,4.0,11.0,0.0,2.0,1.0,4.0,36.0,2.0,0.0,1.0,20.0,0.0,35.0,2.0,0.0
450547,2,98,96.0,39.0,1.0,1.0,-99.0,45.0,71.0,12.0,12.0,4.0,48.0,1.0,1.0,4.0,20.0,7.0,8.0,0.0,0.0,0.0,7.0,45.0,2.0,12.0,1.0,0.0,1FAHP2MK0FG1,2015.0,460.0,1782.0,13.0,12.0,Ford,17.0,4.0,1.0,0.0,0.0,45.0,0.0,0.0,0.0,12.0,6.0,12.0,0.0,0.0,1.0,45.0,29127.0,1.0,6.0,3.0,Valid license for this class vehicle,0.0,71.0,400.0,0.0,0.0,0.0,0.0,No Record,0.0,0.0,0.0,0.0,1.0,3.0,45.0,1.0,1.0,2.0,1.0,3.0,1.0,17.0,99.0,1.0,1.0,503.0,45.0,1.0,1.0,0.0,202305244573.0,12.0,7.0,8.0,3.0,1.0,1.0,4.0,30.0,1.0,2.0,1.0,8.0,0.0,12.0,2.0,0.0
450548,2,98,96.0,0.0,1.0,0.0,-99.0,45.0,87.0,12.0,20.0,34.0,61.0,1.0,1.0,4.0,3.0,0.0,20.0,0.0,8.0,996.0,7.0,45.0,2.0,12.0,2.0,0.0,1GCEK19T4YZ2,2000.0,467.0,1850.0,60.0,20.0,Chevrolet,481.0,34.0,1.0,0.0,0.0,5.0,0.0,0.0,0.0,9.0,6.0,12.0,0.0,0.0,1.0,45.0,29379.0,1.0,6.0,3.0,Valid license for this class vehicle,0.0,71.0,245.0,0.0,0.0,0.0,0.0,No Record,0.0,0.0,0.0,0.0,1.0,2.0,55.0,1.0,1.0,2.0,1.0,97.0,11.0,15.0,99.0,1.0,1.0,405.0,45.0,2.0,1.0,0.0,202305331663.0,43.0,6.0,10.0,3.0,1.0,1.0,34.0,60.0,1.0,3.0,1.0,9.0,1.0,20.0,1.0,0.0
450551,1,9,96.0,0.0,1.0,5062.0,-99.0,45.0,7.0,33.0,37.0,4.0,27.0,1.0,1.0,4.0,20.0,7.0,9.0,1.0,1.0,120.0,7.0,45.0,1.0,33.0,2.0,0.0,1HGCM56347A0,2007.0,474.0,1861.0,13.0,37.0,Honda,32.0,4.0,1.0,0.0,0.0,55.0,7.0,3.0,5.0,12.0,6.0,30.0,0.0,1.0,1.0,45.0,29627.0,1.0,1.0,2.0,No valid license for this class vehicle,0.0,70.0,148.0,0.0,1.0,0.0,10.0,October,2020.0,2.0,2023.0,4.0,2.0,2.0,55.0,1.0,1.0,2.0,1.0,0.0,1.0,13.0,99.0,1.0,4.0,101.0,45.0,2.0,1.0,0.0,202305011780.0,12.0,2.0,6.0,2.0,10.0,1.0,4.0,31.0,2.0,2.0,1.0,1.0,0.0,37.0,2.0,0.0
450562,1,98,96.0,0.0,1.0,0.0,-99.0,45.0,79.0,12.0,49.0,4.0,73.0,1.0,1.0,0.0,3.0,0.0,20.0,0.0,8.0,996.0,0.0,45.0,2.0,12.0,1.0,0.0,4T1C11AK9NU6,2022.0,448.0,2469.0,13.0,49.0,Toyota,40.0,4.0,1.0,0.0,0.0,0.0,7.0,0.0,0.0,9.0,6.0,12.0,0.0,0.0,1.0,45.0,29229.0,1.0,6.0,3.0,Valid license for this class vehicle,3.0,64.0,150.0,0.0,0.0,0.0,0.0,No Record,0.0,0.0,0.0,0.0,2.0,2.0,25.0,1.0,1.0,2.0,1.0,20.0,5.0,66.0,1.0,1.0,1.0,504.0,45.0,0.0,1.0,0.0,202305460430.0,12.0,2.0,11.0,0.0,1.0,1.0,4.0,20.0,2.0,0.0,1.0,20.0,0.0,49.0,3.0,98.0
450566,1,98,96.0,102.0,1.0,3019.0,-99.0,45.0,11.0,30.0,7.0,2.0,37.0,1.0,1.0,4.0,20.0,7.0,8.0,1.0,8.0,257.0,7.0,45.0,1.0,30.0,1.0,0.0,2C3CDZAG3KH5,2019.0,476.0,1893.0,13.0,7.0,Dodge,28.0,2.0,1.0,0.0,0.0,90.0,7.0,3.0,5.0,12.0,6.0,1.0,0.0,1.0,1.0,37.0,28401.0,1.0,6.0,3.0,Valid license for this class vehicle,0.0,73.0,999.0,0.0,0.0,0.0,0.0,No Record,0.0,0.0,0.0,3.0,1.0,2.0,35.0,2.0,1.0,2.0,1.0,97.0,14.0,12.0,99.0,1.0,4.0,102.0,45.0,1.0,1.0,0.0,202304779320.0,12.0,3.0,2.0,2.0,1.0,1.0,2.0,47.0,1.0,2.0,1.0,1.0,0.0,7.0,1.0,0.0
450567,1,98,96.0,28.0,1.0,3053.0,-99.0,45.0,15.0,12.0,7.0,4.0,32.0,2.0,1.0,4.0,20.0,7.0,8.0,0.0,8.0,0.0,7.0,45.0,3.0,12.0,1.0,0.0,1C3CDZAB0CN3,2012.0,476.0,1892.0,13.0,7.0,Dodge,26.0,4.0,1.0,0.0,0.0,55.0,0.0,0.0,0.0,9.0,6.0,12.0,0.0,0.0,1.0,45.0,29431.0,1.0,6.0,3.0,Valid license for this class vehicle,3.0,66.0,115.0,0.0,0.0,0.0,0.0,No Record,0.0,0.0,0.0,0.0,1.0,2.0,55.0,1.0,1.0,2.0,1.0,0.0,1.0,10.0,99.0,1.0,2.0,301.0,45.0,1.0,1.0,0.0,202305461206.0,8.0,3.0,10.0,2.0,2.0,1.0,4.0,33.0,2.0,0.0,1.0,20.0,0.0,7.0,1.0,0.0
450568,1,9,96.0,0.0,1.0,1.0,-99.0,45.0,83.0,34.0,20.0,34.0,25.0,1.0,1.0,4.0,3.0,0.0,20.0,0.0,1.0,188.0,1.0,45.0,1.0,34.0,4.0,0.0,1GCEC19C97Z5,2007.0,467.0,1850.0,60.0,20.0,Chevrolet,481.0,34.0,1.0,0.0,0.0,60.0,7.0,3.0,5.0,12.0,6.0,43.0,0.0,1.0,1.0,45.0,29306.0,0.0,0.0,0.0,Not licensed,0.0,999.0,999.0,0.0,0.0,0.0,0.0,No Record,0.0,0.0,0.0,4.0,1.0,2.0,35.0,1.0,1.0,2.0,2.0,0.0,1.0,13.0,99.0,1.0,4.0,101.0,45.0,98.0,1.0,0.0,202305250686.0,34.0,6.0,8.0,4.0,1.0,1.0,34.0,25.0,1.0,4.0,1.0,20.0,0.0,20.0,1.0,98.0
450571,1,98,96.0,28.0,1.0,9995.0,-99.0,45.0,59.0,34.0,72.0,80.0,38.0,1.0,1.0,4.0,20.0,7.0,20.0,8.0,8.0,995.0,7.0,45.0,1.0,34.0,1.0,0.0,1HD1KTP14PB6,2023.0,3888.0,12631.0,81.0,72.0,Harley-Davidson,706.0,80.0,1.0,0.0,0.0,37.0,7.0,8.0,8.0,12.0,6.0,32.0,0.0,0.0,1.0,45.0,29360.0,1.0,6.0,3.0,Valid license for this class vehicle,0.0,68.0,250.0,0.0,0.0,0.0,6.0,June,2020.0,8.0,2020.0,4.0,1.0,2.0,55.0,2.0,1.0,2.0,1.0,97.0,14.0,12.0,99.0,1.0,4.0,102.0,45.0,1.0,1.0,0.0,202305244315.0,34.0,1.0,8.0,4.0,1.0,1.0,80.0,38.0,1.0,4.0,1.0,20.0,8.0,72.0,1.0,98.0
450572,1,98,96.0,0.0,1.0,5062.0,-99.0,45.0,59.0,1.0,7.0,14.0,22.0,1.0,1.0,4.0,20.0,7.0,9.0,0.0,0.0,0.0,7.0,45.0,1.0,1.0,1.0,0.0,1D4HR38N63F5,2003.0,476.0,3508.0,7.0,7.0,Dodge,402.0,14.0,1.0,0.0,0.0,55.0,7.0,3.0,5.0,0.0,6.0,42.0,0.0,0.0,1.0,45.0,29654.0,1.0,6.0,3.0,Valid license for this class vehicle,0.0,66.0,115.0,0.0,0.0,0.0,0.0,No Record,0.0,0.0,0.0,4.0,1.0,2.0,55.0,3.0,1.0,2.0,1.0,97.0,14.0,6.0,6.0,4.0,4.0,102.0,45.0,1.0,1.0,0.0,202305244650.0,1.0,7.0,8.0,4.0,1.0,1.0,14.0,22.0,1.0,4.0,1.0,9.0,0.0,7.0,1.0,98.0
450575,1,98,96.0,102.0,1.0,9995.0,-99.0,45.0,83.0,42.0,59.0,4.0,38.0,2.0,1.0,4.0,20.0,7.0,8.0,0.0,8.0,995.0,7.0,45.0,1.0,42.0,2.0,0.0,JTHBA30G5551,2005.0,515.0,2475.0,13.0,59.0,Lexus,31.0,4.0,1.0,0.0,0.0,100.0,7.0,0.0,0.0,12.0,6.0,42.0,0.0,0.0,1.0,45.0,29301.0,1.0,6.0,3.0,Valid license for this class vehicle,0.0,64.0,115.0,0.0,0.0,0.0,10.0,October,2019.0,5.0,2020.0,3.0,5.0,5.0,50.0,1.0,1.0,2.0,1.0,0.0,1.0,13.0,99.0,1.0,4.0,101.0,45.0,2.0,1.0,0.0,202305023400.0,12.0,2.0,6.0,0.0,1.0,1.0,4.0,56.0,1.0,0.0,1.0,20.0,0.0,59.0,2.0,0.0
450576,1,9,96.0,0.0,1.0,5060.0,-99.0,45.0,83.0,12.0,49.0,4.0,67.0,2.0,1.0,4.0,3.0,0.0,9.0,0.0,0.0,0.0,7.0,45.0,2.0,12.0,1.0,0.0,4T1BE32K95U4,2005.0,448.0,2469.0,13.0,49.0,Toyota,40.0,4.0,1.0,0.0,0.0,10.0,0.0,0.0,0.0,3.0,6.0,12.0,0.0,0.0,1.0,45.0,29349.0,1.0,6.0,3.0,Valid license for this class vehicle,0.0,999.0,999.0,0.0,0.0,0.0,0.0,No Record,0.0,0.0,0.0,0.0,1.0,2.0,35.0,1.0,1.0,2.0,1.0,20.0,1.0,17.0,99.0,1.0,1.0,502.0,45.0,1.0,1.0,0.0,202304929830.0,12.0,5.0,5.0,0.0,1.0,1.0,4.0,74.0,2.0,0.0,1.0,20.0,0.0,49.0,2.0,0.0
450581,1,98,96.0,0.0,1.0,9995.0,-99.0,45.0,59.0,12.0,12.0,2.0,68.0,1.0,1.0,4.0,20.0,7.0,9.0,0.0,1.0,995.0,7.0,45.0,2.0,12.0,1.0,0.0,1ZVFT82H2652,2006.0,460.0,1781.0,3.0,12.0,Ford,3.0,2.0,1.0,0.0,0.0,35.0,0.0,0.0,0.0,12.0,6.0,12.0,0.0,1.0,1.0,45.0,29645.0,1.0,6.0,3.0,Valid license for this class vehicle,0.0,70.0,178.0,0.0,0.0,0.0,10.0,October,2020.0,10.0,2020.0,0.0,1.0,2.0,35.0,1.0,2.0,2.0,1.0,97.0,1.0,62.0,6.0,1.0,2.0,302.0,45.0,1.0,1.0,0.0,202305244265.0,12.0,3.0,8.0,4.0,1.0,1.0,2.0,68.0,1.0,4.0,1.0,9.0,0.0,12.0,1.0,98.0
450581,2,98,96.0,28.0,1.0,9995.0,-99.0,45.0,59.0,12.0,35.0,14.0,49.0,1.0,1.0,4.0,20.0,7.0,8.0,0.0,1.0,995.0,7.0,45.0,2.0,12.0,1.0,0.0,5N1AT2MT0LC7,2020.0,478.0,1913.0,8.0,35.0,Nissan/Datsun,404.0,14.0,1.0,0.0,0.0,35.0,0.0,0.0,0.0,12.0,6.0,12.0,0.0,1.0,1.0,45.0,29325.0,1.0,6.0,3.0,Valid license for this class vehicle,0.0,71.0,293.0,0.0,0.0,0.0,0.0,No Record,0.0,0.0,0.0,0.0,1.0,2.0,35.0,1.0,2.0,2.0,1.0,97.0,1.0,10.0,99.0,1.0,2.0,301.0,45.0,1.0,1.0,0.0,202305244265.0,12.0,3.0,8.0,4.0,1.0,1.0,14.0,49.0,1.0,4.0,1.0,8.0,0.0,35.0,2.0,98.0
450593,1,9,96.0,0.0,1.0,1.0,-99.0,45.0,59.0,34.0,63.0,4.0,46.0,1.0,1.0,4.0,20.0,7.0,20.0,1.0,1.0,203.0,7.0,45.0,1.0,34.0,2.0,0.0,5XXGR4A6XCG0,2012.0,499.0,2739.0,13.0,63.0,KIA,34.0,4.0,1.0,0.0,0.0,45.0,7.0,3.0,5.0,12.0,6.0,1.0,0.0,1.0,1.0,45.0,29360.0,1.0,1.0,2.0,No valid license for this class vehicle,0.0,69.0,130.0,0.0,1.0,1.0,8.0,August,2018.0,9.0,2022.0,0.0,1.0,2.0,45.0,1.0,2.0,2.0,2.0,20.0,1.0,13.0,99.0,1.0,4.0,101.0,45.0,1.0,1.0,0.0,202305244280.0,34.0,7.0,8.0,4.0,10.0,1.0,4.0,46.0,1.0,4.0,1.0,20.0,1.0,63.0,1.0,9.0
450599,1,98,96.0,38.0,1.0,0.0,-99.0,45.0,83.0,12.0,49.0,4.0,93.0,1.0,1.0,0.0,3.0,0.0,20.0,0.0,8.0,996.0,0.0,45.0,2.0,12.0,1.0,0.0,4T1BE32K24U2,2004.0,448.0,2469.0,13.0,49.0,Toyota,40.0,4.0,1.0,0.0,0.0,15.0,7.0,0.0,0.0,12.0,6.0,12.0,0.0,0.0,1.0,45.0,29330.0,1.0,6.0,3.0,Valid license for this class vehicle,3.0,66.0,167.0,0.0,0.0,0.0,0.0,No Record,0.0,0.0,0.0,0.0,1.0,2.0,30.0,1.0,1.0,2.0,1.0,0.0,11.0,15.0,99.0,1.0,1.0,414.0,45.0,0.0,1.0,0.0,202304922605.0,12.0,4.0,5.0,1.0,1.0,1.0,4.0,19.0,1.0,1.0,1.0,20.0,0.0,49.0,2.0,0.0
450604,1,9,96.0,0.0,1.0,9998.0,-99.0,45.0,77.0,35.0,37.0,4.0,25.0,1.0,1.0,4.0,20.0,7.0,20.0,0.0,0.0,0.0,7.0,45.0,1.0,35.0,1.0,0.0,1HGCG5657WA2,1998.0,474.0,1861.0,13.0,37.0,Honda,32.0,4.0,1.0,0.0,0.0,60.0,7.0,0.0,0.0,12.0,6.0,19.0,0.0,0.0,1.0,45.0,29640.0,1.0,1.0,2.0,No valid license for this class vehicle,0.0,68.0,140.0,0.0,0.0,0.0,1.0,January,2019.0,10.0,2022.0,0.0,1.0,2.0,45.0,4.0,1.0,2.0,1.0,97.0,14.0,13.0,99.0,1.0,4.0,101.0,45.0,1.0,1.0,0.0,202304879227.0,12.0,2.0,3.0,0.0,10.0,1.0,4.0,16.0,1.0,0.0,1.0,20.0,0.0,37.0,1.0,0.0
450610,1,98,96.0,0.0,1.0,1.0,-99.0,45.0,31.0,35.0,6.0,20.0,14.0,1.0,1.0,4.0,20.0,7.0,2.0,1.0,0.0,170.0,7.0,45.0,1.0,35.0,1.0,0.0,2C4RC1BG4ER4,2014.0,477.0,1936.0,2.0,6.0,Chrysler,441.0,20.0,1.0,0.0,0.0,40.0,7.0,3.0,5.0,12.0,6.0,1.0,0.0,1.0,1.0,45.0,29540.0,0.0,0.0,0.0,Not licensed,0.0,999.0,999.0,0.0,0.0,0.0,0.0,No Record,0.0,0.0,0.0,4.0,1.0,2.0,40.0,1.0,1.0,2.0,1.0,97.0,1.0,12.0,99.0,1.0,4.0,102.0,45.0,1.0,1.0,0.0,202304831294.0,12.0,7.0,3.0,1.0,10.0,1.0,20.0,68.0,2.0,1.0,1.0,20.0,0.0,6.0,1.0,0.0
450625,1,98,96.0,0.0,1.0,0.0,-99.0,45.0,9.0,12.0,35.0,20.0,38.0,1.0,1.0,1.0,3.0,0.0,9.0,0.0,8.0,996.0,0.0,45.0,2.0,12.0,1.0,0.0,3N6CM0KN8LK6,2020.0,478.0,1918.0,95.0,35.0,Nissan/Datsun,446.0,20.0,1.0,0.0,0.0,998.0,0.0,0.0,0.0,12.0,6.0,12.0,0.0,0.0,1.0,45.0,29812.0,1.0,6.0,3.0,Valid license for this class vehicle,0.0,76.0,175.0,0.0,2.0,0.0,9.0,September,2019.0,9.0,2021.0,0.0,1.0,2.0,98.0,1.0,1.0,2.0,1.0,20.0,1.0,17.0,99.0,1.0,1.0,503.0,45.0,0.0,1.0,0.0,202304693016.0,12.0,3.0,1.0,0.0,1.0,1.0,20.0,33.0,1.0,0.0,1.0,20.0,0.0,35.0,2.0,0.0
450635,1,98,17.0,0.0,1.0,0.0,-99.0,45.0,19.0,12.0,7.0,34.0,79.0,1.0,1.0,2.0,3.0,0.0,9.0,0.0,8.0,996.0,0.0,45.0,2.0,12.0,1.0,0.0,1C6SRFFT7NN4,2022.0,496.0,13620.0,60.0,7.0,Dodge,482.0,34.0,1.0,0.0,0.0,55.0,0.0,0.0,0.0,12.0,6.0,12.0,0.0,0.0,1.0,45.0,29485.0,1.0,6.0,3.0,Valid license for this class vehicle,0.0,999.0,999.0,0.0,0.0,0.0,0.0,No Record,0.0,0.0,0.0,0.0,1.0,2.0,55.0,1.0,1.0,2.0,1.0,97.0,1.0,62.0,99.0,1.0,1.0,302.0,45.0,0.0,1.0,0.0,202304835992.0,11.0,3.0,3.0,0.0,5.0,1.0,34.0,31.0,1.0,0.0,1.0,20.0,0.0,7.0,1.0,0.0
450636,1,98,96.0,58.0,1.0,1.0,-99.0,45.0,53.0,12.0,49.0,4.0,21.0,2.0,1.0,4.0,20.0,7.0,20.0,0.0,0.0,0.0,7.0,45.0,2.0,12.0,1.0,0.0,4T1BE46K99U3,2009.0,448.0,2469.0,13.0,49.0,Toyota,40.0,4.0,1.0,0.0,0.0,55.0,0.0,0.0,0.0,3.0,6.0,12.0,0.0,0.0,1.0,45.0,29936.0,1.0,6.0,3.0,Valid license for this class vehicle,0.0,65.0,187.0,0.0,3.0,0.0,2.0,February,2021.0,12.0,2022.0,4.0,1.0,2.0,55.0,3.0,1.0,2.0,2.0,0.0,14.0,6.0,6.0,4.0,2.0,302.0,45.0,2.0,1.0,0.0,202304894405.0,12.0,5.0,4.0,0.0,2.0,1.0,4.0,27.0,1.0,0.0,1.0,20.0,0.0,49.0,1.0,0.0
450641,1,98,96.0,0.0,1.0,3019.0,-99.0,45.0,19.0,42.0,18.0,4.0,34.0,1.0,1.0,4.0,20.0,7.0,9.0,1.0,1.0,130.0,7.0,45.0,1.0,42.0,1.0,0.0,1G4HP52K4VH5,1997.0,468.0,8842.0,13.0,18.0,Buick / Opel,2.0,4.0,1.0,0.0,0.0,65.0,7.0,3.0,5.0,12.0,6.0,1.0,0.0,1.0,1.0,45.0,29426.0,1.0,1.0,2.0,No valid license for this class vehicle,0.0,66.0,195.0,0.0,0.0,0.0,0.0,No Record,0.0,0.0,0.0,4.0,1.0,2.0,45.0,1.0,1.0,2.0,1.0,97.0,1.0,12.0,99.0,1.0,4.0,102.0,45.0,2.0,1.0,0.0,202305476596.0,12.0,6.0,11.0,1.0,1.0,1.0,4.0,36.0,2.0,0.0,1.0,20.0,0.0,18.0,2.0,0.0
450644,1,98,96.0,81.0,1.0,9995.0,-99.0,45.0,43.0,18.0,49.0,4.0,80.0,1.0,1.0,4.0,3.0,0.0,9.0,0.0,8.0,995.0,7.0,45.0,1.0,18.0,1.0,0.0,4T1BK36B97U1,2007.0,448.0,2465.0,13.0,49.0,Toyota,43.0,4.0,1.0,0.0,0.0,55.0,7.0,0.0,0.0,13.0,6.0,18.0,0.0,0.0,1.0,45.0,29554.0,1.0,6.0,3.0,Valid license for this class vehicle,0.0,69.0,150.0,0.0,0.0,0.0,0.0,No Record,0.0,0.0,0.0,0.0,1.0,2.0,55.0,1.0,1.0,2.0,1.0,97.0,1.0,90.0,99.0,1.0,1.0,103.0,45.0,2.0,1.0,0.0,202305232394.0,12.0,5.0,8.0,0.0,1.0,1.0,4.0,23.0,2.0,0.0,1.0,20.0,0.0,49.0,2.0,98.0
450648,1,98,96.0,28.0,1.0,9995.0,-99.0,45.0,79.0,24.0,72.0,80.0,63.0,1.0,1.0,4.0,20.0,7.0,20.0,8.0,8.0,995.0,7.0,45.0,1.0,24.0,1.0,0.0,1HD1FC412AB6,2010.0,3888.0,8509.0,81.0,72.0,Harley-Davidson,706.0,80.0,1.0,0.0,0.0,35.0,7.0,8.0,8.0,12.0,6.0,24.0,0.0,0.0,1.0,45.0,29033.0,1.0,6.0,3.0,Valid license for this class vehicle,0.0,73.0,285.0,0.0,1.0,0.0,6.0,June,2023.0,6.0,2023.0,0.0,6.0,1.0,35.0,2.0,2.0,2.0,1.0,97.0,14.0,12.0,99.0,1.0,4.0,102.0,45.0,1.0,1.0,0.0,202305023615.0,12.0,3.0,6.0,1.0,1.0,1.0,80.0,18.0,1.0,1.0,1.0,20.0,8.0,72.0,1.0,98.0
450657,2,98,96.0,0.0,1.0,0.0,-99.0,45.0,45.0,12.0,82.0,66.0,63.0,1.0,1.0,0.0,3.0,0.0,20.0,0.0,8.0,996.0,0.0,45.0,2.0,12.0,1.0,0.0,3AKJHHDR9PSN,2023.0,450.0,2501.0,66.0,82.0,Freightliner,881.0,66.0,1.0,0.0,0.0,10.0,7.0,0.0,0.0,9.0,6.0,12.0,0.0,0.0,1.0,45.0,29605.0,1.0,6.0,3.0,Valid license for this class vehicle,3.0,77.0,309.0,0.0,0.0,0.0,0.0,No Record,0.0,0.0,0.0,0.0,1.0,2.0,35.0,1.0,1.0,2.0,1.0,20.0,11.0,15.0,99.0,1.0,1.0,414.0,45.0,0.0,1.0,0.0,202304683610.0,12.0,2.0,1.0,0.0,1.0,1.0,66.0,26.0,1.0,0.0,1.0,20.0,0.0,82.0,2.0,0.0
450660,1,98,96.0,38.0,1.0,1.0,-99.0,45.0,83.0,12.0,49.0,5.0,81.0,2.0,1.0,4.0,3.0,0.0,8.0,0.0,8.0,0.0,1.0,45.0,2.0,12.0,3.0,0.0,4T3ZA3BB1EU0,2014.0,448.0,3005.0,7.0,49.0,Toyota,53.0,5.0,1.0,0.0,0.0,35.0,0.0,0.0,0.0,3.0,6.0,12.0,0.0,0.0,1.0,45.0,29322.0,1.0,6.0,3.0,Valid license for this class vehicle,0.0,65.0,200.0,0.0,0.0,0.0,0.0,No Record,0.0,0.0,0.0,0.0,1.0,2.0,35.0,1.0,1.0,2.0,1.0,20.0,1.0,17.0,99.0,1.0,1.0,502.0,45.0,98.0,1.0,0.0,202304660765.0,11.0,1.0,1.0,0.0,1.0,1.0,5.0,20.0,1.0,0.0,1.0,20.0,0.0,49.0,1.0,0.0
450666,2,9,96.0,38.0,1.0,3019.0,-99.0,45.0,83.0,12.0,2.0,14.0,54.0,2.0,1.0,4.0,3.0,0.0,9.0,0.0,0.0,0.0,7.0,45.0,2.0,12.0,4.0,0.0,1J4GS48K85C6,2005.0,483.0,1949.0,7.0,2.0,Jeep / Kaiser-Jeep / Willys- Jeep,404.0,14.0,1.0,0.0,0.0,17.0,0.0,0.0,0.0,9.0,6.0,12.0,0.0,0.0,1.0,45.0,29323.0,1.0,6.0,3.0,Valid license for this class vehicle,0.0,56.0,135.0,0.0,0.0,0.0,0.0,No Record,0.0,0.0,0.0,0.0,1.0,2.0,45.0,1.0,1.0,2.0,1.0,20.0,11.0,15.0,99.0,1.0,1.0,414.0,45.0,1.0,1.0,0.0,202305051917.0,15.0,4.0,4.0,1.0,1.0,1.0,14.0,60.0,1.0,0.0,1.0,20.0,0.0,2.0,1.0,0.0
450670,1,98,96.0,0.0,1.0,0.0,-99.0,45.0,59.0,12.0,85.0,66.0,56.0,1.0,1.0,1.0,3.0,0.0,20.0,0.0,8.0,996.0,0.0,45.0,2.0,12.0,1.0,0.0,1XKYDK9X4PJ2,2023.0,532.0,2733.0,66.0,85.0,Kenworth,881.0,66.0,1.0,0.0,0.0,68.0,7.0,0.0,0.0,12.0,6.0,12.0,0.0,0.0,1.0,37.0,28214.0,1.0,6.0,3.0,Valid license for this class vehicle,3.0,67.0,999.0,0.0,0.0,1.0,6.0,June,2020.0,6.0,2020.0,4.0,3.0,2.0,70.0,1.0,1.0,2.0,2.0,97.0,1.0,51.0,99.0,1.0,1.0,202.0,45.0,0.0,1.0,0.0,202305343666.0,12.0,1.0,9.0,4.0,2.0,1.0,66.0,56.0,1.0,1.0,1.0,20.0,0.0,85.0,1.0,98.0
450670,2,98,96.0,0.0,1.0,3019.0,-99.0,45.0,59.0,12.0,53.0,80.0,55.0,1.0,1.0,4.0,20.0,7.0,20.0,8.0,0.0,0.0,7.0,45.0,2.0,12.0,2.0,0.0,JS1VY51A3W21,1998.0,509.0,10275.0,98.0,53.0,Suzuki,706.0,80.0,1.0,0.0,0.0,5.0,7.0,8.0,8.0,6.0,6.0,12.0,0.0,0.0,1.0,45.0,29609.0,1.0,1.0,2.0,No valid license for this class vehicle,0.0,74.0,180.0,0.0,0.0,0.0,6.0,June,2021.0,6.0,2021.0,0.0,3.0,2.0,70.0,1.0,1.0,2.0,2.0,97.0,1.0,53.0,99.0,1.0,1.0,201.0,45.0,1.0,1.0,0.0,202305343666.0,12.0,1.0,9.0,4.0,2.0,1.0,80.0,55.0,1.0,4.0,1.0,20.0,8.0,53.0,2.0,98.0