ST_CASE,VEH_NO_x,DRIMPAIR_x,DRDISTRACT,DRIVERRF,PER_NO_x,DRUGRES,DRUGACTQTY,STATE_x,COUNTY,HARM_EV_x,MAKE_x,BODY_TYP_x,AGE,SEX,PER_TYP_x,INJ_SEV,REST_USE,REST_MIS,AIR_BAG_x,EJECTION,DRINKING,ALC_RES,HISPANIC,STATE_y,VE_FORMS,HARM_EV_y,NUMOCCS,HIT_RUN,VIN,MOD_YEAR,VPICMAKE,VPICMODEL,VPICBODYCLASS,MAKE_y,MAKENAME,MODEL,BODY_TYP_y,HAZ_INV,HAZ_PLAC,HAZ_ID,TRAV_SP,UNDEROVERRIDE,ROLLOVER,ROLINLOC,IMPACT1,DEFORMED,M_HARM,FIRE_EXP,DR_DRINK,DR_PRES,L_STATE,DR_ZIP,L_TYPE,L_STATUS,L_COMPL,L_COMPLNAME,L_RESTRI,DR_HGT,DR_WGT,PREV_DWI,PREV_SPD,PREV_OTH,FIRST_MO,FIRST_MONAME,FIRST_YR,LAST_MO,LAST_YR,SPEEDREL,VTRAFWAY,VNUM_LAN,VSPD_LIM,VALIGN,VPROFILE,VPAVETYP,VSURCOND,VTRAFCON,P_CRASH1,P_CRASH2,P_CRASH3,PCRASH4,PCRASH5,ACC_CONFIG,STATE,RACE,ORDER,MULTRACE,CASENUM,HARM_EV,DAY_WEEK,MONTH,MAXSEV_IM,WEATHR_IM,PER_NO_y,BODY_TYP,AGE_IM,SEX_IM,INJSEV_IM,PER_TYP_y,AIR_BAG_y,EJECT_IM,MAKE,VEH_NO_y,DRIMPAIR_y
450671,1,98,96.0,0.0,1.0,5062.0,-99.0,45.0,15.0,1.0,35.0,4.0,17.0,1.0,1.0,4.0,3.0,0.0,8.0,0.0,1.0,157.0,1.0,45.0,1.0,1.0,1.0,0.0,1N4AL3AP8FC5,2015.0,478.0,1904.0,13.0,35.0,Nissan/Datsun,47.0,4.0,1.0,0.0,0.0,55.0,7.0,3.0,5.0,0.0,6.0,30.0,0.0,1.0,1.0,45.0,29461.0,0.0,0.0,0.0,Not licensed,0.0,999.0,999.0,0.0,0.0,0.0,0.0,No Record,0.0,0.0,0.0,4.0,1.0,2.0,55.0,3.0,2.0,2.0,1.0,0.0,14.0,12.0,99.0,1.0,4.0,102.0,45.0,98.0,1.0,0.0,202304774131.0,12.0,7.0,1.0,0.0,1.0,1.0,4.0,51.0,2.0,0.0,1.0,20.0,0.0,35.0,1.0,0.0
450677,1,98,96.0,34.0,1.0,9996.0,-99.0,45.0,39.0,12.0,35.0,14.0,56.0,1.0,1.0,4.0,3.0,0.0,8.0,0.0,8.0,0.0,7.0,45.0,2.0,12.0,1.0,0.0,KNMAT2MVXKP5,2019.0,478.0,1913.0,7.0,35.0,Nissan/Datsun,404.0,14.0,1.0,0.0,0.0,55.0,0.0,0.0,0.0,3.0,6.0,42.0,0.0,0.0,1.0,45.0,29053.0,1.0,6.0,3.0,Valid license for this class vehicle,0.0,77.0,238.0,0.0,0.0,2.0,10.0,October,2022.0,3.0,2023.0,0.0,1.0,2.0,55.0,1.0,1.0,2.0,1.0,0.0,6.0,10.0,99.0,1.0,2.0,406.0,45.0,2.0,1.0,0.0,202305095789.0,12.0,4.0,7.0,1.0,1.0,1.0,14.0,55.0,1.0,0.0,1.0,20.0,0.0,35.0,2.0,0.0
450678,2,9,96.0,28.0,1.0,9995.0,-99.0,45.0,15.0,12.0,37.0,4.0,19.0,1.0,1.0,1.0,20.0,7.0,7.0,0.0,1.0,995.0,0.0,45.0,2.0,12.0,4.0,0.0,19XFB2F83FE0,2015.0,474.0,1863.0,13.0,37.0,Honda,31.0,4.0,1.0,0.0,0.0,98.0,0.0,0.0,0.0,12.0,6.0,12.0,0.0,1.0,1.0,45.0,29483.0,1.0,6.0,3.0,Valid license for this class vehicle,0.0,71.0,127.0,0.0,0.0,0.0,2.0,February,2022.0,2.0,2023.0,3.0,5.0,5.0,45.0,1.0,1.0,2.0,1.0,0.0,1.0,10.0,99.0,1.0,2.0,301.0,45.0,0.0,1.0,0.0,202305191256.0,12.0,4.0,8.0,1.0,1.0,1.0,4.0,23.0,1.0,1.0,1.0,8.0,0.0,37.0,2.0,0.0
450680,1,98,96.0,38.0,1.0,1059.0,-99.0,45.0,21.0,12.0,35.0,6.0,60.0,1.0,1.0,4.0,3.0,0.0,2.0,0.0,8.0,210.0,7.0,45.0,2.0,12.0,1.0,0.0,JN8AZ28R19T1,2009.0,478.0,2341.0,7.0,35.0,Nissan/Datsun,52.0,6.0,1.0,0.0,0.0,15.0,0.0,0.0,0.0,9.0,6.0,12.0,0.0,1.0,1.0,37.0,28114.0,1.0,6.0,3.0,Valid license for this class vehicle,3.0,999.0,999.0,0.0,1.0,0.0,5.0,May,2022.0,5.0,2022.0,0.0,0.0,0.0,0.0,0.0,0.0,0.0,0.0,0.0,4.0,17.0,99.0,1.0,1.0,504.0,45.0,1.0,1.0,0.0,202305105061.0,42.0,7.0,6.0,2.0,1.0,1.0,6.0,41.0,1.0,2.0,1.0,8.0,0.0,35.0,1.0,0.0
450681,1,98,96.0,0.0,1.0,0.0,-99.0,45.0,43.0,12.0,54.0,15.0,41.0,2.0,1.0,0.0,3.0,0.0,20.0,0.0,8.0,996.0,0.0,45.0,2.0,12.0,1.0,0.0,5FRYD4H24EB0,2014.0,475.0,2147.0,7.0,54.0,Acura,421.0,15.0,1.0,0.0,0.0,35.0,0.0,0.0,0.0,6.0,4.0,12.0,0.0,0.0,1.0,45.0,29585.0,1.0,6.0,3.0,Valid license for this class vehicle,0.0,69.0,140.0,0.0,0.0,0.0,0.0,No Record,0.0,0.0,0.0,0.0,2.0,2.0,45.0,1.0,1.0,2.0,1.0,97.0,1.0,53.0,99.0,1.0,1.0,201.0,45.0,0.0,1.0,0.0,202304981856.0,12.0,2.0,3.0,2.0,1.0,1.0,15.0,40.0,1.0,1.0,1.0,20.0,0.0,54.0,2.0,0.0
450687,1,9,96.0,0.0,1.0,1.0,-99.0,45.0,45.0,42.0,63.0,4.0,26.0,1.0,1.0,4.0,20.0,7.0,8.0,0.0,1.0,210.0,7.0,45.0,1.0,42.0,1.0,0.0,3KPFK4A71HE0,2017.0,499.0,2462.0,13.0,63.0,KIA,38.0,4.0,1.0,0.0,0.0,80.0,7.0,0.0,0.0,12.0,6.0,42.0,0.0,1.0,1.0,45.0,29607.0,1.0,6.0,3.0,Valid license for this class vehicle,0.0,72.0,250.0,0.0,1.0,0.0,5.0,May,2020.0,5.0,2020.0,4.0,2.0,2.0,45.0,1.0,1.0,2.0,1.0,0.0,1.0,13.0,99.0,1.0,4.0,101.0,45.0,1.0,1.0,0.0,202305189683.0,12.0,5.0,8.0,0.0,1.0,1.0,4.0,24.0,2.0,0.0,1.0,20.0,0.0,63.0,1.0,0.0
450693,1,9,96.0,0.0,1.0,9995.0,-99.0,45.0,39.0,59.0,12.0,4.0,23.0,2.0,1.0,1.0,20.0,7.0,8.0,0.0,1.0,995.0,0.0,45.0,1.0,59.0,2.0,0.0,3FA6P0G71FR2,2015.0,460.0,1780.0,13.0,12.0,Ford,23.0,4.0,1.0,0.0,0.0,26.0,7.0,0.0,0.0,12.0,6.0,31.0,0.0,1.0,1.0,45.0,29180.0,1.0,6.0,3.0,Valid license for this class vehicle,0.0,59.0,120.0,0.0,0.0,0.0,0.0,No Record,0.0,0.0,0.0,0.0,1.0,2.0,25.0,4.0,1.0,2.0,1.0,97.0,14.0,13.0,99.0,9.0,4.0,101.0,45.0,0.0,1.0,0.0,202304911197.0,12.0,5.0,4.0,0.0,1.0,1.0,4.0,18.0,1.0,0.0,1.0,20.0,0.0,12.0,1.0,0.0
450698,1,9,96.0,24.0,1.0,3019.0,-99.0,45.0,53.0,12.0,98.0,84.0,41.0,1.0,1.0,4.0,20.0,7.0,20.0,8.0,1.0,310.0,7.0,45.0,2.0,12.0,1.0,0.0,RFGBS1D00EXA,2014.0,3122.0,10456.0,12.0,98.0,Other Make,701.0,84.0,1.0,0.0,0.0,35.0,7.0,8.0,8.0,6.0,6.0,12.0,0.0,1.0,1.0,13.0,31206.0,1.0,1.0,2.0,No valid license for this class vehicle,0.0,999.0,999.0,0.0,0.0,1.0,7.0,July,2019.0,7.0,2019.0,0.0,3.0,2.0,70.0,1.0,1.0,1.0,1.0,0.0,1.0,53.0,99.0,1.0,1.0,201.0,45.0,1.0,1.0,0.0,202305113506.0,12.0,3.0,6.0,2.0,1.0,1.0,84.0,27.0,1.0,2.0,1.0,20.0,8.0,98.0,1.0,0.0
450700,2,98,96.0,51.0,1.0,1.0,-99.0,45.0,73.0,12.0,55.0,4.0,23.0,1.0,1.0,4.0,20.0,7.0,20.0,0.0,0.0,0.0,7.0,45.0,2.0,12.0,3.0,0.0,5NPEB4AC9DH5,2013.0,498.0,2459.0,13.0,55.0,Hyundai,33.0,4.0,1.0,0.0,0.0,52.0,0.0,0.0,0.0,12.0,6.0,12.0,0.0,0.0,1.0,45.0,29607.0,1.0,6.0,3.0,Valid license for this class vehicle,0.0,75.0,246.0,0.0,0.0,0.0,0.0,No Record,0.0,0.0,0.0,0.0,1.0,2.0,35.0,1.0,1.0,2.0,1.0,97.0,1.0,54.0,99.0,1.0,1.0,301.0,45.0,2.0,1.0,0.0,202304894569.0,14.0,7.0,2.0,0.0,1.0,1.0,4.0,30.0,2.0,0.0,1.0,98.0,0.0,55.0,1.0,99.0
450707,1,98,96.0,0.0,1.0,9995.0,-99.0,45.0,83.0,12.0,37.0,4.0,28.0,1.0,1.0,2.0,99.0,7.0,8.0,0.0,0.0,995.0,0.0,45.0,2.0,12.0,3.0,0.0,1HGCP26869A0,2009.0,474.0,1861.0,13.0,37.0,Honda,32.0,4.0,1.0,0.0,0.0,40.0,0.0,0.0,0.0,12.0,6.0,12.0,0.0,0.0,1.0,45.0,29303.0,1.0,6.0,3.0,Valid license for this class vehicle,3.0,66.0,140.0,0.0,2.0,0.0,3.0,March,2019.0,6.0,2023.0,0.0,1.0,3.0,40.0,4.0,1.0,2.0,1.0,97.0,14.0,62.0,99.0,1.0,1.0,302.0,45.0,0.0,1.0,0.0,202305154423.0,12.0,7.0,5.0,1.0,2.0,1.0,4.0,21.0,2.0,1.0,1.0,9.0,0.0,37.0,1.0,98.0
450709,1,98,96.0,0.0,1.0,5062.0,-99.0,45.0,45.0,12.0,73.0,80.0,24.0,1.0,1.0,4.0,20.0,7.0,20.0,8.0,0.0,47.0,7.0,45.0,3.0,12.0,1.0,0.0,JKBZXVM18PA0,2023.0,510.0,3197.0,80.0,73.0,Kawasaki,706.0,80.0,1.0,0.0,0.0,78.0,7.0,8.0,8.0,12.0,6.0,12.0,0.0,1.0,1.0,45.0,29651.0,1.0,6.0,3.0,Valid license for this class vehicle,0.0,70.0,245.0,0.0,0.0,0.0,9.0,September,2019.0,1.0,2021.0,3.0,2.0,3.0,45.0,1.0,2.0,2.0,1.0,3.0,1.0,67.0,99.0,1.0,1.0,415.0,45.0,2.0,1.0,0.0,202305147356.0,1.0,6.0,5.0,2.0,1.0,1.0,80.0,20.0,1.0,2.0,1.0,20.0,8.0,73.0,1.0,98.0
450709,2,98,96.0,0.0,1.0,9995.0,-99.0,45.0,45.0,12.0,55.0,4.0,82.0,2.0,1.0,0.0,3.0,0.0,20.0,0.0,0.0,995.0,0.0,45.0,3.0,12.0,1.0,0.0,KMHWF35H43A8,2003.0,498.0,2459.0,13.0,55.0,Hyundai,33.0,4.0,1.0,0.0,0.0,15.0,7.0,0.0,0.0,3.0,6.0,12.0,0.0,0.0,1.0,45.0,29651.0,1.0,6.0,3.0,Valid license for this class vehicle,3.0,66.0,205.0,0.0,0.0,0.0,0.0,No Record,0.0,0.0,0.0,0.0,2.0,3.0,45.0,1.0,2.0,2.0,1.0,97.0,11.0,15.0,99.0,1.0,1.0,414.0,45.0,0.0,1.0,0.0,202305286774.0,12.0,2.0,10.0,2.0,1.0,1.0,4.0,55.0,1.0,2.0,1.0,9.0,0.0,55.0,1.0,98.0
450714,1,9,96.0,58.0,1.0,1.0,-99.0,45.0,79.0,1.0,14.0,14.0,53.0,2.0,1.0,4.0,20.0,7.0,20.0,1.0,1.0,308.0,7.0,45.0,1.0,1.0,2.0,0.0,4M2DU86PXYUJ,2000.0,465.0,1816.0,7.0,14.0,Mercury,401.0,14.0,1.0,0.0,0.0,60.0,7.0,3.0,5.0,0.0,6.0,1.0,0.0,1.0,1.0,45.0,29577.0,1.0,6.0,3.0,Valid license for this class vehicle,3.0,66.0,156.0,0.0,0.0,0.0,3.0,March,2019.0,3.0,2019.0,3.0,6.0,1.0,45.0,3.0,2.0,8.0,1.0,97.0,14.0,13.0,99.0,9.0,4.0,101.0,45.0,2.0,1.0,0.0,202304760008.0,24.0,5.0,2.0,2.0,4.0,1.0,14.0,37.0,2.0,0.0,1.0,1.0,0.0,14.0,1.0,0.0
450715,1,98,96.0,0.0,1.0,1.0,-99.0,45.0,55.0,26.0,20.0,15.0,48.0,2.0,1.0,4.0,99.0,7.0,20.0,0.0,0.0,0.0,7.0,45.0,2.0,26.0,7.0,0.0,1GNEC13Z33R1,2003.0,467.0,1852.0,7.0,20.0,Chevrolet,421.0,15.0,1.0,0.0,0.0,87.0,0.0,3.0,3.0,9.0,6.0,1.0,0.0,0.0,1.0,45.0,29010.0,1.0,6.0,3.0,Valid license for this class vehicle,0.0,68.0,252.0,0.0,0.0,0.0,2.0,February,2021.0,2.0,2021.0,0.0,3.0,2.0,70.0,1.0,1.0,2.0,1.0,0.0,1.0,62.0,7.0,1.0,1.0,998.0,45.0,2.0,1.0,0.0,202304747374.0,12.0,2.0,2.0,0.0,10.0,1.0,15.0,55.0,1.0,0.0,1.0,20.0,0.0,20.0,2.0,98.0
450719,1,98,96.0,102.0,1.0,0.0,-99.0,45.0,59.0,12.0,20.0,34.0,25.0,1.0,1.0,1.0,3.0,0.0,9.0,0.0,0.0,996.0,0.0,45.0,2.0,12.0,2.0,0.0,1GCEC14CX8E1,2008.0,467.0,1850.0,60.0,20.0,Chevrolet,481.0,34.0,1.0,0.0,0.0,998.0,0.0,0.0,0.0,12.0,6.0,12.0,0.0,0.0,1.0,45.0,29303.0,0.0,0.0,0.0,Not licensed,0.0,999.0,999.0,0.0,0.0,0.0,0.0,No Record,0.0,0.0,0.0,0.0,1.0,2.0,45.0,1.0,1.0,2.0,1.0,20.0,1.0,66.0,99.0,1.0,1.0,501.0,45.0,0.0,1.0,0.0,202305456800.0,12.0,1.0,10.0,4.0,1.0,1.0,34.0,25.0,1.0,1.0,1.0,9.0,0.0,20.0,1.0,98.0
450721,1,98,96.0,0.0,1.0,9995.0,-99.0,45.0,83.0,12.0,35.0,4.0,34.0,2.0,1.0,1.0,3.0,0.0,20.0,0.0,0.0,995.0,0.0,45.0,2.0,12.0,1.0,0.0,1N4AL2AP3AC1,2010.0,478.0,1904.0,13.0,35.0,Nissan/Datsun,47.0,4.0,1.0,0.0,0.0,35.0,7.0,0.0,0.0,12.0,6.0,12.0,0.0,0.0,1.0,45.0,29316.0,1.0,6.0,3.0,Valid license for this class vehicle,3.0,67.0,167.0,0.0,0.0,0.0,10.0,October,2022.0,8.0,2023.0,0.0,1.0,2.0,35.0,3.0,1.0,2.0,1.0,0.0,14.0,62.0,99.0,1.0,1.0,302.0,45.0,0.0,1.0,0.0,202305421694.0,12.0,7.0,11.0,3.0,2.0,1.0,4.0,50.0,2.0,3.0,1.0,1.0,0.0,35.0,1.0,0.0
450732,1,98,96.0,0.0,1.0,9995.0,-99.0,45.0,15.0,12.0,55.0,4.0,43.0,2.0,1.0,2.0,3.0,0.0,8.0,0.0,0.0,995.0,0.0,45.0,2.0,12.0,1.0,0.0,KMHGN4JE9FU0,2015.0,498.0,2774.0,13.0,55.0,Hyundai,41.0,4.0,1.0,0.0,0.0,50.0,0.0,0.0,0.0,12.0,6.0,12.0,0.0,0.0,1.0,45.0,29461.0,1.0,6.0,3.0,Valid license for this class vehicle,3.0,67.0,220.0,0.0,0.0,0.0,5.0,May,2023.0,5.0,2023.0,0.0,5.0,5.0,50.0,1.0,1.0,2.0,1.0,97.0,1.0,67.0,99.0,1.0,1.0,415.0,45.0,0.0,1.0,0.0,202304652976.0,12.0,1.0,1.0,0.0,1.0,1.0,4.0,18.0,2.0,0.0,1.0,9.0,0.0,55.0,2.0,0.0
450734,1,98,96.0,0.0,1.0,9995.0,-99.0,45.0,41.0,12.0,6.0,4.0,46.0,2.0,1.0,0.0,3.0,0.0,20.0,0.0,0.0,995.0,0.0,45.0,3.0,12.0,1.0,0.0,1C3CCCAB9GN1,2016.0,477.0,2053.0,13.0,6.0,Chrysler,18.0,4.0,1.0,0.0,0.0,20.0,7.0,0.0,0.0,81.0,6.0,12.0,0.0,0.0,1.0,45.0,29501.0,1.0,6.0,3.0,Valid license for this class vehicle,0.0,65.0,179.0,0.0,0.0,0.0,0.0,No Record,0.0,0.0,0.0,0.0,1.0,2.0,40.0,1.0,1.0,2.0,1.0,20.0,1.0,17.0,99.0,1.0,1.0,502.0,45.0,0.0,1.0,0.0,202304724105.0,12.0,4.0,2.0,0.0,1.0,1.0,4.0,51.0,2.0,0.0,1.0,98.0,0.0,6.0,1.0,99.0
450734,3,98,96.0,0.0,1.0,9995.0,-99.0,45.0,41.0,12.0,7.0,15.0,56.0,1.0,1.0,0.0,3.0,0.0,20.0,0.0,0.0,995.0,0.0,45.0,3.0,12.0,3.0,0.0,1C4RDHDG1FC7,2015.0,476.0,3508.0,7.0,7.0,Dodge,422.0,15.0,1.0,0.0,0.0,0.0,7.0,0.0,0.0,98.0,2.0,18.0,0.0,0.0,1.0,45.0,29506.0,1.0,6.0,3.0,Valid license for this class vehicle,0.0,69.0,140.0,0.0,0.0,0.0,7.0,July,2021.0,5.0,2022.0,0.0,1.0,2.0,0.0,1.0,1.0,2.0,1.0,20.0,5.0,90.0,1.0,1.0,1.0,998.0,45.0,0.0,1.0,0.0,202305306208.0,12.0,5.0,10.0,0.0,1.0,1.0,15.0,32.0,2.0,0.0,1.0,9.0,0.0,7.0,1.0,98.0
450740,2,98,96.0,28.0,1.0,9995.0,-99.0,45.0,91.0,12.0,37.0,4.0,24.0,2.0,1.0,4.0,99.0,7.0,99.0,0.0,8.0,995.0,1.0,45.0,2.0,12.0,1.0,0.0,1HGCP26889A0,2009.0,474.0,1861.0,13.0,37.0,Honda,32.0,4.0,1.0,0.0,0.0,100.0,0.0,0.0,0.0,12.0,6.0,42.0,1.0,0.0,1.0,45.0,29229.0,1.0,6.0,3.0,Valid license for this class vehicle,0.0,62.0,101.0,0.0,1.0,0.0,6.0,June,2023.0,6.0,2023.0,3.0,3.0,4.0,60.0,1.0,1.0,2.0,1.0,97.0,1.0,51.0,99.0,1.0,1.0,202.0,45.0,98.0,1.0,0.0,202305078517.0,12.0,3.0,6.0,0.0,1.0,1.0,4.0,22.0,2.0,0.0,1.0,1.0,0.0,37.0,1.0,2.0
450754,1,98,96.0,28.0,1.0,1.0,-99.0,45.0,1.0,12.0,35.0,4.0,16.0,1.0,1.0,4.0,20.0,7.0,8.0,0.0,0.0,0.0,7.0,45.0,3.0,12.0,2.0,0.0,1N4AL3APXDN5,2013.0,478.0,1904.0,13.0,35.0,Nissan/Datsun,47.0,4.0,1.0,0.0,0.0,55.0,0.0,0.0,0.0,61.0,6.0,12.0,0.0,0.0,1.0,45.0,29628.0,2.0,6.0,3.0,Valid license for this class vehicle,0.0,71.0,175.0,0.0,2.0,0.0,3.0,March,2023.0,5.0,2023.0,0.0,1.0,2.0,55.0,1.0,1.0,2.0,1.0,97.0,1.0,10.0,99.0,1.0,2.0,301.0,45.0,1.0,1.0,0.0,202304854102.0,12.0,6.0,3.0,0.0,1.0,1.0,4.0,19.0,2.0,0.0,1.0,20.0,0.0,35.0,2.0,0.0
450755,1,98,96.0,0.0,1.0,9995.0,-99.0,45.0,19.0,12.0,35.0,4.0,25.0,1.0,1.0,0.0,20.0,7.0,20.0,0.0,0.0,995.0,0.0,45.0,3.0,12.0,1.0,0.0,1N4AL2AP1CC2,2012.0,478.0,1904.0,13.0,35.0,Nissan/Datsun,47.0,4.0,1.0,0.0,0.0,65.0,0.0,0.0,0.0,12.0,6.0,12.0,0.0,0.0,1.0,45.0,29420.0,1.0,6.0,3.0,Valid license for this class vehicle,0.0,82.0,210.0,0.0,1.0,0.0,3.0,March,2021.0,8.0,2021.0,4.0,3.0,3.0,65.0,1.0,1.0,2.0,1.0,0.0,1.0,51.0,99.0,1.0,1.0,202.0,45.0,0.0,1.0,0.0,202304668265.0,12.0,5.0,1.0,0.0,10.0,1.0,4.0,20.0,1.0,0.0,1.0,20.0,0.0,35.0,2.0,0.0
450757,1,98,96.0,0.0,1.0,9995.0,-99.0,45.0,55.0,12.0,35.0,6.0,26.0,1.0,1.0,0.0,3.0,0.0,8.0,0.0,0.0,995.0,0.0,45.0,3.0,12.0,2.0,0.0,JN8AS5MV5DW6,2013.0,478.0,1913.0,8.0,35.0,Nissan/Datsun,51.0,6.0,1.0,0.0,0.0,55.0,0.0,0.0,0.0,9.0,6.0,12.0,0.0,0.0,1.0,45.0,29150.0,1.0,6.0,3.0,Valid license for this class vehicle,0.0,72.0,160.0,0.0,1.0,1.0,4.0,April,2019.0,11.0,2020.0,0.0,1.0,2.0,55.0,1.0,1.0,2.0,1.0,0.0,1.0,62.0,99.0,1.0,1.0,302.0,45.0,0.0,1.0,0.0,202304911185.0,39.0,1.0,4.0,3.0,2.0,1.0,6.0,23.0,2.0,2.0,1.0,8.0,0.0,35.0,1.0,0.0
450769,1,9,96.0,0.0,1.0,3033.0,-99.0,45.0,85.0,34.0,6.0,4.0,66.0,1.0,1.0,2.0,20.0,7.0,8.0,0.0,1.0,59.0,0.0,45.0,1.0,34.0,2.0,0.0,1C3CCCAB9GN1,2016.0,477.0,2053.0,13.0,6.0,Chrysler,18.0,4.0,1.0,0.0,0.0,71.0,7.0,3.0,5.0,12.0,6.0,34.0,0.0,1.0,1.0,45.0,29153.0,1.0,1.0,2.0,No valid license for this class vehicle,0.0,67.0,160.0,0.0,0.0,0.0,5.0,May,2022.0,5.0,2022.0,0.0,1.0,2.0,55.0,1.0,1.0,2.0,1.0,97.0,1.0,13.0,99.0,1.0,4.0,101.0,45.0,0.0,1.0,0.0,202304724105.0,12.0,4.0,2.0,0.0,1.0,1.0,4.0,51.0,2.0,0.0,1.0,98.0,0.0,6.0,1.0,99.0
450771,1,9,96.0,0.0,1.0,9995.0,-99.0,45.0,59.0,34.0,35.0,2.0,22.0,2.0,1.0,4.0,20.0,7.0,8.0,2.0,1.0,995.0,7.0,45.0,1.0,34.0,2.0,0.0,1N4AL2EP6CC2,2012.0,478.0,1904.0,3.0,35.0,Nissan/Datsun,47.0,2.0,1.0,0.0,0.0,60.0,7.0,0.0,0.0,12.0,6.0,42.0,0.0,1.0,1.0,45.0,29360.0,1.0,1.0,2.0,No valid license for this class vehicle,0.0,65.0,100.0,0.0,2.0,2.0,9.0,September,2019.0,8.0,2022.0,0.0,1.0,2.0,45.0,1.0,2.0,2.0,1.0,97.0,1.0,13.0,99.0,1.0,4.0,101.0,45.0,2.0,1.0,0.0,202305671367.0,12.0,4.0,7.0,2.0,1.0,1.0,2.0,30.0,1.0,2.0,1.0,8.0,0.0,35.0,1.0,0.0
450786,1,98,96.0,39.0,1.0,0.0,-99.0,45.0,41.0,12.0,55.0,4.0,65.0,2.0,1.0,3.0,3.0,0.0,20.0,0.0,8.0,996.0,0.0,45.0,2.0,12.0,2.0,0.0,3KPC24A33KE0,2019.0,498.0,2773.0,13.0,55.0,Hyundai,36.0,4.0,1.0,0.0,0.0,20.0,0.0,0.0,0.0,81.0,6.0,12.0,0.0,0.0,1.0,45.0,29560.0,1.0,6.0,3.0,Valid license for this class vehicle,0.0,63.0,180.0,0.0,0.0,0.0,0.0,No Record,0.0,0.0,0.0,0.0,1.0,2.0,55.0,1.0,1.0,2.0,1.0,20.0,1.0,66.0,99.0,1.0,1.0,502.0,45.0,0.0,1.0,0.0,202305398505.0,12.0,2.0,11.0,0.0,1.0,1.0,4.0,25.0,2.0,0.0,1.0,20.0,0.0,55.0,2.0,0.0
450790,1,9,96.0,0.0,1.0,5062.0,-99.0,45.0,19.0,42.0,19.0,6.0,25.0,2.0,1.0,3.0,20.0,7.0,8.0,0.0,1.0,90.0,0.0,45.0,1.0,42.0,5.0,0.0,3GYFNAEY8AS6,2010.0,469.0,1844.0,7.0,19.0,Cadillac,20.0,6.0,1.0,0.0,0.0,90.0,7.0,3.0,5.0,12.0,6.0,42.0,0.0,1.0,1.0,45.0,29412.0,1.0,6.0,3.0,Valid license for this class vehicle,3.0,62.0,157.0,0.0,0.0,0.0,12.0,December,2019.0,11.0,2021.0,3.0,1.0,2.0,40.0,3.0,1.0,2.0,1.0,40.0,14.0,13.0,99.0,1.0,4.0,101.0,45.0,0.0,1.0,0.0,202305453754.0,12.0,4.0,10.0,0.0,1.0,1.0,6.0,45.0,2.0,0.0,1.0,8.0,0.0,19.0,2.0,0.0
450792,1,98,96.0,0.0,1.0,0.0,-99.0,45.0,65.0,12.0,20.0,34.0,51.0,2.0,1.0,0.0,3.0,0.0,20.0,0.0,8.0,996.0,0.0,45.0,2.0,12.0,4.0,0.0,3GCPKSE79CG2,2012.0,467.0,1850.0,60.0,20.0,Chevrolet,481.0,34.0,1.0,0.0,0.0,10.0,7.0,0.0,0.0,3.0,6.0,12.0,0.0,0.0,1.0,45.0,29472.0,1.0,6.0,3.0,Valid license for this class vehicle,0.0,66.0,140.0,0.0,0.0,0.0,0.0,No Record,0.0,0.0,0.0,0.0,1.0,2.0,35.0,2.0,2.0,2.0,1.0,20.0,14.0,15.0,99.0,1.0,1.0,998.0,45.0,0.0,1.0,0.0,202304877112.0,8.0,4.0,3.0,4.0,1.0,1.0,34.0,22.0,1.0,0.0,1.0,20.0,0.0,20.0,1.0,98.0
450798,2,98,96.0,0.0,1.0,1.0,-99.0,45.0,83.0,12.0,12.0,4.0,35.0,1.0,1.0,4.0,3.0,0.0,8.0,0.0,0.0,0.0,1.0,45.0,2.0,12.0,1.0,0.0,3FA6P0HD6JR2,2018.0,460.0,1780.0,13.0,12.0,Ford,23.0,4.0,1.0,0.0,0.0,60.0,1.0,0.0,0.0,12.0,6.0,12.0,0.0,0.0,1.0,37.0,28269.0,1.0,6.0,3.0,Valid license for this class vehicle,3.0,69.0,999.0,0.0,0.0,1.0,7.0,July,2023.0,7.0,2023.0,4.0,3.0,3.0,60.0,1.0,1.0,2.0,1.0,0.0,1.0,50.0,99.0,1.0,1.0,202.0,45.0,98.0,1.0,0.0,202304953828.0,12.0,2.0,5.0,0.0,1.0,1.0,4.0,19.0,2.0,0.0,1.0,20.0,0.0,12.0,2.0,0.0
450799,1,9,96.0,0.0,1.0,5062.0,-99.0,45.0,75.0,12.0,37.0,4.0,31.0,1.0,1.0,4.0,20.0,7.0,20.0,1.0,1.0,252.0,7.0,45.0,2.0,12.0,1.0,0.0,1HGCM56313A1,2003.0,474.0,1861.0,13.0,37.0,Honda,32.0,4.0,1.0,0.0,0.0,60.0,0.0,0.0,0.0,81.0,6.0,12.0,0.0,1.0,1.0,45.0,29047.0,1.0,1.0,2.0,No valid license for this class vehicle,0.0,70.0,150.0,0.0,0.0,0.0,12.0,December,2022.0,9.0,2023.0,3.0,1.0,2.0,60.0,1.0,1.0,2.0,1.0,97.0,1.0,10.0,99.0,9.0,2.0,301.0,45.0,2.0,1.0,0.0,202305086412.0,12.0,2.0,7.0,2.0,1.0,1.0,4.0,78.0,2.0,2.0,1.0,2.0,0.0,37.0,1.0,0.0