ST_CASE,VEH_NO_x,DRIMPAIR_x,DRDISTRACT,DRIVERRF,PER_NO_x,DRUGRES,DRUGACTQTY,STATE_x,COUNTY,HARM_EV_x,MAKE_x,BODY_TYP_x,AGE,SEX,PER_TYP_x,INJ_SEV,REST_USE,REST_MIS,AIR_BAG_x,EJECTION,DRINKING,ALC_RES,HISPANIC,STATE_y,VE_FORMS,HARM_EV_y,NUMOCCS,HIT_RUN,VIN,MOD_YEAR,VPICMAKE,VPICMODEL,VPICBODYCLASS,MAKE_y,MAKENAME,MODEL,BODY_TYP_y,HAZ_INV,HAZ_PLAC,HAZ_ID,TRAV_SP,UNDEROVERRIDE,ROLLOVER,ROLINLOC,IMPACT1,DEFORMED,M_HARM,FIRE_EXP,DR_DRINK,DR_PRES,L_STATE,DR_ZIP,L_TYPE,L_STATUS,L_COMPL,L_COMPLNAME,L_RESTRI,DR_HGT,DR_WGT,PREV_DWI,PREV_SPD,PREV_OTH,FIRST_MO,FIRST_MONAME,FIRST_YR,LAST_MO,LAST_YR,SPEEDREL,VTRAFWAY,VNUM_LAN,VSPD_LIM,VALIGN,VPROFILE,VPAVETYP,VSURCOND,VTRAFCON,P_CRASH1,P_CRASH2,P_CRASH3,PCRASH4,PCRASH5,ACC_CONFIG,STATE,RACE,ORDER,MULTRACE,CASENUM,HARM_EV,DAY_WEEK,MONTH,MAXSEV_IM,WEATHR_IM,PER_NO_y,BODY_TYP,AGE_IM,SEX_IM,INJSEV_IM,PER_TYP_y,AIR_BAG_y,EJECT_IM,MAKE,VEH_NO_y,DRIMPAIR_y
450808,1,98,96.0,0.0,1.0,1.0,-99.0,45.0,45.0,42.0,55.0,4.0,63.0,1.0,1.0,4.0,20.0,7.0,9.0,1.0,0.0,0.0,7.0,45.0,1.0,42.0,1.0,0.0,5NPEB4AC8BH2,2011.0,498.0,2459.0,13.0,55.0,Hyundai,33.0,4.0,1.0,0.0,0.0,80.0,7.0,0.0,0.0,12.0,6.0,42.0,0.0,0.0,1.0,12.0,33161.0,1.0,6.0,3.0,Valid license for this class vehicle,0.0,999.0,999.0,0.0,0.0,0.0,0.0,No Record,0.0,0.0,0.0,4.0,3.0,3.0,60.0,2.0,2.0,2.0,1.0,0.0,14.0,13.0,99.0,1.0,4.0,101.0,45.0,2.0,1.0,0.0,202305396522.0,12.0,5.0,10.0,1.0,2.0,1.0,4.0,54.0,2.0,0.0,1.0,20.0,0.0,55.0,2.0,0.0
450813,1,98,96.0,0.0,1.0,5062.0,-99.0,45.0,61.0,12.0,37.0,4.0,35.0,1.0,1.0,4.0,3.0,0.0,2.0,0.0,0.0,0.0,7.0,45.0,2.0,12.0,1.0,0.0,1HGCM66467A0,2007.0,474.0,1861.0,13.0,37.0,Honda,32.0,4.0,1.0,0.0,0.0,55.0,1.0,0.0,0.0,12.0,6.0,12.0,0.0,0.0,1.0,45.0,29406.0,1.0,6.0,3.0,Valid license for this class vehicle,0.0,73.0,250.0,0.0,1.0,0.0,6.0,June,2022.0,5.0,2023.0,4.0,1.0,2.0,55.0,1.0,1.0,2.0,1.0,97.0,1.0,50.0,99.0,1.0,1.0,202.0,45.0,97.0,1.0,0.0,202304687178.0,12.0,5.0,1.0,0.0,10.0,1.0,4.0,30.0,2.0,0.0,1.0,20.0,0.0,37.0,1.0,0.0
450818,1,98,96.0,58.0,1.0,1.0,-99.0,45.0,15.0,39.0,49.0,15.0,37.0,1.0,1.0,4.0,20.0,7.0,9.0,1.0,8.0,0.0,7.0,45.0,1.0,39.0,1.0,0.0,JT3HJ85J4V01,1997.0,448.0,2211.0,7.0,49.0,Toyota,421.0,15.0,1.0,0.0,0.0,50.0,7.0,0.0,0.0,81.0,6.0,39.0,0.0,0.0,1.0,45.0,29482.0,1.0,6.0,3.0,Valid license for this class vehicle,0.0,72.0,235.0,0.0,0.0,0.0,0.0,No Record,0.0,0.0,0.0,0.0,3.0,3.0,60.0,1.0,2.0,1.0,1.0,97.0,1.0,13.0,99.0,1.0,4.0,101.0,45.0,1.0,1.0,0.0,202304967050.0,12.0,1.0,3.0,0.0,1.0,1.0,15.0,43.0,1.0,0.0,1.0,20.0,0.0,49.0,2.0,98.0
450820,1,98,96.0,102.0,1.0,1059.0,-99.0,45.0,41.0,42.0,7.0,4.0,20.0,1.0,1.0,4.0,3.0,0.0,8.0,0.0,8.0,0.0,7.0,45.0,1.0,42.0,4.0,0.0,2C3CDXGJ0HH5,2017.0,476.0,1895.0,13.0,7.0,Dodge,24.0,4.0,1.0,0.0,0.0,90.0,7.0,0.0,0.0,9.0,6.0,42.0,0.0,0.0,1.0,45.0,29541.0,1.0,6.0,3.0,Valid license for this class vehicle,0.0,71.0,131.0,0.0,2.0,0.0,2.0,February,2022.0,12.0,2022.0,0.0,1.0,2.0,45.0,1.0,1.0,2.0,1.0,97.0,1.0,12.0,99.0,1.0,4.0,102.0,45.0,2.0,1.0,0.0,202304789489.0,12.0,6.0,2.0,0.0,2.0,1.0,4.0,20.0,1.0,0.0,1.0,20.0,0.0,7.0,1.0,98.0
450829,1,98,96.0,0.0,1.0,0.0,-99.0,45.0,83.0,12.0,54.0,4.0,41.0,1.0,1.0,0.0,3.0,0.0,20.0,0.0,8.0,996.0,0.0,45.0,2.0,12.0,1.0,0.0,19UUA56652A0,2002.0,475.0,1873.0,13.0,54.0,Acura,35.0,4.0,1.0,0.0,0.0,45.0,0.0,0.0,0.0,61.0,4.0,12.0,0.0,0.0,1.0,45.0,29302.0,1.0,6.0,3.0,Valid license for this class vehicle,0.0,68.0,200.0,0.0,0.0,0.0,10.0,October,2022.0,10.0,2022.0,0.0,5.0,5.0,45.0,1.0,1.0,2.0,1.0,0.0,1.0,60.0,99.0,1.0,1.0,208.0,45.0,0.0,1.0,0.0,202305659474.0,12.0,2.0,6.0,0.0,1.0,1.0,4.0,50.0,2.0,0.0,1.0,20.0,0.0,54.0,2.0,0.0
450830,1,98,17.0,0.0,1.0,0.0,-99.0,45.0,41.0,12.0,49.0,4.0,28.0,2.0,1.0,0.0,3.0,0.0,9.0,0.0,8.0,996.0,0.0,45.0,2.0,12.0,1.0,0.0,4T1BF1FK0CU1,2012.0,448.0,2469.0,13.0,49.0,Toyota,40.0,4.0,1.0,0.0,0.0,50.0,0.0,0.0,0.0,12.0,6.0,12.0,0.0,0.0,1.0,45.0,29501.0,1.0,6.0,3.0,Valid license for this class vehicle,3.0,60.0,113.0,0.0,0.0,0.0,0.0,No Record,0.0,0.0,0.0,4.0,1.0,3.0,55.0,1.0,1.0,2.0,1.0,97.0,1.0,51.0,99.0,1.0,1.0,202.0,45.0,0.0,1.0,0.0,202304832609.0,12.0,3.0,1.0,1.0,1.0,1.0,4.0,28.0,1.0,1.0,1.0,20.0,0.0,49.0,1.0,0.0
450838,1,98,96.0,0.0,1.0,3033.0,-99.0,45.0,31.0,34.0,59.0,14.0,45.0,1.0,1.0,4.0,3.0,0.0,8.0,0.0,1.0,180.0,7.0,45.0,1.0,34.0,1.0,0.0,2T2BK1BA8AC0,2010.0,515.0,2214.0,7.0,59.0,Lexus,403.0,14.0,1.0,0.0,0.0,45.0,7.0,3.0,5.0,12.0,6.0,1.0,0.0,1.0,1.0,45.0,29540.0,1.0,1.0,2.0,No valid license for this class vehicle,0.0,66.0,155.0,0.0,0.0,0.0,9.0,September,2023.0,9.0,2023.0,4.0,1.0,2.0,45.0,2.0,2.0,2.0,1.0,97.0,14.0,12.0,99.0,1.0,4.0,102.0,45.0,2.0,1.0,0.0,202304872065.0,34.0,7.0,3.0,2.0,10.0,1.0,14.0,18.0,2.0,2.0,1.0,8.0,0.0,59.0,1.0,0.0
450846,1,98,96.0,0.0,1.0,0.0,-99.0,45.0,85.0,12.0,49.0,4.0,38.0,1.0,1.0,3.0,3.0,0.0,20.0,0.0,8.0,996.0,0.0,45.0,3.0,12.0,1.0,0.0,4T1G11AK3MU6,2021.0,448.0,2469.0,13.0,49.0,Toyota,40.0,4.0,1.0,0.0,0.0,55.0,0.0,0.0,0.0,12.0,6.0,12.0,0.0,0.0,1.0,45.0,29154.0,1.0,6.0,3.0,Valid license for this class vehicle,3.0,66.0,245.0,0.0,0.0,0.0,0.0,No Record,0.0,0.0,0.0,0.0,1.0,2.0,55.0,1.0,1.0,2.0,1.0,0.0,1.0,62.0,99.0,1.0,1.0,302.0,45.0,0.0,1.0,0.0,202304656316.0,59.0,1.0,1.0,2.0,2.0,1.0,4.0,19.0,1.0,2.0,1.0,9.0,0.0,49.0,1.0,98.0
450846,2,98,96.0,0.0,1.0,0.0,-99.0,45.0,85.0,12.0,2.0,15.0,34.0,1.0,1.0,0.0,3.0,0.0,20.0,0.0,8.0,996.0,0.0,45.0,3.0,12.0,1.0,0.0,1C4RJEAG0KC6,2019.0,483.0,1949.0,7.0,2.0,Jeep / Kaiser-Jeep / Willys- Jeep,422.0,15.0,1.0,0.0,0.0,55.0,0.0,0.0,0.0,12.0,6.0,12.0,0.0,0.0,1.0,45.0,29154.0,1.0,6.0,3.0,Valid license for this class vehicle,0.0,68.0,210.0,0.0,4.0,0.0,12.0,December,2018.0,8.0,2023.0,0.0,1.0,2.0,55.0,1.0,1.0,2.0,1.0,0.0,1.0,62.0,99.0,1.0,1.0,998.0,45.0,0.0,1.0,0.0,202304935292.0,12.0,2.0,5.0,0.0,10.0,1.0,15.0,50.0,2.0,0.0,1.0,20.0,0.0,2.0,2.0,0.0
450856,1,98,96.0,0.0,1.0,9995.0,-99.0,45.0,41.0,42.0,35.0,4.0,22.0,1.0,1.0,3.0,20.0,7.0,8.0,1.0,1.0,995.0,0.0,45.0,1.0,42.0,2.0,0.0,3N1AB6AP8BL6,2011.0,478.0,1907.0,13.0,35.0,Nissan/Datsun,43.0,4.0,1.0,0.0,0.0,999.0,7.0,0.0,0.0,3.0,6.0,42.0,0.0,1.0,1.0,45.0,29530.0,0.0,0.0,0.0,Not licensed,0.0,999.0,999.0,0.0,0.0,0.0,0.0,No Record,0.0,0.0,0.0,0.0,1.0,2.0,55.0,3.0,1.0,2.0,1.0,97.0,14.0,13.0,99.0,1.0,4.0,101.0,45.0,0.0,1.0,0.0,202305607540.0,12.0,3.0,11.0,1.0,1.0,1.0,4.0,31.0,2.0,0.0,1.0,1.0,0.0,35.0,1.0,0.0
450858,1,98,96.0,0.0,1.0,9995.0,-99.0,45.0,79.0,34.0,24.0,4.0,34.0,1.0,1.0,4.0,20.0,7.0,8.0,1.0,1.0,995.0,7.0,45.0,1.0,34.0,1.0,0.0,1G8AJ52F65Z1,2005.0,1056.0,4781.0,13.0,24.0,Saturn,7.0,4.0,1.0,0.0,0.0,60.0,7.0,3.0,5.0,12.0,6.0,1.0,0.0,1.0,1.0,45.0,29044.0,1.0,1.0,2.0,No valid license for this class vehicle,0.0,72.0,165.0,0.0,0.0,0.0,12.0,December,2020.0,10.0,2023.0,4.0,1.0,2.0,60.0,1.0,1.0,2.0,1.0,97.0,1.0,13.0,99.0,1.0,4.0,101.0,45.0,2.0,1.0,0.0,202304760292.0,12.0,1.0,2.0,0.0,1.0,1.0,4.0,24.0,2.0,0.0,1.0,20.0,0.0,24.0,1.0,98.0
450859,3,98,96.0,38.0,1.0,0.0,-99.0,45.0,37.0,12.0,20.0,34.0,44.0,1.0,1.0,0.0,3.0,0.0,9.0,0.0,8.0,996.0,0.0,45.0,3.0,12.0,1.0,0.0,1GCCS1440Y81,2000.0,467.0,11483.0,60.0,20.0,Chevrolet,471.0,34.0,1.0,0.0,0.0,45.0,7.0,0.0,0.0,12.0,6.0,12.0,0.0,0.0,1.0,45.0,29646.0,1.0,6.0,3.0,Valid license for this class vehicle,3.0,62.0,284.0,0.0,0.0,0.0,1.0,January,2023.0,9.0,2023.0,0.0,1.0,2.0,45.0,1.0,2.0,2.0,1.0,20.0,11.0,15.0,99.0,1.0,1.0,414.0,45.0,0.0,1.0,0.0,202305148528.0,12.0,6.0,7.0,1.0,1.0,1.0,34.0,58.0,1.0,1.0,1.0,20.0,0.0,20.0,2.0,98.0
450862,1,98,96.0,58.0,1.0,1.0,-99.0,45.0,71.0,42.0,49.0,20.0,60.0,1.0,1.0,4.0,20.0,7.0,20.0,0.0,0.0,0.0,7.0,45.0,1.0,42.0,1.0,0.0,5TDZA23C75S3,2005.0,448.0,2468.0,2.0,49.0,Toyota,442.0,20.0,1.0,0.0,0.0,55.0,7.0,0.0,0.0,61.0,6.0,42.0,0.0,0.0,1.0,45.0,29205.0,1.0,6.0,3.0,Valid license for this class vehicle,0.0,72.0,145.0,0.0,0.0,0.0,9.0,September,2023.0,9.0,2023.0,0.0,1.0,2.0,45.0,2.0,1.0,2.0,1.0,97.0,14.0,12.0,99.0,1.0,4.0,102.0,45.0,1.0,1.0,0.0,202305223663.0,14.0,2.0,9.0,0.0,1.0,1.0,20.0,60.0,2.0,0.0,1.0,20.0,0.0,49.0,1.0,98.0
450863,1,98,96.0,0.0,1.0,1.0,-99.0,45.0,83.0,12.0,63.0,4.0,75.0,2.0,1.0,4.0,3.0,0.0,9.0,0.0,0.0,0.0,7.0,45.0,2.0,12.0,1.0,0.0,KNAGE2284953,2009.0,499.0,2739.0,13.0,63.0,KIA,34.0,4.0,1.0,0.0,0.0,45.0,0.0,0.0,0.0,12.0,6.0,12.0,0.0,0.0,1.0,45.0,29379.0,1.0,6.0,3.0,Valid license for this class vehicle,3.0,62.0,120.0,0.0,0.0,0.0,0.0,No Record,0.0,0.0,0.0,4.0,2.0,2.0,55.0,1.0,1.0,2.0,1.0,3.0,1.0,50.0,99.0,1.0,1.0,202.0,45.0,1.0,1.0,0.0,202305631993.0,12.0,7.0,12.0,0.0,1.0,1.0,4.0,18.0,1.0,0.0,1.0,9.0,0.0,63.0,1.0,98.0
450863,2,98,96.0,0.0,1.0,0.0,-99.0,45.0,83.0,12.0,82.0,66.0,54.0,1.0,1.0,0.0,3.0,0.0,20.0,0.0,8.0,996.0,0.0,45.0,2.0,12.0,1.0,0.0,3AKJHHDR5RSV,2024.0,450.0,2501.0,66.0,82.0,Freightliner,881.0,66.0,1.0,0.0,0.0,0.0,0.0,0.0,0.0,6.0,4.0,12.0,0.0,0.0,1.0,47.0,38063.0,1.0,6.0,3.0,Valid license for this class vehicle,0.0,67.0,195.0,0.0,0.0,0.0,0.0,No Record,0.0,0.0,0.0,0.0,2.0,2.0,55.0,1.0,1.0,2.0,1.0,3.0,5.0,53.0,1.0,1.0,1.0,201.0,45.0,0.0,1.0,0.0,202305241911.0,24.0,2.0,9.0,0.0,1.0,1.0,66.0,33.0,1.0,0.0,1.0,20.0,0.0,82.0,1.0,0.0
450865,1,9,96.0,0.0,1.0,1.0,-99.0,45.0,75.0,12.0,12.0,2.0,33.0,1.0,1.0,4.0,20.0,7.0,20.0,0.0,1.0,165.0,7.0,45.0,2.0,12.0,3.0,0.0,1FAFP40472F1,2002.0,460.0,1781.0,3.0,12.0,Ford,3.0,2.0,1.0,0.0,0.0,73.0,1.0,0.0,0.0,12.0,6.0,12.0,0.0,1.0,1.0,45.0,29406.0,1.0,1.0,2.0,No valid license for this class vehicle,0.0,67.0,140.0,0.0,5.0,0.0,3.0,March,2019.0,9.0,2023.0,0.0,2.0,2.0,50.0,1.0,1.0,2.0,1.0,97.0,1.0,17.0,99.0,1.0,1.0,415.0,45.0,1.0,1.0,0.0,202305567653.0,34.0,1.0,12.0,0.0,1.0,1.0,2.0,24.0,1.0,0.0,1.0,9.0,0.0,12.0,1.0,0.0
450866,2,98,96.0,0.0,1.0,0.0,-99.0,45.0,9.0,12.0,35.0,4.0,59.0,1.0,1.0,2.0,3.0,0.0,9.0,0.0,8.0,996.0,0.0,45.0,2.0,12.0,4.0,0.0,3N1AB7AP5JY2,2018.0,478.0,1907.0,13.0,35.0,Nissan/Datsun,43.0,4.0,1.0,0.0,0.0,55.0,1.0,0.0,0.0,12.0,6.0,12.0,0.0,0.0,1.0,13.0,30520.0,1.0,6.0,3.0,Valid license for this class vehicle,0.0,999.0,999.0,0.0,0.0,0.0,0.0,No Record,0.0,0.0,0.0,0.0,1.0,2.0,55.0,4.0,2.0,2.0,1.0,97.0,14.0,62.0,99.0,1.0,1.0,302.0,45.0,0.0,1.0,0.0,202304940095.0,12.0,6.0,5.0,0.0,1.0,1.0,4.0,28.0,2.0,0.0,1.0,20.0,0.0,35.0,2.0,99.0
450877,1,9,96.0,0.0,1.0,1.0,-99.0,45.0,75.0,32.0,20.0,4.0,42.0,1.0,1.0,4.0,20.0,7.0,8.0,0.0,1.0,325.0,7.0,45.0,1.0,32.0,1.0,0.0,2G1145S30H91,2017.0,467.0,1833.0,13.0,20.0,Chevrolet,2.0,4.0,1.0,0.0,0.0,80.0,7.0,3.0,5.0,12.0,6.0,1.0,0.0,1.0,1.0,45.0,29112.0,1.0,6.0,3.0,Valid license for this class vehicle,0.0,72.0,160.0,0.0,0.0,0.0,0.0,No Record,0.0,0.0,0.0,3.0,1.0,2.0,55.0,3.0,1.0,2.0,1.0,97.0,14.0,13.0,99.0,1.0,4.0,998.0,45.0,2.0,1.0,0.0,202305454024.0,12.0,1.0,11.0,0.0,1.0,1.0,4.0,31.0,1.0,0.0,1.0,20.0,0.0,20.0,1.0,0.0
450883,1,98,96.0,0.0,1.0,9995.0,-99.0,45.0,43.0,42.0,35.0,4.0,24.0,2.0,1.0,4.0,20.0,7.0,8.0,0.0,8.0,995.0,7.0,45.0,1.0,42.0,1.0,0.0,1N4AL3AP1HC2,2017.0,478.0,1904.0,13.0,35.0,Nissan/Datsun,47.0,4.0,1.0,0.0,0.0,55.0,7.0,0.0,0.0,12.0,6.0,42.0,0.0,0.0,1.0,45.0,29732.0,1.0,6.0,3.0,Valid license for this class vehicle,0.0,66.0,175.0,0.0,3.0,2.0,1.0,January,2020.0,4.0,2023.0,4.0,1.0,2.0,55.0,2.0,1.0,2.0,1.0,97.0,14.0,12.0,99.0,1.0,4.0,102.0,45.0,2.0,1.0,0.0,202305129183.0,12.0,4.0,7.0,1.0,1.0,1.0,4.0,36.0,1.0,1.0,1.0,20.0,0.0,35.0,2.0,0.0
450886,1,98,96.0,38.0,1.0,1.0,-99.0,45.0,19.0,12.0,35.0,4.0,71.0,1.0,1.0,4.0,99.0,7.0,9.0,0.0,8.0,0.0,7.0,45.0,2.0,12.0,1.0,0.0,1N4AL2AP4CC1,2012.0,478.0,1904.0,13.0,35.0,Nissan/Datsun,47.0,4.0,1.0,0.0,0.0,15.0,0.0,0.0,0.0,9.0,6.0,12.0,0.0,0.0,1.0,45.0,29464.0,1.0,6.0,3.0,Valid license for this class vehicle,3.0,72.0,170.0,0.0,0.0,0.0,0.0,No Record,0.0,0.0,0.0,0.0,1.0,2.0,45.0,1.0,1.0,2.0,1.0,97.0,1.0,17.0,99.0,1.0,1.0,504.0,45.0,1.0,1.0,0.0,202304985541.0,12.0,4.0,5.0,2.0,1.0,1.0,4.0,26.0,1.0,0.0,1.0,20.0,0.0,35.0,1.0,0.0
450888,1,98,96.0,0.0,1.0,0.0,-99.0,45.0,33.0,12.0,2.0,15.0,29.0,2.0,1.0,1.0,3.0,0.0,9.0,0.0,8.0,996.0,0.0,45.0,2.0,12.0,2.0,0.0,1C4RJEAG1LC2,2020.0,483.0,1949.0,7.0,2.0,Jeep / Kaiser-Jeep / Willys- Jeep,422.0,15.0,1.0,0.0,0.0,60.0,0.0,0.0,0.0,12.0,6.0,12.0,0.0,0.0,1.0,45.0,29536.0,1.0,6.0,3.0,Valid license for this class vehicle,3.0,62.0,170.0,0.0,1.0,0.0,11.0,November,2021.0,11.0,2021.0,0.0,3.0,2.0,60.0,1.0,1.0,8.0,1.0,97.0,1.0,50.0,99.0,1.0,1.0,202.0,45.0,0.0,1.0,0.0,202304772416.0,12.0,7.0,2.0,0.0,2.0,1.0,15.0,66.0,2.0,0.0,1.0,20.0,0.0,2.0,2.0,0.0
450899,1,98,96.0,0.0,1.0,0.0,-99.0,45.0,83.0,26.0,49.0,4.0,28.0,1.0,1.0,2.0,3.0,0.0,8.0,0.0,8.0,996.0,0.0,45.0,3.0,26.0,1.0,0.0,4T1B11HK9KU7,2019.0,448.0,2469.0,13.0,49.0,Toyota,40.0,4.0,1.0,0.0,0.0,70.0,0.0,0.0,0.0,12.0,6.0,12.0,0.0,0.0,1.0,37.0,27606.0,1.0,6.0,3.0,Valid license for this class vehicle,0.0,999.0,999.0,0.0,0.0,0.0,0.0,No Record,0.0,0.0,0.0,0.0,3.0,3.0,70.0,1.0,1.0,1.0,1.0,0.0,1.0,62.0,99.0,1.0,1.0,998.0,45.0,0.0,1.0,0.0,202305099557.0,25.0,7.0,7.0,1.0,1.0,1.0,4.0,55.0,2.0,1.0,1.0,20.0,0.0,49.0,1.0,0.0
450909,1,98,96.0,0.0,1.0,0.0,-99.0,45.0,41.0,39.0,63.0,4.0,20.0,1.0,1.0,1.0,3.0,0.0,8.0,0.0,8.0,996.0,0.0,45.0,1.0,39.0,3.0,0.0,3KPF24AD0ME3,2021.0,499.0,2462.0,13.0,63.0,KIA,38.0,4.0,1.0,0.0,0.0,60.0,7.0,0.0,0.0,12.0,6.0,39.0,0.0,0.0,1.0,45.0,29571.0,1.0,6.0,3.0,Valid license for this class vehicle,0.0,68.0,140.0,0.0,1.0,0.0,11.0,November,2020.0,11.0,2020.0,4.0,2.0,3.0,60.0,1.0,1.0,2.0,2.0,97.0,1.0,13.0,99.0,1.0,4.0,101.0,45.0,0.0,1.0,0.0,202304674116.0,12.0,6.0,1.0,1.0,1.0,1.0,4.0,38.0,1.0,1.0,1.0,20.0,0.0,63.0,2.0,98.0
450929,1,1,96.0,28.0,1.0,1.0,-99.0,45.0,19.0,53.0,35.0,6.0,38.0,2.0,1.0,4.0,99.0,7.0,8.0,2.0,8.0,0.0,7.0,45.0,1.0,53.0,1.0,0.0,JN8AZ18U39W0,2009.0,478.0,1914.0,7.0,35.0,Nissan/Datsun,49.0,6.0,1.0,0.0,0.0,70.0,7.0,0.0,0.0,12.0,6.0,42.0,0.0,0.0,1.0,45.0,29420.0,1.0,6.0,3.0,Valid license for this class vehicle,3.0,64.0,160.0,0.0,0.0,0.0,10.0,October,2021.0,10.0,2021.0,0.0,1.0,2.0,25.0,1.0,1.0,2.0,1.0,97.0,1.0,13.0,99.0,1.0,4.0,101.0,45.0,2.0,1.0,0.0,202305589793.0,12.0,6.0,9.0,1.0,1.0,1.0,6.0,25.0,1.0,0.0,1.0,20.0,0.0,35.0,1.0,98.0
450944,2,98,96.0,0.0,1.0,9995.0,-99.0,45.0,19.0,12.0,59.0,14.0,57.0,2.0,1.0,3.0,99.0,7.0,20.0,0.0,0.0,995.0,0.0,45.0,3.0,12.0,1.0,0.0,2T2ZK1BA4FC1,2015.0,515.0,2214.0,7.0,59.0,Lexus,403.0,14.0,1.0,0.0,0.0,10.0,0.0,0.0,0.0,6.0,6.0,12.0,0.0,0.0,1.0,45.0,29414.0,1.0,6.0,3.0,Valid license for this class vehicle,0.0,67.0,190.0,0.0,0.0,0.0,0.0,No Record,0.0,0.0,0.0,0.0,3.0,2.0,60.0,1.0,1.0,1.0,1.0,97.0,2.0,53.0,99.0,1.0,1.0,998.0,45.0,0.0,1.0,0.0,202304927600.0,12.0,3.0,2.0,1.0,1.0,1.0,14.0,43.0,2.0,1.0,1.0,20.0,0.0,59.0,2.0,0.0
450949,2,98,96.0,0.0,1.0,9995.0,-99.0,45.0,69.0,12.0,12.0,14.0,43.0,2.0,1.0,4.0,20.0,7.0,8.0,1.0,0.0,995.0,7.0,45.0,2.0,12.0,1.0,0.0,1FMHK7D86BGA,2011.0,460.0,1800.0,7.0,12.0,Ford,401.0,14.0,1.0,0.0,0.0,77.0,0.0,0.0,0.0,12.0,6.0,12.0,0.0,0.0,1.0,37.0,28210.0,1.0,6.0,3.0,Valid license for this class vehicle,0.0,999.0,999.0,0.0,0.0,0.0,0.0,No Record,0.0,0.0,0.0,0.0,2.0,2.0,60.0,1.0,1.0,2.0,1.0,97.0,1.0,54.0,99.0,1.0,1.0,302.0,45.0,2.0,1.0,0.0,202304900516.0,12.0,2.0,4.0,0.0,10.0,1.0,14.0,42.0,2.0,0.0,1.0,1.0,0.0,12.0,2.0,0.0
450953,1,98,96.0,102.0,1.0,1.0,-99.0,45.0,83.0,57.0,20.0,2.0,20.0,1.0,1.0,4.0,20.0,7.0,99.0,1.0,0.0,0.0,7.0,45.0,4.0,57.0,1.0,0.0,1G1FF1R79N01,2022.0,467.0,1829.0,3.0,20.0,Chevrolet,9.0,2.0,1.0,0.0,0.0,140.0,0.0,0.0,0.0,12.0,6.0,12.0,0.0,0.0,1.0,45.0,29303.0,1.0,6.0,3.0,Valid license for this class vehicle,0.0,69.0,138.0,0.0,1.0,0.0,11.0,November,2022.0,11.0,2022.0,3.0,3.0,3.0,70.0,2.0,1.0,1.0,1.0,0.0,14.0,6.0,6.0,4.0,4.0,998.0,45.0,1.0,1.0,0.0,202305578094.0,57.0,4.0,10.0,4.0,1.0,1.0,2.0,20.0,1.0,4.0,1.0,99.0,1.0,20.0,1.0,98.0
450953,2,98,96.0,0.0,1.0,1.0,-99.0,45.0,83.0,57.0,18.0,15.0,58.0,1.0,1.0,4.0,3.0,0.0,1.0,0.0,0.0,0.0,7.0,45.0,4.0,57.0,1.0,0.0,5GAKRBKD6GJ1,2016.0,468.0,1841.0,7.0,18.0,Buick / Opel,421.0,15.0,1.0,0.0,0.0,83.0,0.0,0.0,0.0,9.0,6.0,12.0,0.0,0.0,1.0,37.0,28159.0,1.0,6.0,3.0,Valid license for this class vehicle,0.0,999.0,999.0,0.0,1.0,2.0,1.0,January,2020.0,6.0,2023.0,0.0,3.0,3.0,70.0,3.0,2.0,1.0,1.0,0.0,14.0,62.0,99.0,1.0,1.0,998.0,45.0,1.0,1.0,0.0,202305578094.0,57.0,4.0,10.0,4.0,1.0,1.0,15.0,58.0,1.0,4.0,1.0,9.0,0.0,18.0,2.0,98.0
450953,3,98,96.0,0.0,1.0,9995.0,-99.0,45.0,83.0,57.0,51.0,66.0,31.0,1.0,1.0,1.0,3.0,0.0,20.0,0.0,0.0,995.0,0.0,45.0,4.0,57.0,1.0,0.0,4V4NB9EHXJN8,2018.0,487.0,1967.0,66.0,51.0,Volvo,881.0,66.0,1.0,0.0,0.0,65.0,0.0,0.0,0.0,9.0,6.0,12.0,0.0,0.0,1.0,17.0,60156.0,1.0,6.0,3.0,Valid license for this class vehicle,0.0,74.0,200.0,0.0,0.0,3.0,2.0,February,2020.0,6.0,2022.0,0.0,3.0,3.0,70.0,3.0,2.0,1.0,1.0,0.0,14.0,62.0,99.0,1.0,1.0,998.0,45.0,0.0,1.0,0.0,202305578094.0,57.0,4.0,10.0,4.0,1.0,1.0,66.0,31.0,1.0,1.0,1.0,20.0,0.0,51.0,3.0,98.0
450953,4,98,96.0,0.0,1.0,9995.0,-99.0,45.0,83.0,57.0,59.0,4.0,40.0,1.0,1.0,0.0,3.0,0.0,20.0,0.0,0.0,995.0,0.0,45.0,4.0,57.0,1.0,0.0,58AEA1C18NU0,2022.0,515.0,2475.0,13.0,59.0,Lexus,31.0,4.0,1.0,0.0,0.0,59.0,0.0,0.0,0.0,12.0,6.0,12.0,0.0,0.0,1.0,45.0,29605.0,1.0,6.0,3.0,Valid license for this class vehicle,0.0,71.0,175.0,0.0,0.0,0.0,0.0,No Record,0.0,0.0,0.0,0.0,3.0,3.0,70.0,3.0,2.0,1.0,1.0,0.0,14.0,62.0,99.0,1.0,1.0,998.0,45.0,0.0,1.0,0.0,202305578094.0,57.0,4.0,10.0,4.0,1.0,1.0,4.0,40.0,1.0,0.0,1.0,20.0,0.0,59.0,4.0,98.0