ST_CASE,VEH_NO_x,DRIMPAIR_x,DRDISTRACT,DRIVERRF,PER_NO_x,DRUGRES,DRUGACTQTY,STATE_x,COUNTY,HARM_EV_x,MAKE_x,BODY_TYP_x,AGE,SEX,PER_TYP_x,INJ_SEV,REST_USE,REST_MIS,AIR_BAG_x,EJECTION,DRINKING,ALC_RES,HISPANIC,STATE_y,VE_FORMS,HARM_EV_y,NUMOCCS,HIT_RUN,VIN,MOD_YEAR,VPICMAKE,VPICMODEL,VPICBODYCLASS,MAKE_y,MAKENAME,MODEL,BODY_TYP_y,HAZ_INV,HAZ_PLAC,HAZ_ID,TRAV_SP,UNDEROVERRIDE,ROLLOVER,ROLINLOC,IMPACT1,DEFORMED,M_HARM,FIRE_EXP,DR_DRINK,DR_PRES,L_STATE,DR_ZIP,L_TYPE,L_STATUS,L_COMPL,L_COMPLNAME,L_RESTRI,DR_HGT,DR_WGT,PREV_DWI,PREV_SPD,PREV_OTH,FIRST_MO,FIRST_MONAME,FIRST_YR,LAST_MO,LAST_YR,SPEEDREL,VTRAFWAY,VNUM_LAN,VSPD_LIM,VALIGN,VPROFILE,VPAVETYP,VSURCOND,VTRAFCON,P_CRASH1,P_CRASH2,P_CRASH3,PCRASH4,PCRASH5,ACC_CONFIG,STATE,RACE,ORDER,MULTRACE,CASENUM,HARM_EV,DAY_WEEK,MONTH,MAXSEV_IM,WEATHR_IM,PER_NO_y,BODY_TYP,AGE_IM,SEX_IM,INJSEV_IM,PER_TYP_y,AIR_BAG_y,EJECT_IM,MAKE,VEH_NO_y,DRIMPAIR_y
450954,3,98,96.0,0.0,1.0,1.0,-99.0,45.0,23.0,12.0,35.0,4.0,25.0,2.0,1.0,4.0,3.0,0.0,20.0,0.0,8.0,0.0,7.0,45.0,3.0,12.0,3.0,0.0,3N1CB51D04L8,2004.0,478.0,1907.0,13.0,35.0,Nissan/Datsun,43.0,4.0,1.0,0.0,0.0,55.0,0.0,0.0,0.0,12.0,6.0,12.0,0.0,0.0,1.0,45.0,29730.0,1.0,6.0,3.0,Valid license for this class vehicle,3.0,61.0,170.0,0.0,0.0,0.0,1.0,January,2020.0,1.0,2020.0,0.0,1.0,2.0,55.0,4.0,2.0,2.0,1.0,97.0,14.0,62.0,99.0,1.0,3.0,998.0,45.0,1.0,1.0,0.0,202304844907.0,9.0,5.0,2.0,1.0,1.0,1.0,4.0,63.0,1.0,0.0,1.0,98.0,0.0,35.0,1.0,0.0
450956,2,98,96.0,38.0,1.0,9998.0,-99.0,45.0,79.0,12.0,51.0,66.0,66.0,1.0,1.0,1.0,3.0,0.0,20.0,0.0,0.0,0.0,0.0,45.0,2.0,12.0,1.0,0.0,4V4NC9TH5EN1,2014.0,487.0,1967.0,66.0,51.0,Volvo,881.0,66.0,1.0,0.0,0.0,17.0,0.0,0.0,0.0,12.0,6.0,12.0,0.0,0.0,1.0,45.0,29209.0,1.0,6.0,3.0,Valid license for this class vehicle,3.0,67.0,239.0,0.0,0.0,1.0,11.0,November,2022.0,11.0,2022.0,0.0,1.0,2.0,45.0,1.0,1.0,2.0,1.0,97.0,11.0,15.0,99.0,1.0,1.0,414.0,45.0,0.0,1.0,0.0,202305244554.0,1.0,6.0,8.0,0.0,1.0,1.0,66.0,26.0,1.0,0.0,1.0,20.0,0.0,51.0,1.0,0.0
450972,2,98,96.0,0.0,1.0,9995.0,-99.0,45.0,41.0,12.0,35.0,4.0,23.0,1.0,1.0,4.0,3.0,0.0,9.0,0.0,0.0,995.0,7.0,45.0,2.0,12.0,1.0,0.0,3N1CN7AP5KL8,2019.0,478.0,1894.0,13.0,35.0,Nissan/Datsun,50.0,4.0,1.0,0.0,0.0,75.0,0.0,0.0,0.0,12.0,6.0,12.0,0.0,0.0,1.0,45.0,29501.0,1.0,6.0,3.0,Valid license for this class vehicle,0.0,72.0,170.0,0.0,0.0,0.0,0.0,No Record,0.0,0.0,0.0,4.0,2.0,2.0,60.0,1.0,1.0,8.0,1.0,97.0,1.0,51.0,99.0,1.0,1.0,202.0,45.0,1.0,1.0,0.0,202304992120.0,12.0,5.0,6.0,0.0,1.0,1.0,4.0,19.0,1.0,0.0,1.0,20.0,0.0,35.0,2.0,0.0
450976,1,98,96.0,24.0,1.0,9995.0,-99.0,45.0,3.0,12.0,35.0,4.0,20.0,2.0,1.0,0.0,20.0,7.0,20.0,0.0,0.0,995.0,0.0,45.0,2.0,12.0,1.0,0.0,1N4AL11D12C2,2002.0,478.0,1904.0,13.0,35.0,Nissan/Datsun,47.0,4.0,1.0,0.0,0.0,45.0,0.0,0.0,0.0,12.0,6.0,12.0,0.0,0.0,1.0,45.0,29801.0,1.0,6.0,3.0,Valid license for this class vehicle,3.0,62.0,125.0,0.0,1.0,0.0,2.0,February,2023.0,2.0,2023.0,0.0,1.0,3.0,45.0,1.0,1.0,2.0,1.0,3.0,1.0,66.0,99.0,1.0,1.0,501.0,45.0,0.0,1.0,0.0,202304762728.0,12.0,1.0,2.0,1.0,1.0,1.0,4.0,60.0,2.0,1.0,1.0,8.0,0.0,35.0,2.0,0.0
450980,1,98,96.0,0.0,1.0,9995.0,-99.0,45.0,51.0,12.0,59.0,4.0,25.0,1.0,1.0,0.0,3.0,0.0,20.0,0.0,0.0,995.0,0.0,45.0,2.0,12.0,1.0,0.0,JTHBF5C21B51,2011.0,515.0,2184.0,13.0,59.0,Lexus,35.0,4.0,1.0,0.0,0.0,45.0,7.0,0.0,0.0,12.0,6.0,12.0,0.0,0.0,1.0,45.0,29579.0,1.0,6.0,3.0,Valid license for this class vehicle,0.0,75.0,185.0,0.0,0.0,0.0,0.0,No Record,0.0,0.0,0.0,4.0,2.0,2.0,55.0,1.0,1.0,2.0,1.0,97.0,1.0,51.0,99.0,1.0,1.0,202.0,45.0,0.0,1.0,0.0,202305411005.0,12.0,4.0,11.0,0.0,1.0,1.0,4.0,43.0,2.0,0.0,1.0,20.0,0.0,59.0,2.0,0.0
460007,1,98,96.0,39.0,1.0,9998.0,-99.0,46.0,83.0,12.0,63.0,14.0,60.0,2.0,1.0,4.0,3.0,0.0,8.0,0.0,0.0,0.0,7.0,46.0,2.0,12.0,1.0,0.0,KNDEPCAAXN72,2022.0,499.0,26900.0,7.0,63.0,KIA,498.0,14.0,1.0,0.0,0.0,32.0,0.0,3.0,1.0,12.0,6.0,1.0,0.0,0.0,1.0,46.0,57032.0,1.0,6.0,3.0,Valid license for this class vehicle,0.0,61.0,120.0,0.0,0.0,0.0,2.0,February,2019.0,2.0,2019.0,0.0,1.0,2.0,35.0,1.0,1.0,4.0,1.0,20.0,1.0,17.0,99.0,1.0,1.0,503.0,46.0,1.0,1.0,0.0,202304814020.0,12.0,2.0,2.0,4.0,1.0,1.0,14.0,60.0,2.0,4.0,1.0,8.0,0.0,63.0,1.0,9.0
460016,1,98,96.0,28.0,1.0,1.0,-99.0,46.0,83.0,12.0,7.0,15.0,71.0,2.0,1.0,4.0,20.0,7.0,1.0,0.0,0.0,0.0,7.0,46.0,2.0,12.0,1.0,0.0,1D4HB48N36F1,2006.0,476.0,3508.0,7.0,7.0,Dodge,422.0,15.0,1.0,0.0,0.0,55.0,0.0,0.0,0.0,12.0,6.0,12.0,0.0,0.0,1.0,46.0,57105.0,1.0,6.0,3.0,Valid license for this class vehicle,0.0,62.0,175.0,0.0,1.0,0.0,5.0,May,2021.0,9.0,2022.0,4.0,1.0,2.0,55.0,1.0,1.0,2.0,4.0,97.0,1.0,5.0,6.0,2.0,2.0,301.0,46.0,1.0,1.0,0.0,202304898923.0,12.0,6.0,3.0,4.0,1.0,1.0,15.0,71.0,2.0,4.0,1.0,1.0,0.0,7.0,1.0,98.0
460016,2,98,0.0,0.0,1.0,9999.0,-99.0,46.0,83.0,12.0,87.0,66.0,32.0,1.0,1.0,0.0,3.0,0.0,20.0,0.0,0.0,0.0,0.0,46.0,2.0,12.0,1.0,0.0,1XPXD49X6ED2,2014.0,495.0,2794.0,66.0,87.0,Peterbilt,881.0,66.0,1.0,0.0,0.0,45.0,0.0,0.0,0.0,12.0,6.0,12.0,0.0,0.0,1.0,46.0,57064.0,1.0,6.0,3.0,Valid license for this class vehicle,0.0,75.0,185.0,0.0,1.0,0.0,1.0,January,2021.0,5.0,2021.0,0.0,1.0,2.0,55.0,1.0,1.0,2.0,4.0,97.0,1.0,62.0,9.0,1.0,1.0,302.0,46.0,0.0,1.0,0.0,202304898923.0,12.0,6.0,3.0,4.0,1.0,1.0,66.0,32.0,1.0,0.0,1.0,20.0,0.0,87.0,2.0,98.0
460022,1,98,96.0,0.0,1.0,9999.0,-99.0,46.0,11.0,1.0,48.0,6.0,61.0,1.0,1.0,4.0,20.0,7.0,20.0,0.0,9.0,256.0,7.0,46.0,1.0,1.0,1.0,0.0,4S3BH8069476,2004.0,523.0,2232.0,15.0,48.0,Subaru,34.0,6.0,1.0,0.0,0.0,999.0,7.0,3.0,5.0,0.0,6.0,1.0,0.0,1.0,1.0,46.0,57719.0,1.0,3.0,2.0,No valid license for this class vehicle,0.0,71.0,276.0,0.0,0.0,2.0,7.0,July,2018.0,8.0,2021.0,0.0,1.0,2.0,55.0,1.0,1.0,4.0,1.0,97.0,1.0,12.0,7.0,3.0,4.0,102.0,46.0,1.0,1.0,0.0,202305534038.0,12.0,7.0,12.0,0.0,10.0,1.0,6.0,24.0,1.0,0.0,1.0,20.0,0.0,48.0,1.0,2.0
460029,2,98,96.0,0.0,1.0,9999.0,-99.0,46.0,97.0,12.0,97.0,98.0,66.0,1.0,1.0,4.0,20.0,7.0,20.0,1.0,9.0,0.0,7.0,46.0,2.0,12.0,1.0,0.0,0,9998.0,99998.0,99998.0,998.0,97.0,Not Reported,997.0,98.0,1.0,0.0,0.0,7.0,0.0,0.0,0.0,6.0,6.0,12.0,0.0,0.0,1.0,46.0,57321.0,1.0,6.0,3.0,Valid license for this class vehicle,0.0,76.0,275.0,0.0,1.0,0.0,2.0,February,2022.0,2.0,2022.0,0.0,1.0,2.0,65.0,1.0,1.0,2.0,1.0,97.0,1.0,53.0,1.0,1.0,1.0,201.0,46.0,1.0,1.0,0.0,202304636966.0,43.0,1.0,1.0,2.0,1.0,1.0,83.0,49.0,1.0,2.0,1.0,20.0,8.0,73.0,1.0,98.0
460030,1,98,96.0,38.0,1.0,9999.0,-99.0,46.0,67.0,12.0,13.0,14.0,92.0,1.0,1.0,4.0,3.0,0.0,8.0,0.0,9.0,995.0,7.0,46.0,2.0,12.0,1.0,0.0,5LMCJ1C90NUL,2022.0,464.0,25596.0,8.0,13.0,Lincoln,403.0,14.0,1.0,0.0,0.0,20.0,0.0,0.0,0.0,9.0,4.0,12.0,0.0,0.0,1.0,6.0,93455.0,1.0,6.0,3.0,Valid license for this class vehicle,0.0,72.0,180.0,0.0,0.0,0.0,0.0,No Record,0.0,0.0,0.0,0.0,1.0,2.0,65.0,1.0,1.0,2.0,1.0,20.0,1.0,17.0,1.0,1.0,1.0,504.0,46.0,1.0,1.0,0.0,202305034532.0,12.0,3.0,5.0,4.0,1.0,1.0,14.0,92.0,1.0,4.0,1.0,8.0,0.0,13.0,1.0,98.0
460030,2,98,0.0,0.0,1.0,9999.0,-99.0,46.0,67.0,12.0,20.0,21.0,60.0,1.0,1.0,2.0,3.0,0.0,1.0,0.0,0.0,0.0,0.0,46.0,2.0,12.0,1.0,0.0,1GCFG15X4811,2008.0,467.0,1848.0,95.0,20.0,Chevrolet,461.0,21.0,1.0,0.0,0.0,65.0,0.0,0.0,0.0,12.0,6.0,12.0,0.0,0.0,1.0,31.0,68739.0,1.0,6.0,3.0,Valid license for this class vehicle,3.0,73.0,248.0,0.0,2.0,0.0,10.0,October,2019.0,10.0,2019.0,0.0,1.0,3.0,65.0,1.0,1.0,2.0,1.0,0.0,1.0,66.0,1.0,1.0,1.0,503.0,46.0,0.0,1.0,0.0,202305034532.0,12.0,3.0,5.0,4.0,1.0,1.0,21.0,60.0,1.0,2.0,1.0,1.0,0.0,20.0,2.0,98.0
460032,1,98,96.0,28.0,1.0,9999.0,-99.0,46.0,111.0,12.0,55.0,4.0,46.0,1.0,1.0,4.0,3.0,0.0,8.0,0.0,9.0,995.0,7.0,46.0,2.0,12.0,1.0,0.0,5NPE24AF0KH8,2019.0,498.0,2459.0,13.0,55.0,Hyundai,33.0,4.0,1.0,0.0,0.0,68.0,0.0,0.0,0.0,12.0,6.0,12.0,0.0,0.0,1.0,46.0,57359.0,1.0,2.0,2.0,No valid license for this class vehicle,0.0,75.0,220.0,2.0,0.0,0.0,9.0,September,2021.0,4.0,2023.0,0.0,1.0,2.0,55.0,1.0,1.0,2.0,1.0,97.0,1.0,54.0,99.0,1.0,1.0,303.0,46.0,1.0,1.0,0.0,202304953404.0,12.0,4.0,5.0,0.0,10.0,1.0,4.0,30.0,2.0,0.0,1.0,20.0,0.0,55.0,2.0,98.0
460032,2,98,0.0,0.0,1.0,9999.0,-99.0,46.0,111.0,12.0,87.0,66.0,19.0,1.0,1.0,2.0,20.0,7.0,20.0,0.0,9.0,0.0,0.0,46.0,2.0,12.0,1.0,0.0,1XP5DB9X75D8,2005.0,495.0,2046.0,66.0,87.0,Peterbilt,881.0,66.0,1.0,0.0,0.0,50.0,0.0,0.0,0.0,12.0,6.0,12.0,0.0,0.0,1.0,46.0,57301.0,1.0,6.0,3.0,Valid license for this class vehicle,1.0,70.0,175.0,0.0,0.0,0.0,0.0,No Record,0.0,0.0,0.0,0.0,1.0,2.0,55.0,1.0,1.0,2.0,1.0,97.0,1.0,54.0,99.0,1.0,1.0,303.0,46.0,0.0,1.0,0.0,202304807415.0,12.0,2.0,3.0,0.0,1.0,1.0,66.0,42.0,1.0,0.0,1.0,20.0,0.0,87.0,2.0,0.0
460043,1,98,96.0,58.0,1.0,9999.0,-99.0,46.0,109.0,12.0,98.0,95.0,19.0,2.0,1.0,4.0,20.0,7.0,98.0,1.0,0.0,0.0,7.0,46.0,2.0,12.0,1.0,0.0,0,1973.0,99997.0,99997.0,124.0,98.0,Other Make,998.0,95.0,1.0,0.0,0.0,15.0,0.0,0.0,0.0,12.0,6.0,12.0,0.0,0.0,1.0,46.0,57028.0,0.0,0.0,1.0,No license required for this class vehicle,0.0,64.0,130.0,0.0,0.0,0.0,0.0,No Record,0.0,0.0,0.0,0.0,1.0,2.0,65.0,1.0,1.0,2.0,1.0,97.0,1.0,10.0,99.0,9.0,2.0,301.0,46.0,3.0,1.0,0.0,202304636966.0,43.0,1.0,1.0,2.0,1.0,1.0,83.0,49.0,1.0,2.0,1.0,20.0,8.0,73.0,1.0,98.0
460045,1,98,96.0,0.0,1.0,0.0,-99.0,46.0,13.0,12.0,87.0,66.0,56.0,1.0,1.0,0.0,3.0,0.0,20.0,0.0,0.0,996.0,0.0,46.0,2.0,12.0,1.0,0.0,1XPXD49X8MD7,2021.0,495.0,2794.0,66.0,87.0,Peterbilt,881.0,66.0,1.0,0.0,0.0,54.0,0.0,0.0,0.0,12.0,6.0,12.0,0.0,0.0,1.0,46.0,57104.0,1.0,6.0,3.0,Valid license for this class vehicle,0.0,73.0,195.0,0.0,1.0,0.0,9.0,September,2018.0,5.0,2022.0,0.0,1.0,4.0,55.0,1.0,1.0,2.0,1.0,0.0,1.0,17.0,99.0,1.0,1.0,503.0,46.0,0.0,1.0,0.0,202305227242.0,12.0,6.0,8.0,0.0,1.0,1.0,66.0,61.0,1.0,0.0,1.0,20.0,0.0,87.0,2.0,98.0
460046,1,98,96.0,0.0,1.0,0.0,-99.0,46.0,79.0,12.0,37.0,20.0,71.0,2.0,1.0,1.0,3.0,0.0,9.0,0.0,0.0,0.0,0.0,46.0,2.0,12.0,1.0,0.0,5FNRL6H75KB0,2019.0,474.0,1869.0,2.0,37.0,Honda,441.0,20.0,1.0,0.0,0.0,5.0,7.0,0.0,0.0,9.0,6.0,12.0,0.0,0.0,1.0,46.0,57110.0,1.0,6.0,3.0,Valid license for this class vehicle,1.0,68.0,250.0,0.0,0.0,0.0,0.0,No Record,0.0,0.0,0.0,0.0,1.0,2.0,65.0,1.0,1.0,2.0,1.0,0.0,11.0,60.0,16.0,1.0,1.0,405.0,46.0,0.0,1.0,0.0,202305202156.0,12.0,7.0,8.0,2.0,1.0,1.0,20.0,50.0,2.0,0.0,1.0,20.0,0.0,37.0,2.0,0.0
460047,1,98,96.0,38.0,1.0,9999.0,-99.0,46.0,99.0,12.0,72.0,80.0,62.0,1.0,1.0,4.0,20.0,7.0,20.0,8.0,9.0,995.0,7.0,46.0,2.0,12.0,1.0,0.0,1HD1FLW143Y6,2003.0,3888.0,11320.0,81.0,72.0,Harley-Davidson,706.0,80.0,1.0,0.0,0.0,5.0,7.0,8.0,8.0,9.0,6.0,12.0,0.0,0.0,1.0,19.0,51360.0,1.0,6.0,3.0,Valid license for this class vehicle,0.0,75.0,225.0,0.0,1.0,0.0,10.0,October,2022.0,10.0,2022.0,0.0,1.0,2.0,65.0,1.0,1.0,2.0,1.0,97.0,12.0,21.0,99.0,1.0,1.0,998.0,46.0,1.0,1.0,0.0,202305133466.0,12.0,1.0,7.0,4.0,1.0,1.0,80.0,62.0,1.0,4.0,1.0,20.0,8.0,72.0,1.0,98.0
460052,1,1,96.0,0.0,1.0,9999.0,-99.0,46.0,51.0,42.0,23.0,15.0,34.0,1.0,1.0,3.0,3.0,0.0,1.0,0.0,0.0,0.0,0.0,46.0,1.0,42.0,2.0,0.0,3GKFK16Z64G1,2004.0,472.0,4579.0,7.0,23.0,GMC,422.0,15.0,1.0,0.0,0.0,63.0,7.0,0.0,0.0,62.0,6.0,42.0,0.0,0.0,1.0,27.0,56342.0,1.0,4.0,2.0,No valid license for this class vehicle,0.0,74.0,210.0,0.0,0.0,1.0,10.0,October,2019.0,10.0,2019.0,0.0,1.0,2.0,25.0,1.0,1.0,2.0,1.0,97.0,1.0,12.0,99.0,9.0,4.0,102.0,46.0,0.0,1.0,0.0,202305177672.0,33.0,7.0,7.0,4.0,1.0,1.0,15.0,34.0,1.0,3.0,1.0,1.0,0.0,23.0,1.0,1.0
460055,1,98,96.0,50.0,1.0,9999.0,-99.0,46.0,99.0,12.0,37.0,80.0,47.0,1.0,1.0,4.0,20.0,7.0,20.0,8.0,1.0,160.0,7.0,46.0,2.0,12.0,1.0,0.0,MLHJC7517K51,2019.0,474.0,11875.0,80.0,37.0,Honda,703.0,80.0,1.0,0.0,0.0,20.0,7.0,8.0,8.0,12.0,6.0,12.0,0.0,1.0,1.0,46.0,57108.0,1.0,6.0,3.0,Valid license for this class vehicle,1.0,73.0,215.0,0.0,1.0,1.0,12.0,December,2019.0,7.0,2022.0,0.0,4.0,4.0,20.0,1.0,2.0,1.0,1.0,97.0,1.0,54.0,99.0,1.0,1.0,303.0,46.0,1.0,1.0,0.0,202305201118.0,12.0,7.0,7.0,4.0,1.0,1.0,80.0,47.0,1.0,4.0,1.0,20.0,8.0,37.0,1.0,98.0
460055,2,98,96.0,0.0,1.0,9999.0,-99.0,46.0,99.0,12.0,12.0,5.0,20.0,2.0,1.0,0.0,3.0,0.0,1.0,0.0,0.0,0.0,0.0,46.0,2.0,12.0,1.0,0.0,3FADP4EJ7BM1,2011.0,460.0,3267.0,5.0,12.0,Ford,32.0,5.0,1.0,0.0,0.0,20.0,7.0,0.0,0.0,12.0,6.0,12.0,0.0,0.0,1.0,46.0,57104.0,1.0,6.0,3.0,Valid license for this class vehicle,0.0,64.0,285.0,0.0,0.0,0.0,0.0,No Record,0.0,0.0,0.0,0.0,4.0,4.0,20.0,1.0,2.0,1.0,1.0,97.0,1.0,54.0,99.0,1.0,1.0,303.0,46.0,0.0,1.0,0.0,202305201118.0,12.0,7.0,7.0,4.0,1.0,1.0,5.0,20.0,2.0,0.0,1.0,1.0,0.0,12.0,2.0,98.0
460056,1,9,96.0,38.0,1.0,9999.0,-99.0,46.0,99.0,12.0,13.0,15.0,37.0,1.0,1.0,0.0,99.0,7.0,98.0,0.0,1.0,995.0,0.0,46.0,2.0,12.0,99.0,1.0,5LMJJ2J53BEJ,2011.0,464.0,1814.0,7.0,13.0,Lincoln,421.0,15.0,1.0,0.0,0.0,10.0,7.0,0.0,0.0,2.0,4.0,12.0,0.0,1.0,1.0,46.0,57005.0,1.0,6.0,3.0,Valid license for this class vehicle,0.0,72.0,195.0,0.0,0.0,0.0,0.0,No Record,0.0,0.0,0.0,0.0,1.0,6.0,35.0,1.0,1.0,2.0,1.0,3.0,11.0,15.0,99.0,1.0,1.0,401.0,46.0,0.0,1.0,0.0,202305212261.0,12.0,7.0,7.0,4.0,1.0,1.0,15.0,37.0,1.0,0.0,1.0,98.0,0.0,13.0,1.0,9.0
460056,2,98,96.0,0.0,1.0,9999.0,-99.0,46.0,99.0,12.0,53.0,80.0,29.0,1.0,1.0,4.0,20.0,7.0,20.0,8.0,9.0,995.0,7.0,46.0,2.0,12.0,1.0,0.0,JS1GN7FA2E21,2014.0,509.0,2103.0,80.0,53.0,Suzuki,705.0,80.0,1.0,0.0,0.0,998.0,7.0,8.0,8.0,12.0,6.0,12.0,0.0,0.0,1.0,46.0,57103.0,1.0,6.0,2.0,No valid license for this class vehicle,0.0,68.0,210.0,1.0,8.0,4.0,12.0,December,2018.0,2.0,2023.0,0.0,1.0,5.0,35.0,1.0,1.0,2.0,1.0,3.0,1.0,62.0,99.0,1.0,1.0,402.0,46.0,1.0,1.0,0.0,202305212261.0,12.0,7.0,7.0,4.0,1.0,1.0,80.0,29.0,1.0,4.0,1.0,20.0,8.0,53.0,2.0,98.0
460071,2,98,96.0,0.0,1.0,9999.0,-99.0,46.0,85.0,12.0,85.0,66.0,48.0,1.0,1.0,0.0,3.0,0.0,20.0,0.0,0.0,0.0,0.0,46.0,2.0,12.0,1.0,0.0,1XKYD49X6KJ2,2019.0,532.0,2733.0,66.0,85.0,Kenworth,881.0,66.0,1.0,0.0,0.0,30.0,0.0,0.0,0.0,6.0,6.0,12.0,0.0,0.0,1.0,96.0,0.0,1.0,6.0,9.0,Unknown,9.0,999.0,999.0,99.0,99.0,99.0,99.0,Unknown,9999.0,99.0,9999.0,0.0,2.0,2.0,80.0,1.0,1.0,1.0,1.0,97.0,2.0,53.0,1.0,1.0,2.0,201.0,46.0,0.0,1.0,0.0,202304816445.0,12.0,7.0,3.0,0.0,10.0,1.0,66.0,37.0,1.0,0.0,1.0,20.0,0.0,85.0,2.0,98.0
460073,1,98,96.0,0.0,1.0,9999.0,-99.0,46.0,99.0,33.0,76.0,80.0,19.0,1.0,1.0,4.0,20.0,7.0,20.0,8.0,0.0,0.0,7.0,46.0,1.0,33.0,1.0,0.0,JYARJ06E45A0,2005.0,564.0,3211.0,80.0,76.0,Yamaha,705.0,80.0,1.0,0.0,0.0,50.0,7.0,8.0,8.0,98.0,6.0,59.0,0.0,0.0,1.0,46.0,57005.0,1.0,6.0,3.0,Valid license for this class vehicle,0.0,70.0,160.0,0.0,1.0,0.0,6.0,June,2021.0,6.0,2021.0,3.0,1.0,4.0,35.0,3.0,1.0,2.0,1.0,97.0,14.0,13.0,99.0,9.0,4.0,101.0,46.0,1.0,1.0,0.0,202305174150.0,33.0,7.0,7.0,4.0,1.0,1.0,80.0,19.0,1.0,4.0,1.0,20.0,8.0,76.0,1.0,98.0
460074,1,98,96.0,0.0,1.0,9999.0,-99.0,46.0,11.0,46.0,63.0,14.0,28.0,1.0,1.0,4.0,99.0,7.0,98.0,0.0,9.0,995.0,7.0,46.0,1.0,46.0,2.0,0.0,5XYKWDA28BG0,2011.0,499.0,2769.0,7.0,63.0,KIA,402.0,14.0,1.0,0.0,0.0,65.0,7.0,0.0,0.0,12.0,6.0,2.0,1.0,0.0,1.0,27.0,56164.0,1.0,2.0,2.0,No valid license for this class vehicle,0.0,73.0,160.0,0.0,0.0,0.0,0.0,No Record,0.0,0.0,0.0,9.0,1.0,2.0,65.0,3.0,1.0,2.0,1.0,65.0,14.0,90.0,99.0,9.0,1.0,103.0,46.0,1.0,1.0,1.0,202305231296.0,46.0,6.0,8.0,4.0,1.0,1.0,14.0,28.0,1.0,4.0,1.0,98.0,0.0,63.0,1.0,98.0
460077,1,98,96.0,0.0,1.0,0.0,-99.0,46.0,135.0,12.0,87.0,66.0,36.0,1.0,1.0,0.0,1.0,0.0,20.0,0.0,0.0,0.0,0.0,46.0,2.0,12.0,1.0,0.0,1XPFP40XX5D8,2005.0,495.0,2040.0,66.0,87.0,Peterbilt,881.0,66.0,1.0,0.0,0.0,12.0,0.0,0.0,0.0,6.0,2.0,12.0,0.0,0.0,1.0,46.0,57006.0,1.0,6.0,2.0,No valid license for this class vehicle,3.0,70.0,200.0,2.0,2.0,0.0,6.0,June,2019.0,6.0,2022.0,0.0,2.0,2.0,65.0,1.0,1.0,1.0,1.0,97.0,10.0,16.0,1.0,1.0,1.0,201.0,46.0,0.0,1.0,0.0,202305243129.0,12.0,5.0,8.0,4.0,1.0,1.0,66.0,36.0,1.0,0.0,1.0,20.0,0.0,87.0,1.0,98.0
460077,2,98,96.0,26.0,1.0,9999.0,-99.0,46.0,135.0,12.0,12.0,14.0,44.0,2.0,1.0,4.0,3.0,0.0,1.0,0.0,0.0,0.0,7.0,46.0,2.0,12.0,1.0,0.0,1FMCU9G90EUA,2014.0,460.0,1798.0,7.0,12.0,Ford,402.0,14.0,1.0,0.0,0.0,68.0,0.0,0.0,0.0,12.0,6.0,12.0,0.0,0.0,1.0,46.0,57315.0,1.0,6.0,3.0,Valid license for this class vehicle,1.0,65.0,350.0,0.0,0.0,0.0,0.0,No Record,0.0,0.0,0.0,0.0,2.0,2.0,65.0,1.0,1.0,1.0,1.0,97.0,1.0,51.0,99.0,9.0,1.0,202.0,46.0,1.0,1.0,0.0,202305243129.0,12.0,5.0,8.0,4.0,1.0,1.0,14.0,44.0,2.0,4.0,1.0,1.0,0.0,12.0,2.0,98.0
460081,1,98,96.0,0.0,1.0,9999.0,-99.0,46.0,83.0,12.0,18.0,4.0,74.0,1.0,1.0,4.0,3.0,0.0,98.0,0.0,0.0,0.0,7.0,46.0,2.0,12.0,1.0,0.0,2G4WD5826812,2008.0,468.0,1821.0,13.0,18.0,Buick / Opel,22.0,4.0,1.0,0.0,0.0,58.0,1.0,0.0,0.0,10.0,6.0,12.0,1.0,0.0,1.0,46.0,57004.0,1.0,6.0,3.0,Valid license for this class vehicle,0.0,74.0,225.0,0.0,0.0,0.0,0.0,No Record,0.0,0.0,0.0,0.0,1.0,2.0,55.0,1.0,1.0,2.0,1.0,97.0,1.0,66.0,99.0,1.0,1.0,504.0,46.0,1.0,1.0,0.0,202304704317.0,33.0,4.0,1.0,0.0,4.0,1.0,4.0,40.0,1.0,0.0,1.0,20.0,0.0,18.0,1.0,0.0
460081,2,98,96.0,39.0,1.0,9999.0,-99.0,46.0,83.0,12.0,99.0,99.0,26.0,1.0,1.0,3.0,20.0,7.0,20.0,0.0,0.0,0.0,0.0,46.0,2.0,12.0,1.0,0.0,0,2023.0,5431.0,99999.0,126.0,99.0,Unknown Make,999.0,99.0,1.0,0.0,0.0,30.0,2.0,3.0,1.0,12.0,6.0,12.0,0.0,0.0,1.0,19.0,51009.0,1.0,6.0,3.0,Valid license for this class vehicle,0.0,72.0,207.0,0.0,0.0,0.0,0.0,No Record,0.0,0.0,0.0,0.0,1.0,2.0,55.0,1.0,1.0,2.0,1.0,20.0,1.0,17.0,99.0,1.0,1.0,503.0,46.0,0.0,1.0,0.0,202304636966.0,43.0,1.0,1.0,2.0,1.0,1.0,83.0,49.0,1.0,2.0,1.0,20.0,8.0,73.0,1.0,98.0