ST_CASE,VEH_NO_x,DRIMPAIR_x,DRDISTRACT,DRIVERRF,PER_NO_x,DRUGRES,DRUGACTQTY,STATE_x,COUNTY,HARM_EV_x,MAKE_x,BODY_TYP_x,AGE,SEX,PER_TYP_x,INJ_SEV,REST_USE,REST_MIS,AIR_BAG_x,EJECTION,DRINKING,ALC_RES,HISPANIC,STATE_y,VE_FORMS,HARM_EV_y,NUMOCCS,HIT_RUN,VIN,MOD_YEAR,VPICMAKE,VPICMODEL,VPICBODYCLASS,MAKE_y,MAKENAME,MODEL,BODY_TYP_y,HAZ_INV,HAZ_PLAC,HAZ_ID,TRAV_SP,UNDEROVERRIDE,ROLLOVER,ROLINLOC,IMPACT1,DEFORMED,M_HARM,FIRE_EXP,DR_DRINK,DR_PRES,L_STATE,DR_ZIP,L_TYPE,L_STATUS,L_COMPL,L_COMPLNAME,L_RESTRI,DR_HGT,DR_WGT,PREV_DWI,PREV_SPD,PREV_OTH,FIRST_MO,FIRST_MONAME,FIRST_YR,LAST_MO,LAST_YR,SPEEDREL,VTRAFWAY,VNUM_LAN,VSPD_LIM,VALIGN,VPROFILE,VPAVETYP,VSURCOND,VTRAFCON,P_CRASH1,P_CRASH2,P_CRASH3,PCRASH4,PCRASH5,ACC_CONFIG,STATE,RACE,ORDER,MULTRACE,CASENUM,HARM_EV,DAY_WEEK,MONTH,MAXSEV_IM,WEATHR_IM,PER_NO_y,BODY_TYP,AGE_IM,SEX_IM,INJSEV_IM,PER_TYP_y,AIR_BAG_y,EJECT_IM,MAKE,VEH_NO_y,DRIMPAIR_y
470052,1,0,99.0,6.0,1.0,0.0,-99.0,47.0,157.0,12.0,82.0,66.0,40.0,1.0,1.0,1.0,3.0,0.0,20.0,0.0,0.0,996.0,0.0,47.0,4.0,12.0,1.0,0.0,3AKJGLDR5JSJ,2018.0,450.0,2501.0,66.0,82.0,Freightliner,881.0,66.0,1.0,0.0,0.0,998.0,0.0,0.0,0.0,1.0,6.0,12.0,0.0,0.0,1.0,42.0,19138.0,1.0,6.0,3.0,Valid license for this class vehicle,0.0,68.0,999.0,0.0,0.0,0.0,0.0,No Record,0.0,0.0,0.0,0.0,2.0,2.0,55.0,1.0,5.0,2.0,2.0,0.0,1.0,12.0,99.0,1.0,2.0,301.0,47.0,0.0,1.0,0.0,202304695664.0,12.0,1.0,1.0,4.0,2.0,1.0,66.0,40.0,1.0,1.0,1.0,20.0,0.0,82.0,1.0,0.0
470052,2,0,0.0,0.0,1.0,0.0,-99.0,47.0,157.0,12.0,23.0,34.0,77.0,1.0,1.0,4.0,3.0,0.0,8.0,0.0,0.0,996.0,1.0,47.0,4.0,12.0,1.0,0.0,3GTU9DED5LG1,2020.0,472.0,1857.0,60.0,23.0,GMC,481.0,34.0,1.0,0.0,0.0,998.0,0.0,0.0,0.0,11.0,6.0,12.0,0.0,0.0,1.0,28.0,38611.0,1.0,6.0,3.0,Valid license for this class vehicle,1.0,71.0,230.0,0.0,0.0,0.0,0.0,No Record,0.0,0.0,0.0,0.0,2.0,2.0,55.0,1.0,6.0,2.0,2.0,0.0,1.0,62.0,99.0,1.0,1.0,302.0,47.0,99.0,1.0,0.0,202304695664.0,12.0,1.0,1.0,4.0,2.0,1.0,34.0,77.0,1.0,4.0,1.0,8.0,0.0,23.0,2.0,0.0
470052,3,0,0.0,0.0,1.0,0.0,-99.0,47.0,157.0,12.0,20.0,2.0,40.0,1.0,1.0,1.0,20.0,7.0,8.0,0.0,0.0,996.0,0.0,47.0,4.0,12.0,2.0,0.0,2G1FD1E37F91,2015.0,467.0,1829.0,3.0,20.0,Chevrolet,9.0,2.0,1.0,0.0,0.0,998.0,0.0,0.0,0.0,12.0,6.0,12.0,0.0,0.0,1.0,47.0,38118.0,1.0,6.0,3.0,Valid license for this class vehicle,1.0,69.0,172.0,0.0,1.0,0.0,11.0,November,2021.0,11.0,2021.0,0.0,2.0,2.0,55.0,1.0,6.0,2.0,2.0,0.0,1.0,62.0,99.0,1.0,1.0,998.0,47.0,0.0,1.0,0.0,202304695664.0,12.0,1.0,1.0,4.0,2.0,1.0,2.0,40.0,1.0,1.0,1.0,8.0,0.0,20.0,3.0,0.0
470053,1,99,99.0,36.0,1.0,1.0,-99.0,47.0,157.0,31.0,20.0,4.0,25.0,1.0,1.0,4.0,20.0,7.0,1.0,0.0,1.0,231.0,7.0,47.0,1.0,31.0,1.0,0.0,2G1WT58K7791,2007.0,467.0,1833.0,13.0,20.0,Chevrolet,2.0,4.0,1.0,0.0,0.0,998.0,7.0,0.0,0.0,12.0,6.0,31.0,0.0,1.0,1.0,47.0,38114.0,1.0,6.0,3.0,Valid license for this class vehicle,3.0,70.0,215.0,0.0,0.0,0.0,8.0,August,2022.0,8.0,2022.0,0.0,2.0,3.0,35.0,2.0,1.0,2.0,1.0,0.0,15.0,12.0,99.0,1.0,4.0,102.0,47.0,2.0,1.0,0.0,202305227310.0,12.0,5.0,8.0,0.0,1.0,1.0,4.0,22.0,1.0,0.0,1.0,20.0,0.0,20.0,2.0,0.0
470057,1,99,99.0,36.0,1.0,0.0,-99.0,47.0,157.0,21.0,35.0,3.0,20.0,1.0,1.0,4.0,99.0,7.0,98.0,0.0,0.0,996.0,1.0,47.0,1.0,21.0,1.0,0.0,JN1AZ34E04T0,2004.0,478.0,2303.0,3.0,35.0,Nissan/Datsun,48.0,3.0,1.0,0.0,0.0,998.0,7.0,0.0,0.0,12.0,6.0,21.0,0.0,0.0,1.0,47.0,38134.0,1.0,6.0,3.0,Valid license for this class vehicle,0.0,70.0,242.0,0.0,2.0,0.0,11.0,November,2020.0,12.0,2022.0,0.0,3.0,4.0,50.0,1.0,1.0,2.0,1.0,0.0,1.0,13.0,99.0,1.0,4.0,101.0,47.0,1.0,1.0,0.0,202304698536.0,21.0,3.0,1.0,4.0,1.0,1.0,3.0,20.0,1.0,4.0,1.0,98.0,0.0,35.0,1.0,99.0
470061,1,0,0.0,0.0,1.0,0.0,-99.0,47.0,103.0,12.0,2.0,14.0,40.0,1.0,1.0,0.0,3.0,0.0,20.0,0.0,0.0,996.0,0.0,47.0,2.0,12.0,1.0,0.0,1J4FA39S05P3,2005.0,483.0,1943.0,7.0,2.0,Jeep / Kaiser-Jeep / Willys- Jeep,403.0,14.0,1.0,0.0,0.0,998.0,8.0,0.0,0.0,12.0,6.0,12.0,0.0,0.0,1.0,1.0,35805.0,1.0,6.0,3.0,Valid license for this class vehicle,0.0,75.0,245.0,0.0,0.0,0.0,7.0,July,2020.0,11.0,2020.0,0.0,1.0,2.0,55.0,1.0,1.0,2.0,2.0,0.0,1.0,68.0,99.0,1.0,1.0,503.0,47.0,0.0,1.0,0.0,202305632581.0,12.0,2.0,6.0,2.0,1.0,1.0,14.0,27.0,1.0,0.0,1.0,20.0,0.0,2.0,1.0,9.0
470062,2,0,0.0,0.0,1.0,5060.0,3.0,47.0,99.0,12.0,87.0,66.0,56.0,1.0,1.0,0.0,3.0,0.0,20.0,0.0,0.0,0.0,0.0,47.0,2.0,12.0,1.0,0.0,1XP5DB9X54D8,2004.0,495.0,2046.0,66.0,87.0,Peterbilt,881.0,66.0,1.0,0.0,0.0,998.0,8.0,0.0,0.0,12.0,6.0,12.0,0.0,0.0,1.0,47.0,37160.0,1.0,6.0,3.0,Valid license for this class vehicle,1.0,71.0,200.0,0.0,0.0,0.0,9.0,September,2018.0,9.0,2018.0,0.0,2.0,3.0,65.0,1.0,1.0,2.0,1.0,0.0,1.0,66.0,99.0,1.0,1.0,503.0,47.0,0.0,1.0,0.0,202305115202.0,12.0,4.0,7.0,0.0,1.0,1.0,66.0,34.0,1.0,0.0,1.0,20.0,0.0,87.0,1.0,0.0
470067,1,98,99.0,45.0,1.0,0.0,-99.0,47.0,149.0,12.0,12.0,14.0,52.0,1.0,1.0,4.0,3.0,0.0,8.0,0.0,0.0,996.0,7.0,47.0,3.0,12.0,1.0,0.0,1FMCU03Z08KE,2008.0,460.0,1798.0,7.0,12.0,Ford,402.0,14.0,1.0,0.0,0.0,998.0,8.0,0.0,0.0,6.0,6.0,12.0,0.0,0.0,1.0,47.0,37013.0,1.0,6.0,3.0,Valid license for this class vehicle,0.0,72.0,215.0,0.0,0.0,0.0,0.0,No Record,0.0,0.0,0.0,0.0,3.0,5.0,70.0,1.0,1.0,2.0,2.0,0.0,2.0,53.0,99.0,1.0,1.0,201.0,47.0,2.0,1.0,0.0,202304710140.0,12.0,1.0,1.0,4.0,10.0,1.0,14.0,52.0,1.0,4.0,1.0,8.0,0.0,12.0,1.0,98.0
470067,2,0,0.0,0.0,1.0,2084.0,0.6,47.0,149.0,12.0,49.0,14.0,34.0,2.0,1.0,1.0,3.0,0.0,8.0,0.0,0.0,0.0,0.0,47.0,3.0,12.0,3.0,0.0,2T3S1RFV3NW3,2022.0,448.0,2217.0,7.0,49.0,Toyota,402.0,14.0,1.0,0.0,0.0,998.0,8.0,0.0,0.0,12.0,6.0,12.0,0.0,0.0,1.0,47.0,37321.0,1.0,6.0,3.0,Valid license for this class vehicle,0.0,59.0,123.0,0.0,1.0,0.0,10.0,October,2022.0,10.0,2022.0,0.0,3.0,5.0,70.0,1.0,1.0,2.0,2.0,0.0,1.0,52.0,98.0,1.0,1.0,202.0,47.0,0.0,1.0,0.0,202304710140.0,12.0,1.0,1.0,4.0,10.0,1.0,14.0,34.0,2.0,1.0,1.0,8.0,0.0,49.0,2.0,0.0
470075,1,0,0.0,39.0,1.0,2140.0,0.5,47.0,29.0,12.0,37.0,4.0,39.0,2.0,1.0,2.0,3.0,0.0,1.0,0.0,0.0,0.0,0.0,47.0,2.0,12.0,2.0,0.0,19XFC1F91HE0,2017.0,474.0,1863.0,13.0,37.0,Honda,31.0,4.0,1.0,0.0,0.0,998.0,8.0,0.0,0.0,11.0,6.0,12.0,0.0,0.0,1.0,47.0,37873.0,1.0,6.0,3.0,Valid license for this class vehicle,1.0,65.0,189.0,0.0,2.0,0.0,5.0,May,2019.0,12.0,2022.0,0.0,1.0,2.0,45.0,1.0,2.0,2.0,1.0,20.0,1.0,17.0,99.0,1.0,1.0,501.0,47.0,0.0,1.0,0.0,202304717575.0,12.0,2.0,1.0,4.0,1.0,1.0,4.0,39.0,2.0,2.0,1.0,1.0,0.0,37.0,1.0,0.0
470077,1,2,0.0,28.0,1.0,0.0,-99.0,47.0,147.0,12.0,58.0,4.0,55.0,1.0,1.0,2.0,3.0,0.0,8.0,0.0,0.0,996.0,0.0,47.0,2.0,12.0,1.0,0.0,JN1EV7AR7GM3,2016.0,480.0,1901.0,13.0,58.0,Infiniti,41.0,4.0,1.0,0.0,0.0,998.0,0.0,0.0,0.0,12.0,6.0,12.0,0.0,0.0,1.0,47.0,37073.0,1.0,6.0,3.0,Valid license for this class vehicle,0.0,67.0,163.0,0.0,0.0,0.0,3.0,March,2020.0,3.0,2020.0,0.0,5.0,5.0,45.0,1.0,1.0,2.0,2.0,0.0,1.0,10.0,99.0,1.0,2.0,301.0,47.0,0.0,1.0,0.0,202304718090.0,12.0,4.0,1.0,4.0,2.0,1.0,4.0,55.0,1.0,2.0,1.0,8.0,0.0,58.0,1.0,2.0
470077,2,0,0.0,0.0,1.0,0.0,-99.0,47.0,147.0,12.0,63.0,4.0,40.0,2.0,1.0,4.0,3.0,0.0,8.0,0.0,0.0,996.0,7.0,47.0,2.0,12.0,1.0,0.0,3KPF24AD2KE0,2019.0,499.0,2462.0,13.0,63.0,KIA,38.0,4.0,1.0,0.0,0.0,998.0,0.0,0.0,0.0,12.0,6.0,12.0,0.0,0.0,1.0,47.0,37073.0,1.0,6.0,3.0,Valid license for this class vehicle,0.0,61.0,252.0,0.0,0.0,0.0,12.0,December,2022.0,12.0,2022.0,0.0,5.0,5.0,45.0,1.0,1.0,2.0,2.0,0.0,1.0,62.0,99.0,1.0,1.0,302.0,47.0,1.0,1.0,0.0,202304718090.0,12.0,4.0,1.0,4.0,2.0,1.0,4.0,40.0,2.0,4.0,1.0,8.0,0.0,63.0,2.0,0.0
470085,1,99,0.0,102.0,1.0,9997.0,-99.0,47.0,93.0,12.0,63.0,6.0,51.0,2.0,1.0,4.0,20.0,7.0,8.0,1.0,1.0,190.0,7.0,47.0,4.0,12.0,1.0,0.0,KNDJP3A58G73,2016.0,499.0,2460.0,7.0,63.0,KIA,37.0,6.0,1.0,0.0,0.0,998.0,0.0,0.0,0.0,98.0,6.0,12.0,0.0,1.0,1.0,47.0,37849.0,1.0,2.0,2.0,No valid license for this class vehicle,0.0,62.0,140.0,0.0,0.0,0.0,12.0,December,2021.0,4.0,2022.0,4.0,1.0,4.0,55.0,3.0,5.0,2.0,1.0,0.0,14.0,10.0,99.0,1.0,2.0,301.0,47.0,1.0,1.0,0.0,202305476096.0,12.0,2.0,10.0,0.0,1.0,1.0,6.0,74.0,1.0,0.0,1.0,20.0,0.0,63.0,2.0,98.0
470087,1,99,99.0,28.0,1.0,5060.0,4.0,47.0,29.0,12.0,35.0,4.0,43.0,1.0,1.0,4.0,20.0,7.0,8.0,0.0,1.0,141.0,7.0,47.0,2.0,12.0,1.0,0.0,1N4BL3AP1DN4,2013.0,478.0,1904.0,13.0,35.0,Nissan/Datsun,47.0,4.0,1.0,0.0,0.0,998.0,0.0,3.0,1.0,12.0,6.0,12.0,0.0,1.0,1.0,47.0,37821.0,1.0,6.0,3.0,Valid license for this class vehicle,0.0,72.0,175.0,0.0,0.0,1.0,10.0,October,2020.0,10.0,2020.0,0.0,1.0,2.0,55.0,1.0,6.0,2.0,1.0,0.0,1.0,10.0,99.0,1.0,2.0,301.0,47.0,1.0,1.0,0.0,202304792328.0,12.0,4.0,2.0,0.0,1.0,1.0,4.0,67.0,2.0,0.0,1.0,20.0,0.0,35.0,1.0,98.0
470092,1,0,0.0,38.0,1.0,1.0,-99.0,47.0,125.0,12.0,20.0,5.0,63.0,1.0,1.0,3.0,20.0,7.0,20.0,0.0,1.0,178.0,0.0,47.0,2.0,12.0,1.0,0.0,KL1TD6DE9BB1,2011.0,467.0,1828.0,5.0,20.0,Chevrolet,39.0,5.0,1.0,0.0,0.0,998.0,7.0,0.0,0.0,3.0,6.0,12.0,0.0,1.0,1.0,47.0,37042.0,1.0,2.0,2.0,No valid license for this class vehicle,0.0,71.0,190.0,1.0,1.0,2.0,6.0,June,2020.0,10.0,2021.0,0.0,5.0,5.0,40.0,1.0,1.0,2.0,1.0,0.0,11.0,62.0,99.0,1.0,1.0,401.0,47.0,0.0,1.0,0.0,202305463556.0,12.0,3.0,7.0,2.0,1.0,1.0,5.0,79.0,1.0,2.0,1.0,20.0,0.0,20.0,1.0,0.0
470096,1,9,99.0,0.0,1.0,0.0,-99.0,47.0,189.0,32.0,37.0,15.0,20.0,1.0,1.0,4.0,20.0,7.0,8.0,1.0,1.0,996.0,4.0,47.0,1.0,32.0,2.0,0.0,5FNYF28537B0,2007.0,474.0,1864.0,7.0,37.0,Honda,421.0,15.0,1.0,0.0,0.0,998.0,7.0,3.0,5.0,1.0,6.0,1.0,0.0,1.0,1.0,47.0,37087.0,9.0,9.0,9.0,Unknown,9.0,999.0,999.0,99.0,99.0,99.0,99.0,Unknown,9999.0,99.0,9999.0,4.0,1.0,2.0,30.0,3.0,1.0,2.0,1.0,0.0,14.0,13.0,99.0,1.0,4.0,101.0,47.0,98.0,1.0,0.0,202304737700.0,12.0,3.0,2.0,0.0,1.0,1.0,15.0,53.0,2.0,0.0,1.0,20.0,0.0,37.0,1.0,0.0
470113,1,99,99.0,0.0,1.0,0.0,-99.0,47.0,65.0,42.0,37.0,4.0,34.0,1.0,1.0,4.0,99.0,7.0,8.0,0.0,0.0,996.0,7.0,47.0,1.0,42.0,1.0,0.0,1HGCM56835A1,2005.0,474.0,1861.0,13.0,37.0,Honda,32.0,4.0,1.0,0.0,0.0,998.0,7.0,3.0,5.0,12.0,6.0,1.0,0.0,0.0,1.0,47.0,37387.0,1.0,6.0,3.0,Valid license for this class vehicle,0.0,71.0,185.0,0.0,1.0,0.0,4.0,April,2018.0,12.0,2019.0,0.0,1.0,2.0,40.0,1.0,6.0,2.0,2.0,0.0,1.0,12.0,99.0,1.0,4.0,102.0,47.0,1.0,1.0,0.0,202304841440.0,12.0,2.0,3.0,0.0,1.0,1.0,4.0,22.0,1.0,0.0,1.0,20.0,0.0,37.0,1.0,0.0
470116,2,0,93.0,6.0,1.0,0.0,-99.0,47.0,109.0,12.0,82.0,66.0,44.0,1.0,1.0,0.0,3.0,0.0,20.0,0.0,0.0,996.0,0.0,47.0,2.0,12.0,1.0,0.0,3AKJHHDR1MSM,2021.0,450.0,2501.0,66.0,82.0,Freightliner,881.0,66.0,1.0,0.0,0.0,998.0,8.0,0.0,0.0,12.0,6.0,12.0,0.0,0.0,1.0,28.0,38855.0,1.0,6.0,3.0,Valid license for this class vehicle,0.0,67.0,320.0,0.0,2.0,0.0,11.0,November,2019.0,8.0,2020.0,0.0,2.0,2.0,65.0,1.0,5.0,2.0,1.0,0.0,1.0,51.0,99.0,1.0,1.0,202.0,47.0,0.0,1.0,0.0,202305090762.0,24.0,2.0,7.0,0.0,2.0,1.0,66.0,35.0,1.0,0.0,1.0,20.0,0.0,82.0,1.0,0.0
470119,1,99,99.0,28.0,1.0,1.0,-99.0,47.0,5.0,12.0,35.0,4.0,36.0,2.0,1.0,4.0,3.0,0.0,8.0,0.0,1.0,257.0,7.0,47.0,2.0,12.0,2.0,0.0,1N4AL21E28C1,2008.0,478.0,1904.0,13.0,35.0,Nissan/Datsun,47.0,4.0,1.0,0.0,0.0,998.0,8.0,0.0,0.0,11.0,6.0,12.0,0.0,1.0,1.0,47.0,37090.0,1.0,6.0,3.0,Valid license for this class vehicle,0.0,67.0,140.0,0.0,1.0,0.0,7.0,July,2022.0,7.0,2022.0,0.0,1.0,2.0,55.0,1.0,1.0,2.0,1.0,0.0,1.0,10.0,99.0,1.0,2.0,303.0,47.0,1.0,1.0,0.0,202305073009.0,24.0,7.0,4.0,0.0,2.0,1.0,4.0,22.0,1.0,0.0,1.0,20.0,0.0,35.0,1.0,0.0
470125,1,9,99.0,36.0,1.0,1.0,-99.0,47.0,141.0,12.0,55.0,4.0,33.0,1.0,1.0,4.0,20.0,7.0,8.0,0.0,1.0,240.0,7.0,47.0,3.0,12.0,1.0,0.0,5NPE34AF1HH5,2017.0,498.0,2459.0,13.0,55.0,Hyundai,33.0,4.0,1.0,0.0,0.0,998.0,0.0,0.0,0.0,12.0,6.0,12.0,0.0,1.0,1.0,47.0,38580.0,1.0,6.0,3.0,Valid license for this class vehicle,0.0,72.0,170.0,0.0,1.0,0.0,6.0,June,2018.0,6.0,2018.0,0.0,5.0,4.0,35.0,1.0,1.0,2.0,1.0,0.0,6.0,54.0,6.0,1.0,2.0,301.0,47.0,1.0,1.0,0.0,202305408701.0,12.0,4.0,11.0,2.0,1.0,1.0,4.0,45.0,1.0,2.0,1.0,1.0,0.0,55.0,2.0,0.0
470132,1,0,99.0,0.0,1.0,0.0,-99.0,47.0,163.0,12.0,12.0,6.0,33.0,1.0,1.0,0.0,3.0,0.0,20.0,0.0,0.0,996.0,0.0,47.0,4.0,12.0,4.0,0.0,2FMDK39C67BA,2007.0,460.0,1797.0,7.0,12.0,Ford,24.0,6.0,1.0,0.0,0.0,998.0,0.0,0.0,0.0,7.0,4.0,12.0,0.0,0.0,1.0,47.0,37642.0,1.0,6.0,3.0,Valid license for this class vehicle,0.0,69.0,450.0,0.0,0.0,0.0,0.0,No Record,0.0,0.0,0.0,0.0,5.0,7.0,45.0,1.0,1.0,2.0,1.0,0.0,1.0,62.0,99.0,1.0,1.0,998.0,47.0,0.0,1.0,0.0,202304786548.0,12.0,3.0,2.0,0.0,1.0,1.0,6.0,26.0,2.0,0.0,1.0,20.0,0.0,12.0,2.0,0.0
470133,1,99,99.0,0.0,1.0,9995.0,-99.0,47.0,157.0,12.0,12.0,2.0,19.0,1.0,1.0,4.0,3.0,0.0,1.0,0.0,9.0,995.0,1.0,47.0,2.0,12.0,2.0,0.0,1ZVFT80N1753,2007.0,460.0,1781.0,3.0,12.0,Ford,3.0,2.0,1.0,0.0,0.0,998.0,0.0,0.0,0.0,3.0,6.0,12.0,0.0,0.0,1.0,47.0,38111.0,0.0,0.0,0.0,Not licensed,0.0,999.0,999.0,0.0,0.0,0.0,0.0,No Record,0.0,0.0,0.0,0.0,3.0,5.0,45.0,1.0,1.0,2.0,2.0,0.0,11.0,54.0,99.0,1.0,1.0,401.0,47.0,1.0,1.0,0.0,202305504773.0,8.0,4.0,12.0,1.0,1.0,1.0,2.0,34.0,1.0,0.0,1.0,20.0,0.0,12.0,1.0,0.0
470135,1,99,99.0,0.0,1.0,5060.0,-99.0,47.0,157.0,42.0,49.0,4.0,22.0,1.0,1.0,4.0,8.0,0.0,98.0,0.0,0.0,0.0,7.0,47.0,1.0,42.0,4.0,0.0,4T1BF1FK9CU1,2012.0,448.0,2469.0,13.0,49.0,Toyota,40.0,4.0,1.0,0.0,0.0,998.0,7.0,0.0,0.0,98.0,6.0,42.0,1.0,0.0,1.0,47.0,38116.0,0.0,0.0,0.0,Not licensed,0.0,61.0,110.0,0.0,0.0,0.0,0.0,No Record,0.0,0.0,0.0,0.0,5.0,7.0,45.0,1.0,1.0,2.0,1.0,0.0,1.0,13.0,99.0,5.0,4.0,101.0,47.0,2.0,1.0,0.0,202305065169.0,12.0,2.0,6.0,0.0,1.0,1.0,4.0,54.0,2.0,0.0,1.0,1.0,0.0,49.0,2.0,0.0
470136,1,0,0.0,51.0,1.0,0.0,-99.0,47.0,157.0,12.0,63.0,6.0,21.0,2.0,1.0,1.0,3.0,0.0,98.0,0.0,0.0,996.0,0.0,47.0,2.0,12.0,5.0,0.0,KNDJT2A24B72,2011.0,499.0,2460.0,7.0,63.0,KIA,37.0,6.0,1.0,0.0,0.0,998.0,0.0,0.0,0.0,12.0,6.0,12.0,0.0,0.0,1.0,47.0,38107.0,0.0,0.0,0.0,Not licensed,0.0,65.0,125.0,0.0,0.0,0.0,0.0,No Record,0.0,0.0,0.0,0.0,5.0,5.0,40.0,1.0,1.0,2.0,2.0,0.0,1.0,54.0,99.0,1.0,1.0,301.0,47.0,0.0,1.0,0.0,202305142790.0,8.0,1.0,7.0,1.0,1.0,1.0,6.0,23.0,2.0,0.0,1.0,20.0,0.0,63.0,1.0,0.0
470137,1,99,99.0,0.0,1.0,5060.0,-99.0,47.0,157.0,42.0,35.0,4.0,46.0,2.0,1.0,4.0,20.0,7.0,20.0,0.0,1.0,101.0,7.0,47.0,1.0,42.0,1.0,0.0,1N4AA5AP2CC8,2012.0,478.0,2302.0,13.0,35.0,Nissan/Datsun,39.0,4.0,1.0,0.0,0.0,998.0,7.0,0.0,0.0,12.0,6.0,42.0,0.0,1.0,1.0,47.0,38106.0,1.0,6.0,3.0,Valid license for this class vehicle,0.0,65.0,150.0,0.0,2.0,0.0,5.0,May,2019.0,7.0,2022.0,0.0,2.0,2.0,35.0,1.0,1.0,2.0,2.0,0.0,1.0,12.0,99.0,1.0,4.0,102.0,47.0,2.0,1.0,0.0,202305116588.0,12.0,7.0,7.0,2.0,1.0,1.0,4.0,36.0,1.0,0.0,1.0,20.0,0.0,35.0,4.0,0.0
470145,1,99,99.0,38.0,1.0,0.0,-99.0,47.0,119.0,12.0,49.0,4.0,83.0,1.0,1.0,4.0,3.0,0.0,9.0,0.0,9.0,996.0,7.0,47.0,2.0,12.0,2.0,0.0,1NXBU4EE5AZ3,2010.0,448.0,2208.0,13.0,49.0,Toyota,32.0,4.0,1.0,0.0,0.0,998.0,8.0,0.0,0.0,9.0,6.0,12.0,0.0,0.0,1.0,47.0,37098.0,1.0,6.0,3.0,Valid license for this class vehicle,0.0,67.0,175.0,0.0,0.0,0.0,0.0,No Record,0.0,0.0,0.0,0.0,1.0,2.0,35.0,1.0,1.0,2.0,1.0,20.0,1.0,17.0,99.0,1.0,1.0,504.0,47.0,1.0,1.0,0.0,202304974069.0,8.0,5.0,5.0,2.0,1.0,1.0,4.0,65.0,2.0,0.0,1.0,20.0,0.0,49.0,1.0,0.0
470151,1,0,0.0,0.0,1.0,0.0,-99.0,47.0,155.0,42.0,20.0,6.0,69.0,2.0,1.0,4.0,3.0,0.0,8.0,0.0,0.0,996.0,7.0,47.0,1.0,42.0,1.0,0.0,3GNBABFW6BS5,2011.0,467.0,4586.0,7.0,20.0,Chevrolet,23.0,6.0,1.0,0.0,0.0,998.0,7.0,0.0,0.0,1.0,6.0,42.0,0.0,0.0,1.0,47.0,37820.0,1.0,6.0,3.0,Valid license for this class vehicle,1.0,66.0,200.0,0.0,0.0,0.0,0.0,No Record,0.0,0.0,0.0,0.0,1.0,3.0,45.0,3.0,2.0,2.0,2.0,0.0,14.0,13.0,99.0,1.0,4.0,101.0,47.0,1.0,1.0,0.0,202304681791.0,42.0,3.0,1.0,4.0,2.0,1.0,6.0,69.0,2.0,4.0,1.0,8.0,0.0,20.0,1.0,0.0
470154,1,99,99.0,36.0,1.0,1.0,-99.0,47.0,65.0,12.0,34.0,80.0,36.0,1.0,1.0,4.0,20.0,7.0,20.0,8.0,0.0,0.0,7.0,47.0,2.0,12.0,1.0,0.0,WB10E2309N6F,2022.0,452.0,1742.0,80.0,34.0,BMW,706.0,80.0,1.0,0.0,0.0,998.0,7.0,8.0,8.0,12.0,6.0,12.0,0.0,0.0,1.0,13.0,30741.0,1.0,6.0,3.0,Valid license for this class vehicle,0.0,999.0,999.0,0.0,5.0,2.0,2.0,February,2018.0,12.0,2022.0,3.0,5.0,5.0,45.0,1.0,1.0,2.0,1.0,0.0,1.0,17.0,99.0,1.0,1.0,402.0,47.0,1.0,1.0,0.0,202305204502.0,1.0,5.0,8.0,2.0,1.0,1.0,80.0,28.0,1.0,2.0,1.0,20.0,8.0,34.0,1.0,0.0
470155,1,0,0.0,0.0,1.0,0.0,-99.0,47.0,21.0,1.0,98.0,80.0,50.0,1.0,1.0,2.0,20.0,7.0,20.0,8.0,0.0,996.0,0.0,47.0,1.0,1.0,2.0,0.0,56KLCARR1M33,2021.0,1768.0,29629.0,81.0,98.0,Other Make,706.0,80.0,1.0,0.0,0.0,998.0,7.0,8.0,8.0,0.0,4.0,1.0,0.0,0.0,1.0,47.0,37062.0,1.0,6.0,3.0,Valid license for this class vehicle,0.0,72.0,200.0,0.0,0.0,0.0,0.0,No Record,0.0,0.0,0.0,0.0,1.0,2.0,35.0,3.0,6.0,2.0,1.0,0.0,14.0,13.0,99.0,1.0,6.0,998.0,47.0,0.0,1.0,0.0,202304783172.0,1.0,3.0,2.0,4.0,1.0,1.0,80.0,50.0,1.0,2.0,1.0,20.0,8.0,98.0,1.0,0.0
470156,1,9,99.0,36.0,1.0,3026.0,-99.0,47.0,35.0,42.0,23.0,14.0,44.0,1.0,1.0,4.0,20.0,7.0,1.0,0.0,1.0,180.0,7.0,47.0,1.0,42.0,1.0,0.0,1GKDT13S2421,2004.0,472.0,4507.0,7.0,23.0,GMC,401.0,14.0,1.0,0.0,0.0,998.0,7.0,0.0,0.0,12.0,6.0,42.0,0.0,1.0,1.0,47.0,38572.0,1.0,6.0,3.0,Valid license for this class vehicle,0.0,63.0,140.0,1.0,0.0,0.0,7.0,July,2019.0,7.0,2019.0,0.0,1.0,2.0,55.0,3.0,1.0,2.0,1.0,0.0,14.0,12.0,99.0,5.0,4.0,102.0,47.0,1.0,1.0,0.0,202304746897.0,12.0,2.0,1.0,4.0,2.0,1.0,14.0,58.0,2.0,0.0,1.0,20.0,0.0,23.0,4.0,0.0