ST_CASE,VEH_NO_x,DRIMPAIR_x,DRDISTRACT,DRIVERRF,PER_NO_x,DRUGRES,DRUGACTQTY,STATE_x,COUNTY,HARM_EV_x,MAKE_x,BODY_TYP_x,AGE,SEX,PER_TYP_x,INJ_SEV,REST_USE,REST_MIS,AIR_BAG_x,EJECTION,DRINKING,ALC_RES,HISPANIC,STATE_y,VE_FORMS,HARM_EV_y,NUMOCCS,HIT_RUN,VIN,MOD_YEAR,VPICMAKE,VPICMODEL,VPICBODYCLASS,MAKE_y,MAKENAME,MODEL,BODY_TYP_y,HAZ_INV,HAZ_PLAC,HAZ_ID,TRAV_SP,UNDEROVERRIDE,ROLLOVER,ROLINLOC,IMPACT1,DEFORMED,M_HARM,FIRE_EXP,DR_DRINK,DR_PRES,L_STATE,DR_ZIP,L_TYPE,L_STATUS,L_COMPL,L_COMPLNAME,L_RESTRI,DR_HGT,DR_WGT,PREV_DWI,PREV_SPD,PREV_OTH,FIRST_MO,FIRST_MONAME,FIRST_YR,LAST_MO,LAST_YR,SPEEDREL,VTRAFWAY,VNUM_LAN,VSPD_LIM,VALIGN,VPROFILE,VPAVETYP,VSURCOND,VTRAFCON,P_CRASH1,P_CRASH2,P_CRASH3,PCRASH4,PCRASH5,ACC_CONFIG,STATE,RACE,ORDER,MULTRACE,CASENUM,HARM_EV,DAY_WEEK,MONTH,MAXSEV_IM,WEATHR_IM,PER_NO_y,BODY_TYP,AGE_IM,SEX_IM,INJSEV_IM,PER_TYP_y,AIR_BAG_y,EJECT_IM,MAKE,VEH_NO_y,DRIMPAIR_y
470159,1,99,99.0,0.0,1.0,5060.0,-99.0,47.0,157.0,24.0,6.0,15.0,57.0,1.0,1.0,4.0,3.0,0.0,1.0,0.0,1.0,250.0,7.0,47.0,1.0,24.0,1.0,0.0,1A8HX58P07F5,2007.0,477.0,3629.0,7.0,6.0,Chrysler,421.0,15.0,1.0,0.0,0.0,998.0,7.0,0.0,0.0,1.0,6.0,24.0,0.0,1.0,1.0,47.0,38107.0,0.0,0.0,0.0,Not licensed,0.0,76.0,270.0,0.0,0.0,0.0,4.0,April,2022.0,4.0,2022.0,0.0,3.0,3.0,55.0,1.0,1.0,2.0,1.0,0.0,1.0,13.0,99.0,9.0,4.0,101.0,47.0,2.0,1.0,0.0,202304784989.0,24.0,4.0,3.0,4.0,1.0,1.0,15.0,57.0,1.0,4.0,1.0,1.0,0.0,6.0,1.0,99.0
470167,2,99,99.0,38.0,1.0,1.0,-99.0,47.0,125.0,12.0,49.0,34.0,32.0,1.0,1.0,4.0,3.0,0.0,8.0,0.0,0.0,0.0,7.0,47.0,2.0,12.0,1.0,0.0,3TMCZ5AN2KM2,2019.0,448.0,2223.0,60.0,49.0,Toyota,472.0,34.0,1.0,0.0,0.0,998.0,8.0,0.0,0.0,10.0,6.0,12.0,0.0,0.0,1.0,34.0,37042.0,1.0,6.0,3.0,Valid license for this class vehicle,0.0,68.0,999.0,0.0,0.0,0.0,0.0,No Record,0.0,0.0,0.0,0.0,1.0,2.0,35.0,1.0,5.0,2.0,1.0,20.0,11.0,15.0,99.0,1.0,1.0,414.0,47.0,1.0,1.0,0.0,202304692807.0,12.0,7.0,1.0,0.0,1.0,1.0,34.0,35.0,1.0,0.0,1.0,20.0,0.0,49.0,2.0,0.0
470168,1,9,99.0,36.0,1.0,1.0,-99.0,47.0,157.0,33.0,58.0,2.0,32.0,1.0,1.0,4.0,20.0,7.0,8.0,0.0,1.0,90.0,7.0,47.0,1.0,33.0,1.0,0.0,JN1EV7EL3HM5,2017.0,480.0,1902.0,3.0,58.0,Infiniti,42.0,2.0,1.0,0.0,0.0,998.0,0.0,3.0,5.0,12.0,6.0,30.0,0.0,1.0,1.0,47.0,38127.0,1.0,1.0,2.0,No valid license for this class vehicle,0.0,73.0,240.0,0.0,1.0,0.0,8.0,August,2018.0,11.0,2022.0,4.0,1.0,4.0,40.0,1.0,6.0,2.0,1.0,0.0,1.0,13.0,99.0,1.0,4.0,101.0,47.0,2.0,1.0,0.0,202305031579.0,12.0,4.0,5.0,0.0,1.0,1.0,2.0,64.0,1.0,0.0,1.0,20.0,0.0,58.0,1.0,0.0
470172,1,0,12.0,39.0,1.0,0.0,-99.0,47.0,1.0,12.0,67.0,3.0,24.0,2.0,1.0,1.0,3.0,0.0,8.0,0.0,0.0,996.0,0.0,47.0,2.0,12.0,1.0,0.0,JTKJF5C73E30,2014.0,448.0,2207.0,5.0,67.0,Scion,32.0,3.0,1.0,0.0,0.0,998.0,0.0,0.0,0.0,12.0,6.0,12.0,0.0,0.0,1.0,47.0,37914.0,1.0,6.0,3.0,Valid license for this class vehicle,3.0,63.0,120.0,0.0,0.0,0.0,0.0,No Record,0.0,0.0,0.0,4.0,3.0,3.0,45.0,1.0,1.0,2.0,1.0,1.0,1.0,67.0,99.0,1.0,1.0,415.0,47.0,0.0,1.0,0.0,202304832917.0,8.0,2.0,3.0,2.0,1.0,1.0,3.0,27.0,1.0,0.0,1.0,20.0,0.0,67.0,1.0,0.0
470172,2,99,0.0,0.0,1.0,0.0,-99.0,47.0,1.0,12.0,35.0,6.0,52.0,2.0,1.0,3.0,3.0,0.0,8.0,0.0,0.0,996.0,0.0,47.0,2.0,12.0,3.0,0.0,JN1BJ1CP2JW1,2018.0,478.0,17214.0,5.0,35.0,Nissan/Datsun,51.0,6.0,1.0,0.0,0.0,998.0,0.0,3.0,1.0,9.0,6.0,12.0,0.0,0.0,1.0,47.0,37716.0,1.0,6.0,3.0,Valid license for this class vehicle,0.0,64.0,160.0,0.0,0.0,0.0,0.0,No Record,0.0,0.0,0.0,0.0,1.0,3.0,25.0,1.0,6.0,2.0,1.0,1.0,11.0,66.0,99.0,1.0,1.0,414.0,47.0,0.0,1.0,0.0,202304887596.0,12.0,1.0,4.0,1.0,1.0,1.0,6.0,25.0,1.0,1.0,1.0,8.0,0.0,35.0,2.0,9.0
470175,1,99,99.0,36.0,1.0,0.0,-99.0,47.0,157.0,12.0,35.0,4.0,36.0,1.0,1.0,4.0,99.0,7.0,1.0,0.0,9.0,996.0,7.0,47.0,4.0,12.0,1.0,0.0,1N4AL11D46C2,2006.0,478.0,1904.0,13.0,35.0,Nissan/Datsun,47.0,4.0,1.0,0.0,0.0,998.0,0.0,0.0,0.0,12.0,6.0,12.0,0.0,0.0,1.0,5.0,72401.0,1.0,6.0,3.0,Valid license for this class vehicle,9.0,73.0,190.0,0.0,1.0,0.0,10.0,October,2018.0,10.0,2018.0,0.0,5.0,7.0,35.0,1.0,1.0,2.0,2.0,0.0,1.0,10.0,99.0,1.0,2.0,301.0,47.0,1.0,1.0,0.0,202305335319.0,12.0,1.0,10.0,0.0,1.0,1.0,4.0,30.0,1.0,0.0,1.0,20.0,0.0,35.0,1.0,0.0
470179,1,0,0.0,89.0,1.0,1.0,-99.0,47.0,121.0,32.0,35.0,6.0,65.0,1.0,1.0,4.0,20.0,7.0,8.0,0.0,0.0,0.0,7.0,47.0,1.0,32.0,2.0,0.0,5N1AZ2MG4HN1,2017.0,478.0,1914.0,8.0,35.0,Nissan/Datsun,49.0,6.0,1.0,0.0,0.0,998.0,7.0,3.0,5.0,14.0,6.0,1.0,0.0,0.0,1.0,47.0,37880.0,1.0,6.0,3.0,Valid license for this class vehicle,1.0,71.0,210.0,0.0,1.0,3.0,11.0,November,2018.0,1.0,2023.0,3.0,1.0,2.0,45.0,3.0,5.0,2.0,1.0,0.0,14.0,13.0,99.0,1.0,4.0,101.0,47.0,1.0,1.0,0.0,202304685290.0,12.0,6.0,1.0,0.0,1.0,1.0,6.0,65.0,1.0,0.0,1.0,20.0,0.0,35.0,1.0,0.0
470182,1,98,0.0,28.0,1.0,1086.0,6.0,47.0,97.0,12.0,12.0,14.0,40.0,1.0,1.0,4.0,20.0,7.0,8.0,0.0,0.0,0.0,7.0,47.0,2.0,12.0,1.0,0.0,1FMCU0JXXEUB,2014.0,460.0,1798.0,7.0,12.0,Ford,402.0,14.0,1.0,0.0,0.0,998.0,8.0,0.0,0.0,12.0,6.0,12.0,0.0,0.0,1.0,47.0,38063.0,1.0,6.0,3.0,Valid license for this class vehicle,0.0,69.0,165.0,0.0,0.0,0.0,0.0,No Record,0.0,0.0,0.0,0.0,1.0,2.0,55.0,1.0,1.0,2.0,1.0,0.0,1.0,10.0,99.0,1.0,2.0,301.0,47.0,1.0,1.0,0.0,202305084075.0,12.0,7.0,6.0,0.0,1.0,1.0,14.0,27.0,2.0,0.0,1.0,20.0,0.0,12.0,2.0,0.0
470185,1,0,99.0,36.0,1.0,1.0,-99.0,47.0,163.0,32.0,35.0,4.0,82.0,2.0,1.0,4.0,99.0,7.0,8.0,0.0,0.0,0.0,7.0,47.0,1.0,32.0,1.0,0.0,3N1AB8BV5LY2,2020.0,478.0,1907.0,13.0,35.0,Nissan/Datsun,43.0,4.0,1.0,0.0,0.0,998.0,7.0,3.0,1.0,1.0,6.0,32.0,0.0,0.0,1.0,47.0,37665.0,1.0,6.0,3.0,Valid license for this class vehicle,0.0,60.0,110.0,0.0,0.0,0.0,0.0,No Record,0.0,0.0,0.0,0.0,1.0,2.0,30.0,1.0,5.0,2.0,1.0,0.0,1.0,13.0,99.0,1.0,4.0,101.0,47.0,1.0,1.0,0.0,202305083117.0,12.0,7.0,5.0,1.0,1.0,1.0,4.0,59.0,2.0,1.0,1.0,20.0,0.0,35.0,2.0,0.0
470187,1,99,99.0,36.0,1.0,1.0,-99.0,47.0,157.0,25.0,58.0,2.0,19.0,1.0,1.0,4.0,99.0,7.0,98.0,0.0,0.0,0.0,7.0,47.0,1.0,25.0,2.0,0.0,JNKCV64E48M1,2008.0,480.0,2337.0,3.0,58.0,Infiniti,37.0,2.0,1.0,0.0,0.0,998.0,7.0,0.0,0.0,12.0,6.0,25.0,1.0,0.0,1.0,47.0,38134.0,1.0,6.0,3.0,Valid license for this class vehicle,0.0,70.0,154.0,0.0,0.0,0.0,0.0,No Record,0.0,0.0,0.0,9.0,1.0,2.0,30.0,1.0,1.0,2.0,1.0,0.0,1.0,14.0,99.0,1.0,2.0,103.0,47.0,2.0,1.0,0.0,202304800900.0,25.0,6.0,3.0,4.0,1.0,1.0,2.0,19.0,1.0,4.0,1.0,98.0,0.0,58.0,1.0,99.0
470191,1,98,99.0,0.0,1.0,0.0,-99.0,47.0,47.0,38.0,20.0,14.0,18.0,2.0,1.0,4.0,3.0,0.0,8.0,0.0,9.0,996.0,7.0,47.0,1.0,38.0,1.0,0.0,KL7CJLSB0MB3,2021.0,467.0,10988.0,7.0,20.0,Chevrolet,406.0,14.0,1.0,0.0,0.0,998.0,7.0,0.0,0.0,1.0,6.0,42.0,1.0,0.0,1.0,13.0,31807.0,1.0,6.0,3.0,Valid license for this class vehicle,0.0,999.0,999.0,0.0,0.0,0.0,0.0,No Record,0.0,0.0,0.0,0.0,1.0,2.0,40.0,1.0,1.0,2.0,1.0,0.0,1.0,13.0,99.0,1.0,4.0,101.0,47.0,1.0,1.0,0.0,202304809020.0,38.0,7.0,3.0,4.0,1.0,1.0,14.0,18.0,2.0,4.0,1.0,8.0,0.0,20.0,1.0,98.0
470210,1,99,0.0,0.0,1.0,1044.0,6.5,47.0,19.0,1.0,98.0,92.0,76.0,1.0,1.0,4.0,20.0,7.0,20.0,0.0,0.0,0.0,7.0,47.0,1.0,1.0,1.0,0.0,0,2004.0,5431.0,14247.0,126.0,98.0,Other Make,998.0,92.0,1.0,0.0,0.0,998.0,7.0,3.0,5.0,0.0,2.0,1.0,0.0,0.0,1.0,47.0,37601.0,1.0,6.0,1.0,No license required for this class vehicle,0.0,68.0,216.0,0.0,0.0,0.0,0.0,No Record,0.0,0.0,0.0,0.0,1.0,2.0,98.0,1.0,1.0,4.0,1.0,0.0,13.0,13.0,1.0,1.0,4.0,998.0,47.0,1.0,1.0,0.0,202304636966.0,43.0,1.0,1.0,2.0,1.0,1.0,83.0,49.0,1.0,2.0,1.0,20.0,8.0,73.0,1.0,98.0
470211,1,98,0.0,26.0,1.0,0.0,-99.0,47.0,189.0,12.0,12.0,4.0,24.0,1.0,1.0,4.0,20.0,7.0,8.0,0.0,0.0,996.0,7.0,47.0,2.0,12.0,1.0,0.0,1FAHP2F86HG1,2017.0,460.0,1782.0,13.0,12.0,Ford,17.0,4.0,1.0,0.0,0.0,998.0,8.0,0.0,0.0,12.0,6.0,12.0,0.0,0.0,1.0,47.0,37122.0,1.0,6.0,3.0,Valid license for this class vehicle,0.0,72.0,188.0,0.0,1.0,0.0,10.0,October,2021.0,9.0,2022.0,0.0,3.0,5.0,70.0,1.0,1.0,2.0,1.0,0.0,1.0,52.0,99.0,1.0,1.0,202.0,47.0,2.0,1.0,0.0,202305430011.0,12.0,4.0,11.0,0.0,1.0,1.0,4.0,36.0,2.0,0.0,1.0,98.0,0.0,12.0,2.0,98.0
470212,1,99,99.0,0.0,1.0,1.0,-99.0,47.0,187.0,33.0,30.0,14.0,19.0,1.0,1.0,4.0,99.0,7.0,99.0,0.0,0.0,0.0,6.0,47.0,1.0,33.0,2.0,0.0,1V2LR2CA7JC5,2018.0,482.0,17618.0,7.0,30.0,Volkswagen,403.0,14.0,1.0,0.0,0.0,998.0,7.0,0.0,0.0,12.0,6.0,42.0,1.0,0.0,1.0,47.0,37027.0,1.0,6.0,3.0,Valid license for this class vehicle,0.0,61.0,100.0,0.0,0.0,0.0,0.0,No Record,0.0,0.0,0.0,3.0,1.0,2.0,30.0,2.0,5.0,2.0,1.0,20.0,14.0,12.0,99.0,1.0,4.0,102.0,47.0,3.0,1.0,0.0,202304822557.0,33.0,7.0,3.0,4.0,1.0,1.0,14.0,19.0,1.0,4.0,1.0,99.0,0.0,30.0,1.0,99.0
470215,1,0,0.0,51.0,1.0,0.0,-99.0,47.0,93.0,53.0,35.0,4.0,23.0,1.0,1.0,4.0,20.0,7.0,1.0,0.0,0.0,996.0,1.0,47.0,2.0,53.0,1.0,0.0,3N1CB51D85L5,2005.0,478.0,1907.0,13.0,35.0,Nissan/Datsun,43.0,4.0,1.0,0.0,0.0,998.0,8.0,0.0,0.0,12.0,6.0,12.0,0.0,0.0,1.0,47.0,37917.0,0.0,0.0,0.0,Not licensed,0.0,999.0,999.0,99.0,99.0,99.0,99.0,Unknown,9999.0,99.0,9999.0,0.0,1.0,2.0,30.0,1.0,1.0,2.0,1.0,0.0,1.0,12.0,1.0,1.0,4.0,102.0,47.0,1.0,1.0,0.0,202304656509.0,12.0,2.0,1.0,0.0,1.0,1.0,4.0,54.0,1.0,0.0,1.0,20.0,0.0,35.0,1.0,0.0
470234,1,9,99.0,0.0,1.0,3019.0,-99.0,47.0,157.0,59.0,49.0,4.0,24.0,2.0,1.0,4.0,20.0,7.0,98.0,0.0,1.0,180.0,7.0,47.0,1.0,59.0,1.0,0.0,5YFBURHEXKP9,2019.0,448.0,2208.0,13.0,49.0,Toyota,32.0,4.0,1.0,0.0,0.0,998.0,7.0,0.0,0.0,12.0,6.0,2.0,1.0,1.0,1.0,47.0,38116.0,1.0,6.0,3.0,Valid license for this class vehicle,3.0,67.0,180.0,0.0,0.0,1.0,6.0,June,2019.0,7.0,2019.0,4.0,5.0,3.0,35.0,3.0,1.0,2.0,1.0,0.0,14.0,13.0,99.0,1.0,4.0,101.0,47.0,2.0,1.0,0.0,202304833868.0,59.0,1.0,3.0,4.0,1.0,1.0,4.0,24.0,2.0,4.0,1.0,98.0,0.0,49.0,1.0,99.0
470243,1,98,99.0,104.0,1.0,0.0,-99.0,47.0,93.0,38.0,49.0,4.0,53.0,1.0,1.0,4.0,20.0,7.0,8.0,1.0,9.0,996.0,7.0,47.0,1.0,38.0,1.0,0.0,4T4BF3EK1AR0,2010.0,448.0,2469.0,13.0,49.0,Toyota,40.0,4.0,1.0,0.0,0.0,998.0,7.0,3.0,5.0,12.0,6.0,1.0,0.0,0.0,1.0,47.0,37915.0,1.0,2.0,2.0,No valid license for this class vehicle,0.0,70.0,200.0,0.0,0.0,0.0,4.0,April,2021.0,4.0,2021.0,3.0,1.0,2.0,40.0,2.0,1.0,2.0,1.0,0.0,14.0,12.0,99.0,1.0,4.0,102.0,47.0,2.0,1.0,0.0,202304666155.0,12.0,6.0,1.0,2.0,1.0,1.0,4.0,47.0,2.0,0.0,1.0,20.0,0.0,49.0,2.0,0.0
470248,1,2,99.0,58.0,1.0,0.0,-99.0,47.0,47.0,1.0,20.0,15.0,51.0,2.0,1.0,3.0,3.0,0.0,8.0,0.0,0.0,996.0,0.0,47.0,1.0,1.0,6.0,0.0,1GNSKJE79CR2,2012.0,467.0,1851.0,7.0,20.0,Chevrolet,422.0,15.0,1.0,0.0,0.0,998.0,7.0,3.0,1.0,0.0,6.0,1.0,0.0,0.0,1.0,24.0,20850.0,1.0,6.0,3.0,Valid license for this class vehicle,0.0,68.0,165.0,0.0,0.0,0.0,0.0,No Record,0.0,0.0,0.0,0.0,2.0,2.0,70.0,1.0,1.0,2.0,1.0,0.0,1.0,12.0,99.0,1.0,6.0,998.0,47.0,0.0,1.0,0.0,202304844459.0,1.0,5.0,3.0,4.0,1.0,1.0,15.0,51.0,2.0,3.0,1.0,8.0,0.0,20.0,1.0,2.0
470254,1,99,93.0,6.0,1.0,1.0,-99.0,47.0,157.0,32.0,7.0,34.0,34.0,2.0,1.0,2.0,99.0,7.0,98.0,0.0,0.0,0.0,0.0,47.0,1.0,32.0,5.0,0.0,1C6RD6FT8CS3,2012.0,476.0,1938.0,60.0,7.0,Dodge,482.0,34.0,1.0,0.0,0.0,998.0,7.0,0.0,0.0,12.0,6.0,32.0,1.0,0.0,1.0,47.0,38019.0,1.0,6.0,3.0,Valid license for this class vehicle,0.0,59.0,150.0,0.0,1.0,0.0,10.0,October,2018.0,9.0,2022.0,0.0,2.0,2.0,55.0,1.0,6.0,2.0,1.0,0.0,1.0,13.0,99.0,1.0,4.0,101.0,47.0,0.0,1.0,0.0,202304851168.0,32.0,1.0,4.0,4.0,1.0,1.0,34.0,34.0,2.0,2.0,1.0,98.0,0.0,7.0,1.0,99.0
470256,1,0,93.0,58.0,1.0,0.0,-99.0,47.0,187.0,1.0,86.0,63.0,66.0,1.0,1.0,4.0,3.0,0.0,20.0,0.0,0.0,996.0,7.0,47.0,2.0,1.0,1.0,0.0,1M2AG11C65M0,2005.0,490.0,9455.0,11.0,86.0,Mack,881.0,63.0,1.0,0.0,0.0,998.0,7.0,3.0,1.0,0.0,6.0,1.0,0.0,0.0,1.0,47.0,38478.0,1.0,6.0,3.0,Valid license for this class vehicle,0.0,78.0,240.0,0.0,0.0,0.0,12.0,December,2021.0,12.0,2021.0,0.0,1.0,2.0,40.0,1.0,5.0,2.0,1.0,0.0,1.0,13.0,6.0,2.0,6.0,998.0,47.0,1.0,1.0,0.0,202304864657.0,30.0,2.0,4.0,0.0,1.0,1.0,63.0,41.0,1.0,0.0,1.0,20.0,0.0,86.0,1.0,0.0
470258,1,99,99.0,0.0,1.0,9999.0,-99.0,47.0,65.0,3.0,55.0,4.0,56.0,1.0,1.0,4.0,20.0,7.0,1.0,0.0,0.0,999.0,7.0,47.0,1.0,3.0,1.0,0.0,KMHDH4AE4DU5,2013.0,498.0,2735.0,13.0,55.0,Hyundai,35.0,4.0,1.0,0.0,0.0,998.0,7.0,0.0,0.0,0.0,6.0,42.0,0.0,0.0,1.0,47.0,37336.0,1.0,6.0,3.0,Valid license for this class vehicle,0.0,74.0,195.0,0.0,0.0,0.0,0.0,No Record,0.0,0.0,0.0,0.0,1.0,2.0,45.0,1.0,1.0,2.0,1.0,0.0,1.0,13.0,99.0,1.0,4.0,0.0,47.0,1.0,1.0,0.0,202305237702.0,12.0,4.0,9.0,2.0,1.0,1.0,4.0,52.0,1.0,2.0,1.0,1.0,0.0,55.0,2.0,0.0
470265,1,0,93.0,28.0,1.0,0.0,-99.0,47.0,67.0,12.0,49.0,4.0,22.0,2.0,1.0,3.0,3.0,0.0,8.0,0.0,0.0,996.0,0.0,47.0,2.0,12.0,1.0,0.0,4T1B11HK0KU7,2019.0,448.0,2469.0,13.0,49.0,Toyota,40.0,4.0,1.0,0.0,0.0,998.0,0.0,0.0,0.0,12.0,6.0,12.0,0.0,0.0,1.0,47.0,37869.0,1.0,6.0,3.0,Valid license for this class vehicle,0.0,66.0,160.0,0.0,3.0,0.0,11.0,November,2018.0,11.0,2022.0,0.0,1.0,2.0,50.0,1.0,6.0,2.0,1.0,0.0,1.0,10.0,99.0,1.0,2.0,301.0,47.0,0.0,1.0,0.0,202304737116.0,12.0,7.0,1.0,4.0,1.0,1.0,4.0,22.0,1.0,0.0,1.0,8.0,0.0,49.0,1.0,98.0
470269,1,99,99.0,36.0,1.0,1.0,-99.0,47.0,157.0,35.0,35.0,4.0,22.0,1.0,1.0,4.0,20.0,7.0,8.0,0.0,1.0,220.0,7.0,47.0,1.0,35.0,2.0,0.0,1N4BL4BV0KC2,2019.0,478.0,1904.0,13.0,35.0,Nissan/Datsun,47.0,4.0,1.0,0.0,0.0,998.0,7.0,0.0,0.0,12.0,6.0,35.0,0.0,1.0,1.0,47.0,38135.0,1.0,6.0,3.0,Valid license for this class vehicle,0.0,70.0,180.0,0.0,0.0,0.0,0.0,No Record,0.0,0.0,0.0,0.0,1.0,2.0,35.0,1.0,1.0,2.0,1.0,0.0,1.0,13.0,99.0,1.0,4.0,101.0,47.0,2.0,1.0,0.0,202304818496.0,12.0,7.0,3.0,0.0,2.0,1.0,4.0,20.0,1.0,0.0,1.0,20.0,0.0,35.0,1.0,0.0
470270,1,0,0.0,0.0,1.0,0.0,-99.0,47.0,155.0,38.0,58.0,2.0,66.0,1.0,1.0,4.0,20.0,7.0,20.0,0.0,0.0,996.0,7.0,47.0,1.0,38.0,1.0,0.0,JNKCV54EX6M7,2006.0,480.0,2305.0,3.0,58.0,Infiniti,37.0,2.0,1.0,0.0,0.0,998.0,7.0,0.0,0.0,12.0,6.0,30.0,0.0,0.0,1.0,47.0,37804.0,1.0,6.0,3.0,Valid license for this class vehicle,0.0,72.0,300.0,0.0,0.0,0.0,0.0,No Record,0.0,0.0,0.0,3.0,1.0,2.0,35.0,3.0,1.0,2.0,1.0,0.0,14.0,12.0,99.0,1.0,4.0,102.0,47.0,1.0,1.0,0.0,202304860041.0,38.0,1.0,4.0,4.0,1.0,1.0,2.0,66.0,1.0,4.0,1.0,20.0,0.0,58.0,1.0,0.0
470283,2,99,99.0,28.0,1.0,3026.0,-99.0,47.0,21.0,12.0,20.0,14.0,27.0,2.0,1.0,4.0,20.0,7.0,1.0,0.0,0.0,0.0,7.0,47.0,3.0,12.0,2.0,0.0,1GNDT13W32K1,2002.0,467.0,11502.0,7.0,20.0,Chevrolet,401.0,14.0,1.0,0.0,0.0,998.0,8.0,0.0,0.0,12.0,6.0,12.0,0.0,0.0,1.0,47.0,37035.0,1.0,6.0,3.0,Valid license for this class vehicle,0.0,61.0,110.0,0.0,1.0,0.0,11.0,November,2018.0,11.0,2018.0,0.0,1.0,2.0,45.0,2.0,1.0,2.0,1.0,0.0,14.0,10.0,99.0,1.0,2.0,301.0,47.0,1.0,1.0,0.0,202305081336.0,24.0,4.0,7.0,3.0,1.0,1.0,14.0,61.0,1.0,3.0,1.0,20.0,1.0,20.0,1.0,99.0
470288,1,99,99.0,52.0,1.0,0.0,-99.0,47.0,157.0,12.0,73.0,80.0,28.0,1.0,1.0,4.0,20.0,7.0,20.0,8.0,9.0,996.0,7.0,47.0,2.0,12.0,1.0,0.0,JKAEXEC159DA,2009.0,510.0,3203.0,80.0,73.0,Kawasaki,705.0,80.0,1.0,0.0,0.0,998.0,7.0,8.0,8.0,12.0,6.0,12.0,0.0,0.0,1.0,47.0,38114.0,1.0,1.0,2.0,No valid license for this class vehicle,0.0,71.0,185.0,0.0,0.0,0.0,8.0,August,2018.0,8.0,2018.0,4.0,5.0,7.0,40.0,1.0,1.0,2.0,1.0,2.0,1.0,62.0,99.0,1.0,1.0,402.0,47.0,2.0,1.0,0.0,202305379806.0,8.0,7.0,11.0,3.0,1.0,1.0,80.0,40.0,1.0,3.0,1.0,20.0,8.0,73.0,1.0,98.0
470305,1,9,99.0,0.0,1.0,5063.0,3.8,47.0,187.0,33.0,49.0,5.0,28.0,1.0,1.0,4.0,3.0,0.0,8.0,0.0,1.0,148.0,7.0,47.0,1.0,33.0,1.0,0.0,JTDKN3DU2A01,2010.0,448.0,2209.0,5.0,49.0,Toyota,46.0,5.0,1.0,0.0,0.0,998.0,7.0,3.0,6.0,12.0,6.0,33.0,0.0,1.0,1.0,47.0,37209.0,1.0,6.0,3.0,Valid license for this class vehicle,0.0,69.0,180.0,0.0,1.0,1.0,11.0,November,2021.0,12.0,2021.0,3.0,1.0,2.0,30.0,2.0,1.0,2.0,1.0,0.0,14.0,12.0,99.0,1.0,4.0,102.0,47.0,1.0,1.0,0.0,202304876361.0,33.0,7.0,4.0,4.0,1.0,1.0,5.0,28.0,1.0,4.0,1.0,8.0,0.0,49.0,1.0,9.0
470308,1,99,0.0,28.0,1.0,5060.0,1.9,47.0,65.0,12.0,49.0,14.0,21.0,1.0,1.0,4.0,20.0,7.0,1.0,0.0,0.0,0.0,7.0,47.0,2.0,12.0,1.0,0.0,JTEBT14R4480,2004.0,448.0,2216.0,7.0,49.0,Toyota,401.0,14.0,1.0,0.0,0.0,998.0,0.0,0.0,0.0,12.0,6.0,12.0,0.0,0.0,1.0,47.0,37363.0,1.0,6.0,3.0,Valid license for this class vehicle,0.0,74.0,150.0,0.0,0.0,0.0,0.0,No Record,0.0,0.0,0.0,0.0,5.0,5.0,40.0,2.0,1.0,2.0,1.0,0.0,14.0,10.0,1.0,1.0,2.0,301.0,47.0,1.0,1.0,0.0,202305217246.0,12.0,5.0,8.0,0.0,1.0,1.0,14.0,45.0,2.0,0.0,1.0,20.0,0.0,49.0,2.0,0.0
470310,1,0,0.0,38.0,1.0,0.0,-99.0,47.0,157.0,12.0,7.0,61.0,33.0,1.0,1.0,1.0,3.0,0.0,20.0,0.0,0.0,996.0,0.0,47.0,2.0,12.0,1.0,0.0,3C7WRNAL4NG2,2022.0,496.0,13625.0,63.0,7.0,Dodge,881.0,61.0,1.0,0.0,0.0,998.0,8.0,0.0,0.0,1.0,6.0,12.0,0.0,0.0,1.0,5.0,72404.0,1.0,6.0,3.0,Valid license for this class vehicle,0.0,65.0,170.0,0.0,1.0,0.0,4.0,April,2019.0,4.0,2019.0,0.0,1.0,7.0,40.0,1.0,1.0,2.0,1.0,3.0,11.0,15.0,99.0,1.0,1.0,401.0,47.0,0.0,1.0,0.0,202304880538.0,12.0,4.0,4.0,4.0,1.0,1.0,61.0,33.0,1.0,1.0,1.0,20.0,0.0,7.0,1.0,0.0
470310,2,0,0.0,0.0,1.0,0.0,-99.0,47.0,157.0,12.0,35.0,4.0,61.0,2.0,1.0,4.0,3.0,0.0,99.0,0.0,9.0,996.0,7.0,47.0,2.0,12.0,1.0,0.0,1N4AL21E29N4,2009.0,478.0,1904.0,13.0,35.0,Nissan/Datsun,47.0,4.0,1.0,0.0,0.0,998.0,8.0,0.0,0.0,12.0,6.0,12.0,0.0,0.0,1.0,47.0,38134.0,1.0,6.0,3.0,Valid license for this class vehicle,3.0,62.0,139.0,0.0,0.0,0.0,0.0,No Record,0.0,0.0,0.0,9.0,1.0,7.0,40.0,1.0,1.0,2.0,1.0,3.0,1.0,62.0,99.0,1.0,1.0,402.0,47.0,7.0,1.0,0.0,202304775222.0,34.0,5.0,2.0,0.0,4.0,1.0,4.0,17.0,2.0,0.0,1.0,20.0,0.0,35.0,1.0,0.0