ST_CASE,VEH_NO_x,DRIMPAIR_x,DRDISTRACT,DRIVERRF,PER_NO_x,DRUGRES,DRUGACTQTY,STATE_x,COUNTY,HARM_EV_x,MAKE_x,BODY_TYP_x,AGE,SEX,PER_TYP_x,INJ_SEV,REST_USE,REST_MIS,AIR_BAG_x,EJECTION,DRINKING,ALC_RES,HISPANIC,STATE_y,VE_FORMS,HARM_EV_y,NUMOCCS,HIT_RUN,VIN,MOD_YEAR,VPICMAKE,VPICMODEL,VPICBODYCLASS,MAKE_y,MAKENAME,MODEL,BODY_TYP_y,HAZ_INV,HAZ_PLAC,HAZ_ID,TRAV_SP,UNDEROVERRIDE,ROLLOVER,ROLINLOC,IMPACT1,DEFORMED,M_HARM,FIRE_EXP,DR_DRINK,DR_PRES,L_STATE,DR_ZIP,L_TYPE,L_STATUS,L_COMPL,L_COMPLNAME,L_RESTRI,DR_HGT,DR_WGT,PREV_DWI,PREV_SPD,PREV_OTH,FIRST_MO,FIRST_MONAME,FIRST_YR,LAST_MO,LAST_YR,SPEEDREL,VTRAFWAY,VNUM_LAN,VSPD_LIM,VALIGN,VPROFILE,VPAVETYP,VSURCOND,VTRAFCON,P_CRASH1,P_CRASH2,P_CRASH3,PCRASH4,PCRASH5,ACC_CONFIG,STATE,RACE,ORDER,MULTRACE,CASENUM,HARM_EV,DAY_WEEK,MONTH,MAXSEV_IM,WEATHR_IM,PER_NO_y,BODY_TYP,AGE_IM,SEX_IM,INJSEV_IM,PER_TYP_y,AIR_BAG_y,EJECT_IM,MAKE,VEH_NO_y,DRIMPAIR_y
470311,1,99,0.0,48.0,1.0,0.0,-99.0,47.0,157.0,12.0,42.0,4.0,70.0,1.0,1.0,3.0,20.0,7.0,2.0,0.0,9.0,996.0,0.0,47.0,2.0,12.0,1.0,0.0,WDBRF52H57F9,2007.0,449.0,2085.0,13.0,42.0,Mercedes-Benz,42.0,4.0,1.0,0.0,0.0,998.0,0.0,0.0,0.0,1.0,6.0,12.0,0.0,0.0,1.0,47.0,38112.0,1.0,2.0,2.0,No valid license for this class vehicle,0.0,70.0,165.0,0.0,1.0,0.0,6.0,June,2021.0,6.0,2021.0,0.0,5.0,7.0,45.0,1.0,1.0,2.0,1.0,0.0,11.0,54.0,99.0,1.0,1.0,401.0,47.0,0.0,1.0,0.0,202304880537.0,12.0,4.0,4.0,4.0,1.0,1.0,4.0,70.0,1.0,3.0,1.0,9.0,0.0,42.0,1.0,99.0
470312,2,0,0.0,38.0,1.0,0.0,-99.0,47.0,37.0,12.0,37.0,2.0,25.0,2.0,1.0,2.0,20.0,7.0,1.0,0.0,0.0,996.0,0.0,47.0,2.0,12.0,3.0,1.0,1HGCM72555A0,2005.0,474.0,1861.0,3.0,37.0,Honda,32.0,2.0,1.0,0.0,0.0,998.0,7.0,0.0,0.0,2.0,6.0,12.0,0.0,0.0,1.0,47.0,37118.0,1.0,2.0,2.0,No valid license for this class vehicle,0.0,61.0,230.0,0.0,0.0,0.0,11.0,November,2021.0,4.0,2022.0,0.0,5.0,5.0,45.0,1.0,1.0,2.0,1.0,2.0,11.0,15.0,99.0,1.0,1.0,401.0,47.0,0.0,1.0,0.0,202305241976.0,12.0,3.0,9.0,0.0,1.0,1.0,2.0,23.0,2.0,0.0,1.0,20.0,0.0,37.0,1.0,98.0
470317,1,99,0.0,0.0,1.0,1.0,-99.0,47.0,3.0,12.0,35.0,4.0,49.0,2.0,1.0,4.0,3.0,0.0,1.0,0.0,0.0,0.0,4.0,47.0,2.0,12.0,2.0,0.0,1N4AL3AP8DC2,2013.0,478.0,1904.0,13.0,35.0,Nissan/Datsun,47.0,4.0,1.0,0.0,0.0,998.0,8.0,0.0,0.0,10.0,6.0,12.0,0.0,0.0,1.0,47.0,37160.0,1.0,6.0,3.0,Valid license for this class vehicle,0.0,60.0,114.0,0.0,0.0,0.0,10.0,October,2021.0,10.0,2021.0,0.0,1.0,2.0,55.0,2.0,6.0,2.0,1.0,0.0,14.0,54.0,99.0,1.0,1.0,303.0,47.0,98.0,1.0,0.0,202304934398.0,12.0,5.0,3.0,0.0,5.0,1.0,4.0,29.0,1.0,0.0,1.0,20.0,0.0,35.0,2.0,0.0
470319,1,99,99.0,39.0,1.0,0.0,-99.0,47.0,157.0,12.0,37.0,4.0,35.0,1.0,1.0,4.0,20.0,7.0,8.0,0.0,9.0,996.0,7.0,47.0,2.0,12.0,1.0,0.0,19XFB2F53FE0,2015.0,474.0,1863.0,13.0,37.0,Honda,31.0,4.0,1.0,0.0,0.0,998.0,0.0,0.0,0.0,12.0,6.0,12.0,0.0,0.0,1.0,47.0,38111.0,1.0,2.0,2.0,No valid license for this class vehicle,0.0,75.0,245.0,0.0,0.0,0.0,4.0,April,2018.0,4.0,2018.0,0.0,1.0,2.0,30.0,1.0,1.0,2.0,1.0,20.0,1.0,17.0,99.0,1.0,1.0,503.0,47.0,1.0,1.0,0.0,202304905342.0,12.0,4.0,5.0,0.0,1.0,1.0,4.0,56.0,2.0,0.0,1.0,20.0,0.0,37.0,1.0,0.0
470321,1,99,99.0,0.0,1.0,0.0,-99.0,47.0,157.0,24.0,41.0,4.0,29.0,1.0,1.0,4.0,99.0,7.0,20.0,0.0,9.0,996.0,7.0,47.0,1.0,24.0,3.0,0.0,JM1FE1730401,2004.0,473.0,2073.0,3.0,41.0,Mazda,49.0,4.0,1.0,0.0,0.0,998.0,7.0,0.0,0.0,1.0,6.0,24.0,0.0,0.0,1.0,47.0,38127.0,1.0,6.0,3.0,Valid license for this class vehicle,0.0,67.0,185.0,0.0,2.0,1.0,12.0,December,2019.0,4.0,2022.0,0.0,3.0,2.0,40.0,1.0,6.0,2.0,2.0,0.0,99.0,5.0,99.0,2.0,4.0,998.0,47.0,2.0,1.0,0.0,202304871688.0,24.0,7.0,4.0,4.0,2.0,1.0,4.0,29.0,1.0,4.0,1.0,20.0,0.0,41.0,1.0,99.0
470323,1,9,0.0,36.0,1.0,5060.0,-99.0,47.0,189.0,35.0,35.0,4.0,25.0,1.0,1.0,3.0,20.0,7.0,8.0,0.0,1.0,116.0,0.0,47.0,1.0,35.0,2.0,0.0,1N4AA6AVXKC3,2019.0,478.0,2302.0,13.0,35.0,Nissan/Datsun,39.0,4.0,1.0,0.0,0.0,998.0,7.0,0.0,0.0,12.0,6.0,53.0,0.0,1.0,1.0,47.0,37087.0,1.0,6.0,3.0,Valid license for this class vehicle,0.0,75.0,320.0,0.0,0.0,0.0,0.0,No Record,0.0,0.0,0.0,3.0,1.0,2.0,45.0,3.0,5.0,2.0,1.0,0.0,14.0,13.0,99.0,1.0,4.0,101.0,47.0,0.0,1.0,0.0,202305078305.0,12.0,2.0,7.0,2.0,1.0,1.0,4.0,51.0,2.0,0.0,1.0,8.0,0.0,35.0,3.0,0.0
470324,2,0,0.0,0.0,1.0,0.0,-99.0,47.0,93.0,12.0,37.0,4.0,28.0,1.0,1.0,1.0,3.0,0.0,1.0,0.0,0.0,996.0,0.0,47.0,2.0,12.0,1.0,0.0,1HGCP2F67CA1,2012.0,474.0,1861.0,13.0,37.0,Honda,32.0,4.0,1.0,0.0,0.0,998.0,0.0,0.0,0.0,12.0,6.0,12.0,0.0,0.0,1.0,47.0,37919.0,1.0,6.0,3.0,Valid license for this class vehicle,0.0,67.0,170.0,0.0,0.0,0.0,0.0,No Record,0.0,0.0,0.0,0.0,5.0,5.0,35.0,1.0,1.0,2.0,1.0,0.0,1.0,51.0,16.0,1.0,3.0,998.0,47.0,0.0,1.0,0.0,202304821037.0,12.0,6.0,2.0,1.0,2.0,1.0,4.0,22.0,2.0,0.0,1.0,20.0,0.0,37.0,2.0,0.0
470326,1,0,99.0,38.0,1.0,2132.0,75.0,47.0,141.0,12.0,12.0,2.0,17.0,2.0,1.0,4.0,3.0,0.0,20.0,0.0,0.0,0.0,7.0,47.0,2.0,12.0,2.0,0.0,1FAFP40412F2,2002.0,460.0,1781.0,3.0,12.0,Ford,3.0,2.0,1.0,0.0,0.0,998.0,8.0,0.0,0.0,9.0,6.0,12.0,0.0,0.0,1.0,47.0,38583.0,2.0,6.0,3.0,Valid license for this class vehicle,0.0,63.0,95.0,0.0,0.0,0.0,0.0,No Record,0.0,0.0,0.0,0.0,1.0,2.0,45.0,1.0,1.0,2.0,2.0,20.0,4.0,17.0,99.0,1.0,1.0,504.0,47.0,1.0,1.0,0.0,202304793109.0,25.0,3.0,2.0,1.0,2.0,1.0,2.0,61.0,2.0,1.0,1.0,20.0,0.0,12.0,1.0,98.0
470327,1,0,12.0,103.0,1.0,0.0,-99.0,47.0,149.0,12.0,20.0,2.0,34.0,1.0,1.0,4.0,3.0,0.0,8.0,0.0,0.0,996.0,7.0,47.0,2.0,12.0,1.0,0.0,2G1FC1E39E92,2014.0,467.0,1829.0,3.0,20.0,Chevrolet,9.0,2.0,1.0,0.0,0.0,998.0,0.0,0.0,0.0,1.0,6.0,12.0,0.0,0.0,1.0,47.0,37167.0,1.0,6.0,3.0,Valid license for this class vehicle,0.0,72.0,190.0,0.0,2.0,0.0,2.0,February,2019.0,4.0,2022.0,0.0,2.0,2.0,55.0,1.0,1.0,2.0,1.0,0.0,6.0,98.0,99.0,1.0,4.0,207.0,47.0,1.0,1.0,0.0,202304887617.0,12.0,3.0,4.0,4.0,1.0,1.0,2.0,34.0,1.0,4.0,1.0,8.0,0.0,20.0,1.0,0.0
470328,2,99,99.0,36.0,1.0,0.0,-99.0,47.0,157.0,12.0,12.0,2.0,30.0,2.0,1.0,4.0,20.0,7.0,1.0,0.0,9.0,996.0,7.0,47.0,2.0,12.0,1.0,0.0,1ZVBP8AM0E53,2014.0,460.0,1781.0,3.0,12.0,Ford,3.0,2.0,1.0,0.0,0.0,998.0,0.0,0.0,0.0,12.0,6.0,12.0,0.0,0.0,1.0,47.0,38115.0,1.0,6.0,3.0,Valid license for this class vehicle,3.0,63.0,185.0,0.0,0.0,0.0,9.0,September,2022.0,9.0,2022.0,3.0,5.0,5.0,50.0,1.0,1.0,2.0,1.0,0.0,1.0,67.0,99.0,1.0,1.0,415.0,47.0,2.0,1.0,0.0,202304773057.0,12.0,1.0,2.0,0.0,1.0,1.0,2.0,28.0,1.0,0.0,1.0,20.0,0.0,12.0,1.0,0.0
470330,2,0,0.0,0.0,1.0,2049.0,240.0,47.0,111.0,12.0,49.0,4.0,65.0,1.0,1.0,4.0,3.0,0.0,8.0,0.0,1.0,161.0,7.0,47.0,2.0,12.0,2.0,0.0,5YFBU4EE4DP1,2013.0,448.0,2208.0,13.0,49.0,Toyota,32.0,4.0,1.0,0.0,0.0,998.0,0.0,0.0,0.0,12.0,6.0,12.0,0.0,1.0,1.0,47.0,37031.0,1.0,6.0,3.0,Valid license for this class vehicle,0.0,68.0,165.0,0.0,0.0,0.0,0.0,No Record,0.0,0.0,0.0,0.0,1.0,2.0,55.0,3.0,1.0,2.0,1.0,0.0,14.0,62.0,99.0,1.0,1.0,302.0,47.0,3.0,1.0,0.0,202305623315.0,12.0,5.0,11.0,0.0,1.0,1.0,4.0,17.0,2.0,0.0,1.0,20.0,0.0,49.0,2.0,0.0
470344,1,99,99.0,0.0,1.0,1.0,-99.0,47.0,155.0,30.0,49.0,14.0,20.0,2.0,1.0,4.0,20.0,7.0,8.0,0.0,0.0,0.0,7.0,47.0,1.0,30.0,1.0,0.0,5TDDZRFH4KS7,2019.0,448.0,2213.0,7.0,49.0,Toyota,403.0,14.0,1.0,0.0,0.0,998.0,7.0,3.0,5.0,12.0,6.0,30.0,0.0,0.0,1.0,47.0,37863.0,1.0,6.0,3.0,Valid license for this class vehicle,0.0,65.0,170.0,0.0,0.0,0.0,0.0,No Record,0.0,0.0,0.0,0.0,1.0,2.0,35.0,1.0,1.0,2.0,1.0,0.0,1.0,13.0,99.0,1.0,4.0,101.0,47.0,1.0,1.0,0.0,202304893757.0,30.0,2.0,4.0,4.0,1.0,1.0,14.0,20.0,2.0,4.0,1.0,8.0,0.0,49.0,1.0,99.0
470347,1,99,99.0,0.0,1.0,1.0,-99.0,47.0,31.0,42.0,12.0,34.0,47.0,1.0,1.0,4.0,3.0,0.0,1.0,0.0,1.0,109.0,7.0,47.0,1.0,42.0,1.0,0.0,1FTZR15XXXTA,1999.0,460.0,1803.0,60.0,12.0,Ford,471.0,34.0,1.0,0.0,0.0,998.0,7.0,0.0,0.0,10.0,6.0,42.0,0.0,1.0,1.0,47.0,37355.0,1.0,6.0,3.0,Valid license for this class vehicle,0.0,74.0,320.0,0.0,0.0,0.0,0.0,No Record,0.0,0.0,0.0,0.0,2.0,2.0,70.0,1.0,1.0,2.0,1.0,0.0,1.0,12.0,99.0,1.0,4.0,102.0,47.0,1.0,1.0,0.0,202305095716.0,53.0,3.0,7.0,3.0,1.0,1.0,34.0,18.0,1.0,3.0,1.0,1.0,0.0,12.0,1.0,9.0
470350,1,99,99.0,0.0,1.0,1.0,-99.0,47.0,167.0,42.0,49.0,3.0,18.0,2.0,1.0,4.0,3.0,0.0,8.0,0.0,0.0,0.0,7.0,47.0,1.0,42.0,1.0,0.0,JTKDE1676802,2008.0,448.0,2207.0,5.0,49.0,Toyota,50.0,3.0,1.0,0.0,0.0,998.0,7.0,0.0,0.0,1.0,6.0,42.0,0.0,0.0,1.0,47.0,38011.0,1.0,6.0,3.0,Valid license for this class vehicle,0.0,62.0,115.0,0.0,0.0,0.0,0.0,No Record,0.0,0.0,0.0,0.0,1.0,2.0,55.0,1.0,1.0,1.0,1.0,0.0,1.0,12.0,99.0,1.0,4.0,102.0,47.0,2.0,1.0,0.0,202305235664.0,12.0,7.0,9.0,3.0,1.0,1.0,3.0,30.0,1.0,0.0,1.0,20.0,0.0,49.0,2.0,0.0
470361,3,0,0.0,0.0,1.0,0.0,-99.0,47.0,59.0,33.0,20.0,4.0,17.0,1.0,1.0,0.0,3.0,0.0,20.0,0.0,0.0,996.0,0.0,47.0,3.0,33.0,1.0,0.0,2G1WB58K1812,2008.0,467.0,1833.0,13.0,20.0,Chevrolet,2.0,4.0,1.0,0.0,0.0,998.0,7.0,0.0,0.0,10.0,4.0,54.0,0.0,0.0,1.0,47.0,37809.0,2.0,6.0,3.0,Valid license for this class vehicle,0.0,67.0,240.0,0.0,0.0,0.0,0.0,No Record,0.0,0.0,0.0,0.0,5.0,5.0,40.0,1.0,1.0,2.0,1.0,0.0,1.0,98.0,99.0,1.0,1.0,998.0,47.0,0.0,1.0,0.0,202305456187.0,12.0,7.0,12.0,2.0,10.0,1.0,4.0,66.0,2.0,2.0,1.0,1.0,0.0,20.0,1.0,9.0
470376,1,9,0.0,36.0,1.0,9995.0,-99.0,47.0,145.0,33.0,49.0,4.0,27.0,2.0,1.0,4.0,3.0,0.0,8.0,0.0,9.0,996.0,7.0,47.0,1.0,33.0,2.0,0.0,4T1B11HKXKU2,2019.0,448.0,2469.0,13.0,49.0,Toyota,40.0,4.0,1.0,0.0,0.0,998.0,7.0,3.0,5.0,3.0,6.0,19.0,1.0,0.0,1.0,47.0,37716.0,1.0,6.0,3.0,Valid license for this class vehicle,0.0,61.0,130.0,0.0,1.0,0.0,7.0,July,2022.0,7.0,2022.0,4.0,5.0,5.0,45.0,2.0,1.0,2.0,1.0,0.0,14.0,12.0,99.0,5.0,4.0,102.0,47.0,1.0,1.0,0.0,202304881405.0,12.0,4.0,4.0,2.0,1.0,1.0,4.0,46.0,2.0,0.0,1.0,20.0,0.0,49.0,1.0,99.0
470377,1,99,99.0,0.0,1.0,1.0,-99.0,47.0,149.0,35.0,49.0,4.0,17.0,2.0,1.0,4.0,20.0,7.0,8.0,2.0,1.0,120.0,99.0,47.0,1.0,35.0,1.0,0.0,4T1BK1EB9DU0,2013.0,448.0,2465.0,13.0,49.0,Toyota,43.0,4.0,1.0,0.0,0.0,998.0,7.0,0.0,0.0,1.0,6.0,42.0,0.0,1.0,1.0,47.0,37167.0,2.0,2.0,2.0,No valid license for this class vehicle,3.0,60.0,185.0,1.0,0.0,0.0,11.0,November,2022.0,2.0,2023.0,4.0,1.0,2.0,55.0,3.0,1.0,2.0,2.0,0.0,14.0,13.0,99.0,1.0,4.0,101.0,47.0,1.0,1.0,0.0,202304827508.0,12.0,6.0,3.0,3.0,1.0,1.0,4.0,23.0,2.0,3.0,1.0,98.0,1.0,49.0,3.0,0.0
470383,1,0,0.0,54.0,1.0,1.0,-99.0,47.0,53.0,12.0,72.0,80.0,28.0,1.0,1.0,4.0,20.0,7.0,20.0,8.0,0.0,0.0,7.0,47.0,2.0,12.0,1.0,0.0,1HD1KBM19CB6,2012.0,3888.0,11077.0,81.0,72.0,Harley-Davidson,706.0,80.0,1.0,0.0,0.0,0.0,7.0,8.0,8.0,6.0,6.0,12.0,0.0,0.0,1.0,47.0,38358.0,1.0,6.0,3.0,Valid license for this class vehicle,0.0,73.0,175.0,0.0,1.0,0.0,11.0,November,2020.0,11.0,2020.0,0.0,2.0,2.0,65.0,1.0,1.0,2.0,1.0,0.0,5.0,53.0,1.0,1.0,1.0,201.0,47.0,1.0,1.0,0.0,202305031041.0,12.0,6.0,6.0,3.0,1.0,1.0,80.0,48.0,1.0,3.0,1.0,20.0,8.0,72.0,2.0,99.0
470386,1,99,15.0,28.0,1.0,0.0,-99.0,47.0,165.0,12.0,63.0,4.0,26.0,2.0,1.0,4.0,3.0,0.0,1.0,0.0,0.0,996.0,7.0,47.0,2.0,12.0,1.0,0.0,3KPF24AD7NE4,2022.0,499.0,2462.0,13.0,63.0,KIA,38.0,4.0,1.0,0.0,0.0,998.0,8.0,0.0,0.0,12.0,6.0,12.0,0.0,0.0,1.0,13.0,37075.0,1.0,6.0,3.0,Valid license for this class vehicle,1.0,999.0,999.0,0.0,0.0,0.0,0.0,No Record,0.0,0.0,0.0,0.0,1.0,3.0,45.0,1.0,1.0,2.0,1.0,0.0,1.0,52.0,99.0,1.0,1.0,202.0,47.0,2.0,1.0,0.0,202305088567.0,12.0,1.0,6.0,1.0,1.0,1.0,4.0,24.0,1.0,1.0,1.0,1.0,0.0,63.0,1.0,0.0
470390,1,98,99.0,0.0,1.0,0.0,-99.0,47.0,149.0,12.0,6.0,20.0,61.0,2.0,1.0,3.0,3.0,0.0,8.0,0.0,0.0,996.0,0.0,47.0,2.0,12.0,2.0,0.0,2C4RC1BG6ER3,2014.0,477.0,1936.0,2.0,6.0,Chrysler,441.0,20.0,1.0,0.0,0.0,998.0,8.0,0.0,0.0,12.0,6.0,12.0,0.0,0.0,1.0,47.0,37330.0,1.0,6.0,3.0,Valid license for this class vehicle,1.0,66.0,150.0,0.0,0.0,0.0,0.0,No Record,0.0,0.0,0.0,0.0,2.0,2.0,70.0,1.0,1.0,2.0,1.0,0.0,1.0,52.0,99.0,1.0,1.0,202.0,47.0,0.0,1.0,0.0,202304932628.0,12.0,4.0,5.0,4.0,1.0,1.0,20.0,61.0,2.0,3.0,1.0,8.0,0.0,6.0,1.0,98.0
470392,2,0,0.0,0.0,1.0,0.0,-99.0,47.0,149.0,12.0,35.0,4.0,41.0,2.0,1.0,0.0,3.0,0.0,1.0,0.0,0.0,996.0,0.0,47.0,2.0,12.0,1.0,0.0,1N4AL11D95N4,2005.0,478.0,1904.0,13.0,35.0,Nissan/Datsun,47.0,4.0,1.0,0.0,0.0,998.0,0.0,0.0,0.0,12.0,6.0,12.0,0.0,0.0,1.0,47.0,37211.0,1.0,1.0,2.0,No valid license for this class vehicle,0.0,63.0,147.0,0.0,0.0,0.0,0.0,No Record,0.0,0.0,0.0,0.0,5.0,5.0,45.0,1.0,1.0,1.0,2.0,0.0,1.0,62.0,99.0,1.0,1.0,402.0,47.0,0.0,1.0,0.0,202305372945.0,12.0,4.0,11.0,2.0,1.0,1.0,4.0,66.0,2.0,2.0,1.0,20.0,0.0,35.0,1.0,0.0
470400,1,98,99.0,34.0,1.0,9995.0,-99.0,47.0,93.0,1.0,53.0,80.0,36.0,2.0,1.0,4.0,20.0,7.0,20.0,8.0,9.0,995.0,7.0,47.0,1.0,1.0,1.0,0.0,JS1GT76A7621,2006.0,509.0,13179.0,80.0,53.0,Suzuki,706.0,80.0,1.0,0.0,0.0,998.0,7.0,8.0,8.0,0.0,6.0,1.0,0.0,0.0,1.0,47.0,37918.0,1.0,6.0,3.0,Valid license for this class vehicle,0.0,62.0,160.0,0.0,0.0,0.0,9.0,September,2020.0,9.0,2020.0,0.0,2.0,3.0,45.0,1.0,5.0,2.0,1.0,0.0,6.0,51.0,6.0,1.0,3.0,998.0,47.0,1.0,1.0,0.0,202305316931.0,12.0,7.0,7.0,4.0,1.0,1.0,80.0,22.0,1.0,4.0,1.0,20.0,8.0,53.0,1.0,0.0
470408,1,0,0.0,0.0,1.0,1.0,-99.0,47.0,149.0,12.0,23.0,34.0,23.0,1.0,1.0,0.0,3.0,0.0,20.0,0.0,0.0,0.0,0.0,47.0,2.0,12.0,1.0,0.0,1GTHC242X5E2,2005.0,472.0,1857.0,60.0,23.0,GMC,481.0,34.0,1.0,0.0,0.0,998.0,7.0,0.0,0.0,12.0,6.0,12.0,0.0,0.0,1.0,47.0,37037.0,1.0,6.0,3.0,Valid license for this class vehicle,0.0,72.0,130.0,0.0,0.0,0.0,0.0,No Record,0.0,0.0,0.0,0.0,1.0,2.0,45.0,3.0,1.0,2.0,1.0,0.0,14.0,62.0,7.0,2.0,3.0,302.0,47.0,0.0,1.0,0.0,202304945939.0,12.0,1.0,5.0,4.0,1.0,1.0,34.0,23.0,1.0,0.0,1.0,20.0,0.0,23.0,1.0,0.0
470410,1,99,93.0,26.0,1.0,1.0,-99.0,47.0,89.0,12.0,20.0,4.0,20.0,1.0,1.0,4.0,3.0,0.0,8.0,0.0,0.0,0.0,7.0,47.0,2.0,12.0,1.0,0.0,1G1JC5SHXE41,2014.0,467.0,1835.0,13.0,20.0,Chevrolet,28.0,4.0,1.0,0.0,0.0,998.0,8.0,0.0,0.0,12.0,6.0,12.0,0.0,0.0,1.0,47.0,37764.0,1.0,6.0,3.0,Valid license for this class vehicle,0.0,74.0,226.0,0.0,1.0,1.0,7.0,July,2020.0,9.0,2021.0,0.0,2.0,3.0,60.0,1.0,1.0,2.0,1.0,40.0,1.0,52.0,7.0,2.0,1.0,202.0,47.0,1.0,1.0,0.0,202304946158.0,12.0,5.0,5.0,4.0,1.0,1.0,4.0,20.0,1.0,4.0,1.0,8.0,0.0,20.0,1.0,99.0
470411,1,99,0.0,103.0,1.0,0.0,-99.0,47.0,157.0,33.0,49.0,4.0,19.0,1.0,1.0,3.0,20.0,7.0,1.0,1.0,9.0,996.0,0.0,47.0,1.0,33.0,2.0,0.0,2T1BU4EEXBC5,2011.0,448.0,2208.0,13.0,49.0,Toyota,32.0,4.0,1.0,0.0,0.0,998.0,0.0,3.0,6.0,12.0,6.0,19.0,0.0,0.0,1.0,47.0,38118.0,0.0,0.0,0.0,Not licensed,0.0,999.0,999.0,99.0,99.0,99.0,99.0,Unknown,9999.0,99.0,9999.0,3.0,5.0,7.0,99.0,1.0,1.0,2.0,1.0,0.0,1.0,6.0,99.0,1.0,4.0,102.0,47.0,0.0,1.0,0.0,202304946625.0,33.0,7.0,5.0,4.0,1.0,1.0,4.0,19.0,1.0,3.0,1.0,1.0,1.0,49.0,1.0,99.0
470412,1,99,99.0,36.0,1.0,1.0,-99.0,47.0,157.0,12.0,35.0,4.0,20.0,1.0,1.0,2.0,3.0,0.0,8.0,0.0,0.0,0.0,0.0,47.0,3.0,12.0,1.0,0.0,1N4BL4DV9NN3,2022.0,478.0,1904.0,13.0,35.0,Nissan/Datsun,47.0,4.0,1.0,0.0,0.0,998.0,0.0,0.0,0.0,12.0,6.0,12.0,0.0,0.0,1.0,47.0,38118.0,1.0,6.0,3.0,Valid license for this class vehicle,0.0,73.0,300.0,0.0,0.0,0.0,0.0,No Record,0.0,0.0,0.0,0.0,1.0,5.0,40.0,1.0,1.0,2.0,1.0,2.0,1.0,66.0,99.0,1.0,2.0,503.0,47.0,0.0,1.0,0.0,202305189908.0,12.0,6.0,8.0,0.0,1.0,1.0,4.0,35.0,1.0,0.0,1.0,20.0,0.0,35.0,2.0,0.0
470413,1,9,0.0,28.0,1.0,5060.0,-99.0,47.0,155.0,12.0,37.0,4.0,23.0,1.0,1.0,4.0,20.0,7.0,8.0,0.0,0.0,0.0,7.0,47.0,2.0,12.0,1.0,0.0,1HGES16552L0,2002.0,474.0,1863.0,13.0,37.0,Honda,31.0,4.0,1.0,0.0,0.0,998.0,0.0,0.0,0.0,12.0,6.0,12.0,0.0,0.0,1.0,47.0,37862.0,1.0,6.0,3.0,Valid license for this class vehicle,0.0,72.0,155.0,0.0,1.0,0.0,8.0,August,2021.0,5.0,2022.0,0.0,1.0,2.0,55.0,1.0,1.0,2.0,1.0,0.0,1.0,10.0,99.0,1.0,2.0,301.0,47.0,1.0,1.0,0.0,202304946175.0,12.0,2.0,5.0,4.0,1.0,1.0,4.0,23.0,1.0,4.0,1.0,8.0,0.0,37.0,1.0,98.0
470418,1,0,99.0,39.0,1.0,0.0,-99.0,47.0,157.0,12.0,12.0,6.0,16.0,1.0,1.0,1.0,20.0,7.0,8.0,0.0,0.0,996.0,0.0,47.0,3.0,12.0,2.0,0.0,2FMPK4J90GBC,2016.0,460.0,1797.0,7.0,12.0,Ford,24.0,6.0,1.0,0.0,0.0,998.0,0.0,3.0,5.0,12.0,6.0,12.0,0.0,0.0,1.0,47.0,38119.0,0.0,0.0,0.0,Not licensed,0.0,999.0,999.0,0.0,0.0,0.0,0.0,No Record,0.0,0.0,0.0,3.0,1.0,7.0,45.0,1.0,1.0,2.0,1.0,2.0,1.0,67.0,99.0,1.0,1.0,415.0,47.0,0.0,1.0,0.0,202305342673.0,53.0,6.0,8.0,1.0,1.0,1.0,6.0,82.0,2.0,1.0,1.0,20.0,0.0,12.0,1.0,1.0
470419,1,0,0.0,0.0,1.0,0.0,-99.0,47.0,125.0,12.0,49.0,4.0,26.0,2.0,1.0,0.0,3.0,0.0,20.0,0.0,0.0,996.0,0.0,47.0,2.0,12.0,1.0,0.0,2T1BU4EE6BC7,2011.0,448.0,2208.0,13.0,49.0,Toyota,32.0,4.0,1.0,0.0,0.0,998.0,7.0,0.0,0.0,5.0,4.0,12.0,0.0,0.0,1.0,47.0,37043.0,1.0,6.0,3.0,Valid license for this class vehicle,0.0,64.0,135.0,0.0,0.0,0.0,0.0,No Record,0.0,0.0,0.0,0.0,1.0,2.0,40.0,2.0,5.0,2.0,1.0,0.0,11.0,54.0,99.0,1.0,1.0,401.0,47.0,0.0,1.0,0.0,202305569824.0,8.0,4.0,11.0,2.0,1.0,1.0,4.0,74.0,1.0,0.0,1.0,20.0,0.0,49.0,1.0,0.0
470421,1,9,99.0,0.0,1.0,1059.0,-99.0,47.0,65.0,12.0,41.0,4.0,62.0,1.0,1.0,4.0,20.0,7.0,1.0,2.0,1.0,270.0,7.0,47.0,2.0,12.0,1.0,0.0,1YVHP80C685M,2008.0,473.0,2078.0,13.0,41.0,Mazda,50.0,4.0,1.0,0.0,0.0,998.0,8.0,0.0,0.0,12.0,6.0,12.0,0.0,1.0,1.0,47.0,37343.0,1.0,1.0,2.0,No valid license for this class vehicle,0.0,68.0,160.0,0.0,0.0,0.0,2.0,February,2023.0,2.0,2023.0,0.0,2.0,2.0,65.0,1.0,1.0,2.0,1.0,0.0,1.0,12.0,99.0,2.0,6.0,301.0,47.0,1.0,1.0,0.0,202305499089.0,12.0,3.0,12.0,3.0,1.0,1.0,4.0,54.0,1.0,0.0,1.0,98.0,0.0,41.0,3.0,0.0
470424,1,0,99.0,0.0,1.0,5060.0,-99.0,47.0,157.0,12.0,35.0,4.0,29.0,2.0,1.0,4.0,8.0,0.0,20.0,0.0,9.0,996.0,7.0,47.0,3.0,12.0,1.0,0.0,1N4AL21E98C2,2008.0,478.0,1904.0,13.0,35.0,Nissan/Datsun,47.0,4.0,1.0,0.0,0.0,998.0,0.0,0.0,0.0,12.0,6.0,12.0,0.0,0.0,1.0,47.0,38125.0,1.0,2.0,2.0,No valid license for this class vehicle,0.0,62.0,178.0,0.0,1.0,0.0,5.0,May,2018.0,8.0,2018.0,0.0,3.0,4.0,55.0,1.0,1.0,2.0,1.0,0.0,99.0,51.0,99.0,1.0,1.0,202.0,47.0,2.0,1.0,0.0,202304851365.0,12.0,5.0,3.0,1.0,1.0,1.0,4.0,33.0,2.0,1.0,1.0,20.0,0.0,35.0,1.0,0.0