ST_CASE,VEH_NO_x,DRIMPAIR_x,DRDISTRACT,DRIVERRF,PER_NO_x,DRUGRES,DRUGACTQTY,STATE_x,COUNTY,HARM_EV_x,MAKE_x,BODY_TYP_x,AGE,SEX,PER_TYP_x,INJ_SEV,REST_USE,REST_MIS,AIR_BAG_x,EJECTION,DRINKING,ALC_RES,HISPANIC,STATE_y,VE_FORMS,HARM_EV_y,NUMOCCS,HIT_RUN,VIN,MOD_YEAR,VPICMAKE,VPICMODEL,VPICBODYCLASS,MAKE_y,MAKENAME,MODEL,BODY_TYP_y,HAZ_INV,HAZ_PLAC,HAZ_ID,TRAV_SP,UNDEROVERRIDE,ROLLOVER,ROLINLOC,IMPACT1,DEFORMED,M_HARM,FIRE_EXP,DR_DRINK,DR_PRES,L_STATE,DR_ZIP,L_TYPE,L_STATUS,L_COMPL,L_COMPLNAME,L_RESTRI,DR_HGT,DR_WGT,PREV_DWI,PREV_SPD,PREV_OTH,FIRST_MO,FIRST_MONAME,FIRST_YR,LAST_MO,LAST_YR,SPEEDREL,VTRAFWAY,VNUM_LAN,VSPD_LIM,VALIGN,VPROFILE,VPAVETYP,VSURCOND,VTRAFCON,P_CRASH1,P_CRASH2,P_CRASH3,PCRASH4,PCRASH5,ACC_CONFIG,STATE,RACE,ORDER,MULTRACE,CASENUM,HARM_EV,DAY_WEEK,MONTH,MAXSEV_IM,WEATHR_IM,PER_NO_y,BODY_TYP,AGE_IM,SEX_IM,INJSEV_IM,PER_TYP_y,AIR_BAG_y,EJECT_IM,MAKE,VEH_NO_y,DRIMPAIR_y
470427,2,0,0.0,0.0,1.0,2041.0,6.0,47.0,57.0,12.0,35.0,14.0,74.0,2.0,1.0,0.0,3.0,0.0,8.0,0.0,0.0,0.0,0.0,47.0,2.0,12.0,1.0,0.0,5N1AT2MV2KC8,2019.0,478.0,1913.0,7.0,35.0,Nissan/Datsun,404.0,14.0,1.0,0.0,0.0,998.0,7.0,0.0,0.0,11.0,6.0,12.0,0.0,0.0,1.0,47.0,37811.0,1.0,6.0,3.0,Valid license for this class vehicle,0.0,61.0,179.0,0.0,0.0,0.0,0.0,No Record,0.0,0.0,0.0,0.0,1.0,4.0,55.0,3.0,1.0,2.0,1.0,20.0,11.0,66.0,99.0,1.0,1.0,414.0,47.0,0.0,1.0,0.0,202305385632.0,12.0,2.0,10.0,0.0,1.0,1.0,14.0,28.0,1.0,0.0,1.0,20.0,0.0,35.0,2.0,98.0
470433,1,9,0.0,0.0,1.0,2225.0,45.0,47.0,21.0,42.0,24.0,4.0,27.0,1.0,1.0,4.0,20.0,7.0,20.0,0.0,0.0,0.0,7.0,47.0,1.0,42.0,1.0,0.0,1G8ZH52802Z1,2002.0,1056.0,8991.0,13.0,24.0,Saturn,1.0,4.0,1.0,0.0,0.0,998.0,7.0,0.0,0.0,81.0,6.0,42.0,0.0,0.0,1.0,47.0,37015.0,1.0,6.0,3.0,Valid license for this class vehicle,0.0,69.0,155.0,0.0,0.0,1.0,10.0,October,2018.0,11.0,2022.0,0.0,1.0,2.0,45.0,1.0,1.0,2.0,1.0,0.0,1.0,13.0,99.0,1.0,4.0,101.0,47.0,1.0,1.0,0.0,202305451092.0,12.0,2.0,11.0,1.0,1.0,1.0,4.0,67.0,1.0,1.0,1.0,1.0,0.0,24.0,2.0,0.0
470437,1,0,0.0,0.0,1.0,0.0,-99.0,47.0,157.0,12.0,12.0,14.0,34.0,1.0,1.0,2.0,3.0,0.0,8.0,0.0,0.0,996.0,0.0,47.0,3.0,12.0,3.0,0.0,1FM5K7D80JGB,2018.0,460.0,1800.0,7.0,12.0,Ford,401.0,14.0,1.0,0.0,0.0,998.0,7.0,0.0,0.0,11.0,6.0,12.0,0.0,0.0,1.0,47.0,38118.0,1.0,6.0,3.0,Valid license for this class vehicle,0.0,69.0,200.0,0.0,1.0,0.0,1.0,January,2020.0,1.0,2020.0,9.0,2.0,5.0,45.0,1.0,1.0,2.0,1.0,2.0,11.0,15.0,99.0,1.0,1.0,414.0,47.0,0.0,1.0,0.0,202305492275.0,12.0,2.0,11.0,1.0,1.0,1.0,14.0,27.0,1.0,0.0,1.0,20.0,0.0,12.0,2.0,0.0
470438,1,9,99.0,52.0,1.0,1.0,-99.0,47.0,65.0,34.0,76.0,80.0,14.0,1.0,1.0,4.0,20.0,7.0,20.0,8.0,1.0,140.0,7.0,47.0,1.0,34.0,2.0,0.0,JYARJ08EX5A0,2005.0,564.0,3284.0,98.0,76.0,Yamaha,705.0,80.0,1.0,0.0,0.0,998.0,7.0,8.0,8.0,12.0,6.0,34.0,0.0,1.0,1.0,47.0,37336.0,0.0,0.0,0.0,Not licensed,0.0,999.0,999.0,0.0,0.0,0.0,0.0,No Record,0.0,0.0,0.0,0.0,1.0,2.0,45.0,3.0,5.0,2.0,1.0,0.0,14.0,12.0,99.0,1.0,4.0,102.0,47.0,1.0,1.0,0.0,202305291291.0,12.0,4.0,10.0,2.0,10.0,1.0,80.0,38.0,1.0,2.0,1.0,20.0,8.0,76.0,2.0,0.0
470442,1,0,0.0,28.0,1.0,1.0,-99.0,47.0,153.0,12.0,55.0,4.0,87.0,1.0,1.0,4.0,20.0,7.0,8.0,0.0,0.0,0.0,7.0,47.0,2.0,12.0,1.0,0.0,5NPD84LF4LH5,2020.0,498.0,2735.0,13.0,55.0,Hyundai,35.0,4.0,1.0,0.0,0.0,998.0,0.0,0.0,0.0,12.0,6.0,12.0,0.0,0.0,1.0,47.0,37377.0,1.0,6.0,3.0,Valid license for this class vehicle,3.0,69.0,210.0,0.0,0.0,0.0,12.0,December,2019.0,12.0,2019.0,0.0,1.0,2.0,45.0,2.0,2.0,2.0,2.0,0.0,14.0,10.0,99.0,1.0,2.0,301.0,47.0,1.0,1.0,0.0,202305654683.0,12.0,5.0,12.0,0.0,1.0,1.0,4.0,37.0,2.0,0.0,1.0,20.0,0.0,55.0,2.0,0.0
470446,1,99,0.0,28.0,1.0,1059.0,-99.0,47.0,71.0,12.0,37.0,4.0,32.0,1.0,1.0,4.0,20.0,7.0,1.0,0.0,0.0,0.0,7.0,47.0,2.0,12.0,3.0,0.0,JHMCG5642YC0,2000.0,474.0,1861.0,13.0,37.0,Honda,32.0,4.0,1.0,0.0,0.0,998.0,8.0,0.0,0.0,12.0,6.0,12.0,0.0,0.0,1.0,47.0,38372.0,1.0,6.0,3.0,Valid license for this class vehicle,0.0,72.0,165.0,0.0,0.0,1.0,9.0,September,2018.0,9.0,2018.0,0.0,1.0,2.0,55.0,1.0,1.0,2.0,1.0,0.0,1.0,10.0,99.0,1.0,2.0,301.0,47.0,1.0,1.0,0.0,202305237837.0,12.0,7.0,8.0,2.0,1.0,1.0,4.0,19.0,1.0,1.0,1.0,20.0,0.0,37.0,4.0,98.0
470448,1,0,0.0,38.0,1.0,1.0,-99.0,47.0,69.0,12.0,7.0,34.0,76.0,2.0,1.0,2.0,3.0,0.0,20.0,0.0,0.0,0.0,0.0,47.0,2.0,12.0,1.0,0.0,1B7GL23X3VS2,1997.0,476.0,1941.0,60.0,7.0,Dodge,472.0,34.0,1.0,0.0,0.0,998.0,7.0,0.0,0.0,11.0,6.0,12.0,0.0,0.0,1.0,47.0,38008.0,1.0,6.0,3.0,Valid license for this class vehicle,0.0,63.0,175.0,0.0,0.0,0.0,0.0,No Record,0.0,0.0,0.0,0.0,2.0,3.0,65.0,1.0,1.0,2.0,1.0,0.0,8.0,17.0,99.0,1.0,1.0,504.0,47.0,0.0,1.0,0.0,202305104476.0,1.0,2.0,7.0,3.0,1.0,1.0,34.0,33.0,1.0,3.0,1.0,9.0,1.0,7.0,1.0,99.0
470452,1,9,99.0,0.0,1.0,0.0,-99.0,47.0,93.0,53.0,37.0,90.0,26.0,1.0,1.0,4.0,20.0,7.0,20.0,0.0,1.0,996.0,7.0,47.0,1.0,53.0,1.0,0.0,0,1984.0,474.0,14008.0,69.0,37.0,Honda,739.0,90.0,1.0,0.0,0.0,998.0,7.0,0.0,0.0,12.0,4.0,53.0,0.0,1.0,1.0,47.0,37861.0,1.0,6.0,1.0,No license required for this class vehicle,0.0,71.0,210.0,0.0,2.0,0.0,3.0,March,2022.0,11.0,2022.0,4.0,1.0,2.0,20.0,1.0,6.0,2.0,1.0,0.0,1.0,6.0,99.0,1.0,4.0,101.0,47.0,1.0,1.0,0.0,202304636966.0,43.0,1.0,1.0,2.0,1.0,1.0,83.0,49.0,1.0,2.0,1.0,20.0,8.0,73.0,1.0,98.0
470458,1,99,99.0,39.0,1.0,0.0,-99.0,47.0,37.0,12.0,35.0,6.0,999.0,1.0,1.0,9.0,3.0,0.0,1.0,0.0,0.0,996.0,0.0,47.0,2.0,12.0,99.0,1.0,JN8AZ1MU9EW4,2014.0,478.0,1914.0,8.0,35.0,Nissan/Datsun,49.0,6.0,1.0,0.0,0.0,998.0,8.0,0.0,0.0,12.0,6.0,12.0,0.0,0.0,1.0,99.0,99999.0,9.0,9.0,9.0,Unknown,9.0,999.0,999.0,99.0,99.0,99.0,99.0,Unknown,9999.0,99.0,9999.0,0.0,1.0,2.0,30.0,1.0,1.0,2.0,1.0,20.0,1.0,17.0,99.0,1.0,1.0,503.0,47.0,0.0,1.0,0.0,202305203636.0,12.0,6.0,6.0,2.0,10.0,1.0,6.0,43.0,2.0,0.0,1.0,1.0,0.0,35.0,2.0,0.0
470460,1,98,99.0,36.0,1.0,3026.0,-99.0,47.0,119.0,35.0,12.0,14.0,33.0,1.0,1.0,4.0,20.0,7.0,8.0,1.0,1.0,239.0,4.0,47.0,1.0,35.0,1.0,0.0,1FMCU0G91DUC,2013.0,460.0,1798.0,7.0,12.0,Ford,402.0,14.0,1.0,0.0,0.0,998.0,7.0,3.0,5.0,12.0,6.0,1.0,0.0,1.0,1.0,1.0,35007.0,0.0,0.0,0.0,Not licensed,0.0,999.0,999.0,99.0,99.0,99.0,99.0,Unknown,9999.0,99.0,9999.0,0.0,2.0,2.0,55.0,1.0,1.0,2.0,1.0,0.0,1.0,13.0,99.0,1.0,4.0,101.0,47.0,98.0,1.0,0.0,202305545366.0,12.0,2.0,10.0,0.0,1.0,1.0,14.0,61.0,1.0,0.0,1.0,20.0,0.0,12.0,2.0,0.0
470468,1,0,0.0,50.0,1.0,1.0,-99.0,47.0,37.0,12.0,49.0,4.0,19.0,1.0,1.0,4.0,3.0,0.0,1.0,0.0,0.0,0.0,7.0,47.0,2.0,12.0,1.0,0.0,5YFBURHE7GP4,2016.0,448.0,2208.0,13.0,49.0,Toyota,32.0,4.0,1.0,0.0,0.0,998.0,8.0,0.0,0.0,12.0,6.0,12.0,0.0,0.0,1.0,47.0,37064.0,1.0,6.0,3.0,Valid license for this class vehicle,0.0,58.0,100.0,0.0,0.0,0.0,0.0,No Record,0.0,0.0,0.0,0.0,3.0,3.0,70.0,1.0,1.0,2.0,1.0,0.0,1.0,54.0,99.0,1.0,1.0,303.0,47.0,1.0,1.0,0.0,202305204017.0,12.0,1.0,6.0,0.0,1.0,1.0,4.0,42.0,2.0,0.0,1.0,20.0,0.0,49.0,2.0,0.0
470472,1,99,99.0,36.0,1.0,1.0,-99.0,47.0,157.0,12.0,35.0,4.0,27.0,1.0,1.0,3.0,99.0,7.0,8.0,0.0,0.0,0.0,0.0,47.0,2.0,12.0,3.0,0.0,1N4AL21E19N4,2009.0,478.0,1904.0,13.0,35.0,Nissan/Datsun,47.0,4.0,1.0,0.0,0.0,998.0,0.0,0.0,0.0,12.0,6.0,12.0,0.0,0.0,1.0,47.0,38106.0,1.0,1.0,2.0,No valid license for this class vehicle,0.0,64.0,130.0,0.0,0.0,0.0,5.0,May,2022.0,5.0,2022.0,0.0,1.0,4.0,40.0,1.0,1.0,2.0,1.0,0.0,1.0,10.0,99.0,1.0,2.0,301.0,47.0,0.0,1.0,0.0,202304894300.0,12.0,4.0,4.0,0.0,2.0,1.0,4.0,59.0,1.0,0.0,1.0,20.0,0.0,35.0,1.0,0.0
470474,1,9,0.0,26.0,1.0,0.0,-99.0,47.0,149.0,12.0,49.0,5.0,18.0,1.0,1.0,4.0,3.0,0.0,8.0,0.0,0.0,996.0,7.0,47.0,2.0,12.0,1.0,0.0,JTKKU4B43A10,2010.0,448.0,2933.0,5.0,49.0,Toyota,52.0,5.0,1.0,0.0,0.0,998.0,8.0,0.0,0.0,12.0,6.0,12.0,0.0,0.0,1.0,47.0,37090.0,1.0,1.0,2.0,No valid license for this class vehicle,0.0,65.0,135.0,0.0,1.0,0.0,11.0,November,2022.0,5.0,2023.0,0.0,6.0,2.0,70.0,1.0,1.0,1.0,1.0,0.0,1.0,51.0,99.0,1.0,1.0,202.0,47.0,1.0,1.0,0.0,202305042976.0,12.0,3.0,6.0,0.0,1.0,1.0,5.0,53.0,2.0,0.0,1.0,20.0,0.0,49.0,2.0,0.0
470477,1,99,99.0,0.0,1.0,0.0,-99.0,47.0,157.0,38.0,59.0,14.0,53.0,1.0,1.0,4.0,3.0,0.0,1.0,0.0,9.0,996.0,7.0,47.0,1.0,38.0,1.0,0.0,2T2ZZMCA9HC0,2017.0,515.0,2214.0,7.0,59.0,Lexus,403.0,14.0,1.0,0.0,0.0,998.0,7.0,0.0,0.0,12.0,6.0,18.0,0.0,0.0,1.0,47.0,38118.0,1.0,6.0,3.0,Valid license for this class vehicle,0.0,73.0,230.0,0.0,0.0,0.0,5.0,May,2019.0,5.0,2019.0,0.0,1.0,2.0,40.0,1.0,1.0,2.0,1.0,0.0,99.0,12.0,99.0,1.0,4.0,102.0,47.0,2.0,1.0,0.0,202305088597.0,12.0,6.0,7.0,0.0,1.0,1.0,14.0,74.0,2.0,0.0,1.0,20.0,0.0,59.0,2.0,0.0
470488,2,0,0.0,38.0,1.0,0.0,-99.0,47.0,113.0,12.0,22.0,4.0,64.0,1.0,1.0,2.0,3.0,0.0,20.0,0.0,0.0,996.0,0.0,47.0,2.0,12.0,2.0,0.0,1G2ZH57N5941,2009.0,536.0,4263.0,13.0,22.0,Pontiac,22.0,4.0,1.0,0.0,0.0,998.0,7.0,0.0,0.0,9.0,6.0,12.0,0.0,0.0,1.0,47.0,38301.0,1.0,6.0,3.0,Valid license for this class vehicle,0.0,72.0,232.0,0.0,0.0,0.0,0.0,No Record,0.0,0.0,0.0,0.0,0.0,0.0,0.0,0.0,0.0,0.0,0.0,0.0,11.0,15.0,99.0,1.0,1.0,414.0,47.0,0.0,1.0,0.0,202305105866.0,12.0,4.0,7.0,0.0,2.0,1.0,4.0,23.0,1.0,0.0,1.0,1.0,0.0,22.0,1.0,0.0
470494,1,9,0.0,0.0,1.0,1.0,-99.0,47.0,157.0,52.0,73.0,80.0,22.0,1.0,1.0,4.0,20.0,7.0,20.0,8.0,1.0,162.0,7.0,47.0,1.0,52.0,1.0,0.0,JKAEXKH12MDA,2021.0,510.0,20805.0,80.0,73.0,Kawasaki,704.0,80.0,1.0,0.0,0.0,998.0,7.0,8.0,8.0,12.0,6.0,52.0,0.0,1.0,1.0,47.0,38111.0,1.0,6.0,3.0,Valid license for this class vehicle,0.0,66.0,124.0,0.0,0.0,0.0,0.0,No Record,0.0,0.0,0.0,0.0,3.0,3.0,45.0,1.0,5.0,2.0,1.0,0.0,1.0,13.0,99.0,1.0,4.0,101.0,47.0,1.0,1.0,0.0,202305007331.0,24.0,4.0,6.0,4.0,1.0,1.0,80.0,22.0,1.0,4.0,1.0,20.0,8.0,73.0,1.0,99.0
470495,1,0,99.0,51.0,1.0,1.0,-99.0,47.0,125.0,12.0,35.0,6.0,22.0,1.0,1.0,3.0,3.0,0.0,8.0,0.0,0.0,0.0,0.0,47.0,5.0,12.0,1.0,0.0,KNMAT2MT2HP5,2017.0,478.0,1913.0,8.0,35.0,Nissan/Datsun,51.0,6.0,1.0,0.0,0.0,998.0,8.0,0.0,0.0,12.0,6.0,12.0,0.0,0.0,1.0,47.0,37042.0,1.0,1.0,2.0,No valid license for this class vehicle,0.0,68.0,150.0,0.0,0.0,0.0,9.0,September,2021.0,3.0,2023.0,3.0,1.0,3.0,40.0,1.0,5.0,2.0,1.0,0.0,1.0,10.0,99.0,1.0,2.0,301.0,47.0,0.0,1.0,0.0,202305278164.0,12.0,3.0,6.0,4.0,1.0,1.0,6.0,27.0,1.0,4.0,1.0,8.0,0.0,35.0,1.0,9.0
470496,1,99,99.0,36.0,1.0,1.0,-99.0,47.0,47.0,12.0,58.0,4.0,21.0,1.0,1.0,4.0,20.0,7.0,8.0,1.0,0.0,0.0,7.0,47.0,2.0,12.0,3.0,0.0,JN1CV6AP3CM6,2012.0,480.0,2337.0,13.0,58.0,Infiniti,37.0,4.0,1.0,0.0,0.0,998.0,8.0,3.0,5.0,11.0,6.0,12.0,0.0,0.0,1.0,47.0,38066.0,1.0,1.0,2.0,No valid license for this class vehicle,0.0,73.0,210.0,0.0,2.0,3.0,5.0,May,2019.0,2.0,2023.0,3.0,1.0,2.0,45.0,1.0,1.0,2.0,1.0,0.0,1.0,17.0,99.0,1.0,1.0,402.0,47.0,2.0,1.0,0.0,202305199464.0,12.0,4.0,6.0,0.0,1.0,1.0,4.0,26.0,1.0,0.0,1.0,20.0,0.0,58.0,1.0,0.0
470500,1,99,0.0,0.0,1.0,3053.0,-99.0,47.0,149.0,34.0,20.0,34.0,62.0,1.0,1.0,4.0,99.0,7.0,20.0,0.0,0.0,996.0,7.0,47.0,1.0,34.0,1.0,0.0,1GCEK14K6RZ2,1994.0,467.0,10978.0,60.0,20.0,Chevrolet,481.0,34.0,1.0,0.0,0.0,998.0,7.0,3.0,5.0,99.0,6.0,2.0,1.0,0.0,1.0,47.0,37037.0,1.0,6.0,3.0,Valid license for this class vehicle,0.0,68.0,201.0,0.0,0.0,0.0,7.0,July,2019.0,7.0,2019.0,3.0,1.0,2.0,40.0,1.0,1.0,2.0,1.0,0.0,1.0,6.0,99.0,1.0,4.0,102.0,47.0,1.0,1.0,0.0,202305009819.0,34.0,1.0,6.0,4.0,1.0,1.0,34.0,62.0,1.0,4.0,1.0,20.0,0.0,20.0,1.0,99.0
470503,1,0,12.0,28.0,1.0,0.0,-99.0,47.0,15.0,12.0,49.0,14.0,76.0,2.0,1.0,2.0,3.0,0.0,9.0,0.0,0.0,996.0,0.0,47.0,2.0,12.0,2.0,0.0,2T3W1RFV2MW1,2021.0,448.0,2217.0,7.0,49.0,Toyota,402.0,14.0,1.0,0.0,0.0,998.0,8.0,0.0,0.0,62.0,6.0,30.0,0.0,0.0,1.0,47.0,37357.0,1.0,6.0,3.0,Valid license for this class vehicle,1.0,64.0,234.0,0.0,0.0,0.0,1.0,January,2019.0,8.0,2021.0,0.0,1.0,2.0,45.0,3.0,1.0,2.0,1.0,0.0,14.0,10.0,99.0,1.0,2.0,301.0,47.0,0.0,1.0,0.0,202305513120.0,12.0,3.0,10.0,0.0,1.0,1.0,14.0,34.0,1.0,0.0,1.0,20.0,0.0,49.0,2.0,0.0
470511,2,0,0.0,0.0,1.0,0.0,-99.0,47.0,37.0,12.0,82.0,66.0,37.0,1.0,1.0,0.0,3.0,0.0,20.0,0.0,0.0,996.0,0.0,47.0,2.0,12.0,2.0,0.0,3AKJHHDRXNSM,2022.0,450.0,2501.0,66.0,82.0,Freightliner,881.0,66.0,1.0,0.0,0.0,998.0,7.0,0.0,0.0,2.0,2.0,12.0,0.0,0.0,1.0,48.0,76522.0,1.0,6.0,3.0,Valid license for this class vehicle,1.0,999.0,999.0,0.0,2.0,0.0,4.0,April,2019.0,11.0,2022.0,0.0,3.0,6.0,65.0,1.0,2.0,2.0,1.0,0.0,1.0,53.0,99.0,1.0,1.0,208.0,47.0,0.0,1.0,0.0,202304856942.0,12.0,2.0,3.0,0.0,4.0,1.0,66.0,64.0,1.0,0.0,1.0,20.0,0.0,82.0,3.0,0.0
470512,1,99,99.0,58.0,1.0,5060.0,-99.0,47.0,37.0,1.0,2.0,34.0,21.0,1.0,1.0,3.0,20.0,7.0,8.0,0.0,0.0,0.0,0.0,47.0,5.0,1.0,2.0,0.0,1C6HJTFG9NL1,2022.0,483.0,25919.0,60.0,2.0,Jeep / Kaiser-Jeep / Willys- Jeep,483.0,34.0,1.0,0.0,0.0,998.0,0.0,3.0,1.0,0.0,6.0,12.0,0.0,0.0,1.0,47.0,37082.0,0.0,0.0,0.0,Not licensed,0.0,71.0,147.0,99.0,99.0,99.0,99.0,Unknown,9999.0,99.0,9999.0,0.0,5.0,4.0,40.0,1.0,6.0,2.0,1.0,2.0,1.0,98.0,99.0,1.0,1.0,998.0,47.0,0.0,1.0,0.0,202305016976.0,12.0,7.0,6.0,3.0,10.0,1.0,34.0,45.0,2.0,2.0,1.0,1.0,0.0,2.0,2.0,0.0
470514,1,0,0.0,74.0,1.0,1.0,-99.0,47.0,37.0,12.0,35.0,4.0,30.0,1.0,1.0,4.0,3.0,0.0,8.0,0.0,1.0,181.0,7.0,47.0,2.0,12.0,1.0,0.0,1N4BL4CV1LN3,2020.0,478.0,1904.0,13.0,35.0,Nissan/Datsun,47.0,4.0,1.0,0.0,0.0,998.0,8.0,0.0,0.0,12.0,6.0,12.0,0.0,1.0,1.0,47.0,37212.0,1.0,6.0,3.0,Valid license for this class vehicle,2.0,77.0,250.0,3.0,0.0,0.0,3.0,March,2020.0,2.0,2023.0,3.0,5.0,5.0,40.0,1.0,3.0,2.0,1.0,0.0,1.0,10.0,99.0,1.0,2.0,301.0,47.0,2.0,1.0,0.0,202304710350.0,12.0,1.0,1.0,1.0,1.0,1.0,4.0,34.0,2.0,1.0,1.0,8.0,0.0,35.0,2.0,0.0
470516,1,9,99.0,36.0,1.0,9995.0,-99.0,47.0,29.0,5.0,20.0,15.0,18.0,2.0,1.0,0.0,20.0,7.0,20.0,0.0,1.0,995.0,0.0,47.0,1.0,5.0,3.0,0.0,1GNEK13T7YJ1,2000.0,467.0,1852.0,7.0,20.0,Chevrolet,421.0,15.0,1.0,0.0,0.0,998.0,7.0,0.0,0.0,0.0,0.0,5.0,0.0,1.0,1.0,47.0,37711.0,1.0,6.0,3.0,Valid license for this class vehicle,0.0,67.0,180.0,0.0,0.0,0.0,0.0,No Record,0.0,0.0,0.0,0.0,1.0,2.0,15.0,1.0,5.0,2.0,1.0,0.0,1.0,98.0,1.0,1.0,1.0,0.0,47.0,0.0,1.0,0.0,202305025390.0,5.0,7.0,6.0,4.0,1.0,1.0,15.0,18.0,2.0,0.0,1.0,20.0,0.0,20.0,1.0,9.0
470518,1,99,99.0,0.0,1.0,0.0,-99.0,47.0,93.0,46.0,63.0,4.0,56.0,1.0,1.0,4.0,20.0,7.0,8.0,0.0,1.0,996.0,7.0,47.0,1.0,46.0,1.0,0.0,3KPFK4A71HE0,2017.0,499.0,2462.0,13.0,63.0,KIA,38.0,4.0,1.0,0.0,0.0,998.0,7.0,0.0,0.0,12.0,6.0,46.0,0.0,1.0,1.0,47.0,37914.0,1.0,6.0,3.0,Valid license for this class vehicle,1.0,72.0,140.0,0.0,0.0,0.0,0.0,No Record,0.0,0.0,0.0,0.0,5.0,5.0,45.0,1.0,1.0,2.0,1.0,1.0,1.0,12.0,99.0,1.0,4.0,102.0,47.0,2.0,1.0,0.0,202305189683.0,12.0,5.0,8.0,0.0,1.0,1.0,4.0,24.0,2.0,0.0,1.0,20.0,0.0,63.0,1.0,0.0
470526,1,0,0.0,36.0,1.0,1.0,-99.0,47.0,155.0,42.0,55.0,4.0,22.0,1.0,1.0,4.0,3.0,0.0,8.0,0.0,0.0,0.0,7.0,47.0,1.0,42.0,2.0,0.0,5NPE34AF9HH5,2017.0,498.0,2459.0,13.0,55.0,Hyundai,33.0,4.0,1.0,0.0,0.0,998.0,7.0,0.0,0.0,9.0,6.0,42.0,0.0,0.0,1.0,95.0,0.0,1.0,6.0,3.0,Valid license for this class vehicle,0.0,999.0,999.0,99.0,99.0,99.0,99.0,Unknown,9999.0,99.0,9999.0,3.0,1.0,2.0,35.0,3.0,1.0,2.0,1.0,0.0,14.0,6.0,99.0,1.0,4.0,101.0,47.0,2.0,1.0,0.0,202305029289.0,42.0,4.0,6.0,4.0,1.0,1.0,4.0,22.0,1.0,4.0,1.0,8.0,0.0,55.0,1.0,0.0
470529,1,99,99.0,36.0,1.0,1.0,-99.0,47.0,157.0,12.0,35.0,4.0,19.0,1.0,1.0,3.0,20.0,7.0,1.0,0.0,0.0,0.0,0.0,47.0,2.0,12.0,1.0,0.0,1N4AL2AP9AN5,2010.0,478.0,1904.0,13.0,35.0,Nissan/Datsun,47.0,4.0,1.0,0.0,0.0,998.0,0.0,0.0,0.0,12.0,6.0,12.0,0.0,0.0,1.0,47.0,38127.0,0.0,0.0,0.0,Not licensed,0.0,999.0,999.0,99.0,99.0,99.0,99.0,Unknown,9999.0,99.0,9999.0,0.0,5.0,5.0,40.0,1.0,1.0,2.0,2.0,0.0,1.0,10.0,99.0,1.0,2.0,301.0,47.0,0.0,1.0,0.0,202305207872.0,12.0,7.0,8.0,3.0,1.0,1.0,4.0,28.0,1.0,0.0,1.0,20.0,0.0,35.0,2.0,99.0
470534,1,0,0.0,0.0,1.0,0.0,-99.0,47.0,113.0,12.0,37.0,14.0,26.0,2.0,1.0,0.0,3.0,0.0,98.0,0.0,0.0,996.0,0.0,47.0,2.0,12.0,3.0,0.0,JHLRD2841XC0,1999.0,474.0,1865.0,7.0,37.0,Honda,402.0,14.0,1.0,0.0,0.0,998.0,0.0,0.0,0.0,7.0,6.0,12.0,0.0,0.0,1.0,47.0,37405.0,1.0,6.0,3.0,Valid license for this class vehicle,0.0,65.0,105.0,0.0,0.0,0.0,1.0,January,2022.0,1.0,2022.0,0.0,1.0,2.0,30.0,2.0,2.0,2.0,1.0,0.0,14.0,60.0,99.0,1.0,1.0,208.0,47.0,0.0,1.0,0.0,202305029993.0,12.0,5.0,6.0,0.0,10.0,1.0,14.0,16.0,1.0,0.0,1.0,20.0,0.0,37.0,2.0,98.0
470540,1,99,0.0,39.0,1.0,1.0,-99.0,47.0,19.0,24.0,53.0,80.0,34.0,1.0,1.0,4.0,20.0,7.0,20.0,8.0,1.0,377.0,7.0,47.0,1.0,24.0,1.0,0.0,JS1GT75A8321,2003.0,509.0,13236.0,80.0,53.0,Suzuki,706.0,80.0,1.0,0.0,0.0,998.0,7.0,8.0,8.0,98.0,6.0,24.0,0.0,1.0,1.0,47.0,37643.0,1.0,2.0,2.0,No valid license for this class vehicle,0.0,68.0,175.0,1.0,0.0,1.0,12.0,December,2018.0,1.0,2023.0,3.0,1.0,2.0,35.0,2.0,1.0,2.0,1.0,20.0,14.0,14.0,99.0,1.0,4.0,103.0,47.0,1.0,1.0,0.0,202305555361.0,12.0,3.0,11.0,3.0,1.0,1.0,80.0,42.0,1.0,3.0,1.0,20.0,8.0,53.0,1.0,0.0
470544,1,99,0.0,24.0,1.0,0.0,-99.0,47.0,165.0,12.0,37.0,90.0,16.0,1.0,1.0,2.0,20.0,7.0,20.0,0.0,0.0,996.0,0.0,47.0,2.0,12.0,3.0,0.0,0,2015.0,474.0,27906.0,69.0,37.0,Honda,739.0,90.0,1.0,0.0,0.0,998.0,7.0,0.0,0.0,12.0,6.0,12.0,0.0,0.0,1.0,21.0,42134.0,2.0,4.0,1.0,No license required for this class vehicle,0.0,64.0,194.0,0.0,0.0,0.0,0.0,No Record,0.0,0.0,0.0,5.0,1.0,2.0,20.0,1.0,6.0,2.0,1.0,20.0,1.0,17.0,99.0,1.0,1.0,501.0,47.0,0.0,1.0,0.0,202304636966.0,43.0,1.0,1.0,2.0,1.0,1.0,83.0,49.0,1.0,2.0,1.0,20.0,8.0,73.0,1.0,98.0