ST_CASE,VEH_NO_x,DRIMPAIR_x,DRDISTRACT,DRIVERRF,PER_NO_x,DRUGRES,DRUGACTQTY,STATE_x,COUNTY,HARM_EV_x,MAKE_x,BODY_TYP_x,AGE,SEX,PER_TYP_x,INJ_SEV,REST_USE,REST_MIS,AIR_BAG_x,EJECTION,DRINKING,ALC_RES,HISPANIC,STATE_y,VE_FORMS,HARM_EV_y,NUMOCCS,HIT_RUN,VIN,MOD_YEAR,VPICMAKE,VPICMODEL,VPICBODYCLASS,MAKE_y,MAKENAME,MODEL,BODY_TYP_y,HAZ_INV,HAZ_PLAC,HAZ_ID,TRAV_SP,UNDEROVERRIDE,ROLLOVER,ROLINLOC,IMPACT1,DEFORMED,M_HARM,FIRE_EXP,DR_DRINK,DR_PRES,L_STATE,DR_ZIP,L_TYPE,L_STATUS,L_COMPL,L_COMPLNAME,L_RESTRI,DR_HGT,DR_WGT,PREV_DWI,PREV_SPD,PREV_OTH,FIRST_MO,FIRST_MONAME,FIRST_YR,LAST_MO,LAST_YR,SPEEDREL,VTRAFWAY,VNUM_LAN,VSPD_LIM,VALIGN,VPROFILE,VPAVETYP,VSURCOND,VTRAFCON,P_CRASH1,P_CRASH2,P_CRASH3,PCRASH4,PCRASH5,ACC_CONFIG,STATE,RACE,ORDER,MULTRACE,CASENUM,HARM_EV,DAY_WEEK,MONTH,MAXSEV_IM,WEATHR_IM,PER_NO_y,BODY_TYP,AGE_IM,SEX_IM,INJSEV_IM,PER_TYP_y,AIR_BAG_y,EJECT_IM,MAKE,VEH_NO_y,DRIMPAIR_y
471048,1,99,0.0,28.0,1.0,3022.0,240.0,47.0,93.0,12.0,34.0,1.0,41.0,2.0,1.0,4.0,20.0,7.0,8.0,1.0,1.0,263.0,7.0,47.0,2.0,12.0,1.0,0.0,WBADW3C51DJ5,2013.0,452.0,1709.0,1.0,34.0,BMW,34.0,1.0,1.0,0.0,0.0,998.0,8.0,3.0,1.0,12.0,6.0,1.0,0.0,1.0,1.0,47.0,37912.0,1.0,6.0,3.0,Valid license for this class vehicle,0.0,68.0,130.0,0.0,0.0,0.0,0.0,No Record,0.0,0.0,0.0,0.0,5.0,5.0,45.0,1.0,6.0,2.0,1.0,0.0,1.0,51.0,1.0,1.0,2.0,202.0,47.0,1.0,1.0,0.0,202305053512.0,12.0,6.0,6.0,2.0,1.0,1.0,1.0,54.0,2.0,0.0,1.0,9.0,0.0,34.0,2.0,0.0
471057,1,96,0.0,4.0,1.0,5060.0,-99.0,47.0,187.0,12.0,23.0,34.0,33.0,1.0,1.0,2.0,3.0,0.0,8.0,0.0,0.0,0.0,0.0,47.0,3.0,12.0,1.0,0.0,1GT12UEG9HF1,2017.0,472.0,1857.0,60.0,23.0,GMC,481.0,34.0,1.0,0.0,0.0,998.0,8.0,0.0,0.0,12.0,6.0,12.0,0.0,0.0,1.0,47.0,37174.0,1.0,6.0,3.0,Valid license for this class vehicle,1.0,72.0,230.0,0.0,0.0,0.0,0.0,No Record,0.0,0.0,0.0,0.0,3.0,4.0,70.0,1.0,1.0,2.0,2.0,0.0,15.0,11.0,1.0,1.0,2.0,207.0,47.0,0.0,1.0,0.0,202305377233.0,12.0,2.0,10.0,4.0,10.0,1.0,34.0,33.0,1.0,2.0,1.0,8.0,0.0,23.0,1.0,96.0
471060,2,0,0.0,38.0,1.0,5060.0,4200.0,47.0,71.0,12.0,41.0,6.0,50.0,2.0,1.0,4.0,3.0,0.0,20.0,0.0,0.0,0.0,7.0,47.0,2.0,12.0,2.0,0.0,JM1CR2W35A03,2010.0,473.0,2075.0,15.0,41.0,Mazda,52.0,6.0,1.0,0.0,0.0,998.0,8.0,0.0,0.0,9.0,6.0,12.0,0.0,0.0,1.0,47.0,38372.0,1.0,6.0,3.0,Valid license for this class vehicle,0.0,63.0,176.0,0.0,0.0,0.0,0.0,No Record,0.0,0.0,0.0,0.0,1.0,3.0,45.0,1.0,1.0,2.0,1.0,20.0,11.0,15.0,99.0,1.0,1.0,414.0,47.0,1.0,1.0,0.0,202305102461.0,12.0,1.0,7.0,1.0,2.0,1.0,6.0,35.0,1.0,1.0,1.0,1.0,0.0,41.0,1.0,9.0
471066,1,98,0.0,38.0,1.0,0.0,-99.0,47.0,149.0,12.0,73.0,80.0,21.0,1.0,1.0,4.0,20.0,7.0,20.0,8.0,0.0,996.0,7.0,47.0,2.0,12.0,1.0,0.0,JKAZX4R169A0,2009.0,510.0,3173.0,80.0,73.0,Kawasaki,705.0,80.0,1.0,0.0,0.0,998.0,7.0,8.0,8.0,12.0,6.0,12.0,0.0,0.0,1.0,47.0,37013.0,1.0,6.0,2.0,No valid license for this class vehicle,0.0,67.0,121.0,0.0,0.0,0.0,3.0,March,2023.0,4.0,2023.0,0.0,1.0,2.0,35.0,1.0,1.0,2.0,1.0,0.0,6.0,10.0,99.0,1.0,2.0,406.0,47.0,98.0,1.0,0.0,202305381213.0,12.0,7.0,11.0,4.0,1.0,1.0,80.0,21.0,1.0,4.0,1.0,20.0,8.0,73.0,1.0,98.0
471079,1,99,99.0,36.0,1.0,3053.0,-99.0,47.0,55.0,41.0,37.0,2.0,30.0,1.0,1.0,4.0,20.0,7.0,8.0,0.0,1.0,113.0,7.0,47.0,1.0,41.0,1.0,0.0,2HGFG12897H5,2007.0,474.0,1863.0,3.0,37.0,Honda,31.0,2.0,1.0,0.0,0.0,998.0,7.0,0.0,0.0,3.0,6.0,42.0,0.0,1.0,1.0,47.0,38478.0,1.0,2.0,2.0,No valid license for this class vehicle,1.0,71.0,190.0,0.0,0.0,0.0,0.0,No Record,0.0,0.0,0.0,0.0,1.0,2.0,45.0,1.0,6.0,2.0,1.0,0.0,1.0,12.0,99.0,1.0,4.0,102.0,47.0,1.0,1.0,0.0,202305706820.0,42.0,6.0,12.0,0.0,1.0,1.0,2.0,17.0,2.0,0.0,1.0,20.0,0.0,37.0,1.0,0.0
471080,1,9,0.0,28.0,1.0,1059.0,-99.0,47.0,1.0,12.0,20.0,34.0,58.0,2.0,1.0,4.0,8.0,1.0,1.0,0.0,0.0,0.0,6.0,47.0,2.0,12.0,1.0,0.0,1GCEC14V82Z3,2002.0,467.0,1850.0,60.0,20.0,Chevrolet,481.0,34.0,1.0,0.0,0.0,998.0,8.0,0.0,0.0,12.0,6.0,12.0,0.0,0.0,1.0,47.0,37716.0,1.0,2.0,2.0,No valid license for this class vehicle,0.0,63.0,145.0,0.0,0.0,0.0,0.0,No Record,0.0,0.0,0.0,0.0,5.0,5.0,55.0,1.0,1.0,2.0,1.0,0.0,1.0,10.0,99.0,1.0,2.0,301.0,47.0,99.0,1.0,0.0,202304703136.0,12.0,7.0,1.0,2.0,10.0,1.0,34.0,17.0,1.0,0.0,1.0,1.0,0.0,20.0,2.0,0.0
471080,2,0,0.0,0.0,1.0,1.0,-99.0,47.0,1.0,12.0,12.0,34.0,42.0,1.0,1.0,2.0,3.0,0.0,1.0,0.0,0.0,0.0,0.0,47.0,2.0,12.0,1.0,0.0,1FTFW1ET7EKD,2014.0,460.0,1801.0,60.0,12.0,Ford,481.0,34.0,1.0,0.0,0.0,998.0,8.0,0.0,0.0,12.0,6.0,12.0,0.0,0.0,1.0,47.0,37912.0,1.0,1.0,2.0,No valid license for this class vehicle,0.0,67.0,150.0,0.0,1.0,0.0,3.0,March,2022.0,3.0,2022.0,0.0,5.0,5.0,55.0,1.0,1.0,2.0,1.0,0.0,1.0,62.0,99.0,1.0,1.0,302.0,47.0,0.0,1.0,0.0,202305189366.0,12.0,2.0,8.0,2.0,1.0,1.0,34.0,43.0,2.0,1.0,1.0,1.0,0.0,12.0,1.0,9.0
471090,1,9,99.0,0.0,1.0,3026.0,-99.0,47.0,43.0,30.0,41.0,4.0,23.0,1.0,1.0,4.0,20.0,7.0,2.0,0.0,1.0,155.0,7.0,47.0,1.0,30.0,2.0,0.0,JM1BK32FX614,2006.0,473.0,2074.0,13.0,41.0,Mazda,51.0,4.0,1.0,0.0,0.0,998.0,7.0,0.0,0.0,9.0,6.0,30.0,0.0,1.0,1.0,47.0,37029.0,1.0,6.0,3.0,Valid license for this class vehicle,0.0,68.0,145.0,0.0,1.0,0.0,12.0,December,2022.0,12.0,2022.0,0.0,1.0,2.0,45.0,3.0,5.0,2.0,1.0,0.0,14.0,13.0,99.0,1.0,4.0,102.0,47.0,1.0,1.0,0.0,202305146209.0,12.0,2.0,5.0,1.0,1.0,1.0,4.0,46.0,2.0,1.0,1.0,1.0,0.0,41.0,2.0,0.0
471094,1,99,0.0,38.0,1.0,5060.0,-99.0,47.0,157.0,12.0,14.0,4.0,49.0,1.0,1.0,4.0,99.0,7.0,99.0,0.0,1.0,140.0,7.0,47.0,2.0,12.0,1.0,0.0,2MEFM74W51X7,2001.0,465.0,1792.0,13.0,14.0,Mercury,6.0,4.0,1.0,0.0,0.0,998.0,0.0,0.0,0.0,1.0,6.0,12.0,0.0,1.0,1.0,47.0,38118.0,1.0,6.0,3.0,Valid license for this class vehicle,0.0,74.0,310.0,0.0,0.0,0.0,0.0,No Record,0.0,0.0,0.0,0.0,5.0,5.0,40.0,1.0,1.0,2.0,1.0,0.0,11.0,15.0,99.0,1.0,1.0,401.0,47.0,2.0,1.0,0.0,202305401009.0,12.0,7.0,11.0,4.0,1.0,1.0,4.0,49.0,1.0,4.0,1.0,98.0,0.0,14.0,1.0,99.0
471094,2,0,0.0,0.0,1.0,0.0,-99.0,47.0,157.0,12.0,7.0,4.0,27.0,1.0,1.0,2.0,99.0,7.0,20.0,0.0,0.0,996.0,0.0,47.0,2.0,12.0,4.0,0.0,2B3CA3CV4AH3,2010.0,476.0,1895.0,13.0,7.0,Dodge,24.0,4.0,1.0,0.0,0.0,998.0,0.0,0.0,0.0,12.0,6.0,12.0,0.0,0.0,1.0,47.0,38127.0,1.0,6.0,3.0,Valid license for this class vehicle,3.0,70.0,160.0,0.0,3.0,0.0,5.0,May,2019.0,9.0,2020.0,0.0,5.0,5.0,40.0,1.0,1.0,2.0,1.0,0.0,1.0,17.0,99.0,1.0,1.0,402.0,47.0,0.0,1.0,0.0,202305401009.0,12.0,7.0,11.0,4.0,1.0,1.0,4.0,27.0,1.0,2.0,1.0,20.0,0.0,7.0,2.0,0.0
471103,1,99,0.0,58.0,1.0,0.0,-99.0,47.0,37.0,42.0,35.0,4.0,44.0,1.0,1.0,4.0,99.0,7.0,20.0,0.0,9.0,996.0,7.0,47.0,1.0,42.0,1.0,0.0,1N4AA51EX9C8,2009.0,478.0,2302.0,13.0,35.0,Nissan/Datsun,39.0,4.0,1.0,0.0,0.0,998.0,7.0,0.0,0.0,61.0,6.0,42.0,0.0,0.0,1.0,47.0,37086.0,1.0,1.0,2.0,No valid license for this class vehicle,0.0,71.0,240.0,0.0,0.0,0.0,0.0,No Record,0.0,0.0,0.0,4.0,1.0,2.0,30.0,3.0,1.0,2.0,1.0,0.0,14.0,51.0,6.0,3.0,4.0,102.0,47.0,1.0,1.0,0.0,202304758257.0,12.0,6.0,2.0,0.0,10.0,1.0,4.0,27.0,2.0,0.0,1.0,20.0,0.0,35.0,2.0,0.0
471109,1,9,99.0,74.0,1.0,2041.0,-99.0,47.0,155.0,34.0,49.0,4.0,45.0,2.0,1.0,4.0,20.0,7.0,1.0,0.0,0.0,0.0,7.0,47.0,1.0,34.0,1.0,0.0,4T1BF3EK5BU6,2011.0,448.0,2469.0,13.0,49.0,Toyota,40.0,4.0,1.0,0.0,0.0,998.0,7.0,0.0,0.0,12.0,6.0,34.0,0.0,0.0,1.0,47.0,37876.0,1.0,6.0,3.0,Valid license for this class vehicle,2.0,66.0,165.0,0.0,1.0,1.0,5.0,May,2020.0,9.0,2023.0,0.0,1.0,2.0,35.0,2.0,1.0,2.0,1.0,0.0,14.0,12.0,99.0,1.0,4.0,102.0,47.0,1.0,1.0,0.0,202304901768.0,12.0,5.0,4.0,0.0,1.0,1.0,4.0,20.0,2.0,0.0,1.0,20.0,0.0,49.0,2.0,0.0
471117,2,99,99.0,0.0,1.0,1.0,-99.0,47.0,37.0,12.0,35.0,4.0,20.0,1.0,1.0,4.0,20.0,7.0,8.0,0.0,0.0,0.0,7.0,47.0,2.0,12.0,1.0,0.0,1N4AA6AP1GC4,2016.0,478.0,2302.0,13.0,35.0,Nissan/Datsun,39.0,4.0,1.0,0.0,0.0,998.0,1.0,0.0,0.0,12.0,6.0,12.0,0.0,0.0,1.0,47.0,37013.0,1.0,6.0,3.0,Valid license for this class vehicle,0.0,73.0,195.0,0.0,2.0,1.0,5.0,May,2022.0,5.0,2022.0,4.0,3.0,5.0,55.0,1.0,1.0,2.0,2.0,0.0,1.0,5.0,99.0,2.0,2.0,207.0,47.0,2.0,1.0,0.0,202305335528.0,12.0,3.0,10.0,0.0,1.0,1.0,4.0,27.0,2.0,0.0,1.0,20.0,0.0,35.0,2.0,0.0
471120,1,0,0.0,26.0,1.0,0.0,-99.0,47.0,187.0,12.0,85.0,66.0,60.0,1.0,1.0,3.0,3.0,0.0,8.0,0.0,0.0,996.0,0.0,47.0,6.0,12.0,1.0,0.0,1XKYDP9X1MJ4,2021.0,532.0,2733.0,66.0,85.0,Kenworth,881.0,66.0,1.0,0.0,0.0,998.0,8.0,0.0,0.0,12.0,6.0,12.0,0.0,0.0,1.0,6.0,93723.0,1.0,3.0,2.0,No valid license for this class vehicle,1.0,69.0,184.0,0.0,0.0,1.0,4.0,April,2021.0,4.0,2021.0,0.0,2.0,2.0,70.0,1.0,1.0,2.0,2.0,0.0,1.0,51.0,99.0,1.0,1.0,202.0,47.0,0.0,1.0,0.0,202304692781.0,14.0,4.0,1.0,0.0,10.0,1.0,66.0,66.0,1.0,0.0,1.0,20.0,0.0,85.0,1.0,0.0
471120,2,0,0.0,0.0,1.0,1.0,-99.0,47.0,187.0,12.0,35.0,4.0,39.0,2.0,1.0,4.0,3.0,0.0,8.0,0.0,0.0,0.0,1.0,47.0,6.0,12.0,1.0,0.0,3N1AB7AP7GL6,2016.0,478.0,1907.0,13.0,35.0,Nissan/Datsun,43.0,4.0,1.0,0.0,0.0,0.0,1.0,0.0,0.0,6.0,6.0,12.0,0.0,0.0,1.0,47.0,37205.0,1.0,6.0,3.0,Valid license for this class vehicle,1.0,66.0,215.0,0.0,0.0,0.0,0.0,No Record,0.0,0.0,0.0,0.0,2.0,2.0,70.0,1.0,1.0,2.0,2.0,0.0,5.0,50.0,1.0,1.0,1.0,998.0,47.0,1.0,1.0,0.0,202305084861.0,12.0,7.0,6.0,1.0,1.0,1.0,4.0,36.0,1.0,0.0,1.0,20.0,0.0,35.0,1.0,0.0
471123,1,99,99.0,38.0,1.0,1059.0,1.0,47.0,3.0,12.0,37.0,4.0,82.0,2.0,1.0,4.0,3.0,0.0,1.0,0.0,0.0,0.0,7.0,47.0,2.0,12.0,1.0,0.0,JHMCG5659XC0,1999.0,474.0,1861.0,13.0,37.0,Honda,32.0,4.0,1.0,0.0,0.0,998.0,8.0,0.0,0.0,10.0,6.0,12.0,0.0,0.0,1.0,47.0,37160.0,1.0,6.0,3.0,Valid license for this class vehicle,0.0,60.0,112.0,0.0,0.0,1.0,2.0,February,2021.0,3.0,2022.0,0.0,0.0,0.0,0.0,0.0,0.0,0.0,0.0,0.0,11.0,15.0,99.0,1.0,1.0,414.0,47.0,1.0,1.0,0.0,202305186192.0,12.0,4.0,8.0,2.0,1.0,1.0,4.0,26.0,1.0,0.0,1.0,9.0,0.0,37.0,1.0,0.0
471127,1,0,0.0,0.0,1.0,0.0,-99.0,47.0,33.0,12.0,12.0,14.0,41.0,2.0,1.0,2.0,3.0,0.0,20.0,0.0,0.0,996.0,0.0,47.0,2.0,12.0,1.0,0.0,1FMCU9GD5JUB,2018.0,460.0,1798.0,7.0,12.0,Ford,402.0,14.0,1.0,0.0,0.0,0.0,8.0,0.0,0.0,6.0,4.0,12.0,0.0,0.0,1.0,47.0,38006.0,1.0,6.0,3.0,Valid license for this class vehicle,1.0,68.0,205.0,0.0,0.0,0.0,0.0,No Record,0.0,0.0,0.0,0.0,1.0,2.0,55.0,1.0,1.0,2.0,1.0,0.0,5.0,53.0,1.0,1.0,1.0,201.0,47.0,0.0,1.0,0.0,202305127437.0,12.0,4.0,4.0,0.0,1.0,1.0,14.0,32.0,1.0,0.0,1.0,20.0,0.0,12.0,1.0,0.0
471133,1,0,0.0,0.0,1.0,6001.0,-99.0,47.0,81.0,12.0,63.0,4.0,64.0,1.0,1.0,4.0,3.0,0.0,1.0,0.0,0.0,0.0,7.0,47.0,2.0,12.0,1.0,0.0,KNADE2235964,2009.0,499.0,2299.0,13.0,63.0,KIA,32.0,4.0,1.0,0.0,0.0,998.0,8.0,3.0,5.0,12.0,6.0,12.0,0.0,0.0,1.0,47.0,37055.0,1.0,6.0,3.0,Valid license for this class vehicle,0.0,66.0,150.0,0.0,0.0,0.0,0.0,No Record,0.0,0.0,0.0,0.0,1.0,2.0,55.0,3.0,1.0,2.0,1.0,0.0,14.0,62.0,99.0,1.0,1.0,302.0,47.0,1.0,1.0,0.0,202305195222.0,31.0,1.0,8.0,1.0,1.0,1.0,4.0,19.0,1.0,1.0,1.0,8.0,0.0,63.0,1.0,0.0
471137,1,99,99.0,0.0,1.0,6001.0,-99.0,47.0,177.0,35.0,41.0,4.0,29.0,1.0,1.0,4.0,20.0,7.0,8.0,1.0,1.0,117.0,7.0,47.0,1.0,35.0,1.0,0.0,JM1BL1SF2A11,2010.0,473.0,2074.0,13.0,41.0,Mazda,51.0,4.0,1.0,0.0,0.0,998.0,7.0,3.0,5.0,98.0,6.0,1.0,0.0,1.0,1.0,47.0,37110.0,1.0,6.0,3.0,Valid license for this class vehicle,0.0,72.0,260.0,0.0,0.0,0.0,0.0,No Record,0.0,0.0,0.0,4.0,1.0,2.0,45.0,2.0,3.0,2.0,1.0,0.0,14.0,13.0,99.0,4.0,4.0,102.0,47.0,1.0,1.0,0.0,202304797345.0,12.0,5.0,3.0,0.0,1.0,1.0,4.0,28.0,1.0,0.0,1.0,20.0,0.0,41.0,1.0,0.0
471138,1,99,99.0,41.0,1.0,0.0,-99.0,47.0,71.0,3.0,35.0,4.0,25.0,1.0,1.0,4.0,99.0,7.0,20.0,0.0,9.0,996.0,1.0,47.0,1.0,3.0,2.0,0.0,1N4AL3AP5DN5,2013.0,478.0,1904.0,13.0,35.0,Nissan/Datsun,47.0,4.0,1.0,0.0,0.0,998.0,7.0,0.0,0.0,0.0,6.0,3.0,0.0,0.0,1.0,96.0,0.0,9.0,9.0,9.0,Unknown,9.0,999.0,999.0,99.0,99.0,99.0,99.0,Unknown,9999.0,99.0,9999.0,0.0,1.0,2.0,30.0,1.0,6.0,1.0,1.0,0.0,1.0,14.0,99.0,1.0,4.0,0.0,47.0,1.0,1.0,0.0,202305192645.0,12.0,4.0,6.0,0.0,1.0,1.0,4.0,20.0,1.0,0.0,1.0,1.0,0.0,35.0,1.0,98.0
471139,1,0,99.0,28.0,1.0,0.0,-99.0,47.0,123.0,12.0,35.0,4.0,17.0,2.0,1.0,2.0,20.0,7.0,1.0,0.0,0.0,996.0,0.0,47.0,2.0,12.0,2.0,0.0,1N4AL3AP8DN4,2013.0,478.0,1904.0,13.0,35.0,Nissan/Datsun,47.0,4.0,1.0,0.0,0.0,998.0,8.0,0.0,0.0,12.0,6.0,12.0,0.0,0.0,1.0,47.0,37385.0,2.0,6.0,3.0,Valid license for this class vehicle,0.0,64.0,135.0,0.0,0.0,0.0,0.0,No Record,0.0,0.0,0.0,0.0,1.0,2.0,45.0,1.0,1.0,2.0,2.0,0.0,1.0,10.0,99.0,1.0,2.0,301.0,47.0,0.0,1.0,0.0,202305542558.0,12.0,7.0,11.0,0.0,1.0,1.0,4.0,54.0,2.0,0.0,1.0,20.0,0.0,35.0,1.0,0.0
471140,1,0,0.0,39.0,1.0,0.0,-99.0,47.0,157.0,12.0,37.0,4.0,26.0,1.0,1.0,3.0,99.0,7.0,8.0,0.0,1.0,140.0,0.0,47.0,2.0,12.0,1.0,0.0,1HGFA16839L0,2009.0,474.0,1863.0,13.0,37.0,Honda,31.0,4.0,1.0,0.0,0.0,998.0,0.0,3.0,5.0,12.0,6.0,12.0,0.0,1.0,1.0,47.0,38111.0,1.0,6.0,3.0,Valid license for this class vehicle,0.0,68.0,150.0,0.0,0.0,0.0,0.0,No Record,0.0,0.0,0.0,0.0,5.0,5.0,40.0,1.0,1.0,2.0,1.0,2.0,1.0,17.0,99.0,1.0,1.0,402.0,47.0,0.0,1.0,0.0,202304828030.0,12.0,6.0,3.0,2.0,10.0,1.0,4.0,24.0,2.0,2.0,1.0,98.0,0.0,37.0,1.0,98.0
471142,1,99,99.0,31.0,1.0,9999.0,-99.0,47.0,119.0,12.0,20.0,4.0,45.0,1.0,1.0,4.0,20.0,7.0,1.0,1.0,9.0,995.0,1.0,47.0,2.0,12.0,1.0,0.0,KL1TG56687B1,2007.0,467.0,1828.0,13.0,20.0,Chevrolet,39.0,4.0,1.0,0.0,0.0,998.0,8.0,0.0,0.0,6.0,6.0,12.0,0.0,0.0,1.0,47.0,38464.0,1.0,1.0,2.0,No valid license for this class vehicle,0.0,999.0,999.0,0.0,1.0,1.0,6.0,June,2020.0,12.0,2020.0,0.0,1.0,2.0,20.0,1.0,1.0,2.0,1.0,3.0,13.0,20.0,1.0,1.0,1.0,992.0,47.0,1.0,1.0,0.0,202305444105.0,12.0,3.0,11.0,0.0,1.0,1.0,4.0,30.0,1.0,0.0,1.0,20.0,0.0,20.0,1.0,0.0
471148,1,99,99.0,0.0,1.0,0.0,-99.0,47.0,127.0,19.0,35.0,14.0,56.0,1.0,1.0,4.0,20.0,7.0,8.0,0.0,9.0,996.0,7.0,47.0,1.0,19.0,1.0,0.0,5N1AR2MM1FC6,2015.0,478.0,1911.0,8.0,35.0,Nissan/Datsun,401.0,14.0,1.0,0.0,0.0,998.0,7.0,0.0,0.0,14.0,6.0,19.0,0.0,0.0,1.0,47.0,37306.0,1.0,6.0,3.0,Valid license for this class vehicle,1.0,73.0,330.0,0.0,0.0,0.0,0.0,No Record,0.0,0.0,0.0,0.0,1.0,2.0,30.0,1.0,1.0,2.0,1.0,0.0,1.0,12.0,99.0,1.0,4.0,102.0,47.0,1.0,1.0,0.0,202305260975.0,12.0,4.0,8.0,0.0,1.0,1.0,14.0,28.0,2.0,0.0,1.0,20.0,0.0,35.0,2.0,0.0
471153,1,99,99.0,0.0,1.0,1074.0,-99.0,47.0,173.0,12.0,37.0,14.0,46.0,1.0,1.0,4.0,20.0,7.0,1.0,0.0,0.0,0.0,7.0,47.0,2.0,12.0,1.0,0.0,SHSRD78926U4,2006.0,474.0,1865.0,7.0,37.0,Honda,402.0,14.0,1.0,0.0,0.0,998.0,1.0,0.0,0.0,12.0,6.0,12.0,0.0,0.0,1.0,47.0,37879.0,1.0,6.0,3.0,Valid license for this class vehicle,0.0,70.0,150.0,0.0,0.0,1.0,1.0,January,2019.0,9.0,2021.0,0.0,5.0,5.0,45.0,1.0,6.0,2.0,1.0,0.0,1.0,72.0,1.0,1.0,1.0,402.0,47.0,1.0,1.0,0.0,202305147174.0,12.0,7.0,3.0,1.0,1.0,1.0,14.0,29.0,2.0,0.0,1.0,20.0,0.0,37.0,2.0,98.0
471158,1,0,0.0,28.0,1.0,1.0,-99.0,47.0,115.0,12.0,35.0,4.0,17.0,2.0,1.0,4.0,3.0,0.0,8.0,0.0,0.0,0.0,7.0,47.0,2.0,12.0,1.0,0.0,1N4AL3AP1GC2,2016.0,478.0,1904.0,13.0,35.0,Nissan/Datsun,47.0,4.0,1.0,0.0,0.0,998.0,8.0,0.0,0.0,63.0,6.0,12.0,0.0,0.0,1.0,47.0,37380.0,2.0,6.0,3.0,Valid license for this class vehicle,0.0,65.0,150.0,0.0,0.0,0.0,0.0,No Record,0.0,0.0,0.0,4.0,1.0,4.0,45.0,3.0,6.0,2.0,2.0,0.0,14.0,9.0,99.0,3.0,2.0,301.0,47.0,2.0,1.0,0.0,202304775792.0,12.0,7.0,2.0,1.0,2.0,1.0,4.0,34.0,1.0,0.0,1.0,20.0,0.0,35.0,1.0,0.0
471161,1,0,99.0,0.0,1.0,0.0,-99.0,47.0,29.0,34.0,49.0,34.0,38.0,1.0,1.0,4.0,3.0,0.0,20.0,0.0,0.0,996.0,7.0,47.0,1.0,34.0,1.0,0.0,4TARN81A6RZ2,1994.0,448.0,14263.0,60.0,49.0,Toyota,471.0,34.0,1.0,0.0,0.0,998.0,7.0,3.0,5.0,11.0,6.0,1.0,0.0,0.0,1.0,47.0,37821.0,1.0,6.0,3.0,Valid license for this class vehicle,1.0,70.0,152.0,0.0,0.0,0.0,0.0,No Record,0.0,0.0,0.0,0.0,1.0,2.0,45.0,3.0,5.0,2.0,2.0,0.0,14.0,6.0,99.0,2.0,4.0,102.0,47.0,1.0,1.0,0.0,202305417177.0,43.0,7.0,11.0,4.0,1.0,1.0,34.0,38.0,1.0,4.0,1.0,98.0,0.0,49.0,1.0,0.0
471164,1,99,0.0,0.0,1.0,1.0,-99.0,47.0,157.0,1.0,35.0,4.0,35.0,2.0,1.0,4.0,3.0,0.0,1.0,0.0,0.0,0.0,7.0,47.0,1.0,1.0,3.0,0.0,1N4AL3AP6EC1,2014.0,478.0,1904.0,13.0,35.0,Nissan/Datsun,47.0,4.0,1.0,0.0,0.0,998.0,7.0,3.0,3.0,0.0,6.0,32.0,0.0,0.0,1.0,47.0,38114.0,1.0,6.0,3.0,Valid license for this class vehicle,0.0,72.0,290.0,0.0,2.0,1.0,7.0,July,2019.0,2.0,2023.0,0.0,3.0,3.0,55.0,1.0,1.0,2.0,2.0,0.0,1.0,12.0,99.0,1.0,4.0,102.0,47.0,2.0,1.0,0.0,202305463641.0,12.0,3.0,11.0,2.0,10.0,1.0,4.0,81.0,1.0,0.0,1.0,9.0,0.0,35.0,1.0,0.0
471178,1,99,99.0,0.0,1.0,1.0,-99.0,47.0,3.0,34.0,2.0,14.0,61.0,1.0,1.0,4.0,20.0,7.0,1.0,1.0,1.0,180.0,7.0,47.0,1.0,34.0,1.0,0.0,1C4HJXEN2MW6,2021.0,483.0,1943.0,7.0,2.0,Jeep / Kaiser-Jeep / Willys- Jeep,403.0,14.0,1.0,0.0,0.0,998.0,7.0,3.0,5.0,1.0,6.0,1.0,0.0,1.0,1.0,47.0,37160.0,1.0,2.0,2.0,No valid license for this class vehicle,0.0,72.0,240.0,0.0,0.0,0.0,2.0,February,2023.0,11.0,2023.0,0.0,1.0,2.0,45.0,1.0,1.0,2.0,1.0,0.0,1.0,13.0,99.0,1.0,4.0,101.0,47.0,1.0,1.0,0.0,202304694257.0,12.0,5.0,1.0,0.0,1.0,1.0,14.0,23.0,2.0,0.0,1.0,20.0,0.0,2.0,2.0,0.0
471182,1,99,99.0,0.0,1.0,0.0,-99.0,47.0,157.0,12.0,12.0,4.0,32.0,1.0,1.0,4.0,20.0,7.0,9.0,0.0,9.0,996.0,7.0,47.0,2.0,12.0,1.0,0.0,3FAHP0HG9CR3,2012.0,460.0,1780.0,13.0,12.0,Ford,23.0,4.0,1.0,0.0,0.0,998.0,8.0,0.0,0.0,3.0,6.0,12.0,0.0,0.0,1.0,28.0,38930.0,1.0,6.0,3.0,Valid license for this class vehicle,0.0,68.0,140.0,0.0,0.0,0.0,0.0,No Record,0.0,0.0,0.0,9.0,5.0,5.0,40.0,3.0,1.0,2.0,2.0,0.0,14.0,6.0,99.0,2.0,2.0,301.0,47.0,2.0,1.0,0.0,202305049013.0,12.0,6.0,6.0,3.0,1.0,1.0,4.0,15.0,2.0,0.0,1.0,8.0,0.0,12.0,1.0,0.0