ST_CASE,VEH_NO_x,DRIMPAIR_x,DRDISTRACT,DRIVERRF,PER_NO_x,DRUGRES,DRUGACTQTY,STATE_x,COUNTY,HARM_EV_x,MAKE_x,BODY_TYP_x,AGE,SEX,PER_TYP_x,INJ_SEV,REST_USE,REST_MIS,AIR_BAG_x,EJECTION,DRINKING,ALC_RES,HISPANIC,STATE_y,VE_FORMS,HARM_EV_y,NUMOCCS,HIT_RUN,VIN,MOD_YEAR,VPICMAKE,VPICMODEL,VPICBODYCLASS,MAKE_y,MAKENAME,MODEL,BODY_TYP_y,HAZ_INV,HAZ_PLAC,HAZ_ID,TRAV_SP,UNDEROVERRIDE,ROLLOVER,ROLINLOC,IMPACT1,DEFORMED,M_HARM,FIRE_EXP,DR_DRINK,DR_PRES,L_STATE,DR_ZIP,L_TYPE,L_STATUS,L_COMPL,L_COMPLNAME,L_RESTRI,DR_HGT,DR_WGT,PREV_DWI,PREV_SPD,PREV_OTH,FIRST_MO,FIRST_MONAME,FIRST_YR,LAST_MO,LAST_YR,SPEEDREL,VTRAFWAY,VNUM_LAN,VSPD_LIM,VALIGN,VPROFILE,VPAVETYP,VSURCOND,VTRAFCON,P_CRASH1,P_CRASH2,P_CRASH3,PCRASH4,PCRASH5,ACC_CONFIG,STATE,RACE,ORDER,MULTRACE,CASENUM,HARM_EV,DAY_WEEK,MONTH,MAXSEV_IM,WEATHR_IM,PER_NO_y,BODY_TYP,AGE_IM,SEX_IM,INJSEV_IM,PER_TYP_y,AIR_BAG_y,EJECT_IM,MAKE,VEH_NO_y,DRIMPAIR_y
480004,1,98,96.0,28.0,1.0,0.0,-99.0,48.0,135.0,12.0,12.0,34.0,21.0,1.0,1.0,1.0,3.0,0.0,8.0,0.0,8.0,996.0,0.0,48.0,5.0,12.0,1.0,0.0,1FT7W2BT4KEC,2019.0,460.0,1805.0,60.0,12.0,Ford,481.0,34.0,1.0,0.0,0.0,998.0,8.0,0.0,0.0,12.0,7.0,12.0,0.0,0.0,1.0,48.0,79763.0,1.0,6.0,3.0,Valid license for this class vehicle,0.0,999.0,999.0,0.0,0.0,0.0,11.0,November,2021.0,11.0,2021.0,0.0,5.0,5.0,45.0,1.0,1.0,8.0,1.0,3.0,1.0,10.0,99.0,1.0,2.0,209.0,48.0,0.0,1.0,0.0,202305589832.0,12.0,5.0,10.0,0.0,1.0,1.0,34.0,17.0,1.0,0.0,1.0,20.0,0.0,12.0,1.0,98.0
480021,1,98,96.0,38.0,1.0,1.0,-99.0,48.0,29.0,12.0,35.0,4.0,18.0,1.0,1.0,4.0,99.0,7.0,9.0,0.0,8.0,0.0,99.0,48.0,2.0,12.0,3.0,0.0,3N1AB6AP7CL7,2012.0,478.0,1907.0,13.0,35.0,Nissan/Datsun,43.0,4.0,1.0,0.0,0.0,998.0,0.0,0.0,0.0,3.0,6.0,12.0,0.0,0.0,1.0,48.0,78233.0,0.0,0.0,0.0,Not licensed,0.0,999.0,999.0,0.0,0.0,0.0,0.0,No Record,0.0,0.0,0.0,0.0,2.0,3.0,35.0,3.0,3.0,8.0,1.0,0.0,11.0,15.0,99.0,1.0,1.0,401.0,48.0,99.0,1.0,0.0,202305009884.0,12.0,6.0,6.0,0.0,1.0,1.0,4.0,31.0,1.0,0.0,1.0,98.0,0.0,35.0,1.0,98.0
480046,1,9,96.0,104.0,1.0,5060.0,-99.0,48.0,339.0,42.0,35.0,14.0,51.0,2.0,1.0,4.0,20.0,7.0,9.0,0.0,1.0,153.0,6.0,48.0,1.0,42.0,1.0,0.0,JN8AT2MT0LW0,2020.0,478.0,1913.0,8.0,35.0,Nissan/Datsun,404.0,14.0,1.0,0.0,0.0,998.0,7.0,0.0,0.0,12.0,7.0,42.0,0.0,1.0,1.0,48.0,77378.0,1.0,6.0,3.0,Valid license for this class vehicle,0.0,999.0,999.0,0.0,0.0,0.0,0.0,No Record,0.0,0.0,0.0,4.0,1.0,2.0,30.0,1.0,1.0,8.0,1.0,0.0,6.0,13.0,99.0,2.0,4.0,101.0,48.0,1.0,1.0,0.0,202305272377.0,12.0,7.0,9.0,1.0,1.0,1.0,14.0,68.0,1.0,1.0,1.0,9.0,0.0,35.0,2.0,0.0
480059,1,98,96.0,38.0,1.0,0.0,-99.0,48.0,201.0,12.0,41.0,15.0,36.0,2.0,1.0,2.0,3.0,0.0,8.0,0.0,8.0,996.0,0.0,48.0,2.0,12.0,2.0,0.0,JM3TCBEY4N06,2022.0,473.0,2077.0,7.0,41.0,Mazda,421.0,15.0,1.0,0.0,0.0,998.0,8.0,0.0,0.0,12.0,7.0,12.0,0.0,0.0,1.0,48.0,77433.0,1.0,6.0,3.0,Valid license for this class vehicle,0.0,999.0,999.0,0.0,0.0,0.0,0.0,No Record,0.0,0.0,0.0,0.0,2.0,3.0,45.0,1.0,1.0,8.0,1.0,4.0,11.0,15.0,99.0,1.0,1.0,401.0,48.0,0.0,1.0,0.0,202304910980.0,12.0,2.0,2.0,1.0,1.0,1.0,15.0,62.0,1.0,1.0,1.0,20.0,0.0,41.0,2.0,0.0
480068,1,9,96.0,0.0,1.0,3019.0,-99.0,48.0,231.0,12.0,35.0,4.0,29.0,1.0,1.0,4.0,20.0,7.0,8.0,0.0,1.0,99.0,6.0,48.0,2.0,12.0,1.0,0.0,3N1CN8FVXLL9,2020.0,478.0,1894.0,13.0,35.0,Nissan/Datsun,50.0,4.0,1.0,0.0,0.0,998.0,8.0,0.0,0.0,12.0,7.0,12.0,0.0,1.0,1.0,48.0,75043.0,1.0,2.0,2.0,No valid license for this class vehicle,0.0,67.0,186.0,0.0,0.0,0.0,4.0,April,2020.0,4.0,2020.0,4.0,3.0,2.0,75.0,1.0,3.0,8.0,1.0,0.0,1.0,51.0,6.0,1.0,1.0,202.0,48.0,1.0,1.0,0.0,202305535094.0,12.0,6.0,10.0,0.0,10.0,1.0,4.0,34.0,1.0,0.0,1.0,20.0,0.0,35.0,1.0,98.0
480077,1,98,96.0,83.0,1.0,9999.0,-99.0,48.0,185.0,11.0,37.0,4.0,20.0,1.0,1.0,4.0,3.0,0.0,8.0,0.0,8.0,995.0,6.0,48.0,1.0,11.0,1.0,0.0,2HGFB2F5XDH5,2013.0,474.0,1863.0,13.0,37.0,Honda,31.0,4.0,1.0,0.0,0.0,998.0,7.0,3.0,6.0,12.0,7.0,1.0,0.0,0.0,1.0,48.0,77433.0,1.0,6.0,3.0,Valid license for this class vehicle,3.0,999.0,999.0,0.0,0.0,0.0,0.0,No Record,0.0,0.0,0.0,0.0,1.0,2.0,60.0,1.0,1.0,8.0,1.0,0.0,1.0,87.0,6.0,1.0,1.0,103.0,48.0,18.0,1.0,0.0,202304754097.0,11.0,5.0,2.0,0.0,1.0,1.0,4.0,62.0,1.0,0.0,1.0,20.0,0.0,37.0,1.0,0.0
480082,3,98,96.0,0.0,1.0,0.0,-99.0,48.0,439.0,25.0,59.0,4.0,34.0,1.0,1.0,0.0,3.0,0.0,20.0,0.0,8.0,996.0,0.0,48.0,5.0,25.0,1.0,0.0,JTHBD1822100,2001.0,515.0,2184.0,13.0,59.0,Lexus,35.0,4.0,1.0,0.0,0.0,998.0,8.0,0.0,0.0,6.0,7.0,12.0,0.0,0.0,1.0,48.0,75039.0,1.0,6.0,3.0,Valid license for this class vehicle,0.0,999.0,999.0,0.0,0.0,0.0,10.0,October,2020.0,10.0,2020.0,0.0,3.0,3.0,98.0,2.0,8.0,8.0,98.0,0.0,2.0,53.0,99.0,1.0,1.0,998.0,48.0,0.0,1.0,0.0,202304807000.0,12.0,3.0,3.0,3.0,1.0,1.0,4.0,43.0,2.0,1.0,1.0,20.0,0.0,59.0,1.0,98.0
480082,4,98,96.0,0.0,1.0,0.0,-99.0,48.0,439.0,25.0,20.0,4.0,21.0,2.0,1.0,0.0,3.0,0.0,8.0,0.0,8.0,996.0,0.0,48.0,5.0,25.0,1.0,0.0,1G1BC5SM0H71,2017.0,467.0,1832.0,13.0,20.0,Chevrolet,25.0,4.0,1.0,0.0,0.0,998.0,8.0,0.0,0.0,12.0,7.0,12.0,0.0,0.0,1.0,48.0,75701.0,1.0,6.0,3.0,Valid license for this class vehicle,0.0,999.0,999.0,0.0,0.0,0.0,0.0,No Record,0.0,0.0,0.0,0.0,3.0,3.0,98.0,2.0,8.0,8.0,98.0,0.0,14.0,52.0,99.0,1.0,1.0,998.0,48.0,0.0,1.0,0.0,202305004305.0,33.0,7.0,6.0,0.0,1.0,1.0,4.0,21.0,1.0,0.0,1.0,8.0,0.0,20.0,1.0,0.0
480085,1,98,96.0,38.0,1.0,9999.0,-99.0,48.0,459.0,12.0,55.0,4.0,32.0,1.0,1.0,4.0,3.0,0.0,8.0,0.0,8.0,995.0,6.0,48.0,2.0,12.0,1.0,0.0,KMHDU4AD1AU1,2010.0,498.0,2735.0,13.0,55.0,Hyundai,35.0,4.0,1.0,0.0,0.0,998.0,0.0,0.0,0.0,9.0,6.0,12.0,0.0,0.0,1.0,48.0,75644.0,1.0,3.0,2.0,No valid license for this class vehicle,0.0,999.0,999.0,0.0,0.0,0.0,0.0,No Record,0.0,0.0,0.0,0.0,0.0,0.0,0.0,0.0,0.0,0.0,0.0,0.0,11.0,15.0,99.0,1.0,7.0,414.0,48.0,1.0,1.0,0.0,202304702204.0,12.0,5.0,1.0,0.0,10.0,1.0,4.0,82.0,2.0,0.0,1.0,20.0,0.0,55.0,1.0,0.0
480088,1,9,96.0,0.0,1.0,3033.0,-99.0,48.0,113.0,12.0,2.0,14.0,48.0,2.0,1.0,2.0,3.0,0.0,8.0,0.0,1.0,180.0,0.0,48.0,3.0,12.0,1.0,0.0,ZACNJCBB4MPM,2021.0,483.0,6160.0,7.0,2.0,Jeep / Kaiser-Jeep / Willys- Jeep,408.0,14.0,1.0,0.0,0.0,998.0,8.0,0.0,0.0,12.0,7.0,12.0,0.0,1.0,1.0,48.0,75203.0,1.0,1.0,2.0,No valid license for this class vehicle,0.0,999.0,999.0,0.0,0.0,0.0,0.0,No Record,0.0,0.0,0.0,4.0,4.0,2.0,45.0,1.0,1.0,8.0,1.0,0.0,1.0,51.0,99.0,1.0,1.0,202.0,48.0,0.0,1.0,0.0,202304668639.0,12.0,6.0,1.0,2.0,1.0,1.0,14.0,73.0,2.0,2.0,1.0,2.0,0.0,2.0,2.0,0.0
480104,1,98,96.0,0.0,1.0,0.0,-99.0,48.0,113.0,12.0,63.0,4.0,53.0,2.0,1.0,1.0,3.0,0.0,9.0,0.0,8.0,996.0,0.0,48.0,3.0,12.0,3.0,0.0,5XXGT4L35JG2,2018.0,499.0,2739.0,13.0,63.0,KIA,34.0,4.0,1.0,0.0,0.0,998.0,0.0,0.0,0.0,82.0,7.0,12.0,0.0,0.0,1.0,48.0,75134.0,1.0,6.0,3.0,Valid license for this class vehicle,3.0,999.0,999.0,0.0,0.0,0.0,0.0,No Record,0.0,0.0,0.0,0.0,2.0,3.0,45.0,1.0,1.0,8.0,1.0,3.0,11.0,15.0,99.0,1.0,1.0,401.0,48.0,0.0,1.0,0.0,202304780682.0,12.0,2.0,2.0,2.0,1.0,1.0,4.0,27.0,1.0,2.0,1.0,20.0,0.0,63.0,2.0,0.0
480105,2,98,96.0,38.0,1.0,9029.0,-99.0,48.0,113.0,12.0,2.0,14.0,57.0,1.0,1.0,4.0,3.0,0.0,8.0,0.0,8.0,133.0,6.0,48.0,2.0,12.0,1.0,0.0,1C4BJWDG0JL8,2018.0,483.0,25197.0,7.0,2.0,Jeep / Kaiser-Jeep / Willys- Jeep,403.0,14.0,1.0,0.0,0.0,998.0,8.0,0.0,0.0,82.0,7.0,12.0,0.0,1.0,1.0,48.0,75115.0,1.0,6.0,3.0,Valid license for this class vehicle,0.0,72.0,244.0,0.0,0.0,0.0,0.0,No Record,0.0,0.0,0.0,0.0,2.0,4.0,45.0,1.0,1.0,8.0,1.0,3.0,11.0,15.0,99.0,1.0,1.0,401.0,48.0,2.0,1.0,0.0,202304924682.0,12.0,3.0,3.0,0.0,1.0,1.0,14.0,27.0,1.0,0.0,1.0,20.0,0.0,2.0,1.0,98.0
480115,1,98,96.0,0.0,1.0,0.0,-99.0,48.0,201.0,1.0,12.0,2.0,26.0,2.0,1.0,0.0,3.0,0.0,20.0,0.0,8.0,996.0,0.0,48.0,2.0,1.0,2.0,0.0,1ZVBP8AM7E52,2014.0,460.0,1781.0,3.0,12.0,Ford,3.0,2.0,1.0,0.0,0.0,998.0,7.0,0.0,0.0,12.0,7.0,54.0,0.0,0.0,1.0,48.0,77521.0,1.0,6.0,3.0,Valid license for this class vehicle,3.0,999.0,999.0,0.0,1.0,0.0,7.0,July,2019.0,7.0,2019.0,0.0,1.0,2.0,40.0,1.0,1.0,8.0,2.0,0.0,1.0,98.0,99.0,9.0,1.0,998.0,48.0,0.0,1.0,0.0,202305246011.0,12.0,2.0,9.0,0.0,1.0,1.0,2.0,25.0,1.0,0.0,1.0,20.0,0.0,12.0,2.0,98.0
480116,1,98,96.0,0.0,1.0,9999.0,-99.0,48.0,223.0,32.0,37.0,80.0,73.0,1.0,1.0,4.0,20.0,7.0,20.0,8.0,8.0,995.0,6.0,48.0,1.0,32.0,1.0,0.0,1HFSC55077A3,2007.0,474.0,3477.0,82.0,37.0,Honda,706.0,80.0,1.0,0.0,0.0,998.0,7.0,8.0,8.0,12.0,7.0,32.0,0.0,0.0,1.0,48.0,75453.0,1.0,6.0,3.0,Valid license for this class vehicle,0.0,999.0,999.0,0.0,0.0,0.0,0.0,No Record,0.0,0.0,0.0,0.0,1.0,2.0,50.0,3.0,1.0,8.0,1.0,0.0,14.0,16.0,6.0,9.0,4.0,101.0,48.0,1.0,1.0,0.0,202304827490.0,12.0,5.0,3.0,3.0,10.0,1.0,80.0,58.0,1.0,3.0,1.0,20.0,8.0,37.0,2.0,0.0
480117,1,98,93.0,6.0,1.0,0.0,-99.0,48.0,113.0,12.0,82.0,66.0,22.0,1.0,1.0,0.0,3.0,0.0,20.0,0.0,8.0,996.0,0.0,48.0,2.0,12.0,1.0,0.0,3AKJHHDR3LSL,2020.0,450.0,2501.0,66.0,82.0,Freightliner,881.0,66.0,1.0,0.0,0.0,998.0,8.0,0.0,0.0,12.0,2.0,12.0,0.0,0.0,1.0,48.0,78252.0,1.0,6.0,3.0,Valid license for this class vehicle,0.0,73.0,150.0,0.0,1.0,0.0,5.0,May,2019.0,5.0,2019.0,0.0,3.0,3.0,65.0,1.0,1.0,8.0,1.0,0.0,1.0,50.0,99.0,9.0,1.0,202.0,48.0,0.0,1.0,0.0,202305112506.0,12.0,7.0,7.0,0.0,1.0,1.0,66.0,58.0,2.0,0.0,1.0,20.0,0.0,82.0,2.0,98.0
480117,2,98,96.0,54.0,1.0,3033.0,432.5,48.0,113.0,12.0,20.0,34.0,44.0,2.0,1.0,4.0,20.0,7.0,20.0,0.0,8.0,0.0,6.0,48.0,2.0,12.0,2.0,0.0,2GCEC19T9111,2001.0,467.0,1850.0,60.0,20.0,Chevrolet,481.0,34.0,1.0,0.0,0.0,0.0,8.0,0.0,0.0,6.0,6.0,12.0,0.0,0.0,1.0,98.0,99998.0,9.0,9.0,9.0,Unknown,9.0,65.0,339.0,99.0,99.0,99.0,99.0,Unknown,9999.0,99.0,9999.0,0.0,3.0,3.0,65.0,1.0,1.0,8.0,1.0,0.0,7.0,53.0,1.0,1.0,1.0,201.0,48.0,2.0,1.0,0.0,202305189748.0,12.0,1.0,8.0,3.0,1.0,1.0,34.0,25.0,1.0,3.0,1.0,1.0,0.0,20.0,2.0,0.0
480125,1,98,96.0,0.0,1.0,9999.0,-99.0,48.0,87.0,1.0,49.0,14.0,57.0,1.0,1.0,4.0,20.0,7.0,8.0,2.0,1.0,995.0,6.0,48.0,1.0,1.0,1.0,0.0,JTEBU5JR8J55,2018.0,448.0,2216.0,7.0,49.0,Toyota,401.0,14.0,1.0,0.0,0.0,998.0,7.0,3.0,5.0,0.0,7.0,1.0,0.0,1.0,1.0,48.0,75044.0,1.0,6.0,3.0,Valid license for this class vehicle,0.0,999.0,999.0,0.0,0.0,0.0,0.0,No Record,0.0,0.0,0.0,0.0,1.0,2.0,60.0,1.0,1.0,8.0,1.0,0.0,1.0,9.0,99.0,5.0,4.0,101.0,48.0,1.0,1.0,0.0,202304711907.0,12.0,7.0,1.0,0.0,1.0,1.0,14.0,53.0,1.0,0.0,1.0,8.0,0.0,49.0,2.0,0.0
480130,1,9,96.0,0.0,1.0,9998.0,-99.0,48.0,201.0,12.0,49.0,34.0,35.0,1.0,1.0,0.0,3.0,0.0,9.0,0.0,1.0,275.0,0.0,48.0,3.0,12.0,1.0,1.0,5TETU62N17Z4,2007.0,448.0,2223.0,60.0,49.0,Toyota,472.0,34.0,1.0,0.0,0.0,998.0,8.0,0.0,0.0,12.0,7.0,12.0,0.0,1.0,1.0,48.0,78634.0,0.0,0.0,0.0,Not licensed,0.0,999.0,999.0,0.0,0.0,0.0,0.0,No Record,0.0,0.0,0.0,4.0,1.0,5.0,45.0,1.0,1.0,8.0,1.0,0.0,1.0,50.0,99.0,1.0,1.0,202.0,48.0,0.0,1.0,0.0,202304966071.0,12.0,5.0,5.0,2.0,1.0,1.0,34.0,82.0,2.0,0.0,1.0,1.0,0.0,49.0,2.0,0.0
480130,2,98,96.0,0.0,1.0,0.0,-99.0,48.0,201.0,12.0,63.0,4.0,21.0,2.0,1.0,2.0,1.0,0.0,9.0,0.0,8.0,996.0,0.0,48.0,3.0,12.0,3.0,0.0,3KPFL4A70HE1,2017.0,499.0,2462.0,13.0,63.0,KIA,38.0,4.0,1.0,0.0,0.0,0.0,8.0,0.0,0.0,6.0,7.0,12.0,0.0,0.0,1.0,48.0,77379.0,1.0,6.0,3.0,Valid license for this class vehicle,0.0,999.0,999.0,0.0,0.0,0.0,0.0,No Record,0.0,0.0,0.0,0.0,1.0,5.0,45.0,1.0,1.0,8.0,1.0,0.0,5.0,53.0,1.0,1.0,1.0,201.0,48.0,0.0,1.0,0.0,202304741388.0,11.0,1.0,2.0,0.0,1.0,1.0,4.0,23.0,2.0,0.0,1.0,9.0,0.0,63.0,1.0,98.0
480136,1,9,96.0,0.0,1.0,0.0,-99.0,48.0,289.0,42.0,20.0,34.0,23.0,1.0,1.0,4.0,20.0,7.0,9.0,0.0,1.0,141.0,1.0,48.0,1.0,42.0,1.0,0.0,3GCUKREC6GG1,2016.0,467.0,1850.0,60.0,20.0,Chevrolet,481.0,34.0,1.0,0.0,0.0,998.0,7.0,0.0,0.0,9.0,7.0,42.0,0.0,1.0,1.0,48.0,77865.0,1.0,6.0,3.0,Valid license for this class vehicle,3.0,999.0,999.0,0.0,2.0,0.0,3.0,March,2021.0,11.0,2022.0,0.0,1.0,2.0,70.0,1.0,2.0,8.0,1.0,0.0,1.0,12.0,99.0,9.0,4.0,102.0,48.0,99.0,1.0,0.0,202305502254.0,42.0,6.0,12.0,1.0,1.0,1.0,34.0,37.0,1.0,1.0,1.0,1.0,0.0,20.0,1.0,9.0
480138,1,9,96.0,73.0,1.0,9999.0,-99.0,48.0,363.0,43.0,35.0,4.0,19.0,1.0,1.0,2.0,99.0,7.0,99.0,0.0,1.0,995.0,0.0,48.0,1.0,43.0,4.0,0.0,1N4AL3AP9FC4,2015.0,478.0,1904.0,13.0,35.0,Nissan/Datsun,47.0,4.0,1.0,0.0,0.0,998.0,7.0,3.0,5.0,12.0,7.0,43.0,1.0,1.0,1.0,48.0,76067.0,2.0,4.0,2.0,No valid license for this class vehicle,2.0,999.0,999.0,0.0,0.0,0.0,0.0,No Record,0.0,0.0,0.0,4.0,1.0,3.0,30.0,2.0,1.0,8.0,1.0,0.0,1.0,12.0,99.0,9.0,4.0,102.0,48.0,0.0,1.0,0.0,202304808091.0,12.0,2.0,3.0,1.0,1.0,1.0,4.0,39.0,2.0,1.0,1.0,20.0,0.0,35.0,1.0,98.0
480145,1,98,7.0,39.0,1.0,0.0,-99.0,48.0,113.0,12.0,12.0,34.0,44.0,1.0,1.0,2.0,3.0,0.0,9.0,0.0,8.0,996.0,0.0,48.0,2.0,12.0,1.0,0.0,1FTPX145X4NB,2004.0,460.0,1801.0,60.0,12.0,Ford,481.0,34.0,1.0,0.0,0.0,998.0,0.0,0.0,0.0,12.0,7.0,12.0,0.0,0.0,1.0,48.0,75230.0,1.0,3.0,2.0,No valid license for this class vehicle,0.0,999.0,999.0,0.0,0.0,0.0,0.0,No Record,0.0,0.0,0.0,0.0,2.0,4.0,35.0,1.0,1.0,8.0,1.0,3.0,1.0,17.0,99.0,1.0,1.0,503.0,48.0,0.0,1.0,0.0,202304700191.0,12.0,4.0,1.0,4.0,1.0,1.0,34.0,44.0,1.0,2.0,1.0,9.0,0.0,12.0,1.0,98.0
480147,1,98,96.0,0.0,1.0,1.0,-99.0,48.0,113.0,33.0,55.0,14.0,50.0,2.0,1.0,4.0,20.0,7.0,8.0,1.0,8.0,253.0,6.0,48.0,1.0,33.0,1.0,0.0,5XYZT3LB5GG3,2016.0,498.0,2057.0,7.0,55.0,Hyundai,401.0,14.0,1.0,0.0,0.0,998.0,7.0,0.0,0.0,98.0,7.0,39.0,0.0,1.0,1.0,48.0,75006.0,1.0,6.0,3.0,Valid license for this class vehicle,3.0,65.0,222.0,0.0,0.0,0.0,0.0,No Record,0.0,0.0,0.0,4.0,2.0,3.0,40.0,3.0,1.0,8.0,1.0,0.0,1.0,13.0,99.0,1.0,4.0,101.0,48.0,3.0,1.0,0.0,202305490535.0,12.0,2.0,10.0,0.0,1.0,1.0,14.0,58.0,1.0,0.0,1.0,20.0,0.0,55.0,1.0,0.0
480156,1,2,96.0,28.0,1.0,1.0,-99.0,48.0,123.0,12.0,85.0,66.0,43.0,1.0,1.0,0.0,3.0,0.0,20.0,0.0,0.0,0.0,0.0,48.0,2.0,12.0,1.0,0.0,1XKYD49XXNJ1,2022.0,532.0,2733.0,66.0,85.0,Kenworth,881.0,66.0,1.0,0.0,0.0,998.0,8.0,0.0,0.0,12.0,7.0,12.0,0.0,0.0,1.0,48.0,75154.0,1.0,6.0,3.0,Valid license for this class vehicle,0.0,999.0,999.0,0.0,0.0,1.0,4.0,April,2019.0,4.0,2019.0,0.0,1.0,2.0,65.0,2.0,2.0,8.0,1.0,0.0,14.0,10.0,99.0,1.0,2.0,301.0,48.0,0.0,1.0,0.0,202304768836.0,12.0,4.0,2.0,0.0,1.0,1.0,66.0,24.0,1.0,0.0,1.0,20.0,0.0,85.0,2.0,98.0
480156,2,98,96.0,0.0,1.0,0.0,-99.0,48.0,123.0,12.0,63.0,14.0,38.0,2.0,1.0,4.0,3.0,0.0,8.0,0.0,8.0,996.0,1.0,48.0,2.0,12.0,1.0,0.0,5XYPG4A33KG5,2019.0,499.0,2769.0,7.0,63.0,KIA,402.0,14.0,1.0,0.0,0.0,998.0,8.0,3.0,5.0,12.0,6.0,12.0,0.0,0.0,1.0,48.0,77904.0,1.0,6.0,3.0,Valid license for this class vehicle,3.0,999.0,999.0,0.0,0.0,0.0,0.0,No Record,0.0,0.0,0.0,0.0,1.0,2.0,65.0,3.0,2.0,8.0,1.0,0.0,14.0,62.0,99.0,1.0,1.0,302.0,48.0,1.0,1.0,0.0,202305021223.0,12.0,3.0,5.0,3.0,1.0,1.0,14.0,23.0,2.0,0.0,1.0,1.0,0.0,63.0,3.0,0.0
480158,1,98,93.0,38.0,1.0,9999.0,-99.0,48.0,61.0,12.0,35.0,4.0,75.0,1.0,1.0,4.0,3.0,0.0,8.0,0.0,8.0,995.0,1.0,48.0,2.0,12.0,1.0,0.0,1N4BL4BV8MN3,2021.0,478.0,1904.0,13.0,35.0,Nissan/Datsun,47.0,4.0,1.0,0.0,0.0,998.0,8.0,0.0,0.0,9.0,7.0,12.0,0.0,0.0,1.0,48.0,78586.0,1.0,6.0,3.0,Valid license for this class vehicle,3.0,60.0,158.0,0.0,0.0,0.0,0.0,No Record,0.0,0.0,0.0,0.0,1.0,2.0,98.0,8.0,8.0,8.0,98.0,20.0,11.0,15.0,99.0,1.0,1.0,414.0,48.0,1.0,1.0,0.0,202305448379.0,12.0,5.0,11.0,1.0,1.0,1.0,4.0,61.0,2.0,1.0,1.0,20.0,0.0,35.0,2.0,0.0
480161,1,98,96.0,73.0,1.0,5063.0,5.2,48.0,85.0,43.0,63.0,14.0,25.0,2.0,1.0,4.0,20.0,7.0,8.0,1.0,8.0,208.0,6.0,48.0,1.0,43.0,1.0,0.0,KNDJF724X874,2008.0,499.0,2770.0,7.0,63.0,KIA,401.0,14.0,1.0,0.0,0.0,998.0,7.0,3.0,6.0,12.0,7.0,1.0,0.0,1.0,1.0,48.0,75146.0,2.0,6.0,2.0,No valid license for this class vehicle,2.0,67.0,313.0,0.0,0.0,0.0,12.0,December,2018.0,12.0,2018.0,4.0,3.0,2.0,45.0,3.0,1.0,8.0,1.0,3.0,14.0,14.0,1.0,1.0,4.0,103.0,48.0,2.0,1.0,0.0,202305563491.0,12.0,1.0,11.0,4.0,1.0,1.0,14.0,66.0,2.0,1.0,1.0,20.0,0.0,63.0,2.0,0.0
480163,5,98,96.0,0.0,1.0,0.0,-99.0,48.0,113.0,12.0,37.0,20.0,53.0,2.0,1.0,0.0,3.0,0.0,20.0,0.0,8.0,996.0,0.0,48.0,5.0,12.0,1.0,0.0,5FNRL5H69BB0,2011.0,474.0,1869.0,2.0,37.0,Honda,441.0,20.0,1.0,0.0,0.0,998.0,7.0,0.0,0.0,13.0,7.0,54.0,0.0,0.0,1.0,48.0,75252.0,1.0,6.0,3.0,Valid license for this class vehicle,3.0,999.0,999.0,0.0,0.0,0.0,0.0,No Record,0.0,0.0,0.0,0.0,4.0,2.0,98.0,8.0,8.0,8.0,98.0,0.0,1.0,98.0,99.0,1.0,1.0,998.0,48.0,0.0,1.0,0.0,202304711878.0,12.0,6.0,1.0,2.0,10.0,1.0,20.0,52.0,2.0,0.0,1.0,8.0,0.0,37.0,2.0,0.0
480168,1,9,96.0,38.0,1.0,1059.0,-99.0,48.0,341.0,12.0,76.0,80.0,33.0,1.0,1.0,4.0,20.0,7.0,20.0,8.0,0.0,0.0,99.0,48.0,2.0,12.0,1.0,0.0,JYAVM01E13A0,2003.0,564.0,3305.0,82.0,76.0,Yamaha,705.0,80.0,1.0,0.0,0.0,998.0,7.0,8.0,8.0,12.0,7.0,12.0,0.0,0.0,1.0,48.0,79029.0,0.0,0.0,0.0,Not licensed,0.0,999.0,999.0,0.0,0.0,0.0,0.0,No Record,0.0,0.0,0.0,0.0,5.0,5.0,75.0,1.0,1.0,8.0,1.0,0.0,11.0,15.0,99.0,1.0,1.0,401.0,48.0,1.0,1.0,0.0,202304980024.0,12.0,3.0,4.0,3.0,1.0,1.0,80.0,59.0,1.0,3.0,1.0,20.0,8.0,76.0,1.0,0.0
480172,1,98,96.0,48.0,1.0,9999.0,-99.0,48.0,13.0,12.0,12.0,34.0,33.0,2.0,1.0,4.0,3.0,0.0,9.0,0.0,8.0,995.0,1.0,48.0,2.0,12.0,1.0,0.0,3FTTW8E95NRA,2022.0,460.0,28967.0,60.0,12.0,Ford,498.0,34.0,1.0,0.0,0.0,998.0,8.0,0.0,0.0,9.0,7.0,12.0,0.0,0.0,1.0,48.0,78264.0,1.0,6.0,3.0,Valid license for this class vehicle,3.0,999.0,999.0,0.0,0.0,0.0,1.0,January,2022.0,1.0,2022.0,0.0,4.0,1.0,98.0,8.0,8.0,8.0,98.0,21.0,11.0,15.0,99.0,1.0,1.0,414.0,48.0,1.0,1.0,0.0,202305022954.0,9.0,6.0,6.0,3.0,1.0,1.0,34.0,25.0,2.0,0.0,1.0,20.0,0.0,12.0,1.0,0.0