ST_CASE,VEH_NO_x,DRIMPAIR_x,DRDISTRACT,DRIVERRF,PER_NO_x,DRUGRES,DRUGACTQTY,STATE_x,COUNTY,HARM_EV_x,MAKE_x,BODY_TYP_x,AGE,SEX,PER_TYP_x,INJ_SEV,REST_USE,REST_MIS,AIR_BAG_x,EJECTION,DRINKING,ALC_RES,HISPANIC,STATE_y,VE_FORMS,HARM_EV_y,NUMOCCS,HIT_RUN,VIN,MOD_YEAR,VPICMAKE,VPICMODEL,VPICBODYCLASS,MAKE_y,MAKENAME,MODEL,BODY_TYP_y,HAZ_INV,HAZ_PLAC,HAZ_ID,TRAV_SP,UNDEROVERRIDE,ROLLOVER,ROLINLOC,IMPACT1,DEFORMED,M_HARM,FIRE_EXP,DR_DRINK,DR_PRES,L_STATE,DR_ZIP,L_TYPE,L_STATUS,L_COMPL,L_COMPLNAME,L_RESTRI,DR_HGT,DR_WGT,PREV_DWI,PREV_SPD,PREV_OTH,FIRST_MO,FIRST_MONAME,FIRST_YR,LAST_MO,LAST_YR,SPEEDREL,VTRAFWAY,VNUM_LAN,VSPD_LIM,VALIGN,VPROFILE,VPAVETYP,VSURCOND,VTRAFCON,P_CRASH1,P_CRASH2,P_CRASH3,PCRASH4,PCRASH5,ACC_CONFIG,STATE,RACE,ORDER,MULTRACE,CASENUM,HARM_EV,DAY_WEEK,MONTH,MAXSEV_IM,WEATHR_IM,PER_NO_y,BODY_TYP,AGE_IM,SEX_IM,INJSEV_IM,PER_TYP_y,AIR_BAG_y,EJECT_IM,MAKE,VEH_NO_y,DRIMPAIR_y
480480,4,98,96.0,0.0,1.0,0.0,-99.0,48.0,201.0,12.0,49.0,20.0,44.0,2.0,1.0,0.0,3.0,0.0,20.0,0.0,8.0,996.0,0.0,48.0,4.0,12.0,1.0,0.0,5TDYK3DC0CS1,2012.0,448.0,2468.0,2.0,49.0,Toyota,442.0,20.0,1.0,0.0,0.0,998.0,7.0,0.0,0.0,62.0,7.0,34.0,0.0,0.0,1.0,48.0,77447.0,1.0,6.0,3.0,Valid license for this class vehicle,0.0,999.0,999.0,0.0,0.0,1.0,6.0,June,2020.0,6.0,2020.0,0.0,1.0,4.0,45.0,1.0,1.0,8.0,2.0,0.0,1.0,62.0,6.0,9.0,4.0,998.0,48.0,0.0,1.0,0.0,202304902131.0,12.0,6.0,4.0,2.0,1.0,1.0,20.0,39.0,2.0,0.0,1.0,20.0,0.0,49.0,3.0,0.0
480491,1,98,96.0,51.0,1.0,9999.0,-99.0,48.0,127.0,12.0,7.0,4.0,30.0,2.0,1.0,4.0,20.0,7.0,8.0,0.0,8.0,995.0,1.0,48.0,2.0,12.0,1.0,0.0,1C3CDZAG8EN1,2014.0,476.0,1892.0,13.0,7.0,Dodge,26.0,4.0,1.0,0.0,0.0,998.0,0.0,0.0,0.0,12.0,7.0,12.0,0.0,0.0,1.0,48.0,78839.0,0.0,0.0,0.0,Not licensed,0.0,999.0,999.0,0.0,0.0,0.0,0.0,No Record,0.0,0.0,0.0,0.0,1.0,2.0,75.0,2.0,1.0,8.0,1.0,0.0,14.0,10.0,99.0,1.0,2.0,301.0,48.0,1.0,1.0,0.0,202305516828.0,12.0,5.0,12.0,1.0,2.0,1.0,4.0,21.0,1.0,0.0,1.0,20.0,0.0,7.0,1.0,98.0
480499,1,98,96.0,74.0,1.0,3033.0,49.1,48.0,113.0,59.0,49.0,14.0,27.0,1.0,1.0,4.0,20.0,7.0,9.0,0.0,8.0,350.0,7.0,48.0,1.0,59.0,1.0,0.0,JTEZU5JR0K51,2019.0,448.0,2216.0,7.0,49.0,Toyota,401.0,14.0,1.0,0.0,0.0,998.0,7.0,0.0,0.0,12.0,7.0,59.0,0.0,1.0,1.0,48.0,76006.0,7.0,6.0,2.0,No valid license for this class vehicle,2.0,75.0,243.0,0.0,0.0,0.0,0.0,No Record,0.0,0.0,0.0,4.0,4.0,2.0,40.0,1.0,1.0,8.0,1.0,0.0,1.0,12.0,99.0,1.0,4.0,102.0,48.0,1.0,1.0,0.0,202304800189.0,12.0,4.0,3.0,0.0,10.0,1.0,14.0,25.0,2.0,0.0,1.0,20.0,0.0,49.0,2.0,0.0
480502,1,98,96.0,0.0,1.0,9999.0,-99.0,48.0,51.0,12.0,55.0,4.0,23.0,2.0,1.0,4.0,3.0,0.0,8.0,1.0,8.0,995.0,6.0,48.0,3.0,12.0,1.0,0.0,KMHCT4AE7GU1,2016.0,498.0,2773.0,13.0,55.0,Hyundai,36.0,4.0,1.0,0.0,0.0,998.0,8.0,3.0,5.0,12.0,7.0,12.0,0.0,0.0,1.0,48.0,77550.0,7.0,6.0,3.0,Valid license for this class vehicle,3.0,999.0,999.0,0.0,1.0,1.0,3.0,March,2019.0,3.0,2019.0,0.0,1.0,2.0,70.0,1.0,1.0,8.0,1.0,0.0,6.0,10.0,99.0,1.0,2.0,301.0,48.0,1.0,1.0,0.0,202305206324.0,12.0,5.0,8.0,0.0,1.0,1.0,4.0,21.0,2.0,0.0,1.0,20.0,0.0,55.0,1.0,0.0
480520,1,98,96.0,0.0,1.0,9999.0,-99.0,48.0,439.0,12.0,20.0,4.0,63.0,1.0,1.0,4.0,99.0,7.0,8.0,0.0,8.0,995.0,6.0,48.0,3.0,12.0,1.0,0.0,1G1ND52FX5M1,2005.0,467.0,17528.0,13.0,20.0,Chevrolet,37.0,4.0,1.0,0.0,0.0,998.0,0.0,0.0,0.0,62.0,7.0,12.0,0.0,0.0,1.0,48.0,76107.0,1.0,3.0,2.0,No valid license for this class vehicle,0.0,999.0,999.0,0.0,0.0,0.0,0.0,No Record,0.0,0.0,0.0,0.0,1.0,4.0,40.0,2.0,1.0,8.0,1.0,97.0,14.0,62.0,99.0,9.0,1.0,302.0,48.0,1.0,1.0,0.0,202304853074.0,14.0,4.0,3.0,0.0,1.0,1.0,4.0,72.0,1.0,0.0,1.0,20.0,0.0,20.0,1.0,0.0
480520,2,98,96.0,51.0,1.0,0.0,-99.0,48.0,439.0,12.0,35.0,6.0,69.0,2.0,1.0,0.0,99.0,7.0,20.0,0.0,8.0,996.0,0.0,48.0,3.0,12.0,1.0,0.0,JN8AZ18U89W0,2009.0,478.0,1914.0,7.0,35.0,Nissan/Datsun,49.0,6.0,1.0,0.0,0.0,998.0,0.0,0.0,0.0,62.0,7.0,12.0,0.0,0.0,1.0,48.0,76111.0,1.0,6.0,3.0,Valid license for this class vehicle,0.0,999.0,999.0,0.0,0.0,0.0,0.0,No Record,0.0,0.0,0.0,0.0,1.0,4.0,40.0,3.0,1.0,8.0,1.0,97.0,14.0,10.0,99.0,1.0,2.0,301.0,48.0,0.0,1.0,0.0,202304782365.0,12.0,1.0,2.0,0.0,1.0,1.0,6.0,87.0,2.0,0.0,1.0,20.0,0.0,35.0,2.0,98.0
480526,1,98,96.0,39.0,1.0,0.0,-99.0,48.0,17.0,42.0,49.0,14.0,39.0,1.0,1.0,4.0,20.0,7.0,8.0,1.0,1.0,161.0,1.0,48.0,1.0,42.0,1.0,0.0,5TDKZRFH4JS5,2018.0,448.0,2213.0,7.0,49.0,Toyota,403.0,14.0,1.0,0.0,0.0,998.0,7.0,3.0,1.0,98.0,7.0,1.0,0.0,1.0,1.0,35.0,79347.0,1.0,6.0,3.0,Valid license for this class vehicle,3.0,68.0,210.0,0.0,0.0,0.0,0.0,No Record,0.0,0.0,0.0,0.0,1.0,2.0,60.0,1.0,2.0,8.0,1.0,20.0,1.0,17.0,99.0,9.0,4.0,998.0,48.0,1.0,1.0,0.0,202305111710.0,12.0,3.0,7.0,0.0,1.0,1.0,14.0,32.0,2.0,0.0,1.0,20.0,0.0,49.0,2.0,98.0
480527,1,98,96.0,0.0,1.0,9999.0,-99.0,48.0,201.0,20.0,2.0,14.0,27.0,2.0,1.0,4.0,3.0,0.0,8.0,0.0,8.0,995.0,7.0,48.0,1.0,20.0,1.0,0.0,1C4PJLCBXGW2,2016.0,483.0,1945.0,7.0,2.0,Jeep / Kaiser-Jeep / Willys- Jeep,404.0,14.0,1.0,0.0,0.0,998.0,7.0,0.0,0.0,12.0,6.0,20.0,0.0,0.0,1.0,48.0,77571.0,1.0,6.0,3.0,Valid license for this class vehicle,3.0,999.0,999.0,0.0,2.0,0.0,7.0,July,2020.0,10.0,2020.0,0.0,3.0,3.0,60.0,1.0,2.0,1.0,1.0,0.0,1.0,13.0,99.0,1.0,4.0,101.0,48.0,1.0,1.0,0.0,202304881442.0,12.0,7.0,4.0,0.0,1.0,1.0,14.0,55.0,2.0,0.0,1.0,20.0,0.0,2.0,2.0,0.0
480536,1,98,96.0,48.0,1.0,0.0,-99.0,48.0,473.0,12.0,35.0,4.0,40.0,1.0,1.0,3.0,3.0,0.0,8.0,0.0,8.0,996.0,0.0,48.0,3.0,12.0,2.0,0.0,1N4AA51E09C8,2009.0,478.0,2302.0,13.0,35.0,Nissan/Datsun,39.0,4.0,1.0,0.0,0.0,998.0,0.0,0.0,0.0,3.0,7.0,12.0,0.0,0.0,1.0,48.0,77320.0,0.0,0.0,0.0,Not licensed,0.0,999.0,999.0,0.0,0.0,0.0,0.0,No Record,0.0,0.0,0.0,0.0,1.0,2.0,60.0,1.0,1.0,8.0,1.0,0.0,12.0,21.0,99.0,1.0,2.0,998.0,48.0,0.0,1.0,0.0,202304752428.0,53.0,4.0,2.0,0.0,10.0,1.0,4.0,57.0,2.0,0.0,1.0,99.0,0.0,35.0,1.0,0.0
480540,1,9,96.0,58.0,1.0,0.0,-99.0,48.0,401.0,42.0,12.0,34.0,22.0,1.0,1.0,4.0,3.0,0.0,8.0,0.0,1.0,247.0,1.0,48.0,1.0,42.0,1.0,0.0,1FTFW1EV8AKE,2010.0,460.0,1801.0,60.0,12.0,Ford,481.0,34.0,1.0,0.0,0.0,998.0,7.0,3.0,1.0,61.0,7.0,42.0,0.0,1.0,1.0,48.0,75662.0,1.0,6.0,3.0,Valid license for this class vehicle,0.0,999.0,999.0,0.0,0.0,0.0,12.0,December,2022.0,12.0,2022.0,3.0,1.0,2.0,60.0,3.0,2.0,8.0,1.0,0.0,14.0,13.0,6.0,2.0,4.0,102.0,48.0,68.0,1.0,0.0,202304798436.0,42.0,1.0,2.0,4.0,1.0,1.0,34.0,22.0,1.0,4.0,1.0,8.0,0.0,12.0,1.0,9.0
480541,1,98,96.0,58.0,1.0,1.0,-99.0,48.0,159.0,42.0,12.0,34.0,18.0,1.0,1.0,4.0,20.0,7.0,9.0,9.0,1.0,0.0,7.0,48.0,1.0,42.0,3.0,0.0,1FTRX12W35NA,2005.0,460.0,1801.0,60.0,12.0,Ford,481.0,34.0,1.0,0.0,0.0,998.0,7.0,0.0,0.0,12.0,7.0,42.0,0.0,1.0,1.0,48.0,75494.0,1.0,6.0,3.0,Valid license for this class vehicle,0.0,66.0,230.0,0.0,2.0,0.0,11.0,November,2021.0,11.0,2022.0,4.0,1.0,2.0,60.0,3.0,1.0,8.0,2.0,0.0,1.0,13.0,6.0,4.0,4.0,102.0,48.0,1.0,1.0,0.0,202305359575.0,12.0,6.0,10.0,2.0,10.0,1.0,34.0,49.0,1.0,2.0,1.0,9.0,0.0,12.0,2.0,98.0
480542,1,98,96.0,0.0,1.0,0.0,-99.0,48.0,407.0,42.0,37.0,2.0,38.0,1.0,1.0,2.0,20.0,7.0,8.0,0.0,8.0,995.0,0.0,48.0,1.0,42.0,2.0,0.0,2HGFC4B59GH3,2016.0,474.0,1863.0,3.0,37.0,Honda,31.0,2.0,1.0,0.0,0.0,998.0,7.0,0.0,0.0,12.0,7.0,42.0,0.0,0.0,1.0,48.0,77331.0,1.0,6.0,3.0,Valid license for this class vehicle,0.0,999.0,999.0,0.0,1.0,1.0,9.0,September,2018.0,4.0,2022.0,4.0,1.0,2.0,55.0,3.0,1.0,8.0,1.0,97.0,14.0,6.0,99.0,2.0,4.0,101.0,48.0,0.0,1.0,0.0,202305561128.0,12.0,6.0,7.0,3.0,1.0,1.0,2.0,24.0,1.0,3.0,1.0,9.0,0.0,37.0,2.0,0.0
480547,1,98,96.0,38.0,1.0,9999.0,-99.0,48.0,183.0,12.0,37.0,4.0,47.0,1.0,1.0,3.0,20.0,7.0,20.0,0.0,8.0,995.0,0.0,48.0,2.0,12.0,2.0,0.0,JHMCP26878C0,2008.0,474.0,1861.0,13.0,37.0,Honda,32.0,4.0,1.0,0.0,0.0,998.0,8.0,0.0,0.0,3.0,7.0,12.0,0.0,0.0,1.0,48.0,75104.0,1.0,6.0,3.0,Valid license for this class vehicle,0.0,999.0,999.0,0.0,0.0,0.0,0.0,No Record,0.0,0.0,0.0,0.0,1.0,2.0,98.0,8.0,8.0,8.0,98.0,20.0,1.0,17.0,99.0,1.0,1.0,502.0,48.0,0.0,1.0,0.0,202304787287.0,12.0,6.0,3.0,0.0,1.0,1.0,4.0,45.0,1.0,0.0,1.0,1.0,0.0,37.0,2.0,0.0
480549,2,98,96.0,0.0,1.0,0.0,-99.0,48.0,439.0,12.0,37.0,4.0,33.0,1.0,1.0,0.0,3.0,0.0,20.0,0.0,8.0,996.0,0.0,48.0,2.0,12.0,1.0,0.0,1HGCP3F83CA0,2012.0,474.0,1861.0,13.0,37.0,Honda,32.0,4.0,1.0,0.0,0.0,998.0,0.0,0.0,0.0,12.0,2.0,12.0,0.0,0.0,1.0,48.0,76131.0,1.0,6.0,3.0,Valid license for this class vehicle,3.0,999.0,999.0,0.0,0.0,0.0,0.0,No Record,0.0,0.0,0.0,0.0,6.0,2.0,70.0,3.0,2.0,8.0,11.0,0.0,14.0,60.0,99.0,1.0,1.0,208.0,48.0,0.0,1.0,0.0,202304901760.0,12.0,6.0,4.0,0.0,1.0,1.0,4.0,17.0,1.0,0.0,1.0,20.0,0.0,37.0,1.0,0.0
480564,1,98,96.0,0.0,1.0,9999.0,-99.0,48.0,423.0,21.0,49.0,4.0,44.0,2.0,1.0,4.0,3.0,0.0,8.0,0.0,8.0,995.0,7.0,48.0,1.0,21.0,1.0,0.0,5YFBURHE7JP7,2018.0,448.0,2208.0,13.0,49.0,Toyota,32.0,4.0,1.0,0.0,0.0,998.0,7.0,3.0,5.0,12.0,7.0,21.0,0.0,0.0,1.0,48.0,75756.0,1.0,6.0,3.0,Valid license for this class vehicle,3.0,999.0,999.0,0.0,0.0,1.0,12.0,December,2019.0,12.0,2019.0,4.0,1.0,2.0,50.0,3.0,2.0,8.0,1.0,97.0,14.0,13.0,99.0,1.0,4.0,101.0,48.0,1.0,1.0,0.0,202304780501.0,12.0,2.0,2.0,2.0,1.0,1.0,4.0,29.0,2.0,2.0,1.0,20.0,0.0,49.0,4.0,98.0
480565,1,98,98.0,51.0,1.0,0.0,-99.0,48.0,477.0,12.0,41.0,15.0,44.0,2.0,1.0,2.0,3.0,0.0,8.0,0.0,8.0,996.0,0.0,48.0,2.0,12.0,1.0,0.0,JM3TCADYXJ02,2018.0,473.0,2077.0,7.0,41.0,Mazda,421.0,15.0,1.0,0.0,0.0,998.0,7.0,0.0,0.0,12.0,7.0,12.0,0.0,0.0,1.0,48.0,77863.0,1.0,6.0,3.0,Valid license for this class vehicle,3.0,999.0,999.0,0.0,0.0,1.0,6.0,June,2022.0,9.0,2022.0,3.0,1.0,2.0,65.0,2.0,3.0,1.0,1.0,0.0,14.0,10.0,1.0,1.0,2.0,301.0,48.0,0.0,1.0,0.0,202304800238.0,12.0,7.0,3.0,0.0,1.0,1.0,15.0,38.0,2.0,0.0,1.0,20.0,0.0,41.0,2.0,0.0
480578,2,1,96.0,39.0,1.0,9995.0,-99.0,48.0,41.0,12.0,20.0,4.0,50.0,2.0,1.0,4.0,20.0,7.0,8.0,0.0,8.0,995.0,1.0,48.0,2.0,12.0,1.0,0.0,1G1ZE5ST6GF2,2016.0,467.0,1834.0,13.0,20.0,Chevrolet,37.0,4.0,1.0,0.0,0.0,998.0,8.0,0.0,0.0,12.0,7.0,12.0,0.0,0.0,1.0,48.0,77868.0,1.0,6.0,3.0,Valid license for this class vehicle,0.0,999.0,999.0,0.0,0.0,2.0,5.0,May,2018.0,11.0,2022.0,0.0,1.0,2.0,60.0,1.0,8.0,8.0,1.0,20.0,1.0,17.0,99.0,1.0,1.0,503.0,48.0,1.0,1.0,0.0,202304827436.0,12.0,3.0,3.0,0.0,1.0,1.0,4.0,29.0,1.0,0.0,1.0,20.0,0.0,20.0,1.0,0.0
480582,2,98,96.0,0.0,1.0,0.0,-99.0,48.0,29.0,12.0,29.0,14.0,59.0,1.0,1.0,1.0,3.0,0.0,20.0,0.0,8.0,996.0,0.0,48.0,2.0,12.0,1.0,0.0,7SAYGDEE6PF6,2023.0,441.0,27027.0,7.0,29.0,Other Domestic Manufacturers,5.0,14.0,1.0,0.0,0.0,0.0,0.0,0.0,0.0,6.0,7.0,12.0,0.0,0.0,1.0,6.0,99998.0,1.0,6.0,3.0,Valid license for this class vehicle,3.0,66.0,175.0,0.0,0.0,0.0,0.0,No Record,0.0,0.0,0.0,0.0,4.0,3.0,45.0,1.0,1.0,8.0,1.0,20.0,5.0,53.0,1.0,1.0,1.0,201.0,48.0,0.0,1.0,0.0,202304698380.0,12.0,3.0,1.0,1.0,1.0,1.0,14.0,62.0,1.0,1.0,1.0,20.0,0.0,29.0,2.0,98.0
480584,4,98,93.0,84.0,1.0,9999.0,-99.0,48.0,349.0,12.0,82.0,66.0,46.0,2.0,1.0,4.0,99.0,7.0,20.0,0.0,8.0,995.0,7.0,48.0,4.0,12.0,1.0,0.0,3AKJHHDR7LSL,2020.0,450.0,2501.0,66.0,82.0,Freightliner,881.0,66.0,1.0,0.0,0.0,998.0,0.0,0.0,0.0,62.0,6.0,12.0,1.0,0.0,1.0,53.0,98503.0,1.0,6.0,3.0,Valid license for this class vehicle,0.0,67.0,345.0,0.0,0.0,1.0,11.0,November,2022.0,11.0,2022.0,4.0,3.0,3.0,75.0,1.0,1.0,8.0,1.0,97.0,1.0,50.0,7.0,1.0,1.0,208.0,48.0,2.0,1.0,0.0,202305212148.0,32.0,4.0,8.0,0.0,2.0,1.0,66.0,51.0,1.0,0.0,1.0,9.0,0.0,82.0,1.0,0.0
480595,1,9,96.0,39.0,1.0,0.0,-99.0,48.0,201.0,12.0,55.0,4.0,31.0,1.0,1.0,2.0,3.0,0.0,8.0,0.0,1.0,995.0,0.0,48.0,2.0,12.0,1.0,0.0,5NPD84LF2HH0,2017.0,498.0,2735.0,13.0,55.0,Hyundai,35.0,4.0,1.0,0.0,0.0,998.0,8.0,0.0,0.0,12.0,7.0,12.0,0.0,1.0,1.0,48.0,77354.0,1.0,6.0,3.0,Valid license for this class vehicle,0.0,999.0,999.0,0.0,0.0,0.0,12.0,December,2019.0,12.0,2019.0,0.0,4.0,2.0,45.0,1.0,1.0,8.0,1.0,3.0,1.0,17.0,99.0,1.0,1.0,503.0,48.0,0.0,1.0,0.0,202304953077.0,12.0,4.0,5.0,0.0,1.0,1.0,4.0,65.0,2.0,0.0,1.0,20.0,0.0,55.0,2.0,0.0
480602,1,98,96.0,28.0,1.0,1.0,-99.0,48.0,201.0,12.0,12.0,2.0,20.0,1.0,1.0,4.0,20.0,7.0,9.0,0.0,1.0,119.0,6.0,48.0,3.0,12.0,1.0,0.0,1ZVHT80NX851,2008.0,460.0,1781.0,3.0,12.0,Ford,3.0,2.0,1.0,0.0,0.0,998.0,8.0,0.0,0.0,82.0,7.0,12.0,0.0,1.0,1.0,48.0,77086.0,0.0,0.0,0.0,Not licensed,0.0,69.0,177.0,0.0,0.0,0.0,0.0,No Record,0.0,0.0,0.0,5.0,4.0,3.0,40.0,1.0,1.0,1.0,1.0,0.0,1.0,11.0,99.0,1.0,2.0,207.0,48.0,1.0,1.0,0.0,202305036907.0,12.0,5.0,6.0,0.0,1.0,1.0,2.0,41.0,2.0,0.0,1.0,20.0,0.0,12.0,2.0,0.0
480605,2,98,96.0,0.0,1.0,0.0,-99.0,48.0,89.0,12.0,49.0,4.0,63.0,1.0,1.0,4.0,3.0,0.0,9.0,0.0,8.0,996.0,1.0,48.0,4.0,12.0,2.0,0.0,5YFEPMAE0NP3,2022.0,448.0,2208.0,13.0,49.0,Toyota,32.0,4.0,1.0,0.0,0.0,0.0,8.0,0.0,0.0,6.0,7.0,12.0,0.0,0.0,1.0,6.0,94596.0,1.0,3.0,2.0,No valid license for this class vehicle,0.0,71.0,191.0,0.0,0.0,0.0,0.0,No Record,0.0,0.0,0.0,0.0,3.0,2.0,75.0,1.0,1.0,8.0,1.0,0.0,5.0,53.0,1.0,1.0,1.0,201.0,48.0,1.0,1.0,0.0,202305084094.0,8.0,7.0,6.0,3.0,1.0,1.0,4.0,23.0,1.0,0.0,1.0,20.0,0.0,49.0,1.0,0.0
480607,1,98,92.0,0.0,1.0,0.0,-99.0,48.0,221.0,12.0,54.0,4.0,32.0,1.0,1.0,1.0,3.0,0.0,9.0,0.0,8.0,996.0,0.0,48.0,3.0,12.0,1.0,0.0,JH4KB16575C0,2005.0,475.0,1872.0,13.0,54.0,Acura,36.0,4.0,1.0,0.0,0.0,998.0,8.0,0.0,0.0,12.0,2.0,12.0,0.0,0.0,1.0,48.0,76116.0,1.0,6.0,3.0,Valid license for this class vehicle,3.0,999.0,999.0,0.0,0.0,0.0,0.0,No Record,0.0,0.0,0.0,4.0,1.0,2.0,50.0,1.0,2.0,8.0,2.0,0.0,1.0,52.0,99.0,1.0,1.0,202.0,48.0,0.0,1.0,0.0,202304962394.0,12.0,4.0,5.0,0.0,1.0,1.0,4.0,16.0,1.0,0.0,1.0,20.0,0.0,54.0,1.0,0.0
480607,3,98,96.0,0.0,1.0,0.0,-99.0,48.0,221.0,12.0,63.0,6.0,42.0,2.0,1.0,3.0,3.0,0.0,9.0,0.0,8.0,996.0,0.0,48.0,3.0,12.0,1.0,0.0,KNDJP3A51K76,2019.0,499.0,2460.0,7.0,63.0,KIA,37.0,6.0,1.0,0.0,0.0,998.0,8.0,0.0,0.0,12.0,2.0,12.0,0.0,0.0,1.0,48.0,76048.0,1.0,6.0,3.0,Valid license for this class vehicle,3.0,999.0,999.0,0.0,0.0,0.0,0.0,No Record,0.0,0.0,0.0,0.0,1.0,2.0,50.0,1.0,2.0,8.0,2.0,0.0,1.0,62.0,99.0,1.0,1.0,998.0,48.0,0.0,1.0,0.0,202304913685.0,9.0,4.0,5.0,2.0,1.0,1.0,6.0,40.0,2.0,0.0,1.0,20.0,0.0,63.0,1.0,0.0
480611,1,98,96.0,83.0,1.0,9999.0,-99.0,48.0,187.0,1.0,49.0,34.0,73.0,1.0,1.0,4.0,20.0,7.0,98.0,0.0,8.0,995.0,7.0,48.0,1.0,1.0,2.0,0.0,5TBET38154S4,2004.0,448.0,2467.0,60.0,49.0,Toyota,482.0,34.0,1.0,0.0,0.0,998.0,7.0,3.0,5.0,0.0,7.0,2.0,1.0,0.0,1.0,48.0,78155.0,1.0,6.0,3.0,Valid license for this class vehicle,0.0,999.0,999.0,0.0,0.0,0.0,0.0,No Record,0.0,0.0,0.0,0.0,1.0,2.0,55.0,1.0,1.0,8.0,2.0,0.0,1.0,87.0,98.0,4.0,4.0,102.0,48.0,1.0,1.0,0.0,202304811167.0,12.0,6.0,2.0,0.0,1.0,1.0,34.0,57.0,2.0,0.0,1.0,98.0,0.0,49.0,1.0,99.0
480612,2,98,96.0,0.0,1.0,0.0,-99.0,48.0,439.0,12.0,49.0,4.0,31.0,1.0,1.0,1.0,3.0,0.0,20.0,0.0,8.0,996.0,0.0,48.0,3.0,12.0,1.0,0.0,4T1BF28B53U3,2003.0,448.0,2465.0,13.0,49.0,Toyota,43.0,4.0,1.0,0.0,0.0,998.0,0.0,0.0,0.0,6.0,7.0,12.0,0.0,0.0,1.0,48.0,76017.0,0.0,0.0,0.0,Not licensed,0.0,999.0,999.0,1.0,4.0,5.0,4.0,April,2018.0,11.0,2020.0,0.0,3.0,5.0,70.0,1.0,1.0,8.0,1.0,0.0,1.0,53.0,99.0,1.0,1.0,201.0,48.0,0.0,1.0,0.0,202304764683.0,12.0,6.0,2.0,3.0,1.0,1.0,4.0,65.0,2.0,3.0,1.0,20.0,0.0,49.0,2.0,98.0
480613,1,98,96.0,0.0,1.0,0.0,-99.0,48.0,201.0,12.0,6.0,4.0,38.0,1.0,1.0,0.0,3.0,0.0,9.0,0.0,8.0,996.0,0.0,48.0,2.0,12.0,1.0,0.0,1C3CCCAB7FN6,2015.0,477.0,2053.0,13.0,6.0,Chrysler,18.0,4.0,1.0,0.0,0.0,998.0,8.0,0.0,0.0,12.0,7.0,12.0,0.0,0.0,1.0,48.0,77083.0,1.0,6.0,3.0,Valid license for this class vehicle,3.0,999.0,999.0,0.0,1.0,0.0,5.0,May,2021.0,10.0,2022.0,0.0,3.0,4.0,65.0,1.0,1.0,8.0,1.0,0.0,1.0,50.0,98.0,9.0,1.0,303.0,48.0,0.0,1.0,0.0,202305069024.0,33.0,1.0,6.0,4.0,1.0,1.0,4.0,75.0,1.0,4.0,1.0,8.0,0.0,6.0,1.0,1.0
480640,1,9,96.0,51.0,1.0,2063.0,32.0,48.0,91.0,12.0,72.0,80.0,58.0,1.0,1.0,4.0,20.0,7.0,20.0,8.0,1.0,190.0,6.0,48.0,2.0,12.0,2.0,0.0,1HD1KBM10DB6,2013.0,3888.0,8515.0,81.0,72.0,Harley-Davidson,706.0,80.0,1.0,0.0,0.0,998.0,7.0,8.0,8.0,12.0,7.0,12.0,0.0,1.0,1.0,48.0,78016.0,1.0,6.0,3.0,Valid license for this class vehicle,3.0,999.0,999.0,0.0,0.0,0.0,0.0,No Record,0.0,0.0,0.0,0.0,1.0,2.0,55.0,2.0,1.0,8.0,1.0,97.0,14.0,10.0,99.0,1.0,2.0,301.0,48.0,1.0,1.0,0.0,202305091706.0,25.0,1.0,7.0,3.0,1.0,1.0,80.0,27.0,1.0,3.0,1.0,20.0,8.0,72.0,1.0,98.0
480642,1,98,96.0,87.0,1.0,9999.0,-99.0,48.0,213.0,12.0,37.0,4.0,33.0,2.0,1.0,4.0,3.0,0.0,20.0,0.0,8.0,995.0,6.0,48.0,2.0,12.0,1.0,0.0,19XFB2F52CE0,2012.0,474.0,1863.0,13.0,37.0,Honda,31.0,4.0,1.0,0.0,0.0,998.0,0.0,0.0,0.0,6.0,6.0,12.0,0.0,0.0,1.0,48.0,75751.0,1.0,6.0,3.0,Valid license for this class vehicle,3.0,999.0,999.0,0.0,1.0,0.0,6.0,June,2019.0,6.0,2019.0,4.0,1.0,2.0,70.0,1.0,2.0,8.0,6.0,97.0,1.0,6.0,6.0,4.0,6.0,303.0,48.0,1.0,1.0,0.0,202304790379.0,12.0,3.0,2.0,1.0,1.0,1.0,4.0,26.0,2.0,1.0,1.0,20.0,0.0,37.0,2.0,0.0
480644,1,98,96.0,51.0,1.0,1.0,-99.0,48.0,201.0,12.0,20.0,4.0,32.0,1.0,1.0,4.0,20.0,7.0,8.0,0.0,0.0,0.0,1.0,48.0,2.0,12.0,1.0,0.0,1G1ZG5ST4LF0,2020.0,467.0,1834.0,13.0,20.0,Chevrolet,37.0,4.0,1.0,0.0,0.0,998.0,0.0,0.0,0.0,12.0,7.0,12.0,0.0,0.0,1.0,48.0,78574.0,0.0,0.0,0.0,Not licensed,0.0,72.0,304.0,0.0,0.0,0.0,0.0,No Record,0.0,0.0,0.0,0.0,1.0,2.0,40.0,1.0,2.0,8.0,1.0,0.0,1.0,10.0,99.0,1.0,2.0,301.0,48.0,1.0,1.0,0.0,202305021131.0,12.0,2.0,6.0,0.0,1.0,1.0,4.0,32.0,1.0,0.0,1.0,20.0,0.0,20.0,2.0,0.0