ST_CASE,VEH_NO_x,DRIMPAIR_x,DRDISTRACT,DRIVERRF,PER_NO_x,DRUGRES,DRUGACTQTY,STATE_x,COUNTY,HARM_EV_x,MAKE_x,BODY_TYP_x,AGE,SEX,PER_TYP_x,INJ_SEV,REST_USE,REST_MIS,AIR_BAG_x,EJECTION,DRINKING,ALC_RES,HISPANIC,STATE_y,VE_FORMS,HARM_EV_y,NUMOCCS,HIT_RUN,VIN,MOD_YEAR,VPICMAKE,VPICMODEL,VPICBODYCLASS,MAKE_y,MAKENAME,MODEL,BODY_TYP_y,HAZ_INV,HAZ_PLAC,HAZ_ID,TRAV_SP,UNDEROVERRIDE,ROLLOVER,ROLINLOC,IMPACT1,DEFORMED,M_HARM,FIRE_EXP,DR_DRINK,DR_PRES,L_STATE,DR_ZIP,L_TYPE,L_STATUS,L_COMPL,L_COMPLNAME,L_RESTRI,DR_HGT,DR_WGT,PREV_DWI,PREV_SPD,PREV_OTH,FIRST_MO,FIRST_MONAME,FIRST_YR,LAST_MO,LAST_YR,SPEEDREL,VTRAFWAY,VNUM_LAN,VSPD_LIM,VALIGN,VPROFILE,VPAVETYP,VSURCOND,VTRAFCON,P_CRASH1,P_CRASH2,P_CRASH3,PCRASH4,PCRASH5,ACC_CONFIG,STATE,RACE,ORDER,MULTRACE,CASENUM,HARM_EV,DAY_WEEK,MONTH,MAXSEV_IM,WEATHR_IM,PER_NO_y,BODY_TYP,AGE_IM,SEX_IM,INJSEV_IM,PER_TYP_y,AIR_BAG_y,EJECT_IM,MAKE,VEH_NO_y,DRIMPAIR_y
480654,2,98,96.0,0.0,1.0,9999.0,-99.0,48.0,439.0,12.0,82.0,66.0,24.0,1.0,1.0,4.0,20.0,7.0,20.0,0.0,8.0,995.0,1.0,48.0,3.0,12.0,1.0,0.0,1FUJA6CK74LM,2004.0,450.0,2482.0,66.0,82.0,Freightliner,881.0,66.0,1.0,0.0,0.0,998.0,8.0,3.0,3.0,61.0,6.0,25.0,0.0,0.0,1.0,48.0,76119.0,1.0,6.0,3.0,Valid license for this class vehicle,0.0,999.0,999.0,0.0,0.0,0.0,6.0,June,2018.0,6.0,2019.0,0.0,3.0,2.0,75.0,1.0,1.0,8.0,1.0,0.0,1.0,60.0,99.0,1.0,1.0,209.0,48.0,1.0,1.0,0.0,202305295650.0,12.0,6.0,10.0,0.0,1.0,1.0,66.0,27.0,1.0,0.0,1.0,20.0,0.0,82.0,2.0,0.0
480657,1,9,96.0,0.0,1.0,1.0,-99.0,48.0,113.0,20.0,41.0,4.0,29.0,1.0,1.0,4.0,3.0,0.0,8.0,0.0,1.0,191.0,6.0,48.0,2.0,20.0,1.0,0.0,JM1GL1XY3M16,2021.0,473.0,2078.0,13.0,41.0,Mazda,50.0,4.0,1.0,0.0,0.0,998.0,8.0,0.0,0.0,3.0,7.0,20.0,0.0,1.0,1.0,48.0,76111.0,1.0,6.0,3.0,Valid license for this class vehicle,0.0,999.0,999.0,0.0,0.0,0.0,0.0,No Record,0.0,0.0,0.0,0.0,3.0,5.0,70.0,3.0,1.0,8.0,1.0,0.0,14.0,13.0,99.0,1.0,4.0,101.0,48.0,97.0,1.0,0.0,202304821804.0,20.0,7.0,3.0,4.0,1.0,1.0,4.0,29.0,1.0,4.0,1.0,8.0,0.0,41.0,1.0,98.0
480659,2,98,96.0,0.0,1.0,0.0,-99.0,48.0,157.0,12.0,20.0,34.0,44.0,1.0,1.0,2.0,3.0,0.0,9.0,0.0,8.0,996.0,0.0,48.0,2.0,12.0,2.0,0.0,2GCEC19T7212,2002.0,467.0,1850.0,60.0,20.0,Chevrolet,481.0,34.0,1.0,0.0,0.0,998.0,7.0,0.0,0.0,12.0,7.0,12.0,0.0,0.0,1.0,48.0,77053.0,1.0,6.0,3.0,Valid license for this class vehicle,0.0,999.0,999.0,0.0,1.0,0.0,9.0,September,2018.0,2.0,2019.0,0.0,1.0,2.0,55.0,1.0,1.0,8.0,1.0,0.0,1.0,62.0,7.0,9.0,4.0,302.0,48.0,0.0,1.0,0.0,202304853626.0,12.0,7.0,4.0,0.0,2.0,1.0,34.0,47.0,2.0,0.0,1.0,20.0,0.0,20.0,2.0,0.0
480662,1,98,96.0,87.0,1.0,0.0,-99.0,48.0,415.0,30.0,20.0,34.0,27.0,1.0,1.0,2.0,3.0,0.0,20.0,0.0,8.0,996.0,0.0,48.0,1.0,30.0,2.0,0.0,2GCEC13V7711,2007.0,467.0,1850.0,60.0,20.0,Chevrolet,481.0,34.0,1.0,0.0,0.0,998.0,7.0,0.0,0.0,3.0,7.0,30.0,0.0,0.0,1.0,48.0,79549.0,1.0,3.0,2.0,No valid license for this class vehicle,0.0,999.0,999.0,0.0,0.0,0.0,0.0,No Record,0.0,0.0,0.0,5.0,1.0,2.0,55.0,1.0,1.0,8.0,2.0,0.0,1.0,6.0,99.0,4.0,4.0,102.0,48.0,0.0,1.0,0.0,202305435219.0,12.0,1.0,11.0,3.0,1.0,1.0,34.0,59.0,1.0,0.0,1.0,20.0,0.0,20.0,3.0,98.0
480666,4,98,96.0,0.0,1.0,0.0,-99.0,48.0,91.0,12.0,49.0,4.0,84.0,1.0,1.0,0.0,3.0,0.0,9.0,0.0,8.0,996.0,0.0,48.0,4.0,12.0,2.0,0.0,4T1BK1EB3DU0,2013.0,448.0,2465.0,13.0,49.0,Toyota,43.0,4.0,1.0,0.0,0.0,998.0,0.0,0.0,0.0,61.0,7.0,12.0,0.0,0.0,1.0,48.0,78163.0,1.0,6.0,3.0,Valid license for this class vehicle,0.0,999.0,999.0,0.0,0.0,0.0,0.0,No Record,0.0,0.0,0.0,0.0,5.0,3.0,55.0,1.0,1.0,8.0,1.0,0.0,1.0,62.0,99.0,1.0,1.0,998.0,48.0,0.0,1.0,0.0,202304800615.0,25.0,5.0,3.0,2.0,2.0,1.0,4.0,53.0,1.0,2.0,1.0,20.0,0.0,49.0,1.0,0.0
480675,1,9,96.0,0.0,1.0,1.0,-99.0,48.0,231.0,42.0,20.0,5.0,52.0,1.0,1.0,4.0,20.0,7.0,8.0,0.0,1.0,141.0,7.0,48.0,1.0,42.0,1.0,0.0,KL8CB6S92EC5,2014.0,467.0,1836.0,5.0,20.0,Chevrolet,29.0,5.0,1.0,0.0,0.0,998.0,7.0,0.0,0.0,12.0,7.0,42.0,0.0,1.0,1.0,48.0,75401.0,1.0,1.0,2.0,No valid license for this class vehicle,3.0,999.0,999.0,0.0,2.0,0.0,9.0,September,2018.0,2.0,2023.0,0.0,1.0,2.0,55.0,3.0,2.0,8.0,1.0,97.0,1.0,13.0,1.0,1.0,4.0,101.0,48.0,1.0,1.0,0.0,202304973150.0,12.0,2.0,5.0,3.0,1.0,1.0,5.0,34.0,1.0,3.0,1.0,8.0,0.0,20.0,1.0,0.0
480682,1,2,96.0,51.0,1.0,9999.0,-99.0,48.0,199.0,1.0,12.0,21.0,47.0,1.0,1.0,4.0,3.0,0.0,20.0,0.0,8.0,995.0,6.0,48.0,1.0,1.0,1.0,0.0,1FTNE14W78DA,2008.0,460.0,1796.0,95.0,12.0,Ford,461.0,21.0,1.0,0.0,0.0,998.0,7.0,3.0,5.0,0.0,7.0,1.0,0.0,0.0,1.0,48.0,77433.0,1.0,6.0,3.0,Valid license for this class vehicle,0.0,999.0,999.0,0.0,0.0,0.0,0.0,No Record,0.0,0.0,0.0,0.0,1.0,2.0,55.0,1.0,1.0,8.0,1.0,0.0,1.0,12.0,99.0,9.0,4.0,102.0,48.0,1.0,1.0,0.0,202304980071.0,12.0,4.0,4.0,0.0,1.0,1.0,21.0,46.0,1.0,0.0,1.0,20.0,0.0,12.0,2.0,0.0
480687,1,98,96.0,0.0,1.0,1.0,-99.0,48.0,85.0,12.0,37.0,80.0,31.0,1.0,1.0,4.0,20.0,7.0,20.0,8.0,8.0,0.0,6.0,48.0,2.0,12.0,1.0,0.0,JH2PC40077M0,2007.0,474.0,14060.0,80.0,37.0,Honda,705.0,80.0,1.0,0.0,0.0,115.0,7.0,8.0,8.0,12.0,7.0,12.0,0.0,0.0,1.0,48.0,75092.0,1.0,6.0,2.0,No valid license for this class vehicle,0.0,999.0,999.0,0.0,0.0,0.0,0.0,No Record,0.0,0.0,0.0,2.0,3.0,3.0,70.0,1.0,1.0,8.0,1.0,0.0,1.0,51.0,99.0,1.0,1.0,202.0,48.0,1.0,1.0,0.0,202305234746.0,1.0,6.0,9.0,2.0,1.0,1.0,80.0,30.0,1.0,2.0,1.0,20.0,8.0,37.0,1.0,98.0
480694,2,98,96.0,0.0,1.0,0.0,-99.0,48.0,201.0,12.0,12.0,34.0,35.0,1.0,1.0,2.0,3.0,0.0,8.0,0.0,8.0,996.0,0.0,48.0,3.0,12.0,4.0,0.0,1FTFW1E55MKD,2021.0,460.0,1801.0,60.0,12.0,Ford,481.0,34.0,1.0,0.0,0.0,998.0,8.0,0.0,0.0,12.0,7.0,12.0,0.0,0.0,1.0,48.0,77064.0,0.0,0.0,0.0,Not licensed,0.0,999.0,999.0,0.0,0.0,0.0,0.0,No Record,0.0,0.0,0.0,0.0,2.0,3.0,40.0,1.0,1.0,8.0,1.0,3.0,1.0,66.0,99.0,1.0,1.0,503.0,48.0,0.0,1.0,0.0,202305027446.0,42.0,6.0,6.0,3.0,1.0,1.0,34.0,24.0,1.0,3.0,1.0,8.0,0.0,12.0,1.0,2.0
480696,2,98,96.0,0.0,1.0,1.0,-99.0,48.0,197.0,12.0,84.0,66.0,32.0,1.0,1.0,4.0,99.0,7.0,20.0,0.0,0.0,0.0,6.0,48.0,2.0,12.0,2.0,0.0,3HSDZAPR3KN3,2019.0,526.0,20852.0,66.0,84.0,International Harvester/Navistar,881.0,66.0,1.0,0.0,0.0,998.0,0.0,3.0,5.0,12.0,6.0,2.0,1.0,0.0,1.0,12.0,33015.0,1.0,6.0,3.0,Valid license for this class vehicle,3.0,66.0,999.0,0.0,0.0,1.0,7.0,July,2018.0,8.0,2022.0,0.0,2.0,2.0,75.0,1.0,1.0,8.0,1.0,0.0,1.0,66.0,99.0,1.0,1.0,501.0,48.0,1.0,1.0,0.0,202304647554.0,12.0,3.0,1.0,0.0,10.0,1.0,66.0,21.0,1.0,0.0,1.0,20.0,0.0,84.0,1.0,0.0
480697,1,98,5.0,51.0,1.0,1.0,-99.0,48.0,453.0,12.0,63.0,6.0,57.0,2.0,1.0,3.0,3.0,0.0,8.0,0.0,0.0,0.0,0.0,48.0,2.0,12.0,2.0,0.0,KNDJN2A22K70,2019.0,499.0,2460.0,7.0,63.0,KIA,37.0,6.0,1.0,0.0,0.0,998.0,8.0,0.0,0.0,12.0,7.0,12.0,0.0,0.0,1.0,48.0,75042.0,1.0,6.0,3.0,Valid license for this class vehicle,0.0,999.0,999.0,0.0,0.0,0.0,8.0,August,2021.0,10.0,2021.0,0.0,1.0,2.0,45.0,1.0,1.0,8.0,1.0,0.0,1.0,10.0,99.0,1.0,4.0,301.0,48.0,0.0,1.0,0.0,202304728130.0,12.0,6.0,2.0,2.0,1.0,1.0,6.0,37.0,2.0,2.0,1.0,8.0,0.0,63.0,2.0,0.0
480712,1,98,96.0,0.0,1.0,1.0,-99.0,48.0,39.0,12.0,37.0,80.0,20.0,1.0,1.0,4.0,20.0,7.0,20.0,8.0,0.0,0.0,7.0,48.0,3.0,12.0,1.0,0.0,JH2PC40077M0,2007.0,474.0,14060.0,80.0,37.0,Honda,705.0,80.0,1.0,0.0,0.0,58.0,7.0,8.0,8.0,12.0,7.0,12.0,0.0,0.0,1.0,48.0,77581.0,1.0,6.0,3.0,Valid license for this class vehicle,3.0,69.0,161.0,0.0,0.0,0.0,12.0,December,2018.0,12.0,2018.0,5.0,5.0,5.0,45.0,1.0,1.0,8.0,1.0,0.0,15.0,66.0,99.0,1.0,2.0,501.0,48.0,1.0,1.0,0.0,202305234746.0,1.0,6.0,9.0,2.0,1.0,1.0,80.0,30.0,1.0,2.0,1.0,20.0,8.0,37.0,1.0,98.0
480713,1,98,92.0,38.0,1.0,0.0,-99.0,48.0,167.0,12.0,12.0,14.0,34.0,1.0,1.0,2.0,20.0,7.0,9.0,0.0,8.0,996.0,0.0,48.0,2.0,12.0,1.0,0.0,1FM5K8AR6GGC,2016.0,460.0,1800.0,7.0,12.0,Ford,401.0,14.0,1.0,0.0,0.0,998.0,0.0,0.0,0.0,12.0,7.0,12.0,0.0,0.0,1.0,48.0,77511.0,1.0,6.0,3.0,Valid license for this class vehicle,3.0,999.0,999.0,0.0,0.0,0.0,0.0,No Record,0.0,0.0,0.0,0.0,1.0,7.0,45.0,1.0,1.0,8.0,1.0,3.0,1.0,17.0,99.0,1.0,1.0,501.0,48.0,0.0,1.0,0.0,202304637519.0,9.0,2.0,1.0,1.0,10.0,1.0,14.0,27.0,1.0,0.0,1.0,20.0,0.0,12.0,1.0,0.0
480726,2,98,96.0,0.0,1.0,3019.0,0.081,48.0,201.0,12.0,20.0,14.0,33.0,1.0,1.0,4.0,99.0,7.0,98.0,0.0,8.0,0.0,7.0,48.0,2.0,12.0,1.0,0.0,2GNAXUEV1L62,2020.0,467.0,1847.0,7.0,20.0,Chevrolet,404.0,14.0,1.0,0.0,0.0,0.0,8.0,0.0,0.0,6.0,6.0,2.0,1.0,0.0,1.0,48.0,77078.0,0.0,0.0,0.0,Not licensed,0.0,76.0,202.0,0.0,0.0,0.0,0.0,No Record,0.0,0.0,0.0,0.0,2.0,2.0,45.0,1.0,1.0,8.0,1.0,3.0,5.0,53.0,1.0,1.0,1.0,201.0,48.0,2.0,1.0,0.0,202305157660.0,12.0,7.0,7.0,1.0,1.0,1.0,14.0,30.0,2.0,1.0,1.0,20.0,0.0,20.0,2.0,0.0
480731,1,98,96.0,38.0,1.0,9999.0,-99.0,48.0,303.0,12.0,35.0,4.0,75.0,2.0,1.0,4.0,3.0,0.0,8.0,0.0,8.0,995.0,7.0,48.0,2.0,12.0,1.0,0.0,3N1AB7AP2JY3,2018.0,478.0,1907.0,13.0,35.0,Nissan/Datsun,43.0,4.0,1.0,0.0,0.0,998.0,0.0,0.0,0.0,9.0,7.0,12.0,0.0,0.0,1.0,48.0,79403.0,1.0,6.0,3.0,Valid license for this class vehicle,0.0,999.0,999.0,0.0,0.0,0.0,0.0,No Record,0.0,0.0,0.0,0.0,1.0,2.0,30.0,1.0,8.0,8.0,1.0,20.0,4.0,17.0,99.0,1.0,1.0,504.0,48.0,1.0,1.0,0.0,202304703199.0,12.0,3.0,1.0,0.0,1.0,1.0,4.0,26.0,1.0,0.0,1.0,20.0,0.0,35.0,2.0,0.0
480732,1,98,96.0,39.0,1.0,9999.0,-99.0,48.0,209.0,12.0,20.0,4.0,23.0,1.0,1.0,4.0,99.0,7.0,99.0,0.0,8.0,995.0,6.0,48.0,2.0,12.0,1.0,0.0,1G1ZG5STXMF0,2021.0,467.0,1834.0,13.0,20.0,Chevrolet,37.0,4.0,1.0,0.0,0.0,998.0,8.0,0.0,0.0,12.0,7.0,12.0,0.0,0.0,1.0,48.0,78666.0,1.0,6.0,3.0,Valid license for this class vehicle,0.0,999.0,999.0,0.0,1.0,0.0,6.0,June,2021.0,6.0,2021.0,4.0,4.0,2.0,50.0,1.0,1.0,8.0,1.0,3.0,11.0,15.0,99.0,1.0,1.0,414.0,48.0,1.0,1.0,0.0,202304773096.0,12.0,6.0,2.0,2.0,1.0,1.0,4.0,19.0,2.0,1.0,1.0,9.0,0.0,20.0,1.0,98.0
480738,1,98,93.0,51.0,1.0,1.0,-99.0,48.0,73.0,12.0,49.0,4.0,36.0,1.0,1.0,4.0,3.0,0.0,9.0,0.0,0.0,0.0,6.0,48.0,2.0,12.0,1.0,0.0,2T1BU40EX9C1,2009.0,448.0,2208.0,13.0,49.0,Toyota,32.0,4.0,1.0,0.0,0.0,998.0,0.0,0.0,0.0,12.0,7.0,12.0,0.0,0.0,1.0,48.0,75645.0,1.0,6.0,3.0,Valid license for this class vehicle,3.0,999.0,999.0,0.0,0.0,0.0,0.0,No Record,0.0,0.0,0.0,0.0,1.0,2.0,60.0,2.0,3.0,8.0,2.0,97.0,14.0,54.0,7.0,1.0,2.0,303.0,48.0,1.0,1.0,0.0,202304837805.0,12.0,5.0,3.0,4.0,2.0,1.0,4.0,36.0,1.0,4.0,1.0,9.0,0.0,49.0,1.0,98.0
480744,2,98,96.0,0.0,1.0,1.0,-99.0,48.0,113.0,12.0,49.0,4.0,21.0,1.0,1.0,4.0,3.0,0.0,9.0,0.0,0.0,0.0,7.0,48.0,2.0,12.0,1.0,0.0,5YFEPRAEXLP0,2020.0,448.0,2208.0,13.0,49.0,Toyota,32.0,4.0,1.0,0.0,0.0,998.0,8.0,0.0,0.0,6.0,7.0,12.0,0.0,0.0,1.0,48.0,75237.0,1.0,6.0,3.0,Valid license for this class vehicle,3.0,69.0,163.0,0.0,0.0,0.0,0.0,No Record,0.0,0.0,0.0,0.0,2.0,4.0,45.0,1.0,2.0,8.0,1.0,0.0,1.0,60.0,99.0,1.0,1.0,203.0,48.0,2.0,1.0,0.0,202305000561.0,12.0,2.0,3.0,1.0,1.0,1.0,4.0,34.0,1.0,1.0,1.0,20.0,0.0,49.0,4.0,0.0
480757,1,98,93.0,38.0,1.0,9999.0,-99.0,48.0,453.0,12.0,35.0,4.0,72.0,1.0,1.0,4.0,3.0,0.0,8.0,0.0,8.0,995.0,7.0,48.0,2.0,12.0,2.0,0.0,1N4BL4CV1MN3,2021.0,478.0,1904.0,13.0,35.0,Nissan/Datsun,47.0,4.0,1.0,0.0,0.0,998.0,8.0,0.0,0.0,9.0,7.0,12.0,0.0,0.0,1.0,48.0,78749.0,1.0,6.0,3.0,Valid license for this class vehicle,0.0,999.0,999.0,0.0,1.0,0.0,8.0,August,2020.0,6.0,2021.0,0.0,0.0,0.0,0.0,0.0,0.0,0.0,0.0,0.0,11.0,15.0,99.0,1.0,7.0,414.0,48.0,1.0,1.0,0.0,202304860684.0,33.0,5.0,4.0,0.0,1.0,1.0,4.0,26.0,2.0,0.0,1.0,20.0,0.0,35.0,1.0,9.0
480766,1,98,96.0,104.0,1.0,0.0,-99.0,48.0,465.0,12.0,35.0,4.0,21.0,1.0,1.0,0.0,3.0,0.0,8.0,0.0,8.0,996.0,0.0,48.0,2.0,12.0,3.0,0.0,1N4AL3AP0HC2,2017.0,478.0,1904.0,13.0,35.0,Nissan/Datsun,47.0,4.0,1.0,0.0,0.0,998.0,0.0,0.0,0.0,9.0,7.0,12.0,0.0,0.0,1.0,48.0,76118.0,1.0,6.0,3.0,Valid license for this class vehicle,3.0,999.0,999.0,0.0,0.0,0.0,0.0,No Record,0.0,0.0,0.0,0.0,1.0,2.0,55.0,1.0,1.0,8.0,1.0,20.0,1.0,17.0,99.0,1.0,1.0,504.0,48.0,0.0,1.0,0.0,202305232017.0,12.0,4.0,8.0,0.0,1.0,1.0,4.0,32.0,1.0,0.0,1.0,20.0,0.0,35.0,2.0,0.0
480767,1,98,96.0,0.0,1.0,9999.0,-99.0,48.0,499.0,12.0,12.0,4.0,69.0,2.0,1.0,4.0,3.0,0.0,8.0,0.0,8.0,995.0,7.0,48.0,2.0,12.0,1.0,0.0,3FA6P0G73HR1,2017.0,460.0,1780.0,13.0,12.0,Ford,23.0,4.0,1.0,0.0,0.0,998.0,8.0,0.0,0.0,12.0,7.0,12.0,0.0,0.0,1.0,48.0,75783.0,1.0,6.0,3.0,Valid license for this class vehicle,3.0,999.0,999.0,0.0,0.0,0.0,0.0,No Record,0.0,0.0,0.0,0.0,1.0,2.0,60.0,1.0,1.0,8.0,1.0,0.0,1.0,62.0,99.0,1.0,1.0,302.0,48.0,1.0,1.0,0.0,202305437465.0,12.0,7.0,11.0,0.0,1.0,1.0,4.0,41.0,2.0,0.0,1.0,20.0,0.0,12.0,1.0,0.0
480772,1,98,7.0,28.0,1.0,0.0,-99.0,48.0,113.0,12.0,7.0,14.0,22.0,1.0,1.0,3.0,3.0,0.0,9.0,0.0,8.0,996.0,0.0,48.0,2.0,12.0,1.0,0.0,3C4PDCGB7LT2,2020.0,476.0,1939.0,7.0,7.0,Dodge,404.0,14.0,1.0,0.0,0.0,998.0,0.0,0.0,0.0,12.0,7.0,12.0,0.0,0.0,1.0,48.0,75149.0,1.0,6.0,3.0,Valid license for this class vehicle,0.0,999.0,999.0,0.0,0.0,0.0,0.0,No Record,0.0,0.0,0.0,0.0,1.0,2.0,35.0,1.0,1.0,8.0,1.0,0.0,1.0,10.0,99.0,1.0,2.0,301.0,48.0,0.0,1.0,0.0,202304839807.0,12.0,1.0,3.0,4.0,1.0,1.0,14.0,22.0,1.0,3.0,1.0,9.0,0.0,7.0,1.0,98.0
480778,1,98,96.0,28.0,1.0,9999.0,-99.0,48.0,257.0,12.0,49.0,6.0,21.0,2.0,1.0,4.0,20.0,7.0,8.0,0.0,8.0,995.0,7.0,48.0,2.0,12.0,2.0,0.0,JTLKE50E5810,2008.0,448.0,2210.0,7.0,49.0,Toyota,49.0,6.0,1.0,0.0,0.0,998.0,8.0,0.0,0.0,12.0,7.0,12.0,0.0,0.0,1.0,48.0,75150.0,1.0,6.0,3.0,Valid license for this class vehicle,0.0,999.0,999.0,0.0,0.0,0.0,0.0,No Record,0.0,0.0,0.0,4.0,1.0,2.0,55.0,3.0,1.0,8.0,2.0,0.0,14.0,6.0,99.0,2.0,2.0,301.0,48.0,1.0,1.0,0.0,202304852124.0,12.0,7.0,4.0,3.0,1.0,1.0,6.0,17.0,2.0,0.0,1.0,20.0,0.0,49.0,1.0,98.0
480783,1,2,96.0,0.0,1.0,1.0,-99.0,48.0,497.0,58.0,12.0,34.0,22.0,1.0,1.0,4.0,99.0,7.0,99.0,0.0,1.0,156.0,6.0,48.0,1.0,58.0,1.0,0.0,1FT7W2BT3FEC,2015.0,460.0,1805.0,60.0,12.0,Ford,481.0,34.0,1.0,0.0,0.0,998.0,7.0,0.0,0.0,98.0,7.0,58.0,1.0,1.0,1.0,48.0,76234.0,1.0,6.0,3.0,Valid license for this class vehicle,3.0,48.0,120.0,0.0,0.0,2.0,8.0,August,2019.0,11.0,2022.0,0.0,1.0,2.0,70.0,1.0,1.0,8.0,1.0,0.0,1.0,13.0,99.0,1.0,4.0,101.0,48.0,1.0,1.0,0.0,202305124523.0,12.0,5.0,5.0,0.0,2.0,1.0,34.0,54.0,1.0,0.0,1.0,20.0,0.0,12.0,1.0,0.0
480786,1,98,96.0,0.0,1.0,1.0,-99.0,48.0,201.0,33.0,76.0,80.0,25.0,1.0,1.0,4.0,20.0,7.0,20.0,8.0,0.0,0.0,7.0,48.0,1.0,33.0,1.0,0.0,JYARJ16E3GA0,2016.0,564.0,3211.0,80.0,76.0,Yamaha,705.0,80.0,1.0,0.0,0.0,998.0,7.0,8.0,8.0,98.0,7.0,33.0,0.0,0.0,1.0,48.0,77376.0,1.0,6.0,3.0,Valid license for this class vehicle,3.0,69.0,168.0,0.0,0.0,0.0,0.0,No Record,0.0,0.0,0.0,0.0,1.0,2.0,45.0,1.0,1.0,8.0,1.0,0.0,1.0,13.0,99.0,1.0,4.0,101.0,48.0,2.0,1.0,0.0,202305157788.0,33.0,5.0,7.0,4.0,1.0,1.0,80.0,24.0,1.0,4.0,1.0,20.0,8.0,76.0,1.0,98.0
480792,3,98,96.0,0.0,1.0,0.0,-99.0,48.0,135.0,12.0,73.0,80.0,22.0,1.0,1.0,3.0,20.0,7.0,20.0,8.0,8.0,996.0,0.0,48.0,4.0,12.0,1.0,0.0,JKBZXJH12PA0,2023.0,510.0,12989.0,80.0,73.0,Kawasaki,705.0,80.0,1.0,0.0,0.0,998.0,7.0,8.0,8.0,12.0,7.0,12.0,0.0,0.0,1.0,48.0,79705.0,1.0,6.0,2.0,No valid license for this class vehicle,0.0,999.0,999.0,0.0,2.0,0.0,12.0,December,2018.0,4.0,2019.0,3.0,5.0,6.0,45.0,1.0,1.0,2.0,1.0,0.0,1.0,17.0,99.0,9.0,1.0,998.0,48.0,0.0,1.0,0.0,202305162020.0,12.0,6.0,7.0,1.0,1.0,1.0,80.0,39.0,1.0,1.0,1.0,20.0,8.0,73.0,1.0,98.0
480795,1,98,96.0,28.0,1.0,5997.0,-99.0,48.0,85.0,12.0,49.0,4.0,21.0,1.0,1.0,4.0,20.0,7.0,9.0,0.0,8.0,170.0,7.0,48.0,3.0,12.0,1.0,0.0,4T1BF28B02U2,2002.0,448.0,2465.0,13.0,49.0,Toyota,43.0,4.0,1.0,0.0,0.0,998.0,0.0,0.0,0.0,12.0,7.0,12.0,0.0,1.0,1.0,48.0,75409.0,1.0,6.0,3.0,Valid license for this class vehicle,0.0,67.0,121.0,0.0,1.0,0.0,11.0,November,2020.0,11.0,2020.0,4.0,5.0,5.0,60.0,1.0,2.0,8.0,1.0,0.0,1.0,51.0,99.0,1.0,1.0,209.0,48.0,1.0,1.0,0.0,202305047496.0,12.0,2.0,6.0,0.0,1.0,1.0,4.0,31.0,2.0,0.0,1.0,1.0,0.0,49.0,1.0,0.0
480795,3,98,96.0,0.0,1.0,0.0,-99.0,48.0,85.0,12.0,12.0,34.0,43.0,1.0,1.0,2.0,3.0,0.0,9.0,0.0,8.0,996.0,0.0,48.0,3.0,12.0,3.0,0.0,1FTFW1E86MFB,2021.0,460.0,1801.0,60.0,12.0,Ford,481.0,34.0,1.0,0.0,0.0,998.0,0.0,3.0,1.0,12.0,7.0,1.0,0.0,0.0,1.0,48.0,75407.0,1.0,6.0,3.0,Valid license for this class vehicle,3.0,999.0,999.0,0.0,0.0,0.0,0.0,No Record,0.0,0.0,0.0,0.0,5.0,5.0,60.0,1.0,2.0,8.0,1.0,0.0,1.0,62.0,99.0,1.0,1.0,998.0,48.0,0.0,1.0,0.0,202305213623.0,12.0,4.0,8.0,1.0,1.0,1.0,34.0,41.0,1.0,1.0,1.0,8.0,0.0,12.0,2.0,0.0
480806,1,9,96.0,0.0,1.0,3033.0,-99.0,48.0,183.0,38.0,34.0,4.0,44.0,1.0,1.0,4.0,20.0,7.0,9.0,0.0,1.0,13.0,7.0,48.0,1.0,38.0,1.0,0.0,WBADT63472CH,2002.0,452.0,2585.0,13.0,34.0,BMW,35.0,4.0,1.0,0.0,0.0,998.0,7.0,0.0,0.0,81.0,7.0,38.0,0.0,1.0,1.0,48.0,75662.0,1.0,3.0,2.0,No valid license for this class vehicle,0.0,999.0,999.0,1.0,0.0,0.0,8.0,August,2022.0,8.0,2022.0,5.0,1.0,2.0,60.0,3.0,1.0,8.0,1.0,97.0,14.0,13.0,99.0,1.0,4.0,101.0,48.0,1.0,1.0,0.0,202304850410.0,38.0,5.0,3.0,4.0,10.0,1.0,4.0,44.0,1.0,4.0,1.0,9.0,0.0,34.0,1.0,9.0
480822,1,98,93.0,6.0,1.0,0.0,-99.0,48.0,113.0,12.0,7.0,5.0,36.0,2.0,1.0,0.0,3.0,0.0,20.0,0.0,8.0,996.0,0.0,48.0,2.0,12.0,2.0,0.0,1B3HB48B78D6,2008.0,476.0,1896.0,5.0,7.0,Dodge,25.0,5.0,1.0,0.0,0.0,998.0,7.0,0.0,0.0,12.0,7.0,12.0,0.0,0.0,1.0,48.0,75180.0,1.0,3.0,2.0,No valid license for this class vehicle,3.0,999.0,999.0,0.0,0.0,0.0,10.0,October,2022.0,10.0,2022.0,0.0,1.0,2.0,25.0,1.0,1.0,8.0,1.0,0.0,11.0,15.0,99.0,1.0,1.0,401.0,48.0,0.0,1.0,0.0,202304852193.0,12.0,1.0,3.0,4.0,1.0,1.0,5.0,36.0,2.0,0.0,1.0,20.0,0.0,7.0,1.0,98.0