ST_CASE,VEH_NO_x,DRIMPAIR_x,DRDISTRACT,DRIVERRF,PER_NO_x,DRUGRES,DRUGACTQTY,STATE_x,COUNTY,HARM_EV_x,MAKE_x,BODY_TYP_x,AGE,SEX,PER_TYP_x,INJ_SEV,REST_USE,REST_MIS,AIR_BAG_x,EJECTION,DRINKING,ALC_RES,HISPANIC,STATE_y,VE_FORMS,HARM_EV_y,NUMOCCS,HIT_RUN,VIN,MOD_YEAR,VPICMAKE,VPICMODEL,VPICBODYCLASS,MAKE_y,MAKENAME,MODEL,BODY_TYP_y,HAZ_INV,HAZ_PLAC,HAZ_ID,TRAV_SP,UNDEROVERRIDE,ROLLOVER,ROLINLOC,IMPACT1,DEFORMED,M_HARM,FIRE_EXP,DR_DRINK,DR_PRES,L_STATE,DR_ZIP,L_TYPE,L_STATUS,L_COMPL,L_COMPLNAME,L_RESTRI,DR_HGT,DR_WGT,PREV_DWI,PREV_SPD,PREV_OTH,FIRST_MO,FIRST_MONAME,FIRST_YR,LAST_MO,LAST_YR,SPEEDREL,VTRAFWAY,VNUM_LAN,VSPD_LIM,VALIGN,VPROFILE,VPAVETYP,VSURCOND,VTRAFCON,P_CRASH1,P_CRASH2,P_CRASH3,PCRASH4,PCRASH5,ACC_CONFIG,STATE,RACE,ORDER,MULTRACE,CASENUM,HARM_EV,DAY_WEEK,MONTH,MAXSEV_IM,WEATHR_IM,PER_NO_y,BODY_TYP,AGE_IM,SEX_IM,INJSEV_IM,PER_TYP_y,AIR_BAG_y,EJECT_IM,MAKE,VEH_NO_y,DRIMPAIR_y
480825,1,9,96.0,0.0,1.0,3026.0,-99.0,48.0,85.0,1.0,72.0,80.0,55.0,1.0,1.0,4.0,20.0,7.0,20.0,8.0,1.0,141.0,7.0,48.0,1.0,1.0,2.0,0.0,1HD1KZF17LB6,2020.0,3888.0,27273.0,81.0,72.0,Harley-Davidson,706.0,80.0,1.0,0.0,0.0,998.0,7.0,8.0,8.0,0.0,7.0,1.0,0.0,1.0,1.0,48.0,75060.0,1.0,6.0,2.0,No valid license for this class vehicle,0.0,69.0,236.0,0.0,0.0,0.0,0.0,No Record,0.0,0.0,0.0,0.0,1.0,2.0,55.0,3.0,1.0,8.0,1.0,97.0,1.0,13.0,99.0,1.0,4.0,101.0,48.0,1.0,1.0,0.0,202305106891.0,12.0,1.0,7.0,2.0,1.0,1.0,80.0,48.0,1.0,2.0,1.0,20.0,8.0,72.0,2.0,0.0
480832,1,98,96.0,0.0,1.0,1.0,-99.0,48.0,147.0,42.0,49.0,4.0,26.0,1.0,1.0,4.0,3.0,0.0,98.0,0.0,0.0,0.0,7.0,48.0,1.0,42.0,1.0,0.0,4T1BF1FK2CU1,2012.0,448.0,2469.0,13.0,49.0,Toyota,40.0,4.0,1.0,0.0,0.0,998.0,7.0,3.0,6.0,12.0,7.0,2.0,1.0,0.0,1.0,48.0,75442.0,1.0,6.0,3.0,Valid license for this class vehicle,0.0,999.0,999.0,0.0,0.0,0.0,0.0,No Record,0.0,0.0,0.0,5.0,1.0,2.0,60.0,3.0,1.0,8.0,2.0,97.0,14.0,13.0,99.0,9.0,4.0,101.0,48.0,1.0,1.0,0.0,202304770108.0,12.0,4.0,2.0,0.0,1.0,1.0,4.0,20.0,1.0,0.0,1.0,20.0,0.0,49.0,1.0,0.0
480838,2,98,96.0,0.0,1.0,0.0,-99.0,48.0,121.0,12.0,42.0,20.0,52.0,1.0,1.0,0.0,3.0,0.0,8.0,0.0,8.0,996.0,0.0,48.0,3.0,12.0,1.0,0.0,W1XV0BEM7L37,2020.0,449.0,11451.0,95.0,42.0,Mercedes-Benz,462.0,20.0,1.0,0.0,0.0,998.0,8.0,0.0,0.0,12.0,7.0,12.0,0.0,0.0,1.0,48.0,76207.0,1.0,6.0,3.0,Valid license for this class vehicle,0.0,999.0,999.0,0.0,0.0,0.0,0.0,No Record,0.0,0.0,0.0,0.0,5.0,5.0,50.0,1.0,1.0,8.0,1.0,0.0,99.0,62.0,99.0,1.0,1.0,302.0,48.0,0.0,1.0,0.0,202305138883.0,12.0,4.0,6.0,0.0,10.0,1.0,20.0,63.0,1.0,0.0,1.0,20.0,0.0,42.0,2.0,0.0
480846,2,98,96.0,0.0,1.0,5060.0,-99.0,48.0,185.0,12.0,49.0,4.0,22.0,2.0,1.0,4.0,3.0,0.0,8.0,0.0,8.0,30.0,4.0,48.0,2.0,12.0,1.0,0.0,2T1BU4EE9BC5,2011.0,448.0,2208.0,13.0,49.0,Toyota,32.0,4.0,1.0,0.0,0.0,998.0,0.0,0.0,0.0,12.0,7.0,12.0,0.0,1.0,1.0,48.0,77388.0,1.0,6.0,3.0,Valid license for this class vehicle,0.0,999.0,999.0,0.0,0.0,0.0,0.0,No Record,0.0,0.0,0.0,0.0,1.0,2.0,65.0,3.0,1.0,8.0,2.0,0.0,14.0,54.0,99.0,1.0,1.0,302.0,48.0,1.0,1.0,0.0,202305472685.0,12.0,4.0,11.0,0.0,1.0,1.0,4.0,60.0,1.0,0.0,1.0,20.0,0.0,49.0,4.0,0.0
480847,2,98,96.0,0.0,1.0,9999.0,-99.0,48.0,141.0,12.0,52.0,5.0,54.0,1.0,1.0,4.0,3.0,0.0,9.0,0.0,8.0,995.0,1.0,48.0,2.0,12.0,2.0,0.0,ML32A4HJ6FH0,2015.0,481.0,2342.0,5.0,52.0,Mitsubishi,48.0,5.0,1.0,0.0,0.0,998.0,8.0,0.0,0.0,6.0,7.0,12.0,0.0,0.0,1.0,48.0,78245.0,1.0,6.0,3.0,Valid license for this class vehicle,0.0,999.0,999.0,0.0,0.0,0.0,0.0,No Record,0.0,0.0,0.0,0.0,5.0,3.0,45.0,1.0,1.0,8.0,1.0,0.0,1.0,53.0,99.0,1.0,1.0,201.0,48.0,1.0,1.0,0.0,202305075975.0,12.0,1.0,5.0,0.0,1.0,1.0,5.0,49.0,1.0,0.0,1.0,20.0,0.0,52.0,1.0,0.0
480857,1,98,96.0,0.0,1.0,0.0,-99.0,48.0,121.0,1.0,73.0,80.0,23.0,2.0,1.0,4.0,20.0,7.0,20.0,8.0,8.0,996.0,99.0,48.0,4.0,1.0,1.0,0.0,JKAEXEC1X9DA,2009.0,510.0,3203.0,80.0,73.0,Kawasaki,705.0,80.0,1.0,0.0,0.0,998.0,7.0,8.0,8.0,0.0,2.0,1.0,0.0,0.0,1.0,48.0,76205.0,1.0,6.0,3.0,Valid license for this class vehicle,0.0,999.0,999.0,0.0,0.0,0.0,0.0,No Record,0.0,0.0,0.0,0.0,3.0,5.0,70.0,3.0,3.0,8.0,1.0,0.0,14.0,4.0,99.0,3.0,3.0,998.0,48.0,1.0,1.0,0.0,202305100785.0,12.0,1.0,7.0,2.0,1.0,1.0,80.0,19.0,1.0,2.0,1.0,20.0,8.0,73.0,1.0,99.0
480857,2,98,96.0,60.0,1.0,9995.0,-99.0,48.0,121.0,1.0,55.0,4.0,21.0,1.0,1.0,0.0,3.0,0.0,8.0,0.0,8.0,995.0,0.0,48.0,4.0,1.0,1.0,0.0,5NPD84LF2HH1,2017.0,498.0,2735.0,13.0,55.0,Hyundai,35.0,4.0,1.0,0.0,0.0,998.0,8.0,0.0,0.0,12.0,7.0,12.0,0.0,0.0,1.0,48.0,76207.0,1.0,6.0,3.0,Valid license for this class vehicle,3.0,999.0,999.0,0.0,0.0,0.0,0.0,No Record,0.0,0.0,0.0,4.0,3.0,5.0,70.0,3.0,3.0,8.0,1.0,0.0,14.0,52.0,99.0,1.0,1.0,998.0,48.0,0.0,1.0,0.0,202304914843.0,12.0,4.0,3.0,0.0,1.0,1.0,4.0,24.0,2.0,0.0,1.0,20.0,0.0,55.0,1.0,0.0
480857,3,98,96.0,60.0,1.0,9995.0,-99.0,48.0,121.0,1.0,59.0,4.0,22.0,2.0,1.0,0.0,3.0,0.0,20.0,0.0,8.0,995.0,0.0,48.0,4.0,1.0,1.0,0.0,JTHBK1GG2F21,2015.0,515.0,2475.0,13.0,59.0,Lexus,31.0,4.0,1.0,0.0,0.0,998.0,8.0,0.0,0.0,12.0,7.0,12.0,0.0,0.0,1.0,48.0,76226.0,1.0,6.0,3.0,Valid license for this class vehicle,0.0,999.0,999.0,0.0,0.0,0.0,0.0,No Record,0.0,0.0,0.0,4.0,3.0,5.0,70.0,3.0,3.0,8.0,1.0,0.0,14.0,61.0,99.0,1.0,1.0,998.0,48.0,0.0,1.0,0.0,202305090739.0,12.0,2.0,7.0,2.0,1.0,1.0,4.0,45.0,2.0,2.0,1.0,20.0,0.0,59.0,2.0,0.0
480857,4,98,96.0,60.0,1.0,9995.0,-99.0,48.0,121.0,1.0,49.0,4.0,18.0,2.0,1.0,0.0,3.0,0.0,8.0,0.0,8.0,995.0,0.0,48.0,4.0,1.0,1.0,0.0,4T1BF1FK2CU5,2012.0,448.0,2469.0,13.0,49.0,Toyota,40.0,4.0,1.0,0.0,0.0,998.0,8.0,0.0,0.0,12.0,7.0,12.0,0.0,0.0,1.0,48.0,75028.0,1.0,6.0,3.0,Valid license for this class vehicle,3.0,999.0,999.0,0.0,0.0,0.0,0.0,No Record,0.0,0.0,0.0,4.0,3.0,5.0,70.0,3.0,3.0,8.0,1.0,0.0,14.0,61.0,99.0,1.0,1.0,998.0,48.0,0.0,1.0,0.0,202304961668.0,12.0,2.0,3.0,2.0,1.0,1.0,4.0,86.0,2.0,0.0,1.0,2.0,0.0,49.0,1.0,0.0
480869,1,98,96.0,51.0,1.0,1.0,-99.0,48.0,53.0,12.0,12.0,4.0,46.0,1.0,1.0,4.0,3.0,0.0,8.0,0.0,8.0,0.0,7.0,48.0,2.0,12.0,2.0,0.0,1FAHP3F21CL1,2012.0,460.0,1779.0,13.0,12.0,Ford,37.0,4.0,1.0,0.0,0.0,998.0,0.0,0.0,0.0,12.0,7.0,12.0,0.0,0.0,1.0,99.0,99999.0,9.0,9.0,9.0,Unknown,9.0,999.0,999.0,99.0,99.0,99.0,99.0,Unknown,9999.0,99.0,9999.0,0.0,5.0,5.0,55.0,1.0,1.0,8.0,2.0,0.0,1.0,54.0,99.0,1.0,1.0,303.0,48.0,98.0,1.0,0.0,202304969019.0,12.0,7.0,5.0,3.0,1.0,1.0,4.0,16.0,2.0,3.0,1.0,9.0,0.0,12.0,2.0,0.0
480879,1,98,93.0,6.0,1.0,0.0,-99.0,48.0,141.0,12.0,35.0,14.0,17.0,2.0,1.0,3.0,3.0,0.0,8.0,0.0,8.0,996.0,0.0,48.0,2.0,12.0,2.0,0.0,5N1DR2AN5LC6,2020.0,478.0,1911.0,7.0,35.0,Nissan/Datsun,401.0,14.0,1.0,0.0,0.0,998.0,8.0,0.0,0.0,3.0,7.0,12.0,0.0,0.0,1.0,48.0,79924.0,0.0,0.0,0.0,Not licensed,0.0,999.0,999.0,0.0,0.0,0.0,0.0,No Record,0.0,0.0,0.0,0.0,2.0,3.0,50.0,1.0,1.0,8.0,1.0,0.0,11.0,15.0,99.0,1.0,1.0,401.0,48.0,0.0,1.0,0.0,202305437168.0,12.0,3.0,11.0,1.0,2.0,1.0,14.0,37.0,2.0,1.0,1.0,8.0,0.0,35.0,2.0,0.0
480886,1,98,96.0,39.0,1.0,1.0,-99.0,48.0,39.0,12.0,55.0,4.0,45.0,1.0,1.0,4.0,3.0,0.0,8.0,0.0,8.0,0.0,6.0,48.0,2.0,12.0,1.0,0.0,KMHDU46D67U1,2007.0,498.0,2735.0,13.0,55.0,Hyundai,35.0,4.0,1.0,0.0,0.0,998.0,0.0,0.0,0.0,12.0,6.0,12.0,0.0,0.0,1.0,48.0,77422.0,1.0,6.0,3.0,Valid license for this class vehicle,0.0,66.0,276.0,0.0,3.0,3.0,10.0,October,2019.0,3.0,2023.0,0.0,1.0,2.0,45.0,1.0,1.0,2.0,1.0,20.0,1.0,19.0,99.0,1.0,1.0,505.0,48.0,98.0,1.0,0.0,202304748525.0,12.0,1.0,1.0,3.0,1.0,1.0,4.0,32.0,1.0,3.0,1.0,9.0,0.0,55.0,2.0,0.0
480888,1,98,96.0,38.0,1.0,9999.0,-99.0,48.0,189.0,12.0,37.0,4.0,61.0,1.0,1.0,4.0,3.0,0.0,8.0,0.0,8.0,995.0,99.0,48.0,2.0,12.0,1.0,0.0,2HGFB2F52CH5,2012.0,474.0,1863.0,13.0,37.0,Honda,31.0,4.0,1.0,0.0,0.0,998.0,8.0,0.0,0.0,63.0,6.0,12.0,0.0,0.0,1.0,48.0,79244.0,1.0,6.0,3.0,Valid license for this class vehicle,0.0,999.0,999.0,0.0,0.0,0.0,0.0,No Record,0.0,0.0,0.0,0.0,1.0,2.0,40.0,8.0,8.0,8.0,98.0,20.0,1.0,17.0,99.0,1.0,1.0,504.0,48.0,1.0,1.0,0.0,202305097138.0,12.0,3.0,7.0,0.0,1.0,1.0,4.0,85.0,2.0,0.0,1.0,20.0,0.0,37.0,2.0,0.0
480890,1,2,96.0,0.0,1.0,0.0,-99.0,48.0,423.0,42.0,35.0,4.0,62.0,1.0,1.0,3.0,3.0,0.0,8.0,0.0,8.0,996.0,0.0,48.0,1.0,42.0,2.0,0.0,3N1AB7APXKY3,2019.0,478.0,1907.0,13.0,35.0,Nissan/Datsun,43.0,4.0,1.0,0.0,0.0,998.0,7.0,0.0,0.0,12.0,7.0,42.0,0.0,0.0,1.0,29.0,63121.0,1.0,6.0,3.0,Valid license for this class vehicle,0.0,67.0,191.0,0.0,0.0,0.0,0.0,No Record,0.0,0.0,0.0,0.0,1.0,2.0,55.0,1.0,1.0,8.0,2.0,97.0,1.0,12.0,99.0,1.0,4.0,102.0,48.0,0.0,1.0,0.0,202304953167.0,12.0,5.0,5.0,1.0,10.0,1.0,4.0,32.0,2.0,1.0,1.0,20.0,0.0,35.0,2.0,0.0
480897,1,98,96.0,0.0,1.0,9999.0,-99.0,48.0,245.0,12.0,49.0,4.0,23.0,2.0,1.0,4.0,20.0,7.0,8.0,0.0,1.0,239.0,7.0,48.0,2.0,12.0,1.0,0.0,5YFBURHE9EP0,2014.0,448.0,2208.0,13.0,49.0,Toyota,32.0,4.0,1.0,0.0,0.0,998.0,8.0,0.0,0.0,12.0,7.0,12.0,0.0,1.0,1.0,48.0,77662.0,0.0,0.0,0.0,Not licensed,0.0,999.0,999.0,0.0,0.0,0.0,0.0,No Record,0.0,0.0,0.0,4.0,3.0,2.0,55.0,2.0,1.0,8.0,1.0,0.0,14.0,51.0,99.0,1.0,1.0,202.0,48.0,1.0,1.0,0.0,202304945113.0,12.0,2.0,5.0,0.0,1.0,1.0,4.0,54.0,1.0,0.0,1.0,20.0,0.0,49.0,1.0,98.0
480897,2,98,96.0,0.0,1.0,0.0,-99.0,48.0,245.0,12.0,7.0,4.0,34.0,1.0,1.0,0.0,3.0,0.0,20.0,0.0,8.0,996.0,0.0,48.0,2.0,12.0,3.0,0.0,1C3CDFBB0FD2,2015.0,476.0,2054.0,13.0,7.0,Dodge,29.0,4.0,1.0,0.0,0.0,998.0,8.0,0.0,0.0,6.0,7.0,12.0,0.0,0.0,1.0,55.0,70607.0,9.0,9.0,9.0,Unknown,9.0,999.0,999.0,99.0,99.0,99.0,99.0,Unknown,9999.0,99.0,9999.0,0.0,3.0,2.0,55.0,2.0,1.0,8.0,1.0,0.0,14.0,53.0,99.0,1.0,1.0,201.0,48.0,0.0,1.0,0.0,202304990612.0,12.0,1.0,3.0,1.0,1.0,1.0,4.0,62.0,1.0,1.0,1.0,1.0,0.0,7.0,1.0,0.0
480900,1,98,96.0,0.0,1.0,3026.0,-99.0,48.0,85.0,12.0,76.0,80.0,22.0,1.0,1.0,4.0,20.0,7.0,20.0,8.0,8.0,180.0,7.0,48.0,2.0,12.0,1.0,0.0,JYARJ16E7GA0,2016.0,564.0,3211.0,80.0,76.0,Yamaha,705.0,80.0,1.0,0.0,0.0,998.0,7.0,8.0,8.0,12.0,7.0,12.0,0.0,1.0,1.0,48.0,75074.0,1.0,6.0,2.0,No valid license for this class vehicle,0.0,73.0,157.0,0.0,0.0,0.0,11.0,November,2020.0,11.0,2020.0,3.0,1.0,4.0,35.0,1.0,1.0,8.0,1.0,0.0,1.0,17.0,99.0,1.0,1.0,402.0,48.0,1.0,1.0,0.0,202305498320.0,33.0,7.0,10.0,3.0,1.0,1.0,80.0,19.0,1.0,3.0,1.0,20.0,8.0,76.0,1.0,0.0
480905,1,98,93.0,6.0,1.0,0.0,-99.0,48.0,113.0,20.0,37.0,4.0,29.0,2.0,1.0,4.0,3.0,0.0,8.0,0.0,8.0,996.0,6.0,48.0,1.0,20.0,1.0,0.0,19XFC1F39KE0,2019.0,474.0,1863.0,13.0,37.0,Honda,31.0,4.0,1.0,0.0,0.0,998.0,7.0,0.0,0.0,12.0,6.0,20.0,0.0,0.0,1.0,48.0,75243.0,0.0,0.0,0.0,Not licensed,0.0,999.0,999.0,0.0,0.0,0.0,0.0,No Record,0.0,0.0,0.0,0.0,3.0,3.0,65.0,1.0,1.0,8.0,2.0,0.0,1.0,13.0,99.0,1.0,4.0,101.0,48.0,1.0,1.0,0.0,202304647331.0,11.0,6.0,1.0,0.0,10.0,1.0,4.0,60.0,2.0,0.0,1.0,20.0,0.0,37.0,1.0,0.0
480920,1,9,96.0,39.0,1.0,0.0,-99.0,48.0,183.0,12.0,2.0,15.0,57.0,2.0,1.0,3.0,20.0,7.0,8.0,0.0,1.0,183.0,0.0,48.0,2.0,12.0,1.0,0.0,1C4RJFAG4MC7,2021.0,483.0,1949.0,7.0,2.0,Jeep / Kaiser-Jeep / Willys- Jeep,422.0,15.0,1.0,0.0,0.0,998.0,8.0,0.0,0.0,12.0,7.0,12.0,0.0,1.0,1.0,48.0,75455.0,1.0,6.0,3.0,Valid license for this class vehicle,0.0,999.0,999.0,0.0,0.0,0.0,0.0,No Record,0.0,0.0,0.0,0.0,5.0,5.0,45.0,3.0,1.0,8.0,1.0,3.0,14.0,17.0,99.0,1.0,1.0,501.0,48.0,0.0,1.0,0.0,202304834856.0,12.0,1.0,3.0,4.0,1.0,1.0,15.0,57.0,2.0,3.0,1.0,8.0,0.0,2.0,1.0,9.0
480920,2,98,96.0,0.0,1.0,9999.0,-99.0,48.0,183.0,12.0,49.0,4.0,84.0,2.0,1.0,4.0,3.0,0.0,20.0,0.0,8.0,995.0,99.0,48.0,2.0,12.0,1.0,0.0,4T1BF1FK0EU4,2014.0,448.0,2469.0,13.0,49.0,Toyota,40.0,4.0,1.0,0.0,0.0,998.0,8.0,0.0,0.0,3.0,7.0,12.0,0.0,0.0,1.0,48.0,75605.0,1.0,6.0,3.0,Valid license for this class vehicle,0.0,999.0,999.0,0.0,0.0,0.0,0.0,No Record,0.0,0.0,0.0,0.0,5.0,5.0,98.0,8.0,8.0,8.0,98.0,3.0,1.0,66.0,99.0,1.0,1.0,502.0,48.0,1.0,1.0,0.0,202304834856.0,12.0,1.0,3.0,4.0,1.0,1.0,4.0,84.0,2.0,4.0,1.0,20.0,0.0,49.0,2.0,98.0
480926,1,2,0.0,84.0,1.0,9999.0,-99.0,48.0,325.0,12.0,35.0,4.0,26.0,1.0,1.0,4.0,3.0,0.0,8.0,0.0,8.0,995.0,99.0,48.0,2.0,12.0,1.0,0.0,1N4AL2AP6CC1,2012.0,478.0,1904.0,13.0,35.0,Nissan/Datsun,47.0,4.0,1.0,0.0,0.0,998.0,0.0,3.0,1.0,12.0,7.0,12.0,0.0,0.0,1.0,48.0,78801.0,1.0,6.0,3.0,Valid license for this class vehicle,0.0,999.0,999.0,0.0,0.0,0.0,0.0,No Record,0.0,0.0,0.0,0.0,1.0,2.0,70.0,2.0,1.0,8.0,1.0,0.0,14.0,6.0,7.0,1.0,2.0,301.0,48.0,1.0,1.0,0.0,202305752606.0,12.0,1.0,10.0,0.0,1.0,1.0,4.0,24.0,1.0,0.0,1.0,20.0,0.0,35.0,2.0,0.0
480931,1,98,93.0,48.0,1.0,1.0,-99.0,48.0,309.0,12.0,6.0,4.0,18.0,1.0,1.0,0.0,3.0,0.0,9.0,0.0,0.0,0.0,0.0,48.0,2.0,12.0,1.0,0.0,2C3CCACG3CH2,2012.0,477.0,1878.0,13.0,6.0,Chrysler,51.0,4.0,1.0,0.0,0.0,998.0,7.0,0.0,0.0,61.0,7.0,12.0,0.0,0.0,1.0,48.0,76707.0,0.0,0.0,0.0,Not licensed,0.0,999.0,999.0,0.0,0.0,0.0,0.0,No Record,0.0,0.0,0.0,0.0,1.0,2.0,50.0,1.0,1.0,8.0,1.0,0.0,12.0,21.0,99.0,1.0,6.0,998.0,48.0,0.0,1.0,0.0,202304748075.0,12.0,5.0,2.0,3.0,1.0,1.0,4.0,22.0,1.0,0.0,1.0,20.0,0.0,6.0,2.0,0.0
480933,1,9,96.0,73.0,1.0,9023.0,-99.0,48.0,113.0,45.0,55.0,14.0,56.0,2.0,1.0,4.0,3.0,0.0,20.0,0.0,0.0,0.0,99.0,48.0,1.0,45.0,1.0,0.0,5XYZG3AB4CG1,2012.0,498.0,2057.0,7.0,55.0,Hyundai,401.0,14.0,1.0,0.0,0.0,998.0,0.0,0.0,0.0,12.0,7.0,45.0,0.0,0.0,1.0,48.0,75216.0,2.0,6.0,2.0,No valid license for this class vehicle,2.0,68.0,170.0,0.0,0.0,0.0,3.0,March,2019.0,3.0,2019.0,4.0,2.0,3.0,45.0,1.0,1.0,8.0,1.0,40.0,1.0,51.0,99.0,1.0,1.0,103.0,48.0,2.0,1.0,0.0,202304873942.0,45.0,5.0,3.0,4.0,10.0,1.0,14.0,56.0,2.0,4.0,1.0,20.0,0.0,55.0,1.0,98.0
480936,2,98,96.0,36.0,1.0,9999.0,-99.0,48.0,61.0,12.0,35.0,3.0,25.0,1.0,1.0,4.0,20.0,7.0,20.0,0.0,8.0,995.0,6.0,48.0,2.0,12.0,2.0,0.0,JN1AZ34E34M1,2004.0,478.0,2303.0,3.0,35.0,Nissan/Datsun,48.0,3.0,1.0,0.0,0.0,998.0,8.0,0.0,0.0,9.0,7.0,12.0,0.0,0.0,1.0,48.0,78240.0,1.0,6.0,3.0,Valid license for this class vehicle,0.0,999.0,999.0,0.0,0.0,0.0,0.0,No Record,0.0,0.0,0.0,0.0,1.0,2.0,30.0,1.0,1.0,8.0,1.0,0.0,11.0,15.0,99.0,1.0,1.0,407.0,48.0,1.0,1.0,0.0,202305460578.0,52.0,4.0,11.0,2.0,1.0,1.0,3.0,38.0,2.0,2.0,1.0,1.0,0.0,35.0,1.0,0.0
480939,2,98,96.0,0.0,1.0,0.0,-99.0,48.0,113.0,1.0,37.0,4.0,19.0,1.0,1.0,0.0,3.0,0.0,20.0,0.0,8.0,996.0,0.0,48.0,3.0,1.0,1.0,0.0,JHMCP26379C0,2009.0,474.0,1861.0,13.0,37.0,Honda,32.0,4.0,1.0,0.0,0.0,0.0,7.0,0.0,0.0,6.0,2.0,12.0,0.0,0.0,1.0,48.0,75007.0,1.0,6.0,3.0,Valid license for this class vehicle,0.0,999.0,999.0,0.0,0.0,0.0,0.0,No Record,0.0,0.0,0.0,0.0,3.0,3.0,60.0,1.0,2.0,8.0,1.0,40.0,5.0,60.0,1.0,1.0,1.0,998.0,48.0,0.0,1.0,0.0,202304708970.0,12.0,1.0,1.0,0.0,10.0,1.0,4.0,88.0,2.0,0.0,1.0,20.0,0.0,37.0,1.0,0.0
480949,1,98,96.0,51.0,1.0,1.0,-99.0,48.0,423.0,12.0,49.0,4.0,21.0,2.0,1.0,4.0,3.0,0.0,8.0,0.0,1.0,47.0,99.0,48.0,2.0,12.0,3.0,0.0,4T1BF1FK8CU2,2012.0,448.0,2469.0,13.0,49.0,Toyota,40.0,4.0,1.0,0.0,0.0,998.0,8.0,0.0,0.0,12.0,6.0,12.0,0.0,1.0,1.0,48.0,75791.0,1.0,6.0,3.0,Valid license for this class vehicle,0.0,999.0,999.0,0.0,1.0,0.0,7.0,July,2021.0,7.0,2021.0,0.0,1.0,3.0,70.0,1.0,1.0,8.0,1.0,0.0,1.0,10.0,99.0,1.0,2.0,301.0,48.0,1.0,1.0,0.0,202305278721.0,12.0,5.0,10.0,0.0,1.0,1.0,4.0,66.0,1.0,0.0,1.0,20.0,0.0,49.0,3.0,0.0
480956,1,9,96.0,0.0,1.0,1.0,-99.0,48.0,113.0,20.0,55.0,14.0,45.0,2.0,1.0,4.0,20.0,7.0,8.0,0.0,1.0,153.0,99.0,48.0,1.0,20.0,1.0,0.0,5XYZU3LB7EG2,2014.0,498.0,2057.0,7.0,55.0,Hyundai,401.0,14.0,1.0,0.0,0.0,998.0,7.0,0.0,0.0,12.0,7.0,20.0,0.0,1.0,1.0,48.0,75224.0,1.0,6.0,3.0,Valid license for this class vehicle,0.0,61.0,240.0,0.0,0.0,0.0,5.0,May,2018.0,10.0,2020.0,0.0,3.0,3.0,60.0,2.0,1.0,8.0,1.0,0.0,14.0,13.0,99.0,1.0,4.0,101.0,48.0,2.0,1.0,0.0,202304877536.0,20.0,2.0,4.0,4.0,1.0,1.0,14.0,45.0,2.0,4.0,1.0,8.0,0.0,55.0,1.0,9.0
480969,1,98,96.0,0.0,1.0,9999.0,-99.0,48.0,201.0,53.0,49.0,4.0,17.0,1.0,1.0,4.0,20.0,7.0,9.0,0.0,8.0,995.0,6.0,48.0,1.0,53.0,1.0,0.0,1NXBR32E66Z6,2006.0,448.0,2208.0,13.0,49.0,Toyota,32.0,4.0,1.0,0.0,0.0,998.0,7.0,3.0,5.0,12.0,4.0,38.0,0.0,0.0,1.0,48.0,77037.0,2.0,6.0,3.0,Valid license for this class vehicle,3.0,999.0,999.0,0.0,0.0,0.0,0.0,No Record,0.0,0.0,0.0,4.0,1.0,2.0,30.0,1.0,1.0,8.0,2.0,0.0,1.0,6.0,99.0,4.0,4.0,102.0,48.0,1.0,1.0,0.0,202305115365.0,12.0,7.0,7.0,0.0,10.0,1.0,4.0,60.0,1.0,0.0,1.0,20.0,0.0,49.0,2.0,0.0
480974,1,9,96.0,0.0,1.0,0.0,-99.0,48.0,141.0,12.0,52.0,5.0,47.0,1.0,1.0,4.0,3.0,0.0,9.0,0.0,1.0,269.0,6.0,48.0,2.0,12.0,1.0,0.0,ML32A3HJ1EH0,2014.0,481.0,2342.0,5.0,52.0,Mitsubishi,48.0,5.0,1.0,0.0,0.0,0.0,8.0,0.0,0.0,6.0,7.0,12.0,0.0,1.0,1.0,48.0,79915.0,1.0,6.0,3.0,Valid license for this class vehicle,0.0,999.0,999.0,0.0,0.0,0.0,0.0,No Record,0.0,0.0,0.0,0.0,3.0,4.0,60.0,1.0,1.0,8.0,1.0,0.0,5.0,53.0,1.0,1.0,1.0,201.0,48.0,1.0,1.0,0.0,202305234449.0,12.0,2.0,9.0,1.0,2.0,1.0,5.0,56.0,2.0,1.0,1.0,2.0,0.0,52.0,2.0,0.0
480974,2,98,96.0,0.0,1.0,0.0,-99.0,48.0,141.0,12.0,12.0,6.0,31.0,2.0,1.0,0.0,3.0,0.0,9.0,0.0,8.0,996.0,0.0,48.0,2.0,12.0,2.0,0.0,2FMDK4KC1BBA,2011.0,460.0,1797.0,7.0,12.0,Ford,24.0,6.0,1.0,0.0,0.0,998.0,8.0,0.0,0.0,12.0,7.0,12.0,0.0,0.0,1.0,48.0,79905.0,7.0,6.0,3.0,Valid license for this class vehicle,3.0,999.0,999.0,0.0,0.0,0.0,0.0,No Record,0.0,0.0,0.0,0.0,3.0,4.0,60.0,1.0,1.0,8.0,1.0,0.0,1.0,50.0,99.0,1.0,1.0,202.0,48.0,0.0,1.0,0.0,202305204950.0,14.0,7.0,3.0,0.0,2.0,1.0,6.0,34.0,2.0,0.0,1.0,20.0,0.0,12.0,1.0,99.0