ST_CASE,VEH_NO_x,DRIMPAIR_x,DRDISTRACT,DRIVERRF,PER_NO_x,DRUGRES,DRUGACTQTY,STATE_x,COUNTY,HARM_EV_x,MAKE_x,BODY_TYP_x,AGE,SEX,PER_TYP_x,INJ_SEV,REST_USE,REST_MIS,AIR_BAG_x,EJECTION,DRINKING,ALC_RES,HISPANIC,STATE_y,VE_FORMS,HARM_EV_y,NUMOCCS,HIT_RUN,VIN,MOD_YEAR,VPICMAKE,VPICMODEL,VPICBODYCLASS,MAKE_y,MAKENAME,MODEL,BODY_TYP_y,HAZ_INV,HAZ_PLAC,HAZ_ID,TRAV_SP,UNDEROVERRIDE,ROLLOVER,ROLINLOC,IMPACT1,DEFORMED,M_HARM,FIRE_EXP,DR_DRINK,DR_PRES,L_STATE,DR_ZIP,L_TYPE,L_STATUS,L_COMPL,L_COMPLNAME,L_RESTRI,DR_HGT,DR_WGT,PREV_DWI,PREV_SPD,PREV_OTH,FIRST_MO,FIRST_MONAME,FIRST_YR,LAST_MO,LAST_YR,SPEEDREL,VTRAFWAY,VNUM_LAN,VSPD_LIM,VALIGN,VPROFILE,VPAVETYP,VSURCOND,VTRAFCON,P_CRASH1,P_CRASH2,P_CRASH3,PCRASH4,PCRASH5,ACC_CONFIG,STATE,RACE,ORDER,MULTRACE,CASENUM,HARM_EV,DAY_WEEK,MONTH,MAXSEV_IM,WEATHR_IM,PER_NO_y,BODY_TYP,AGE_IM,SEX_IM,INJSEV_IM,PER_TYP_y,AIR_BAG_y,EJECT_IM,MAKE,VEH_NO_y,DRIMPAIR_y
481162,1,98,96.0,0.0,1.0,9997.0,-99.0,48.0,329.0,12.0,20.0,4.0,18.0,1.0,1.0,2.0,3.0,0.0,9.0,0.0,8.0,996.0,0.0,48.0,2.0,12.0,1.0,0.0,2G1WG5EKXB12,2011.0,467.0,1833.0,13.0,20.0,Chevrolet,2.0,4.0,1.0,0.0,0.0,112.0,0.0,0.0,0.0,12.0,7.0,12.0,0.0,0.0,1.0,48.0,79705.0,1.0,6.0,3.0,Valid license for this class vehicle,0.0,999.0,999.0,0.0,0.0,0.0,0.0,No Record,0.0,0.0,0.0,3.0,5.0,5.0,60.0,1.0,1.0,8.0,1.0,0.0,1.0,62.0,99.0,1.0,1.0,402.0,48.0,0.0,1.0,0.0,202304718579.0,39.0,6.0,2.0,3.0,1.0,1.0,4.0,27.0,2.0,3.0,1.0,1.0,0.0,20.0,1.0,9.0
481163,1,98,96.0,38.0,1.0,1.0,-99.0,48.0,453.0,12.0,35.0,2.0,27.0,1.0,1.0,4.0,3.0,0.0,8.0,0.0,8.0,0.0,1.0,48.0,2.0,12.0,1.0,0.0,1N4AL2EP3AC1,2010.0,478.0,1904.0,3.0,35.0,Nissan/Datsun,47.0,2.0,1.0,0.0,0.0,998.0,0.0,0.0,0.0,9.0,6.0,12.0,0.0,0.0,1.0,96.0,78641.0,9.0,9.0,9.0,Unknown,9.0,999.0,999.0,99.0,99.0,99.0,99.0,Unknown,9999.0,99.0,9999.0,0.0,1.0,2.0,98.0,2.0,8.0,8.0,2.0,20.0,4.0,17.0,99.0,1.0,1.0,504.0,48.0,1.0,1.0,0.0,202304752989.0,12.0,7.0,1.0,0.0,1.0,1.0,2.0,36.0,1.0,0.0,1.0,20.0,0.0,35.0,1.0,0.0
481166,1,98,96.0,0.0,1.0,9999.0,-99.0,48.0,183.0,12.0,41.0,4.0,27.0,1.0,1.0,4.0,3.0,0.0,8.0,0.0,8.0,995.0,6.0,48.0,4.0,12.0,1.0,0.0,JM1GJ1W57E11,2014.0,473.0,2078.0,13.0,41.0,Mazda,50.0,4.0,1.0,0.0,0.0,998.0,8.0,0.0,0.0,9.0,7.0,12.0,0.0,0.0,1.0,48.0,75482.0,1.0,6.0,3.0,Valid license for this class vehicle,3.0,999.0,999.0,0.0,1.0,1.0,8.0,August,2019.0,10.0,2021.0,0.0,1.0,3.0,55.0,1.0,1.0,8.0,1.0,3.0,1.0,66.0,99.0,1.0,1.0,504.0,48.0,1.0,1.0,0.0,202304930782.0,12.0,1.0,4.0,4.0,1.0,1.0,4.0,27.0,1.0,4.0,1.0,8.0,0.0,41.0,1.0,98.0
481166,2,98,96.0,39.0,1.0,0.0,-99.0,48.0,183.0,12.0,2.0,14.0,53.0,1.0,1.0,2.0,3.0,0.0,9.0,0.0,8.0,996.0,0.0,48.0,4.0,12.0,1.0,0.0,1C4HJXFN7MW6,2021.0,483.0,1943.0,7.0,2.0,Jeep / Kaiser-Jeep / Willys- Jeep,403.0,14.0,1.0,0.0,0.0,998.0,8.0,3.0,1.0,12.0,7.0,12.0,0.0,0.0,1.0,48.0,75645.0,1.0,6.0,3.0,Valid license for this class vehicle,3.0,999.0,999.0,0.0,2.0,1.0,10.0,October,2018.0,1.0,2023.0,0.0,1.0,5.0,55.0,8.0,8.0,8.0,98.0,3.0,1.0,17.0,99.0,1.0,1.0,503.0,48.0,0.0,1.0,0.0,202304930782.0,12.0,1.0,4.0,4.0,1.0,1.0,14.0,53.0,1.0,2.0,1.0,9.0,0.0,2.0,2.0,98.0
481166,3,98,96.0,0.0,1.0,0.0,-99.0,48.0,183.0,12.0,49.0,34.0,54.0,1.0,1.0,0.0,3.0,0.0,20.0,0.0,8.0,996.0,0.0,48.0,4.0,12.0,1.0,0.0,5TFCZ5AN6KX1,2019.0,448.0,2223.0,60.0,49.0,Toyota,472.0,34.0,1.0,0.0,0.0,0.0,8.0,0.0,0.0,12.0,7.0,12.0,0.0,0.0,1.0,48.0,75604.0,1.0,6.0,3.0,Valid license for this class vehicle,0.0,999.0,999.0,0.0,0.0,0.0,0.0,No Record,0.0,0.0,0.0,0.0,1.0,5.0,55.0,8.0,8.0,8.0,98.0,3.0,5.0,66.0,1.0,1.0,1.0,998.0,48.0,0.0,1.0,0.0,202304930782.0,12.0,1.0,4.0,4.0,1.0,1.0,34.0,54.0,1.0,0.0,1.0,20.0,0.0,49.0,3.0,98.0
481166,4,98,96.0,0.0,1.0,0.0,-99.0,48.0,183.0,12.0,37.0,5.0,21.0,1.0,1.0,0.0,3.0,0.0,9.0,0.0,8.0,996.0,0.0,48.0,4.0,12.0,3.0,0.0,JHMGK5H77GS0,2016.0,474.0,2127.0,5.0,37.0,Honda,39.0,5.0,1.0,0.0,0.0,0.0,8.0,0.0,0.0,12.0,7.0,12.0,0.0,0.0,1.0,48.0,75603.0,1.0,6.0,3.0,Valid license for this class vehicle,0.0,999.0,999.0,0.0,0.0,0.0,0.0,No Record,0.0,0.0,0.0,0.0,1.0,5.0,55.0,8.0,8.0,8.0,98.0,3.0,5.0,66.0,1.0,1.0,1.0,998.0,48.0,0.0,1.0,0.0,202304930782.0,12.0,1.0,4.0,4.0,1.0,1.0,5.0,21.0,1.0,0.0,1.0,9.0,0.0,37.0,4.0,98.0
481170,1,98,96.0,0.0,1.0,1.0,-99.0,48.0,113.0,24.0,35.0,4.0,34.0,1.0,1.0,4.0,3.0,0.0,8.0,0.0,8.0,0.0,1.0,48.0,1.0,24.0,1.0,0.0,1N4AL2AP8CC1,2012.0,478.0,1904.0,13.0,35.0,Nissan/Datsun,47.0,4.0,1.0,0.0,0.0,998.0,7.0,0.0,0.0,62.0,7.0,24.0,0.0,0.0,1.0,48.0,75217.0,1.0,3.0,2.0,No valid license for this class vehicle,0.0,70.0,174.0,0.0,0.0,0.0,0.0,No Record,0.0,0.0,0.0,4.0,3.0,2.0,65.0,1.0,1.0,8.0,1.0,0.0,1.0,13.0,99.0,1.0,4.0,101.0,48.0,1.0,1.0,0.0,202304872162.0,25.0,6.0,4.0,0.0,2.0,1.0,4.0,20.0,1.0,0.0,1.0,20.0,0.0,35.0,2.0,0.0
481174,1,98,96.0,27.0,1.0,0.0,-99.0,48.0,201.0,12.0,63.0,4.0,19.0,2.0,1.0,4.0,20.0,7.0,9.0,0.0,1.0,149.0,7.0,48.0,2.0,12.0,4.0,0.0,5XXGN4A77DG1,2013.0,499.0,2739.0,13.0,63.0,KIA,34.0,4.0,1.0,0.0,0.0,998.0,0.0,0.0,0.0,12.0,7.0,12.0,0.0,1.0,1.0,48.0,77379.0,0.0,0.0,0.0,Not licensed,0.0,62.0,194.0,0.0,0.0,0.0,0.0,No Record,0.0,0.0,0.0,4.0,2.0,2.0,35.0,1.0,1.0,1.0,1.0,0.0,1.0,10.0,99.0,1.0,3.0,209.0,48.0,2.0,1.0,0.0,202305253423.0,12.0,6.0,9.0,0.0,2.0,1.0,4.0,38.0,2.0,0.0,1.0,20.0,0.0,63.0,3.0,0.0
481175,1,9,96.0,58.0,1.0,5060.0,-99.0,48.0,215.0,42.0,2.0,14.0,21.0,2.0,1.0,4.0,3.0,0.0,20.0,0.0,1.0,180.0,1.0,48.0,1.0,42.0,1.0,0.0,1C4BJWEG5FL7,2015.0,483.0,1943.0,7.0,2.0,Jeep / Kaiser-Jeep / Willys- Jeep,403.0,14.0,1.0,0.0,0.0,998.0,7.0,3.0,6.0,62.0,7.0,42.0,0.0,1.0,1.0,48.0,78584.0,1.0,6.0,3.0,Valid license for this class vehicle,0.0,999.0,999.0,0.0,0.0,0.0,0.0,No Record,0.0,0.0,0.0,5.0,1.0,2.0,30.0,1.0,1.0,8.0,1.0,0.0,1.0,13.0,6.0,3.0,4.0,101.0,48.0,1.0,1.0,0.0,202305537940.0,12.0,7.0,12.0,0.0,10.0,1.0,14.0,51.0,1.0,0.0,1.0,20.0,0.0,2.0,2.0,0.0
481183,2,98,96.0,0.0,1.0,0.0,-99.0,48.0,29.0,12.0,49.0,4.0,35.0,2.0,1.0,3.0,3.0,0.0,8.0,0.0,8.0,996.0,0.0,48.0,2.0,12.0,1.0,0.0,2T1BU4EE8BC7,2011.0,448.0,2208.0,13.0,49.0,Toyota,32.0,4.0,1.0,0.0,0.0,998.0,8.0,0.0,0.0,12.0,7.0,12.0,0.0,0.0,1.0,48.0,78254.0,1.0,6.0,3.0,Valid license for this class vehicle,0.0,999.0,999.0,0.0,0.0,0.0,0.0,No Record,0.0,0.0,0.0,0.0,5.0,5.0,45.0,1.0,1.0,8.0,2.0,0.0,1.0,62.0,99.0,1.0,1.0,301.0,48.0,0.0,1.0,0.0,202305166419.0,12.0,3.0,7.0,3.0,1.0,1.0,4.0,29.0,1.0,3.0,1.0,8.0,0.0,49.0,2.0,98.0
481185,1,98,96.0,0.0,1.0,0.0,-99.0,48.0,329.0,12.0,12.0,67.0,38.0,1.0,1.0,2.0,3.0,0.0,8.0,0.0,8.0,996.0,0.0,48.0,3.0,12.0,1.0,0.0,1FT8W3DTXKEF,2019.0,460.0,1806.0,60.0,12.0,Ford,880.0,67.0,1.0,0.0,0.0,998.0,0.0,0.0,0.0,12.0,7.0,12.0,0.0,0.0,1.0,48.0,79705.0,1.0,6.0,3.0,Valid license for this class vehicle,0.0,999.0,999.0,0.0,0.0,0.0,0.0,No Record,0.0,0.0,0.0,4.0,5.0,5.0,75.0,1.0,1.0,8.0,1.0,0.0,1.0,51.0,99.0,1.0,1.0,202.0,48.0,0.0,1.0,0.0,202304737966.0,12.0,2.0,2.0,0.0,1.0,1.0,67.0,46.0,1.0,0.0,1.0,20.0,0.0,12.0,2.0,0.0
481188,1,98,96.0,0.0,1.0,0.0,-99.0,48.0,29.0,24.0,55.0,4.0,21.0,1.0,1.0,4.0,99.0,7.0,8.0,0.0,8.0,996.0,1.0,48.0,1.0,24.0,1.0,0.0,5NPEC4AB0BH1,2011.0,498.0,2459.0,13.0,55.0,Hyundai,33.0,4.0,1.0,0.0,0.0,998.0,7.0,3.0,3.0,6.0,7.0,24.0,0.0,0.0,1.0,96.0,0.0,9.0,9.0,9.0,Unknown,9.0,999.0,999.0,99.0,99.0,99.0,99.0,Unknown,9999.0,99.0,9999.0,5.0,3.0,2.0,75.0,1.0,1.0,8.0,1.0,0.0,1.0,9.0,99.0,3.0,4.0,102.0,48.0,1.0,1.0,0.0,202305210558.0,12.0,2.0,8.0,0.0,10.0,1.0,4.0,44.0,1.0,0.0,1.0,98.0,0.0,55.0,1.0,98.0
481192,1,98,96.0,0.0,1.0,1.0,-99.0,48.0,201.0,32.0,37.0,20.0,40.0,1.0,1.0,4.0,20.0,7.0,8.0,1.0,1.0,200.0,6.0,48.0,1.0,32.0,1.0,0.0,5FNRL6H72NB0,2022.0,474.0,1869.0,2.0,37.0,Honda,441.0,20.0,1.0,0.0,0.0,998.0,7.0,3.0,5.0,12.0,7.0,32.0,0.0,1.0,1.0,48.0,77429.0,1.0,6.0,3.0,Valid license for this class vehicle,3.0,74.0,202.0,1.0,1.0,1.0,4.0,April,2019.0,1.0,2020.0,3.0,1.0,2.0,45.0,3.0,1.0,8.0,1.0,0.0,14.0,13.0,1.0,1.0,4.0,101.0,48.0,1.0,1.0,0.0,202305318859.0,12.0,4.0,8.0,0.0,1.0,1.0,20.0,76.0,1.0,0.0,1.0,20.0,0.0,37.0,2.0,0.0
481198,1,98,96.0,38.0,1.0,0.0,-99.0,48.0,113.0,12.0,49.0,34.0,31.0,1.0,1.0,0.0,99.0,7.0,20.0,0.0,8.0,996.0,0.0,48.0,2.0,12.0,1.0,1.0,5TFAZ5CN3HX0,2017.0,448.0,2223.0,60.0,49.0,Toyota,472.0,34.0,1.0,0.0,0.0,998.0,7.0,0.0,0.0,61.0,2.0,12.0,0.0,0.0,1.0,48.0,76022.0,1.0,6.0,3.0,Valid license for this class vehicle,0.0,999.0,999.0,0.0,0.0,0.0,0.0,No Record,0.0,0.0,0.0,0.0,1.0,2.0,30.0,1.0,1.0,8.0,1.0,0.0,1.0,17.0,99.0,1.0,1.0,504.0,48.0,0.0,1.0,0.0,202304939220.0,12.0,5.0,4.0,4.0,1.0,1.0,34.0,31.0,1.0,0.0,1.0,20.0,0.0,49.0,1.0,98.0
481198,2,98,96.0,89.0,1.0,1.0,-99.0,48.0,113.0,12.0,76.0,80.0,27.0,1.0,1.0,4.0,20.0,7.0,20.0,8.0,8.0,0.0,3.0,48.0,2.0,12.0,1.0,0.0,JYARN39Y0HA0,2017.0,564.0,3214.0,80.0,76.0,Yamaha,706.0,80.0,1.0,0.0,0.0,998.0,7.0,8.0,8.0,12.0,7.0,12.0,0.0,0.0,1.0,48.0,75062.0,1.0,6.0,3.0,Valid license for this class vehicle,0.0,999.0,999.0,0.0,2.0,0.0,3.0,March,2021.0,2.0,2022.0,0.0,2.0,4.0,30.0,1.0,1.0,8.0,1.0,0.0,1.0,66.0,99.0,1.0,1.0,503.0,48.0,1.0,1.0,0.0,202304939220.0,12.0,5.0,4.0,4.0,1.0,1.0,80.0,27.0,1.0,4.0,1.0,20.0,8.0,76.0,2.0,98.0
481202,1,9,96.0,0.0,1.0,1.0,-99.0,48.0,439.0,24.0,72.0,80.0,40.0,1.0,1.0,4.0,20.0,7.0,20.0,8.0,1.0,280.0,6.0,48.0,1.0,24.0,1.0,0.0,1HD1KTP12MB6,2021.0,3888.0,12631.0,81.0,72.0,Harley-Davidson,706.0,80.0,1.0,0.0,0.0,998.0,7.0,8.0,8.0,12.0,7.0,24.0,0.0,1.0,1.0,48.0,76179.0,1.0,6.0,3.0,Valid license for this class vehicle,0.0,999.0,999.0,0.0,0.0,0.0,5.0,May,2018.0,6.0,2019.0,0.0,1.0,2.0,60.0,2.0,2.0,8.0,1.0,97.0,14.0,13.0,99.0,1.0,4.0,101.0,48.0,1.0,1.0,0.0,202305030142.0,12.0,1.0,4.0,1.0,1.0,1.0,80.0,34.0,1.0,1.0,1.0,20.0,8.0,72.0,1.0,0.0
481210,1,98,96.0,104.0,1.0,0.0,-99.0,48.0,253.0,12.0,63.0,4.0,32.0,1.0,1.0,2.0,3.0,0.0,8.0,0.0,0.0,0.0,0.0,48.0,4.0,12.0,2.0,0.0,3KPF24ADXME3,2021.0,499.0,2462.0,13.0,63.0,KIA,38.0,4.0,1.0,0.0,0.0,998.0,8.0,0.0,0.0,81.0,6.0,12.0,0.0,0.0,1.0,48.0,76113.0,1.0,3.0,2.0,No valid license for this class vehicle,3.0,999.0,999.0,0.0,0.0,0.0,4.0,April,2020.0,4.0,2020.0,3.0,2.0,2.0,70.0,1.0,3.0,8.0,1.0,0.0,6.0,12.0,99.0,9.0,4.0,209.0,48.0,0.0,1.0,0.0,202305193419.0,12.0,7.0,8.0,1.0,1.0,1.0,4.0,47.0,2.0,0.0,1.0,20.0,0.0,63.0,2.0,0.0
481214,1,98,96.0,0.0,1.0,1.0,-99.0,48.0,201.0,33.0,37.0,4.0,79.0,2.0,1.0,4.0,3.0,0.0,8.0,0.0,0.0,0.0,7.0,48.0,3.0,33.0,1.0,0.0,1HGCR2F36GA2,2016.0,474.0,1861.0,13.0,37.0,Honda,32.0,4.0,1.0,0.0,0.0,998.0,8.0,3.0,3.0,98.0,7.0,1.0,0.0,0.0,1.0,48.0,77078.0,1.0,6.0,3.0,Valid license for this class vehicle,3.0,62.0,199.0,0.0,0.0,0.0,0.0,No Record,0.0,0.0,0.0,5.0,4.0,1.0,50.0,3.0,8.0,1.0,98.0,3.0,14.0,13.0,99.0,1.0,4.0,101.0,48.0,2.0,1.0,0.0,202305041961.0,25.0,5.0,6.0,1.0,1.0,1.0,4.0,21.0,2.0,1.0,1.0,20.0,0.0,37.0,1.0,98.0
481218,1,98,96.0,34.0,1.0,0.0,-99.0,48.0,71.0,35.0,20.0,4.0,49.0,2.0,1.0,3.0,20.0,7.0,20.0,0.0,1.0,997.0,0.0,48.0,1.0,35.0,3.0,0.0,2G1WG5EK7B11,2011.0,467.0,1833.0,13.0,20.0,Chevrolet,2.0,4.0,1.0,0.0,0.0,998.0,7.0,3.0,5.0,98.0,7.0,1.0,0.0,1.0,1.0,48.0,77514.0,1.0,4.0,2.0,No valid license for this class vehicle,0.0,999.0,999.0,0.0,0.0,0.0,0.0,No Record,0.0,0.0,0.0,0.0,1.0,2.0,55.0,3.0,1.0,8.0,1.0,97.0,6.0,13.0,99.0,9.0,4.0,101.0,48.0,0.0,1.0,0.0,202305429502.0,11.0,1.0,11.0,1.0,1.0,1.0,4.0,33.0,1.0,1.0,1.0,98.0,0.0,20.0,1.0,98.0
481219,1,98,96.0,48.0,1.0,1.0,-99.0,48.0,339.0,12.0,37.0,4.0,64.0,1.0,1.0,2.0,3.0,0.0,8.0,0.0,0.0,0.0,0.0,48.0,2.0,12.0,2.0,0.0,1HGCR2F30GA0,2016.0,474.0,1861.0,13.0,37.0,Honda,32.0,4.0,1.0,0.0,0.0,998.0,0.0,0.0,0.0,3.0,7.0,12.0,0.0,0.0,1.0,48.0,77354.0,1.0,6.0,3.0,Valid license for this class vehicle,0.0,999.0,999.0,0.0,0.0,0.0,0.0,No Record,0.0,0.0,0.0,0.0,5.0,5.0,55.0,1.0,1.0,8.0,1.0,0.0,12.0,21.0,99.0,1.0,2.0,998.0,48.0,0.0,1.0,0.0,202304967042.0,12.0,1.0,3.0,1.0,1.0,1.0,4.0,37.0,1.0,0.0,1.0,9.0,0.0,37.0,2.0,98.0
481224,2,98,96.0,0.0,1.0,0.0,-99.0,48.0,303.0,12.0,7.0,20.0,23.0,1.0,1.0,4.0,3.0,0.0,8.0,0.0,8.0,996.0,7.0,48.0,2.0,12.0,4.0,0.0,2C4RDGCG5JR3,2018.0,476.0,14832.0,2.0,7.0,Dodge,442.0,20.0,1.0,0.0,0.0,998.0,8.0,0.0,0.0,12.0,7.0,12.0,0.0,0.0,1.0,48.0,79403.0,1.0,6.0,3.0,Valid license for this class vehicle,3.0,999.0,999.0,0.0,0.0,1.0,4.0,April,2023.0,4.0,2023.0,0.0,3.0,2.0,65.0,1.0,1.0,8.0,1.0,0.0,1.0,54.0,99.0,1.0,1.0,303.0,48.0,1.0,1.0,0.0,202305457514.0,12.0,3.0,10.0,2.0,1.0,1.0,20.0,63.0,1.0,0.0,1.0,1.0,0.0,7.0,2.0,0.0
481227,1,9,96.0,51.0,1.0,1.0,-99.0,48.0,215.0,12.0,35.0,4.0,46.0,1.0,1.0,4.0,3.0,0.0,8.0,0.0,1.0,263.0,6.0,48.0,2.0,12.0,1.0,0.0,3N1AB7AP4EY2,2014.0,478.0,1907.0,13.0,35.0,Nissan/Datsun,43.0,4.0,1.0,0.0,0.0,998.0,8.0,0.0,0.0,12.0,7.0,12.0,0.0,1.0,1.0,48.0,78539.0,0.0,0.0,0.0,Not licensed,0.0,999.0,999.0,0.0,0.0,0.0,0.0,No Record,0.0,0.0,0.0,0.0,3.0,2.0,75.0,1.0,1.0,8.0,1.0,0.0,1.0,54.0,99.0,1.0,1.0,303.0,48.0,1.0,1.0,0.0,202304963832.0,12.0,5.0,5.0,1.0,10.0,1.0,4.0,21.0,1.0,0.0,1.0,20.0,0.0,35.0,1.0,0.0
481228,1,2,96.0,28.0,1.0,9999.0,-99.0,48.0,57.0,12.0,41.0,20.0,59.0,2.0,1.0,4.0,3.0,0.0,9.0,0.0,8.0,995.0,6.0,48.0,2.0,12.0,1.0,0.0,JM3LW28A7203,2002.0,473.0,2322.0,2.0,41.0,Mazda,441.0,20.0,1.0,0.0,0.0,998.0,8.0,0.0,0.0,12.0,7.0,12.0,0.0,0.0,1.0,48.0,77974.0,1.0,3.0,2.0,No valid license for this class vehicle,0.0,999.0,999.0,0.0,0.0,0.0,0.0,No Record,0.0,0.0,0.0,0.0,1.0,2.0,60.0,1.0,1.0,8.0,1.0,0.0,1.0,10.0,99.0,1.0,2.0,301.0,48.0,1.0,1.0,0.0,202305118252.0,33.0,1.0,5.0,3.0,1.0,1.0,20.0,79.0,1.0,3.0,1.0,8.0,0.0,41.0,2.0,0.0
481229,1,98,96.0,39.0,1.0,1.0,-99.0,48.0,201.0,12.0,49.0,4.0,21.0,1.0,1.0,4.0,20.0,7.0,9.0,0.0,0.0,0.0,7.0,48.0,2.0,12.0,1.0,0.0,1NXBR18E9WZ0,1998.0,448.0,2208.0,13.0,49.0,Toyota,32.0,4.0,1.0,0.0,0.0,998.0,0.0,0.0,0.0,81.0,6.0,12.0,0.0,0.0,1.0,48.0,77573.0,1.0,6.0,3.0,Valid license for this class vehicle,3.0,77.0,185.0,0.0,1.0,0.0,11.0,November,2020.0,11.0,2020.0,0.0,4.0,4.0,45.0,2.0,1.0,8.0,2.0,3.0,11.0,15.0,99.0,1.0,1.0,401.0,48.0,2.0,1.0,0.0,202304870317.0,12.0,3.0,3.0,1.0,1.0,1.0,4.0,50.0,2.0,0.0,1.0,20.0,0.0,49.0,1.0,0.0
481231,1,98,96.0,84.0,1.0,9999.0,-99.0,48.0,215.0,12.0,12.0,4.0,30.0,2.0,1.0,4.0,20.0,7.0,20.0,0.0,8.0,995.0,6.0,48.0,2.0,12.0,2.0,0.0,1FAFP34N47W3,2007.0,460.0,1779.0,13.0,12.0,Ford,37.0,4.0,1.0,0.0,0.0,998.0,0.0,0.0,0.0,9.0,7.0,12.0,0.0,0.0,1.0,48.0,78503.0,0.0,0.0,0.0,Not licensed,0.0,999.0,999.0,0.0,0.0,1.0,1.0,January,2023.0,1.0,2023.0,0.0,4.0,3.0,30.0,1.0,1.0,8.0,1.0,0.0,17.0,52.0,6.0,9.0,2.0,209.0,48.0,1.0,1.0,0.0,202304831578.0,12.0,6.0,3.0,3.0,10.0,1.0,4.0,35.0,2.0,3.0,1.0,9.0,0.0,12.0,2.0,0.0
481234,1,98,96.0,0.0,1.0,9999.0,-99.0,48.0,419.0,42.0,35.0,6.0,32.0,1.0,1.0,4.0,20.0,7.0,8.0,0.0,8.0,995.0,6.0,48.0,1.0,42.0,1.0,0.0,JN8AZ08T96W4,2006.0,478.0,1914.0,7.0,35.0,Nissan/Datsun,49.0,6.0,1.0,0.0,0.0,998.0,7.0,0.0,0.0,12.0,7.0,42.0,0.0,0.0,1.0,22.0,71052.0,0.0,0.0,0.0,Not licensed,0.0,67.0,190.0,0.0,0.0,0.0,0.0,No Record,0.0,0.0,0.0,0.0,1.0,4.0,65.0,1.0,2.0,8.0,1.0,0.0,1.0,12.0,99.0,1.0,4.0,102.0,48.0,2.0,1.0,0.0,202304855368.0,12.0,7.0,2.0,0.0,2.0,1.0,6.0,24.0,1.0,0.0,1.0,20.0,0.0,35.0,2.0,9.0
481237,1,98,96.0,0.0,1.0,9999.0,-99.0,48.0,439.0,1.0,55.0,4.0,999.0,1.0,1.0,4.0,20.0,7.0,8.0,2.0,8.0,995.0,7.0,48.0,2.0,1.0,1.0,0.0,5NPEC4AB4DH7,2013.0,498.0,2459.0,13.0,55.0,Hyundai,33.0,4.0,1.0,0.0,0.0,998.0,0.0,3.0,1.0,0.0,7.0,1.0,0.0,0.0,1.0,98.0,99998.0,9.0,9.0,9.0,Unknown,9.0,999.0,999.0,99.0,99.0,99.0,99.0,Unknown,9999.0,99.0,9999.0,4.0,1.0,4.0,55.0,1.0,1.0,8.0,1.0,0.0,1.0,6.0,99.0,1.0,1.0,998.0,48.0,2.0,1.0,0.0,202305377662.0,11.0,3.0,10.0,1.0,1.0,1.0,4.0,18.0,1.0,1.0,1.0,98.0,0.0,55.0,1.0,98.0
481237,2,98,96.0,0.0,1.0,0.0,-99.0,48.0,439.0,1.0,35.0,4.0,33.0,2.0,1.0,2.0,3.0,0.0,8.0,0.0,8.0,996.0,0.0,48.0,2.0,1.0,1.0,0.0,1N4BL4BV4LC1,2020.0,478.0,1904.0,13.0,35.0,Nissan/Datsun,47.0,4.0,1.0,0.0,0.0,998.0,0.0,0.0,0.0,6.0,7.0,12.0,0.0,0.0,1.0,48.0,76011.0,1.0,6.0,3.0,Valid license for this class vehicle,3.0,999.0,999.0,0.0,0.0,0.0,0.0,No Record,0.0,0.0,0.0,0.0,1.0,4.0,55.0,1.0,1.0,8.0,1.0,20.0,11.0,63.0,99.0,1.0,1.0,998.0,48.0,0.0,1.0,0.0,202305029095.0,12.0,4.0,5.0,0.0,10.0,1.0,4.0,41.0,1.0,0.0,1.0,20.0,0.0,35.0,2.0,0.0
481242,1,98,96.0,0.0,1.0,0.0,-99.0,48.0,201.0,12.0,55.0,14.0,16.0,1.0,1.0,2.0,3.0,0.0,8.0,0.0,8.0,996.0,0.0,48.0,2.0,12.0,3.0,0.0,5XYZU3LBXFG2,2015.0,498.0,2057.0,7.0,55.0,Hyundai,401.0,14.0,1.0,0.0,0.0,998.0,0.0,0.0,0.0,12.0,7.0,12.0,0.0,0.0,1.0,48.0,77053.0,0.0,0.0,0.0,Not licensed,0.0,999.0,999.0,0.0,0.0,0.0,0.0,No Record,0.0,0.0,0.0,5.0,2.0,3.0,35.0,1.0,1.0,1.0,1.0,3.0,1.0,17.0,1.0,1.0,1.0,402.0,48.0,0.0,1.0,0.0,202305736970.0,12.0,5.0,12.0,3.0,1.0,1.0,14.0,54.0,2.0,2.0,1.0,1.0,0.0,55.0,1.0,0.0
481246,1,9,96.0,51.0,1.0,9999.0,-99.0,48.0,183.0,33.0,7.0,4.0,22.0,1.0,1.0,2.0,20.0,7.0,8.0,0.0,1.0,92.0,0.0,48.0,1.0,33.0,4.0,0.0,2C3CDXGJ3JH1,2018.0,476.0,1895.0,13.0,7.0,Dodge,24.0,4.0,1.0,0.0,0.0,998.0,7.0,0.0,0.0,14.0,7.0,19.0,0.0,1.0,1.0,48.0,75668.0,1.0,2.0,2.0,No valid license for this class vehicle,0.0,999.0,999.0,0.0,0.0,0.0,0.0,No Record,0.0,0.0,0.0,3.0,1.0,4.0,30.0,3.0,2.0,8.0,1.0,0.0,14.0,13.0,99.0,1.0,4.0,101.0,48.0,0.0,1.0,0.0,202304954463.0,33.0,7.0,5.0,4.0,10.0,1.0,4.0,22.0,1.0,2.0,1.0,8.0,0.0,7.0,1.0,9.0
481247,1,98,93.0,39.0,1.0,5060.0,12.0,48.0,453.0,25.0,20.0,4.0,44.0,1.0,1.0,4.0,3.0,0.0,20.0,0.0,8.0,0.0,7.0,48.0,1.0,25.0,1.0,0.0,1G1ZD5ST9NF1,2022.0,467.0,1834.0,13.0,20.0,Chevrolet,37.0,4.0,1.0,0.0,0.0,998.0,7.0,0.0,0.0,12.0,7.0,25.0,0.0,0.0,1.0,48.0,78617.0,1.0,6.0,3.0,Valid license for this class vehicle,0.0,999.0,999.0,1.0,0.0,1.0,5.0,May,2018.0,3.0,2020.0,0.0,1.0,2.0,98.0,8.0,8.0,8.0,98.0,20.0,1.0,14.0,99.0,1.0,4.0,103.0,48.0,2.0,1.0,0.0,202305183350.0,24.0,3.0,8.0,2.0,1.0,1.0,4.0,25.0,2.0,0.0,1.0,20.0,0.0,20.0,1.0,0.0