ST_CASE,VEH_NO_x,DRIMPAIR_x,DRDISTRACT,DRIVERRF,PER_NO_x,DRUGRES,DRUGACTQTY,STATE_x,COUNTY,HARM_EV_x,MAKE_x,BODY_TYP_x,AGE,SEX,PER_TYP_x,INJ_SEV,REST_USE,REST_MIS,AIR_BAG_x,EJECTION,DRINKING,ALC_RES,HISPANIC,STATE_y,VE_FORMS,HARM_EV_y,NUMOCCS,HIT_RUN,VIN,MOD_YEAR,VPICMAKE,VPICMODEL,VPICBODYCLASS,MAKE_y,MAKENAME,MODEL,BODY_TYP_y,HAZ_INV,HAZ_PLAC,HAZ_ID,TRAV_SP,UNDEROVERRIDE,ROLLOVER,ROLINLOC,IMPACT1,DEFORMED,M_HARM,FIRE_EXP,DR_DRINK,DR_PRES,L_STATE,DR_ZIP,L_TYPE,L_STATUS,L_COMPL,L_COMPLNAME,L_RESTRI,DR_HGT,DR_WGT,PREV_DWI,PREV_SPD,PREV_OTH,FIRST_MO,FIRST_MONAME,FIRST_YR,LAST_MO,LAST_YR,SPEEDREL,VTRAFWAY,VNUM_LAN,VSPD_LIM,VALIGN,VPROFILE,VPAVETYP,VSURCOND,VTRAFCON,P_CRASH1,P_CRASH2,P_CRASH3,PCRASH4,PCRASH5,ACC_CONFIG,STATE,RACE,ORDER,MULTRACE,CASENUM,HARM_EV,DAY_WEEK,MONTH,MAXSEV_IM,WEATHR_IM,PER_NO_y,BODY_TYP,AGE_IM,SEX_IM,INJSEV_IM,PER_TYP_y,AIR_BAG_y,EJECT_IM,MAKE,VEH_NO_y,DRIMPAIR_y
481567,2,98,96.0,0.0,1.0,0.0,-99.0,48.0,157.0,5.0,37.0,4.0,41.0,1.0,1.0,0.0,3.0,0.0,20.0,0.0,8.0,996.0,0.0,48.0,2.0,5.0,1.0,0.0,19XFB2F56CE0,2012.0,474.0,1863.0,13.0,37.0,Honda,31.0,4.0,1.0,0.0,0.0,998.0,7.0,0.0,0.0,6.0,2.0,12.0,0.0,0.0,1.0,48.0,77094.0,1.0,6.0,3.0,Valid license for this class vehicle,3.0,999.0,999.0,0.0,0.0,0.0,0.0,No Record,0.0,0.0,0.0,0.0,2.0,2.0,40.0,1.0,1.0,8.0,1.0,0.0,1.0,53.0,99.0,1.0,1.0,998.0,48.0,0.0,1.0,0.0,202304704004.0,12.0,6.0,1.0,0.0,10.0,1.0,4.0,68.0,1.0,0.0,1.0,20.0,0.0,37.0,2.0,0.0
481573,1,9,96.0,58.0,1.0,0.0,-99.0,48.0,249.0,38.0,12.0,34.0,18.0,1.0,1.0,2.0,3.0,0.0,8.0,0.0,1.0,157.0,0.0,48.0,1.0,38.0,2.0,0.0,1FT7W2BT5DEB,2013.0,460.0,1805.0,60.0,12.0,Ford,481.0,34.0,1.0,0.0,0.0,998.0,7.0,3.0,7.0,98.0,7.0,1.0,0.0,1.0,1.0,48.0,78384.0,1.0,6.0,3.0,Valid license for this class vehicle,0.0,999.0,999.0,0.0,0.0,0.0,0.0,No Record,0.0,0.0,0.0,3.0,1.0,2.0,70.0,1.0,1.0,8.0,1.0,0.0,1.0,13.0,6.0,9.0,4.0,102.0,48.0,0.0,1.0,0.0,202305291787.0,12.0,4.0,7.0,4.0,1.0,1.0,34.0,22.0,1.0,1.0,1.0,9.0,0.0,12.0,2.0,0.0
481580,1,98,96.0,0.0,1.0,9999.0,-99.0,48.0,267.0,12.0,20.0,34.0,28.0,1.0,1.0,4.0,3.0,0.0,8.0,0.0,8.0,995.0,6.0,48.0,2.0,12.0,1.0,0.0,3GCPWCED6LG3,2020.0,467.0,1850.0,60.0,20.0,Chevrolet,481.0,34.0,1.0,0.0,0.0,998.0,8.0,0.0,0.0,3.0,7.0,12.0,0.0,0.0,1.0,48.0,79601.0,1.0,6.0,3.0,Valid license for this class vehicle,0.0,999.0,999.0,0.0,1.0,0.0,2.0,February,2023.0,2.0,2023.0,4.0,1.0,2.0,75.0,1.0,1.0,8.0,2.0,0.0,1.0,6.0,99.0,4.0,2.0,301.0,48.0,2.0,1.0,0.0,202304890393.0,12.0,2.0,3.0,3.0,1.0,1.0,34.0,19.0,1.0,3.0,1.0,8.0,2.0,20.0,1.0,98.0
481584,1,98,96.0,38.0,1.0,0.0,-99.0,48.0,167.0,12.0,35.0,4.0,57.0,1.0,1.0,0.0,3.0,0.0,8.0,0.0,8.0,996.0,0.0,48.0,3.0,12.0,2.0,0.0,1N4AA6AV7KC3,2019.0,478.0,2302.0,13.0,35.0,Nissan/Datsun,39.0,4.0,1.0,0.0,0.0,998.0,8.0,0.0,0.0,12.0,7.0,12.0,0.0,0.0,1.0,48.0,75964.0,1.0,6.0,3.0,Valid license for this class vehicle,3.0,999.0,999.0,0.0,1.0,0.0,3.0,March,2021.0,3.0,2021.0,0.0,1.0,2.0,30.0,8.0,8.0,8.0,98.0,20.0,11.0,15.0,99.0,1.0,1.0,414.0,48.0,0.0,1.0,0.0,202304811426.0,12.0,4.0,3.0,0.0,1.0,1.0,4.0,43.0,2.0,0.0,1.0,20.0,0.0,35.0,2.0,98.0
481592,1,98,96.0,0.0,1.0,1.0,-99.0,48.0,255.0,1.0,55.0,4.0,19.0,1.0,1.0,4.0,20.0,7.0,20.0,0.0,0.0,0.0,6.0,48.0,1.0,1.0,2.0,0.0,5NPD84LF6JH3,2018.0,498.0,2735.0,13.0,55.0,Hyundai,35.0,4.0,1.0,0.0,0.0,998.0,7.0,3.0,5.0,0.0,7.0,1.0,0.0,0.0,1.0,48.0,78151.0,1.0,6.0,3.0,Valid license for this class vehicle,0.0,999.0,999.0,0.0,0.0,0.0,0.0,No Record,0.0,0.0,0.0,4.0,1.0,2.0,70.0,1.0,2.0,8.0,1.0,0.0,6.0,9.0,99.0,3.0,4.0,101.0,48.0,1.0,1.0,0.0,202304672851.0,12.0,4.0,1.0,1.0,1.0,1.0,4.0,18.0,2.0,0.0,1.0,20.0,0.0,55.0,1.0,0.0
481597,1,98,96.0,58.0,1.0,3026.0,-99.0,48.0,373.0,1.0,37.0,14.0,24.0,2.0,1.0,4.0,20.0,7.0,9.0,1.0,8.0,0.0,6.0,48.0,1.0,1.0,1.0,0.0,2HKRM3H77DH5,2013.0,474.0,1865.0,7.0,37.0,Honda,402.0,14.0,1.0,0.0,0.0,998.0,7.0,3.0,5.0,0.0,7.0,1.0,0.0,0.0,1.0,48.0,75939.0,1.0,6.0,3.0,Valid license for this class vehicle,3.0,999.0,999.0,0.0,0.0,0.0,0.0,No Record,0.0,0.0,0.0,0.0,1.0,2.0,55.0,3.0,1.0,8.0,1.0,97.0,14.0,13.0,6.0,5.0,4.0,102.0,48.0,1.0,1.0,0.0,202305121780.0,12.0,1.0,7.0,2.0,1.0,1.0,14.0,29.0,1.0,2.0,1.0,9.0,0.0,37.0,2.0,0.0
481613,1,98,96.0,0.0,1.0,0.0,-99.0,48.0,145.0,12.0,55.0,4.0,40.0,2.0,1.0,4.0,3.0,0.0,8.0,0.0,8.0,996.0,99.0,48.0,2.0,12.0,1.0,0.0,5NPEJ4J20LH0,2020.0,498.0,2459.0,13.0,55.0,Hyundai,33.0,4.0,1.0,0.0,0.0,998.0,8.0,3.0,5.0,12.0,7.0,12.0,0.0,0.0,1.0,48.0,76569.0,1.0,6.0,3.0,Valid license for this class vehicle,0.0,999.0,999.0,0.0,0.0,0.0,0.0,No Record,0.0,0.0,0.0,0.0,1.0,2.0,70.0,1.0,1.0,8.0,1.0,0.0,1.0,62.0,7.0,9.0,4.0,302.0,48.0,1.0,1.0,0.0,202304729670.0,12.0,1.0,2.0,0.0,1.0,1.0,4.0,23.0,2.0,0.0,1.0,20.0,0.0,55.0,2.0,0.0
481613,2,98,96.0,35.0,1.0,5062.0,5.0,48.0,145.0,12.0,37.0,2.0,28.0,1.0,1.0,4.0,20.0,7.0,8.0,0.0,0.0,0.0,7.0,48.0,2.0,12.0,2.0,0.0,1HGCS12849A0,2009.0,474.0,1861.0,3.0,37.0,Honda,32.0,2.0,1.0,0.0,0.0,998.0,8.0,0.0,0.0,12.0,7.0,12.0,0.0,0.0,1.0,13.0,76541.0,1.0,4.0,2.0,No valid license for this class vehicle,0.0,999.0,999.0,0.0,0.0,0.0,12.0,December,2022.0,12.0,2022.0,3.0,1.0,2.0,70.0,1.0,1.0,8.0,1.0,0.0,6.0,10.0,6.0,9.0,4.0,301.0,48.0,2.0,1.0,0.0,202305373201.0,12.0,5.0,7.0,0.0,1.0,1.0,2.0,26.0,1.0,0.0,1.0,20.0,0.0,37.0,1.0,0.0
481618,1,98,96.0,0.0,1.0,1.0,-99.0,48.0,353.0,1.0,49.0,34.0,29.0,1.0,1.0,4.0,3.0,0.0,20.0,0.0,8.0,0.0,6.0,48.0,1.0,1.0,1.0,0.0,5TEPM62N01Z7,2001.0,448.0,2223.0,60.0,49.0,Toyota,472.0,34.0,1.0,0.0,0.0,998.0,7.0,3.0,3.0,0.0,7.0,1.0,0.0,0.0,1.0,48.0,79045.0,1.0,6.0,3.0,Valid license for this class vehicle,3.0,999.0,999.0,0.0,0.0,0.0,0.0,No Record,0.0,0.0,0.0,4.0,2.0,2.0,60.0,3.0,1.0,8.0,2.0,0.0,14.0,6.0,99.0,4.0,4.0,102.0,48.0,1.0,1.0,0.0,202304701104.0,33.0,4.0,1.0,3.0,1.0,1.0,34.0,35.0,1.0,3.0,1.0,20.0,0.0,49.0,1.0,98.0
481620,1,98,96.0,33.0,1.0,9999.0,-99.0,48.0,439.0,12.0,35.0,4.0,51.0,2.0,1.0,4.0,3.0,0.0,8.0,0.0,8.0,995.0,6.0,48.0,3.0,12.0,1.0,0.0,3N1AB6AP9CL7,2012.0,478.0,1907.0,13.0,35.0,Nissan/Datsun,43.0,4.0,1.0,0.0,0.0,998.0,0.0,0.0,0.0,12.0,7.0,12.0,0.0,0.0,1.0,48.0,76126.0,1.0,6.0,3.0,Valid license for this class vehicle,0.0,999.0,999.0,0.0,0.0,0.0,0.0,No Record,0.0,0.0,0.0,5.0,1.0,2.0,50.0,1.0,1.0,8.0,1.0,0.0,6.0,54.0,99.0,1.0,2.0,303.0,48.0,1.0,1.0,0.0,202304875296.0,35.0,1.0,1.0,2.0,5.0,1.0,4.0,23.0,2.0,2.0,1.0,1.0,0.0,35.0,1.0,9.0
481627,1,98,96.0,39.0,1.0,0.0,-99.0,48.0,113.0,12.0,12.0,14.0,63.0,2.0,1.0,3.0,3.0,0.0,8.0,0.0,8.0,996.0,0.0,48.0,2.0,12.0,2.0,0.0,1FMYU03117KA,2007.0,460.0,1798.0,7.0,12.0,Ford,402.0,14.0,1.0,0.0,0.0,998.0,0.0,0.0,0.0,12.0,7.0,12.0,0.0,0.0,1.0,48.0,75217.0,0.0,0.0,0.0,Not licensed,0.0,999.0,999.0,0.0,0.0,0.0,0.0,No Record,0.0,0.0,0.0,0.0,4.0,2.0,45.0,1.0,1.0,8.0,1.0,3.0,1.0,17.0,99.0,1.0,1.0,503.0,48.0,0.0,1.0,0.0,202305523597.0,12.0,2.0,12.0,1.0,1.0,1.0,14.0,60.0,1.0,0.0,1.0,99.0,0.0,12.0,1.0,99.0
481628,1,98,93.0,6.0,1.0,0.0,-99.0,48.0,423.0,12.0,18.0,4.0,41.0,1.0,1.0,2.0,3.0,0.0,9.0,0.0,8.0,996.0,0.0,48.0,3.0,12.0,1.0,0.0,2G4WC5323513,2005.0,468.0,1821.0,13.0,18.0,Buick / Opel,22.0,4.0,1.0,0.0,0.0,998.0,0.0,0.0,0.0,12.0,7.0,12.0,0.0,0.0,1.0,48.0,75140.0,1.0,4.0,2.0,No valid license for this class vehicle,0.0,999.0,999.0,0.0,0.0,0.0,8.0,August,2020.0,8.0,2020.0,4.0,3.0,1.0,75.0,1.0,2.0,8.0,1.0,40.0,1.0,51.0,16.0,2.0,1.0,202.0,48.0,0.0,1.0,0.0,202305064661.0,12.0,5.0,6.0,1.0,1.0,1.0,4.0,46.0,2.0,1.0,1.0,20.0,0.0,18.0,2.0,0.0
481633,2,98,96.0,0.0,1.0,9999.0,-99.0,48.0,285.0,12.0,49.0,14.0,74.0,2.0,1.0,4.0,3.0,0.0,8.0,0.0,8.0,995.0,6.0,48.0,2.0,12.0,1.0,0.0,JTMW1RFV4KD0,2019.0,448.0,2217.0,7.0,49.0,Toyota,402.0,14.0,1.0,0.0,0.0,998.0,8.0,0.0,0.0,12.0,7.0,12.0,0.0,0.0,1.0,48.0,77418.0,1.0,6.0,3.0,Valid license for this class vehicle,3.0,999.0,999.0,0.0,0.0,0.0,9.0,September,2021.0,9.0,2021.0,0.0,5.0,3.0,70.0,1.0,1.0,8.0,1.0,0.0,1.0,62.0,99.0,1.0,1.0,402.0,48.0,1.0,1.0,0.0,202305628322.0,14.0,1.0,12.0,2.0,1.0,1.0,14.0,31.0,2.0,0.0,1.0,20.0,0.0,49.0,1.0,10.0
481638,2,98,96.0,0.0,1.0,0.0,-99.0,48.0,329.0,12.0,49.0,20.0,67.0,2.0,1.0,1.0,3.0,0.0,9.0,0.0,8.0,996.0,0.0,48.0,2.0,12.0,2.0,0.0,5TDZA23C86S5,2006.0,448.0,2468.0,2.0,49.0,Toyota,442.0,20.0,1.0,0.0,0.0,998.0,0.0,0.0,0.0,12.0,2.0,12.0,0.0,0.0,1.0,48.0,79705.0,1.0,6.0,3.0,Valid license for this class vehicle,3.0,999.0,999.0,0.0,0.0,0.0,0.0,No Record,0.0,0.0,0.0,0.0,1.0,5.0,45.0,1.0,1.0,8.0,1.0,20.0,11.0,15.0,99.0,1.0,1.0,401.0,48.0,0.0,1.0,0.0,202305427955.0,12.0,4.0,11.0,0.0,1.0,1.0,20.0,45.0,2.0,0.0,1.0,20.0,0.0,49.0,1.0,0.0
481651,1,98,96.0,50.0,1.0,1.0,-99.0,48.0,21.0,12.0,49.0,4.0,56.0,2.0,1.0,4.0,3.0,0.0,8.0,0.0,1.0,243.0,6.0,48.0,2.0,12.0,1.0,0.0,4T1BF1FK7HU3,2017.0,448.0,2469.0,13.0,49.0,Toyota,40.0,4.0,1.0,0.0,0.0,998.0,8.0,0.0,0.0,12.0,7.0,12.0,0.0,1.0,1.0,48.0,78748.0,1.0,6.0,3.0,Valid license for this class vehicle,3.0,999.0,999.0,0.0,0.0,0.0,0.0,No Record,0.0,0.0,0.0,0.0,2.0,2.0,70.0,1.0,2.0,8.0,1.0,0.0,1.0,54.0,99.0,1.0,1.0,303.0,48.0,1.0,1.0,0.0,202305752886.0,12.0,2.0,12.0,1.0,1.0,1.0,4.0,32.0,1.0,1.0,1.0,20.0,0.0,49.0,1.0,0.0
481655,1,98,92.0,26.0,1.0,9999.0,-99.0,48.0,445.0,12.0,12.0,14.0,69.0,2.0,1.0,4.0,3.0,0.0,9.0,0.0,8.0,995.0,6.0,48.0,2.0,12.0,1.0,0.0,1FMCU9D71BKB,2011.0,460.0,1798.0,7.0,12.0,Ford,402.0,14.0,1.0,0.0,0.0,998.0,0.0,0.0,0.0,12.0,7.0,12.0,0.0,0.0,1.0,35.0,88220.0,1.0,6.0,3.0,Valid license for this class vehicle,3.0,66.0,200.0,0.0,0.0,0.0,0.0,No Record,0.0,0.0,0.0,4.0,5.0,5.0,50.0,1.0,1.0,8.0,1.0,0.0,1.0,52.0,1.0,1.0,1.0,404.0,48.0,1.0,1.0,0.0,202304793443.0,12.0,2.0,3.0,0.0,10.0,1.0,14.0,48.0,2.0,0.0,1.0,20.0,0.0,12.0,2.0,0.0
481655,2,98,96.0,0.0,1.0,9999.0,-99.0,48.0,445.0,12.0,85.0,66.0,22.0,1.0,1.0,0.0,3.0,0.0,20.0,0.0,8.0,995.0,0.0,48.0,2.0,12.0,1.0,0.0,1XKYD49X8PJ2,2023.0,532.0,2733.0,66.0,85.0,Kenworth,881.0,66.0,1.0,0.0,0.0,998.0,0.0,0.0,0.0,6.0,2.0,12.0,0.0,0.0,1.0,12.0,33472.0,1.0,6.0,3.0,Valid license for this class vehicle,0.0,67.0,999.0,0.0,0.0,1.0,4.0,April,2023.0,4.0,2023.0,0.0,5.0,5.0,50.0,1.0,1.0,8.0,1.0,0.0,10.0,53.0,99.0,1.0,1.0,403.0,48.0,0.0,1.0,0.0,202305202511.0,91.0,7.0,8.0,0.0,10.0,1.0,66.0,30.0,1.0,0.0,1.0,20.0,0.0,85.0,1.0,0.0
481656,1,98,96.0,0.0,1.0,9999.0,-99.0,48.0,73.0,35.0,12.0,4.0,39.0,2.0,1.0,4.0,20.0,7.0,8.0,0.0,8.0,995.0,6.0,48.0,1.0,35.0,1.0,0.0,1FADP3F28DL2,2013.0,460.0,1779.0,13.0,12.0,Ford,37.0,4.0,1.0,0.0,0.0,998.0,7.0,3.0,5.0,12.0,6.0,1.0,0.0,0.0,1.0,48.0,75785.0,1.0,6.0,3.0,Valid license for this class vehicle,0.0,999.0,999.0,0.0,2.0,0.0,3.0,March,2021.0,6.0,2021.0,4.0,1.0,2.0,55.0,3.0,2.0,8.0,1.0,97.0,14.0,13.0,6.0,9.0,4.0,102.0,48.0,1.0,1.0,0.0,202305054857.0,35.0,6.0,6.0,4.0,1.0,1.0,4.0,39.0,2.0,4.0,1.0,8.0,0.0,12.0,1.0,98.0
481659,1,98,96.0,39.0,1.0,9999.0,-99.0,48.0,141.0,12.0,49.0,6.0,19.0,1.0,1.0,4.0,3.0,0.0,8.0,0.0,8.0,995.0,1.0,48.0,2.0,12.0,2.0,0.0,JTLZE4FE8A11,2010.0,448.0,2210.0,7.0,49.0,Toyota,49.0,6.0,1.0,0.0,0.0,998.0,0.0,0.0,0.0,62.0,7.0,12.0,0.0,0.0,1.0,48.0,79934.0,1.0,6.0,3.0,Valid license for this class vehicle,0.0,999.0,999.0,0.0,0.0,0.0,0.0,No Record,0.0,0.0,0.0,4.0,4.0,3.0,55.0,1.0,1.0,8.0,1.0,3.0,1.0,17.0,99.0,1.0,1.0,504.0,48.0,1.0,1.0,0.0,202305138907.0,12.0,5.0,6.0,0.0,10.0,1.0,6.0,61.0,1.0,0.0,1.0,20.0,0.0,49.0,2.0,0.0
481674,1,98,96.0,0.0,1.0,0.0,-99.0,48.0,141.0,17.0,19.0,4.0,18.0,1.0,1.0,4.0,3.0,0.0,8.0,0.0,8.0,996.0,6.0,48.0,1.0,17.0,9.0,0.0,1G6DC5EY3B01,2011.0,469.0,1825.0,13.0,19.0,Cadillac,18.0,4.0,1.0,0.0,0.0,998.0,7.0,0.0,0.0,12.0,7.0,17.0,0.0,0.0,1.0,48.0,79930.0,0.0,0.0,0.0,Not licensed,0.0,999.0,999.0,0.0,0.0,0.0,0.0,No Record,0.0,0.0,0.0,5.0,2.0,1.0,30.0,1.0,1.0,8.0,1.0,0.0,1.0,12.0,99.0,1.0,4.0,102.0,48.0,1.0,1.0,0.0,202305445941.0,30.0,6.0,11.0,2.0,2.0,1.0,4.0,19.0,1.0,2.0,1.0,20.0,0.0,19.0,1.0,9.0
481677,1,1,0.0,0.0,1.0,0.0,-99.0,48.0,113.0,30.0,58.0,4.0,73.0,1.0,1.0,3.0,3.0,0.0,9.0,0.0,8.0,996.0,0.0,48.0,1.0,30.0,3.0,0.0,JNKCV51E53M3,2003.0,480.0,2305.0,13.0,58.0,Infiniti,37.0,4.0,1.0,0.0,0.0,998.0,7.0,0.0,0.0,12.0,7.0,30.0,0.0,0.0,1.0,48.0,75081.0,1.0,6.0,3.0,Valid license for this class vehicle,0.0,999.0,999.0,0.0,0.0,0.0,0.0,No Record,0.0,0.0,0.0,0.0,2.0,3.0,35.0,1.0,1.0,8.0,1.0,0.0,1.0,8.0,1.0,1.0,4.0,102.0,48.0,0.0,1.0,0.0,202305045344.0,12.0,7.0,6.0,0.0,1.0,1.0,4.0,39.0,1.0,0.0,1.0,20.0,0.0,58.0,1.0,0.0
481684,1,2,96.0,0.0,1.0,0.0,-99.0,48.0,413.0,42.0,12.0,20.0,23.0,1.0,1.0,2.0,3.0,0.0,9.0,0.0,8.0,996.0,0.0,48.0,1.0,42.0,2.0,0.0,NM0LS6E79E11,2014.0,460.0,1811.0,95.0,12.0,Ford,444.0,20.0,1.0,0.0,0.0,998.0,7.0,0.0,0.0,82.0,7.0,42.0,0.0,0.0,1.0,48.0,79830.0,1.0,6.0,3.0,Valid license for this class vehicle,0.0,999.0,999.0,0.0,0.0,0.0,0.0,No Record,0.0,0.0,0.0,0.0,1.0,2.0,75.0,3.0,1.0,8.0,1.0,0.0,14.0,13.0,16.0,2.0,4.0,101.0,48.0,0.0,1.0,0.0,202305251133.0,12.0,4.0,9.0,1.0,1.0,1.0,20.0,27.0,1.0,0.0,1.0,20.0,0.0,12.0,1.0,98.0
481689,1,98,96.0,0.0,1.0,1.0,-99.0,48.0,201.0,25.0,55.0,4.0,41.0,2.0,1.0,4.0,3.0,0.0,9.0,0.0,8.0,288.0,6.0,48.0,1.0,25.0,1.0,0.0,5NPEC4AC7DH6,2013.0,498.0,2459.0,13.0,55.0,Hyundai,33.0,4.0,1.0,0.0,0.0,998.0,7.0,0.0,0.0,12.0,7.0,25.0,0.0,1.0,1.0,48.0,77065.0,1.0,6.0,3.0,Valid license for this class vehicle,0.0,62.0,177.0,0.0,0.0,0.0,0.0,No Record,0.0,0.0,0.0,4.0,3.0,5.0,65.0,1.0,1.0,8.0,1.0,0.0,1.0,12.0,99.0,1.0,4.0,102.0,48.0,1.0,1.0,0.0,202304855202.0,12.0,7.0,2.0,2.0,1.0,1.0,4.0,63.0,2.0,2.0,1.0,20.0,0.0,55.0,2.0,98.0
481691,1,98,96.0,104.0,1.0,0.0,-99.0,48.0,113.0,5.0,35.0,4.0,26.0,2.0,1.0,0.0,99.0,7.0,20.0,0.0,8.0,996.0,0.0,48.0,1.0,5.0,3.0,1.0,3N1AB7AP8FY3,2015.0,478.0,1907.0,13.0,35.0,Nissan/Datsun,43.0,4.0,1.0,0.0,0.0,998.0,7.0,0.0,0.0,0.0,0.0,5.0,0.0,0.0,1.0,99.0,78724.0,9.0,9.0,9.0,Unknown,9.0,999.0,999.0,99.0,99.0,99.0,99.0,Unknown,9999.0,99.0,9999.0,0.0,1.0,2.0,30.0,1.0,1.0,8.0,1.0,0.0,1.0,98.0,1.0,1.0,1.0,0.0,48.0,0.0,1.0,0.0,202304793375.0,12.0,7.0,3.0,0.0,1.0,1.0,4.0,22.0,2.0,0.0,1.0,20.0,0.0,35.0,1.0,0.0
481693,1,98,96.0,0.0,1.0,9999.0,-99.0,48.0,345.0,1.0,98.0,97.0,81.0,1.0,1.0,4.0,20.0,7.0,20.0,1.0,8.0,995.0,6.0,48.0,1.0,1.0,1.0,0.0,0,1985.0,99997.0,99997.0,997.0,98.0,Other Make,998.0,97.0,1.0,0.0,0.0,998.0,7.0,3.0,5.0,0.0,2.0,1.0,0.0,0.0,1.0,48.0,79403.0,1.0,6.0,1.0,No license required for this class vehicle,0.0,999.0,999.0,0.0,0.0,0.0,0.0,No Record,0.0,0.0,0.0,4.0,1.0,2.0,60.0,8.0,1.0,5.0,11.0,0.0,1.0,12.0,99.0,2.0,4.0,102.0,48.0,1.0,1.0,0.0,202304636966.0,43.0,1.0,1.0,2.0,1.0,1.0,83.0,49.0,1.0,2.0,1.0,20.0,8.0,73.0,1.0,98.0
481697,1,98,96.0,0.0,1.0,1.0,-99.0,48.0,201.0,52.0,58.0,2.0,32.0,1.0,1.0,4.0,20.0,7.0,8.0,0.0,8.0,54.0,6.0,48.0,1.0,52.0,1.0,0.0,JNKCV64E58M1,2008.0,480.0,2337.0,3.0,58.0,Infiniti,37.0,2.0,1.0,0.0,0.0,998.0,7.0,3.0,1.0,12.0,7.0,1.0,0.0,1.0,1.0,48.0,77075.0,0.0,0.0,0.0,Not licensed,0.0,67.0,197.0,0.0,0.0,0.0,0.0,No Record,0.0,0.0,0.0,0.0,3.0,4.0,65.0,1.0,1.0,8.0,1.0,0.0,15.0,9.0,99.0,2.0,4.0,101.0,48.0,1.0,1.0,0.0,202305018302.0,33.0,6.0,1.0,2.0,1.0,1.0,2.0,24.0,1.0,2.0,1.0,8.0,0.0,58.0,1.0,9.0
481698,1,98,96.0,39.0,1.0,1.0,-99.0,48.0,315.0,12.0,37.0,15.0,39.0,1.0,1.0,3.0,3.0,0.0,8.0,0.0,0.0,0.0,0.0,48.0,2.0,12.0,6.0,0.0,5FNYF3H43DB0,2013.0,474.0,1864.0,7.0,37.0,Honda,421.0,15.0,1.0,0.0,0.0,998.0,0.0,3.0,1.0,9.0,7.0,12.0,0.0,0.0,1.0,48.0,75650.0,1.0,6.0,3.0,Valid license for this class vehicle,0.0,999.0,999.0,0.0,1.0,0.0,4.0,April,2021.0,9.0,2021.0,0.0,1.0,2.0,55.0,3.0,1.0,8.0,1.0,20.0,14.0,17.0,99.0,1.0,1.0,504.0,48.0,0.0,1.0,0.0,202305252173.0,12.0,5.0,9.0,1.0,1.0,1.0,15.0,38.0,2.0,1.0,1.0,20.0,0.0,37.0,3.0,98.0
481701,1,98,96.0,0.0,1.0,2001.0,23.2,48.0,159.0,59.0,55.0,4.0,58.0,1.0,1.0,4.0,20.0,7.0,20.0,0.0,1.0,315.0,6.0,48.0,1.0,59.0,1.0,0.0,KMHDN45D13U6,2003.0,498.0,2735.0,13.0,55.0,Hyundai,35.0,4.0,1.0,0.0,0.0,998.0,7.0,0.0,0.0,12.0,7.0,42.0,0.0,1.0,1.0,48.0,75497.0,1.0,6.0,3.0,Valid license for this class vehicle,0.0,73.0,192.0,0.0,0.0,0.0,1.0,January,2019.0,1.0,2019.0,0.0,1.0,2.0,55.0,1.0,1.0,8.0,1.0,0.0,1.0,12.0,7.0,9.0,4.0,102.0,48.0,1.0,1.0,0.0,202304781332.0,12.0,3.0,2.0,0.0,2.0,1.0,4.0,24.0,1.0,0.0,1.0,20.0,0.0,55.0,1.0,0.0
481706,1,9,96.0,0.0,1.0,0.0,-99.0,48.0,367.0,1.0,49.0,34.0,68.0,1.0,1.0,4.0,20.0,7.0,20.0,0.0,1.0,225.0,6.0,48.0,1.0,1.0,1.0,0.0,JT4VN13D8P51,1993.0,448.0,14263.0,60.0,49.0,Toyota,471.0,34.0,1.0,0.0,0.0,998.0,7.0,3.0,5.0,0.0,7.0,1.0,0.0,1.0,1.0,48.0,76082.0,0.0,0.0,0.0,Not licensed,0.0,999.0,999.0,0.0,0.0,0.0,0.0,No Record,0.0,0.0,0.0,0.0,1.0,2.0,55.0,3.0,3.0,8.0,1.0,0.0,14.0,13.0,99.0,1.0,4.0,102.0,48.0,1.0,1.0,0.0,202304648113.0,12.0,3.0,1.0,0.0,1.0,1.0,34.0,50.0,1.0,0.0,1.0,20.0,0.0,49.0,1.0,0.0
481717,1,98,96.0,38.0,1.0,9999.0,-99.0,48.0,459.0,12.0,12.0,14.0,19.0,2.0,1.0,4.0,3.0,0.0,8.0,1.0,8.0,995.0,6.0,48.0,2.0,12.0,1.0,0.0,MAJ3S2GE2MC4,2021.0,460.0,17774.0,7.0,12.0,Ford,403.0,14.0,1.0,0.0,0.0,998.0,0.0,0.0,0.0,9.0,6.0,12.0,0.0,0.0,1.0,48.0,75755.0,1.0,6.0,3.0,Valid license for this class vehicle,3.0,999.0,999.0,0.0,0.0,0.0,0.0,No Record,0.0,0.0,0.0,0.0,1.0,2.0,15.0,1.0,1.0,2.0,1.0,20.0,1.0,17.0,99.0,1.0,1.0,504.0,48.0,97.0,1.0,0.0,202305422288.0,12.0,2.0,11.0,0.0,2.0,1.0,14.0,24.0,2.0,0.0,1.0,20.0,0.0,12.0,1.0,0.0