ST_CASE,VEH_NO_x,DRIMPAIR_x,DRDISTRACT,DRIVERRF,PER_NO_x,DRUGRES,DRUGACTQTY,STATE_x,COUNTY,HARM_EV_x,MAKE_x,BODY_TYP_x,AGE,SEX,PER_TYP_x,INJ_SEV,REST_USE,REST_MIS,AIR_BAG_x,EJECTION,DRINKING,ALC_RES,HISPANIC,STATE_y,VE_FORMS,HARM_EV_y,NUMOCCS,HIT_RUN,VIN,MOD_YEAR,VPICMAKE,VPICMODEL,VPICBODYCLASS,MAKE_y,MAKENAME,MODEL,BODY_TYP_y,HAZ_INV,HAZ_PLAC,HAZ_ID,TRAV_SP,UNDEROVERRIDE,ROLLOVER,ROLINLOC,IMPACT1,DEFORMED,M_HARM,FIRE_EXP,DR_DRINK,DR_PRES,L_STATE,DR_ZIP,L_TYPE,L_STATUS,L_COMPL,L_COMPLNAME,L_RESTRI,DR_HGT,DR_WGT,PREV_DWI,PREV_SPD,PREV_OTH,FIRST_MO,FIRST_MONAME,FIRST_YR,LAST_MO,LAST_YR,SPEEDREL,VTRAFWAY,VNUM_LAN,VSPD_LIM,VALIGN,VPROFILE,VPAVETYP,VSURCOND,VTRAFCON,P_CRASH1,P_CRASH2,P_CRASH3,PCRASH4,PCRASH5,ACC_CONFIG,STATE,RACE,ORDER,MULTRACE,CASENUM,HARM_EV,DAY_WEEK,MONTH,MAXSEV_IM,WEATHR_IM,PER_NO_y,BODY_TYP,AGE_IM,SEX_IM,INJSEV_IM,PER_TYP_y,AIR_BAG_y,EJECT_IM,MAKE,VEH_NO_y,DRIMPAIR_y
481844,2,98,96.0,0.0,1.0,3053.0,-99.0,48.0,29.0,12.0,72.0,80.0,64.0,1.0,1.0,4.0,20.0,7.0,20.0,8.0,8.0,0.0,6.0,48.0,2.0,12.0,1.0,0.0,1HD1BJY171Y0,2001.0,3888.0,11540.0,82.0,72.0,Harley-Davidson,706.0,80.0,1.0,0.0,0.0,998.0,7.0,8.0,8.0,12.0,7.0,12.0,0.0,0.0,1.0,48.0,78207.0,1.0,6.0,3.0,Valid license for this class vehicle,3.0,999.0,999.0,0.0,0.0,0.0,10.0,October,2018.0,8.0,2022.0,0.0,5.0,5.0,40.0,1.0,1.0,8.0,1.0,0.0,1.0,62.0,99.0,1.0,1.0,402.0,48.0,1.0,1.0,0.0,202304907782.0,12.0,6.0,4.0,2.0,1.0,1.0,80.0,37.0,1.0,2.0,1.0,20.0,8.0,72.0,1.0,98.0
481845,1,9,96.0,0.0,1.0,0.0,-99.0,48.0,223.0,24.0,35.0,4.0,33.0,1.0,1.0,4.0,20.0,7.0,8.0,1.0,1.0,230.0,6.0,48.0,1.0,24.0,1.0,0.0,1N4AL3APXJC2,2018.0,478.0,1904.0,13.0,35.0,Nissan/Datsun,47.0,4.0,1.0,0.0,0.0,998.0,7.0,0.0,0.0,82.0,7.0,42.0,0.0,1.0,1.0,48.0,75428.0,1.0,6.0,3.0,Valid license for this class vehicle,3.0,999.0,999.0,0.0,2.0,0.0,10.0,October,2021.0,12.0,2022.0,0.0,3.0,2.0,55.0,3.0,1.0,8.0,1.0,0.0,14.0,13.0,99.0,1.0,4.0,101.0,48.0,1.0,1.0,0.0,202304794114.0,12.0,2.0,2.0,2.0,1.0,1.0,4.0,28.0,2.0,1.0,1.0,8.0,0.0,35.0,1.0,98.0
481846,3,98,96.0,0.0,1.0,0.0,-99.0,48.0,209.0,12.0,35.0,6.0,24.0,1.0,1.0,0.0,3.0,0.0,20.0,0.0,8.0,996.0,0.0,48.0,3.0,12.0,2.0,0.0,5N1AZ2MG3HN1,2017.0,478.0,1914.0,8.0,35.0,Nissan/Datsun,49.0,6.0,1.0,0.0,0.0,998.0,7.0,0.0,0.0,12.0,8.0,54.0,0.0,0.0,1.0,48.0,75072.0,1.0,6.0,3.0,Valid license for this class vehicle,0.0,999.0,999.0,0.0,0.0,0.0,0.0,No Record,0.0,0.0,0.0,0.0,3.0,3.0,70.0,1.0,1.0,8.0,1.0,0.0,1.0,98.0,99.0,1.0,1.0,998.0,48.0,0.0,1.0,0.0,202304974012.0,12.0,2.0,5.0,0.0,10.0,1.0,6.0,56.0,2.0,0.0,1.0,20.0,0.0,35.0,2.0,0.0
481849,1,98,96.0,84.0,1.0,0.0,-99.0,48.0,227.0,12.0,82.0,66.0,33.0,1.0,1.0,2.0,3.0,0.0,20.0,0.0,8.0,996.0,0.0,48.0,2.0,12.0,1.0,0.0,1FUJBBCG06LU,2006.0,450.0,2742.0,66.0,82.0,Freightliner,881.0,66.0,1.0,0.0,0.0,998.0,0.0,3.0,1.0,12.0,4.0,12.0,0.0,0.0,1.0,4.0,78634.0,1.0,6.0,3.0,Valid license for this class vehicle,3.0,70.0,214.0,0.0,0.0,0.0,0.0,No Record,0.0,0.0,0.0,0.0,1.0,2.0,75.0,1.0,1.0,8.0,1.0,0.0,1.0,50.0,6.0,1.0,2.0,304.0,48.0,0.0,1.0,0.0,202304989530.0,12.0,7.0,4.0,0.0,1.0,1.0,66.0,64.0,1.0,0.0,1.0,20.0,0.0,82.0,2.0,0.0
481850,1,98,96.0,50.0,1.0,9999.0,-99.0,48.0,439.0,12.0,49.0,4.0,71.0,2.0,1.0,4.0,3.0,0.0,8.0,0.0,8.0,995.0,1.0,48.0,2.0,12.0,1.0,0.0,1NXBU4EEXAZ3,2010.0,448.0,2208.0,13.0,49.0,Toyota,32.0,4.0,1.0,0.0,0.0,998.0,0.0,0.0,0.0,12.0,6.0,12.0,0.0,0.0,1.0,48.0,76135.0,1.0,6.0,3.0,Valid license for this class vehicle,0.0,999.0,999.0,0.0,0.0,0.0,0.0,No Record,0.0,0.0,0.0,0.0,4.0,2.0,40.0,1.0,1.0,8.0,1.0,0.0,1.0,54.0,99.0,9.0,1.0,303.0,48.0,1.0,1.0,0.0,202304894300.0,12.0,4.0,4.0,0.0,2.0,1.0,4.0,21.0,2.0,0.0,1.0,20.0,0.0,49.0,2.0,0.0
481851,1,98,96.0,27.0,1.0,9999.0,-99.0,48.0,439.0,1.0,53.0,80.0,33.0,1.0,1.0,4.0,20.0,7.0,20.0,8.0,8.0,995.0,6.0,48.0,1.0,1.0,1.0,0.0,JS1GN7CA6521,2005.0,509.0,13162.0,80.0,53.0,Suzuki,705.0,80.0,1.0,0.0,0.0,998.0,7.0,8.0,8.0,0.0,7.0,1.0,0.0,0.0,1.0,48.0,76116.0,1.0,6.0,3.0,Valid license for this class vehicle,0.0,999.0,999.0,0.0,0.0,0.0,8.0,August,2019.0,8.0,2019.0,5.0,2.0,2.0,45.0,2.0,1.0,8.0,1.0,0.0,15.0,6.0,99.0,9.0,2.0,998.0,48.0,2.0,1.0,0.0,202305045492.0,12.0,1.0,6.0,2.0,1.0,1.0,80.0,44.0,1.0,2.0,1.0,20.0,8.0,53.0,2.0,0.0
481854,1,98,96.0,28.0,1.0,9999.0,-99.0,48.0,401.0,12.0,63.0,4.0,36.0,1.0,1.0,4.0,3.0,0.0,8.0,0.0,8.0,0.0,1.0,48.0,2.0,12.0,1.0,0.0,KNAFX4A87F53,2015.0,499.0,2462.0,13.0,63.0,KIA,38.0,4.0,1.0,0.0,0.0,998.0,8.0,3.0,1.0,12.0,6.0,12.0,0.0,0.0,1.0,48.0,75766.0,7.0,6.0,3.0,Valid license for this class vehicle,0.0,999.0,999.0,0.0,3.0,0.0,2.0,February,2021.0,11.0,2022.0,0.0,1.0,2.0,70.0,1.0,1.0,8.0,1.0,0.0,1.0,10.0,99.0,1.0,2.0,301.0,48.0,1.0,1.0,0.0,202305093701.0,12.0,5.0,6.0,4.0,1.0,1.0,4.0,36.0,1.0,4.0,1.0,8.0,0.0,63.0,1.0,98.0
481854,2,98,96.0,0.0,1.0,0.0,-99.0,48.0,401.0,12.0,63.0,4.0,25.0,1.0,1.0,3.0,3.0,0.0,8.0,0.0,8.0,996.0,0.0,48.0,2.0,12.0,1.0,0.0,KNADM4A38H60,2017.0,499.0,2299.0,13.0,63.0,KIA,32.0,4.0,1.0,0.0,0.0,998.0,8.0,0.0,0.0,12.0,6.0,12.0,0.0,0.0,1.0,48.0,75601.0,1.0,6.0,3.0,Valid license for this class vehicle,0.0,999.0,999.0,0.0,0.0,0.0,9.0,September,2018.0,9.0,2018.0,0.0,1.0,2.0,70.0,1.0,1.0,8.0,1.0,0.0,1.0,62.0,99.0,1.0,1.0,302.0,48.0,0.0,1.0,0.0,202305093701.0,12.0,5.0,6.0,4.0,1.0,1.0,4.0,25.0,1.0,3.0,1.0,8.0,0.0,63.0,2.0,98.0
481859,1,98,96.0,0.0,1.0,0.0,-99.0,48.0,113.0,12.0,6.0,4.0,28.0,1.0,1.0,0.0,3.0,0.0,9.0,0.0,8.0,996.0,0.0,48.0,2.0,12.0,1.0,0.0,2C3CCAAGXDH5,2013.0,477.0,1878.0,13.0,6.0,Chrysler,51.0,4.0,1.0,0.0,0.0,90.0,8.0,0.0,0.0,12.0,7.0,12.0,0.0,0.0,1.0,48.0,75074.0,1.0,6.0,3.0,Valid license for this class vehicle,0.0,999.0,999.0,0.0,0.0,0.0,0.0,No Record,0.0,0.0,0.0,3.0,2.0,3.0,40.0,3.0,1.0,8.0,1.0,0.0,14.0,72.0,99.0,1.0,1.0,415.0,48.0,0.0,1.0,0.0,202305093994.0,12.0,2.0,7.0,4.0,10.0,1.0,4.0,28.0,1.0,0.0,1.0,9.0,0.0,6.0,1.0,98.0
481859,2,98,96.0,0.0,1.0,0.0,-99.0,48.0,113.0,12.0,20.0,34.0,33.0,2.0,1.0,1.0,3.0,0.0,9.0,0.0,8.0,996.0,0.0,48.0,2.0,12.0,4.0,0.0,1GCPWCEKXLZ1,2020.0,467.0,1850.0,60.0,20.0,Chevrolet,481.0,34.0,1.0,0.0,0.0,998.0,8.0,0.0,0.0,63.0,2.0,12.0,0.0,0.0,1.0,48.0,75248.0,1.0,6.0,3.0,Valid license for this class vehicle,3.0,999.0,999.0,0.0,0.0,0.0,0.0,No Record,0.0,0.0,0.0,0.0,0.0,0.0,0.0,0.0,0.0,0.0,0.0,0.0,11.0,15.0,99.0,1.0,1.0,414.0,48.0,0.0,1.0,0.0,202305093994.0,12.0,2.0,7.0,4.0,10.0,1.0,34.0,33.0,2.0,1.0,1.0,9.0,0.0,20.0,2.0,98.0
481864,1,98,96.0,0.0,1.0,9999.0,-99.0,48.0,177.0,42.0,12.0,15.0,29.0,1.0,1.0,4.0,99.0,7.0,98.0,0.0,1.0,290.0,1.0,48.0,1.0,42.0,1.0,0.0,1FMSK7DH2NGA,2022.0,460.0,1800.0,7.0,12.0,Ford,425.0,15.0,1.0,0.0,0.0,998.0,7.0,0.0,0.0,12.0,6.0,42.0,1.0,1.0,1.0,48.0,78629.0,1.0,6.0,3.0,Valid license for this class vehicle,0.0,999.0,999.0,0.0,0.0,0.0,0.0,No Record,0.0,0.0,0.0,0.0,1.0,2.0,60.0,2.0,1.0,8.0,1.0,0.0,14.0,12.0,99.0,1.0,4.0,102.0,48.0,1.0,1.0,0.0,202304685993.0,12.0,6.0,1.0,0.0,1.0,1.0,15.0,54.0,2.0,0.0,1.0,20.0,0.0,12.0,2.0,0.0
481865,1,98,96.0,0.0,1.0,0.0,-99.0,48.0,183.0,12.0,12.0,34.0,23.0,1.0,1.0,1.0,3.0,0.0,8.0,0.0,8.0,996.0,0.0,48.0,2.0,12.0,3.0,0.0,1FT7W2BT9EEA,2014.0,460.0,1805.0,60.0,12.0,Ford,481.0,34.0,1.0,0.0,0.0,998.0,8.0,0.0,0.0,12.0,7.0,12.0,0.0,0.0,1.0,48.0,75605.0,1.0,6.0,3.0,Valid license for this class vehicle,3.0,999.0,999.0,0.0,0.0,0.0,0.0,No Record,0.0,0.0,0.0,0.0,1.0,7.0,50.0,1.0,1.0,8.0,2.0,3.0,1.0,62.0,99.0,1.0,1.0,402.0,48.0,0.0,1.0,0.0,202304886691.0,12.0,2.0,3.0,0.0,1.0,1.0,34.0,46.0,1.0,0.0,1.0,20.0,0.0,12.0,2.0,0.0
481871,1,98,96.0,39.0,1.0,0.0,-99.0,48.0,113.0,12.0,20.0,15.0,30.0,1.0,1.0,1.0,3.0,0.0,9.0,0.0,8.0,996.0,0.0,48.0,2.0,12.0,1.0,0.0,1GNEC13Z56R1,2006.0,467.0,1852.0,7.0,20.0,Chevrolet,421.0,15.0,1.0,0.0,0.0,998.0,0.0,0.0,0.0,12.0,7.0,12.0,0.0,0.0,1.0,48.0,75043.0,1.0,6.0,3.0,Valid license for this class vehicle,0.0,999.0,999.0,0.0,0.0,0.0,0.0,No Record,0.0,0.0,0.0,3.0,2.0,3.0,40.0,1.0,1.0,8.0,1.0,3.0,1.0,66.0,99.0,1.0,1.0,503.0,48.0,0.0,1.0,0.0,202305445744.0,12.0,3.0,11.0,0.0,1.0,1.0,15.0,25.0,1.0,0.0,1.0,1.0,0.0,20.0,1.0,0.0
481877,1,98,96.0,0.0,1.0,9999.0,-99.0,48.0,201.0,33.0,35.0,4.0,46.0,1.0,1.0,4.0,3.0,0.0,8.0,0.0,8.0,995.0,6.0,48.0,1.0,33.0,1.0,0.0,1N4AL2AP2CC1,2012.0,478.0,1904.0,13.0,35.0,Nissan/Datsun,47.0,4.0,1.0,0.0,0.0,998.0,7.0,0.0,0.0,98.0,7.0,42.0,0.0,0.0,1.0,48.0,77489.0,1.0,6.0,3.0,Valid license for this class vehicle,0.0,999.0,999.0,0.0,0.0,0.0,3.0,March,2020.0,3.0,2020.0,0.0,4.0,4.0,45.0,1.0,1.0,8.0,1.0,0.0,1.0,13.0,99.0,1.0,4.0,101.0,48.0,2.0,1.0,0.0,202304892556.0,12.0,3.0,4.0,0.0,1.0,1.0,4.0,33.0,2.0,0.0,1.0,20.0,0.0,35.0,2.0,0.0
481879,1,9,96.0,0.0,1.0,9999.0,-99.0,48.0,157.0,38.0,98.0,90.0,29.0,1.0,1.0,4.0,20.0,7.0,20.0,3.0,1.0,995.0,1.0,48.0,1.0,38.0,3.0,0.0,0,2003.0,566.0,10367.0,69.0,98.0,Other Make,739.0,90.0,1.0,0.0,0.0,998.0,7.0,0.0,0.0,12.0,7.0,38.0,0.0,1.0,1.0,48.0,77471.0,0.0,0.0,0.0,Not licensed,0.0,999.0,999.0,0.0,0.0,0.0,0.0,No Record,0.0,0.0,0.0,4.0,1.0,2.0,35.0,1.0,1.0,8.0,1.0,0.0,1.0,12.0,99.0,1.0,4.0,102.0,48.0,1.0,1.0,0.0,202304636966.0,43.0,1.0,1.0,2.0,1.0,1.0,83.0,49.0,1.0,2.0,1.0,20.0,8.0,73.0,1.0,98.0
481880,1,9,96.0,28.0,1.0,0.0,-99.0,48.0,157.0,12.0,59.0,4.0,61.0,1.0,1.0,4.0,20.0,7.0,9.0,0.0,1.0,404.0,6.0,48.0,2.0,12.0,1.0,0.0,JT8BF28G6W50,1998.0,515.0,2475.0,13.0,59.0,Lexus,31.0,4.0,1.0,0.0,0.0,998.0,8.0,0.0,0.0,12.0,7.0,12.0,0.0,1.0,1.0,48.0,77545.0,1.0,6.0,3.0,Valid license for this class vehicle,0.0,68.0,190.0,0.0,1.0,0.0,9.0,September,2022.0,9.0,2022.0,4.0,1.0,2.0,30.0,1.0,1.0,8.0,1.0,0.0,1.0,10.0,99.0,1.0,2.0,301.0,48.0,1.0,1.0,0.0,202304785176.0,12.0,5.0,3.0,0.0,1.0,1.0,4.0,65.0,1.0,0.0,1.0,20.0,0.0,59.0,1.0,0.0
481880,2,98,96.0,0.0,1.0,0.0,-99.0,48.0,157.0,12.0,49.0,4.0,30.0,1.0,1.0,0.0,3.0,0.0,9.0,0.0,8.0,996.0,0.0,48.0,2.0,12.0,1.0,0.0,JTDBE32K4402,2004.0,448.0,2469.0,13.0,49.0,Toyota,40.0,4.0,1.0,0.0,0.0,998.0,8.0,0.0,0.0,12.0,7.0,12.0,0.0,0.0,1.0,48.0,77084.0,0.0,0.0,0.0,Not licensed,0.0,999.0,999.0,1.0,0.0,0.0,6.0,June,2021.0,6.0,2021.0,0.0,1.0,2.0,30.0,1.0,1.0,8.0,1.0,0.0,1.0,62.0,99.0,1.0,1.0,302.0,48.0,0.0,1.0,0.0,202304712881.0,12.0,1.0,1.0,3.0,2.0,1.0,4.0,25.0,1.0,3.0,1.0,8.0,0.0,49.0,2.0,9.0
481899,1,98,96.0,38.0,1.0,1.0,-99.0,48.0,201.0,12.0,73.0,83.0,31.0,1.0,1.0,4.0,20.0,7.0,20.0,8.0,8.0,0.0,6.0,48.0,2.0,12.0,1.0,0.0,0,2023.0,510.0,30211.0,84.0,73.0,Kawasaki,703.0,83.0,1.0,0.0,0.0,998.0,7.0,8.0,8.0,12.0,7.0,12.0,0.0,0.0,1.0,48.0,77090.0,0.0,0.0,0.0,Not licensed,0.0,67.0,197.0,0.0,0.0,0.0,0.0,No Record,0.0,0.0,0.0,0.0,1.0,2.0,30.0,1.0,1.0,8.0,1.0,20.0,1.0,19.0,99.0,1.0,1.0,501.0,48.0,2.0,1.0,0.0,202304636966.0,43.0,1.0,1.0,2.0,1.0,1.0,83.0,49.0,1.0,2.0,1.0,20.0,8.0,73.0,1.0,98.0
481900,2,98,96.0,0.0,1.0,9996.0,-99.0,48.0,491.0,12.0,12.0,67.0,32.0,2.0,1.0,4.0,99.0,7.0,98.0,0.0,0.0,0.0,6.0,48.0,2.0,12.0,1.0,0.0,1FT8W3BT9GEB,2016.0,460.0,1806.0,60.0,12.0,Ford,880.0,67.0,1.0,0.0,0.0,998.0,0.0,0.0,0.0,12.0,6.0,2.0,1.0,0.0,1.0,6.0,76049.0,1.0,6.0,3.0,Valid license for this class vehicle,0.0,64.0,145.0,0.0,0.0,0.0,0.0,No Record,0.0,0.0,0.0,0.0,1.0,2.0,65.0,2.0,1.0,8.0,1.0,97.0,14.0,62.0,99.0,1.0,1.0,302.0,48.0,1.0,1.0,0.0,202304703458.0,12.0,3.0,1.0,1.0,10.0,1.0,67.0,18.0,1.0,0.0,1.0,8.0,0.0,12.0,1.0,0.0
481906,1,98,96.0,35.0,1.0,9999.0,-99.0,48.0,481.0,12.0,55.0,4.0,42.0,1.0,1.0,4.0,3.0,0.0,9.0,0.0,8.0,995.0,1.0,48.0,2.0,12.0,2.0,0.0,5NPE34AF3JH6,2018.0,498.0,2459.0,13.0,55.0,Hyundai,33.0,4.0,1.0,0.0,0.0,998.0,8.0,0.0,0.0,12.0,7.0,12.0,0.0,0.0,1.0,48.0,77488.0,1.0,6.0,3.0,Valid license for this class vehicle,0.0,999.0,999.0,0.0,1.0,0.0,8.0,August,2020.0,8.0,2020.0,0.0,1.0,2.0,70.0,1.0,1.0,8.0,1.0,0.0,6.0,10.0,99.0,1.0,2.0,301.0,48.0,1.0,1.0,0.0,202305141487.0,12.0,3.0,5.0,0.0,1.0,1.0,4.0,49.0,1.0,0.0,1.0,20.0,0.0,55.0,2.0,0.0
481913,1,98,96.0,0.0,1.0,1.0,-99.0,48.0,113.0,10.0,49.0,4.0,49.0,1.0,1.0,4.0,20.0,7.0,8.0,0.0,8.0,0.0,6.0,48.0,1.0,10.0,1.0,0.0,4T1G11AKXMU4,2021.0,448.0,2469.0,13.0,49.0,Toyota,40.0,4.0,1.0,0.0,0.0,998.0,7.0,0.0,0.0,12.0,7.0,10.0,0.0,0.0,1.0,48.0,75217.0,1.0,6.0,3.0,Valid license for this class vehicle,0.0,60.0,189.0,0.0,0.0,0.0,2.0,February,2019.0,2.0,2019.0,0.0,1.0,4.0,35.0,1.0,1.0,8.0,1.0,65.0,1.0,90.0,99.0,1.0,1.0,103.0,48.0,2.0,1.0,0.0,202304668275.0,12.0,6.0,1.0,1.0,2.0,1.0,4.0,36.0,1.0,1.0,1.0,1.0,0.0,49.0,2.0,0.0
481914,1,98,96.0,0.0,1.0,1.0,-99.0,48.0,215.0,32.0,54.0,4.0,22.0,1.0,1.0,4.0,20.0,7.0,8.0,1.0,1.0,195.0,1.0,48.0,1.0,32.0,1.0,0.0,19UUA66265A0,2005.0,475.0,1873.0,13.0,54.0,Acura,35.0,4.0,1.0,0.0,0.0,998.0,7.0,3.0,5.0,12.0,7.0,1.0,0.0,1.0,1.0,48.0,78542.0,0.0,0.0,0.0,Not licensed,0.0,999.0,999.0,0.0,0.0,0.0,0.0,No Record,0.0,0.0,0.0,0.0,2.0,2.0,45.0,1.0,1.0,8.0,1.0,0.0,1.0,13.0,99.0,1.0,4.0,101.0,48.0,1.0,1.0,0.0,202305050210.0,14.0,5.0,5.0,0.0,1.0,1.0,4.0,27.0,1.0,0.0,1.0,20.0,0.0,54.0,1.0,0.0
481919,1,98,93.0,6.0,1.0,0.0,-99.0,48.0,239.0,1.0,12.0,6.0,24.0,2.0,1.0,2.0,3.0,0.0,8.0,0.0,8.0,996.0,0.0,48.0,1.0,1.0,2.0,0.0,2FMDK3KC7BBA,2011.0,460.0,1797.0,7.0,12.0,Ford,24.0,6.0,1.0,0.0,0.0,998.0,7.0,3.0,5.0,0.0,7.0,1.0,0.0,0.0,1.0,48.0,77957.0,0.0,0.0,0.0,Not licensed,0.0,999.0,999.0,0.0,0.0,0.0,0.0,No Record,0.0,0.0,0.0,4.0,1.0,2.0,60.0,1.0,1.0,4.0,98.0,0.0,1.0,6.0,7.0,3.0,4.0,101.0,48.0,0.0,1.0,0.0,202305456332.0,12.0,6.0,12.0,0.0,5.0,1.0,6.0,39.0,1.0,0.0,1.0,20.0,0.0,12.0,2.0,0.0
481922,1,98,96.0,58.0,1.0,0.0,-99.0,48.0,453.0,12.0,20.0,2.0,25.0,1.0,1.0,0.0,3.0,0.0,20.0,0.0,8.0,996.0,0.0,48.0,2.0,12.0,1.0,1.0,2G1FB1ED7B91,2011.0,467.0,1829.0,3.0,20.0,Chevrolet,9.0,2.0,1.0,0.0,0.0,998.0,0.0,0.0,0.0,12.0,7.0,12.0,0.0,0.0,1.0,48.0,78634.0,1.0,6.0,3.0,Valid license for this class vehicle,3.0,999.0,999.0,0.0,0.0,0.0,0.0,No Record,0.0,0.0,0.0,0.0,3.0,3.0,80.0,3.0,1.0,8.0,1.0,0.0,6.0,9.0,99.0,5.0,2.0,209.0,48.0,0.0,1.0,0.0,202304871649.0,12.0,4.0,4.0,2.0,1.0,1.0,2.0,23.0,1.0,2.0,1.0,1.0,0.0,20.0,1.0,0.0
481926,2,98,96.0,18.0,1.0,1.0,-99.0,48.0,453.0,12.0,73.0,90.0,26.0,1.0,1.0,4.0,20.0,7.0,20.0,0.0,1.0,200.0,1.0,48.0,2.0,12.0,2.0,0.0,0,2023.0,510.0,9388.0,69.0,73.0,Kawasaki,739.0,90.0,1.0,0.0,0.0,998.0,7.0,0.0,0.0,12.0,7.0,12.0,0.0,1.0,1.0,48.0,78724.0,1.0,6.0,3.0,Valid license for this class vehicle,0.0,999.0,999.0,0.0,0.0,0.0,0.0,No Record,0.0,0.0,0.0,0.0,1.0,2.0,30.0,1.0,1.0,8.0,1.0,0.0,1.0,54.0,99.0,1.0,1.0,303.0,48.0,1.0,1.0,0.0,202304636966.0,43.0,1.0,1.0,2.0,1.0,1.0,83.0,49.0,1.0,2.0,1.0,20.0,8.0,73.0,1.0,98.0
481932,1,98,96.0,38.0,1.0,0.0,-99.0,48.0,201.0,12.0,37.0,4.0,22.0,1.0,1.0,0.0,3.0,0.0,8.0,0.0,8.0,996.0,0.0,48.0,2.0,12.0,2.0,0.0,1HGCP2F31CA0,2012.0,474.0,1861.0,13.0,37.0,Honda,32.0,4.0,1.0,0.0,0.0,998.0,7.0,0.0,0.0,82.0,6.0,12.0,0.0,0.0,1.0,48.0,77090.0,1.0,6.0,3.0,Valid license for this class vehicle,3.0,999.0,999.0,0.0,0.0,0.0,0.0,No Record,0.0,0.0,0.0,0.0,7.0,5.0,45.0,1.0,1.0,8.0,1.0,3.0,11.0,15.0,99.0,1.0,1.0,401.0,48.0,0.0,1.0,0.0,202305527356.0,12.0,3.0,10.0,0.0,1.0,1.0,4.0,28.0,1.0,0.0,1.0,20.0,0.0,37.0,2.0,0.0
481937,1,98,96.0,12.0,1.0,9999.0,-99.0,48.0,391.0,11.0,20.0,34.0,33.0,2.0,1.0,4.0,3.0,0.0,20.0,0.0,8.0,995.0,6.0,48.0,1.0,11.0,5.0,0.0,3GCEC13JX8G2,2008.0,467.0,1850.0,60.0,20.0,Chevrolet,481.0,34.0,1.0,0.0,0.0,998.0,7.0,3.0,5.0,12.0,2.0,11.0,0.0,0.0,1.0,22.0,70560.0,1.0,6.0,3.0,Valid license for this class vehicle,0.0,59.0,110.0,0.0,1.0,0.0,3.0,March,2020.0,3.0,2020.0,0.0,1.0,2.0,75.0,1.0,1.0,8.0,1.0,0.0,1.0,87.0,99.0,1.0,1.0,103.0,48.0,1.0,1.0,0.0,202305381761.0,12.0,1.0,8.0,3.0,1.0,1.0,34.0,20.0,1.0,0.0,1.0,20.0,0.0,20.0,2.0,0.0
481948,1,98,3.0,18.0,1.0,0.0,-99.0,48.0,339.0,33.0,98.0,95.0,14.0,2.0,1.0,0.0,20.0,7.0,20.0,0.0,8.0,996.0,0.0,48.0,1.0,33.0,3.0,0.0,0,2022.0,10005.0,25858.0,124.0,98.0,Other Make,998.0,95.0,1.0,0.0,0.0,998.0,7.0,0.0,0.0,81.0,8.0,5.0,0.0,0.0,1.0,48.0,77316.0,0.0,0.0,0.0,Not licensed,0.0,999.0,999.0,0.0,0.0,0.0,0.0,No Record,0.0,0.0,0.0,0.0,1.0,2.0,30.0,3.0,1.0,8.0,1.0,0.0,14.0,13.0,1.0,1.0,4.0,998.0,48.0,0.0,1.0,0.0,202304636966.0,43.0,1.0,1.0,2.0,1.0,1.0,83.0,49.0,1.0,2.0,1.0,20.0,8.0,73.0,1.0,98.0
481963,1,98,96.0,0.0,1.0,0.0,-99.0,48.0,201.0,12.0,20.0,4.0,17.0,1.0,1.0,1.0,3.0,0.0,20.0,0.0,8.0,996.0,0.0,48.0,2.0,12.0,2.0,0.0,2G1125S35E92,2014.0,467.0,1833.0,13.0,20.0,Chevrolet,2.0,4.0,1.0,0.0,0.0,998.0,8.0,0.0,0.0,12.0,7.0,12.0,0.0,0.0,1.0,48.0,77033.0,1.0,6.0,3.0,Valid license for this class vehicle,0.0,999.0,999.0,0.0,0.0,0.0,0.0,No Record,0.0,0.0,0.0,0.0,2.0,2.0,35.0,1.0,1.0,8.0,1.0,0.0,1.0,62.0,99.0,1.0,1.0,402.0,48.0,0.0,1.0,0.0,202305350731.0,12.0,1.0,10.0,3.0,1.0,1.0,4.0,76.0,1.0,1.0,1.0,9.0,0.0,20.0,1.0,0.0
481964,1,98,96.0,38.0,1.0,0.0,-99.0,48.0,423.0,12.0,49.0,14.0,84.0,1.0,1.0,4.0,3.0,0.0,8.0,0.0,8.0,996.0,6.0,48.0,2.0,12.0,2.0,0.0,JTMWFREV3JD1,2018.0,448.0,2217.0,7.0,49.0,Toyota,402.0,14.0,1.0,0.0,0.0,998.0,8.0,0.0,0.0,62.0,7.0,12.0,0.0,0.0,1.0,48.0,75771.0,1.0,6.0,3.0,Valid license for this class vehicle,3.0,999.0,999.0,0.0,0.0,0.0,0.0,No Record,0.0,0.0,0.0,0.0,1.0,2.0,30.0,8.0,8.0,8.0,98.0,20.0,11.0,15.0,99.0,1.0,1.0,414.0,48.0,1.0,1.0,0.0,202304917768.0,12.0,2.0,2.0,0.0,1.0,1.0,14.0,43.0,1.0,0.0,1.0,20.0,0.0,49.0,2.0,0.0