ST_CASE,VEH_NO_x,DRIMPAIR_x,DRDISTRACT,DRIVERRF,PER_NO_x,DRUGRES,DRUGACTQTY,STATE_x,COUNTY,HARM_EV_x,MAKE_x,BODY_TYP_x,AGE,SEX,PER_TYP_x,INJ_SEV,REST_USE,REST_MIS,AIR_BAG_x,EJECTION,DRINKING,ALC_RES,HISPANIC,STATE_y,VE_FORMS,HARM_EV_y,NUMOCCS,HIT_RUN,VIN,MOD_YEAR,VPICMAKE,VPICMODEL,VPICBODYCLASS,MAKE_y,MAKENAME,MODEL,BODY_TYP_y,HAZ_INV,HAZ_PLAC,HAZ_ID,TRAV_SP,UNDEROVERRIDE,ROLLOVER,ROLINLOC,IMPACT1,DEFORMED,M_HARM,FIRE_EXP,DR_DRINK,DR_PRES,L_STATE,DR_ZIP,L_TYPE,L_STATUS,L_COMPL,L_COMPLNAME,L_RESTRI,DR_HGT,DR_WGT,PREV_DWI,PREV_SPD,PREV_OTH,FIRST_MO,FIRST_MONAME,FIRST_YR,LAST_MO,LAST_YR,SPEEDREL,VTRAFWAY,VNUM_LAN,VSPD_LIM,VALIGN,VPROFILE,VPAVETYP,VSURCOND,VTRAFCON,P_CRASH1,P_CRASH2,P_CRASH3,PCRASH4,PCRASH5,ACC_CONFIG,STATE,RACE,ORDER,MULTRACE,CASENUM,HARM_EV,DAY_WEEK,MONTH,MAXSEV_IM,WEATHR_IM,PER_NO_y,BODY_TYP,AGE_IM,SEX_IM,INJSEV_IM,PER_TYP_y,AIR_BAG_y,EJECT_IM,MAKE,VEH_NO_y,DRIMPAIR_y
482684,1,98,96.0,0.0,1.0,9999.0,-99.0,48.0,471.0,12.0,49.0,4.0,53.0,1.0,1.0,4.0,3.0,0.0,20.0,0.0,8.0,995.0,7.0,48.0,2.0,12.0,1.0,0.0,4T1BG22K81U8,2001.0,448.0,2469.0,13.0,49.0,Toyota,40.0,4.0,1.0,0.0,0.0,998.0,8.0,0.0,0.0,9.0,7.0,12.0,0.0,0.0,1.0,48.0,77340.0,1.0,6.0,3.0,Valid license for this class vehicle,0.0,999.0,999.0,0.0,1.0,0.0,4.0,April,2021.0,4.0,2021.0,5.0,1.0,2.0,60.0,1.0,1.0,8.0,1.0,0.0,1.0,13.0,6.0,3.0,6.0,301.0,48.0,78.0,1.0,0.0,202305123115.0,12.0,6.0,3.0,2.0,10.0,1.0,4.0,83.0,2.0,2.0,1.0,1.0,0.0,49.0,1.0,0.0
482687,1,98,93.0,6.0,1.0,9999.0,-99.0,48.0,339.0,20.0,37.0,80.0,30.0,1.0,1.0,4.0,20.0,7.0,20.0,8.0,0.0,0.0,6.0,48.0,1.0,20.0,1.0,0.0,1HFSC526X7A4,2007.0,474.0,3478.0,82.0,37.0,Honda,706.0,80.0,1.0,0.0,0.0,998.0,7.0,8.0,8.0,12.0,7.0,20.0,0.0,0.0,1.0,48.0,77396.0,1.0,6.0,3.0,Valid license for this class vehicle,0.0,999.0,999.0,0.0,2.0,2.0,2.0,February,2020.0,9.0,2022.0,0.0,6.0,1.0,65.0,1.0,1.0,8.0,1.0,0.0,15.0,12.0,99.0,1.0,4.0,102.0,48.0,2.0,1.0,0.0,202305041768.0,91.0,5.0,5.0,3.0,1.0,1.0,80.0,25.0,1.0,3.0,1.0,20.0,8.0,37.0,1.0,0.0
482702,1,98,96.0,38.0,1.0,0.0,-99.0,48.0,135.0,12.0,20.0,4.0,58.0,2.0,1.0,3.0,3.0,0.0,8.0,0.0,8.0,996.0,0.0,48.0,2.0,12.0,3.0,0.0,1G1PC5SBXE74,2014.0,467.0,1832.0,13.0,20.0,Chevrolet,25.0,4.0,1.0,0.0,0.0,998.0,0.0,0.0,0.0,82.0,7.0,12.0,0.0,0.0,1.0,48.0,79766.0,1.0,6.0,3.0,Valid license for this class vehicle,0.0,999.0,999.0,0.0,0.0,0.0,0.0,No Record,0.0,0.0,0.0,0.0,1.0,3.0,75.0,3.0,1.0,8.0,1.0,0.0,11.0,15.0,99.0,1.0,1.0,401.0,48.0,0.0,1.0,0.0,202305161490.0,12.0,6.0,8.0,0.0,10.0,1.0,4.0,67.0,2.0,0.0,1.0,20.0,0.0,20.0,2.0,0.0
482707,1,98,96.0,0.0,1.0,0.0,-99.0,48.0,355.0,12.0,37.0,4.0,41.0,1.0,1.0,0.0,3.0,0.0,8.0,0.0,8.0,996.0,0.0,48.0,2.0,12.0,1.0,0.0,2HGFE2F57PH5,2023.0,474.0,1863.0,13.0,37.0,Honda,31.0,4.0,1.0,0.0,0.0,998.0,7.0,0.0,0.0,12.0,7.0,12.0,0.0,0.0,1.0,48.0,78380.0,1.0,6.0,3.0,Valid license for this class vehicle,3.0,999.0,999.0,0.0,0.0,0.0,0.0,No Record,0.0,0.0,0.0,4.0,5.0,5.0,50.0,1.0,1.0,8.0,1.0,0.0,1.0,51.0,99.0,1.0,1.0,202.0,48.0,0.0,1.0,0.0,202305031579.0,12.0,4.0,5.0,0.0,1.0,1.0,4.0,25.0,1.0,0.0,1.0,20.0,0.0,37.0,2.0,0.0
482714,1,98,96.0,0.0,1.0,9999.0,-99.0,48.0,141.0,21.0,58.0,4.0,24.0,1.0,1.0,4.0,20.0,7.0,8.0,0.0,8.0,995.0,1.0,48.0,1.0,21.0,1.0,0.0,JN1BV7AP2EM6,2014.0,480.0,1901.0,13.0,58.0,Infiniti,41.0,4.0,1.0,0.0,0.0,998.0,7.0,0.0,0.0,12.0,7.0,21.0,0.0,0.0,1.0,35.0,88081.0,1.0,6.0,3.0,Valid license for this class vehicle,0.0,72.0,260.0,0.0,0.0,0.0,0.0,No Record,0.0,0.0,0.0,5.0,3.0,2.0,60.0,1.0,1.0,8.0,2.0,0.0,99.0,13.0,99.0,9.0,4.0,101.0,48.0,1.0,1.0,0.0,202305019128.0,12.0,7.0,4.0,0.0,1.0,1.0,4.0,26.0,1.0,0.0,1.0,20.0,0.0,58.0,2.0,0.0
482717,1,98,96.0,39.0,1.0,0.0,-99.0,48.0,141.0,12.0,20.0,34.0,54.0,1.0,1.0,3.0,3.0,0.0,9.0,0.0,8.0,996.0,0.0,48.0,2.0,12.0,1.0,0.0,3GCUKRECXFG4,2015.0,467.0,1850.0,60.0,20.0,Chevrolet,481.0,34.0,1.0,0.0,0.0,998.0,0.0,0.0,0.0,12.0,7.0,12.0,0.0,0.0,1.0,35.0,88012.0,1.0,6.0,3.0,Valid license for this class vehicle,0.0,69.0,205.0,0.0,0.0,0.0,0.0,No Record,0.0,0.0,0.0,0.0,3.0,4.0,35.0,1.0,1.0,8.0,1.0,3.0,1.0,17.0,99.0,1.0,1.0,402.0,48.0,0.0,1.0,0.0,202305027465.0,12.0,2.0,5.0,2.0,1.0,1.0,34.0,91.0,1.0,0.0,1.0,20.0,0.0,20.0,2.0,98.0
482724,1,98,96.0,0.0,1.0,9999.0,-99.0,48.0,113.0,23.0,73.0,80.0,39.0,1.0,1.0,4.0,20.0,7.0,20.0,8.0,8.0,64.0,6.0,48.0,1.0,23.0,1.0,0.0,ML5EXER1XPDA,2023.0,510.0,3391.0,80.0,73.0,Kawasaki,705.0,80.0,1.0,0.0,0.0,998.0,7.0,8.0,8.0,61.0,7.0,23.0,0.0,1.0,1.0,48.0,75069.0,1.0,6.0,3.0,Valid license for this class vehicle,0.0,74.0,256.0,0.0,0.0,0.0,0.0,No Record,0.0,0.0,0.0,4.0,6.0,1.0,55.0,2.0,1.0,8.0,2.0,0.0,14.0,15.0,99.0,1.0,4.0,102.0,48.0,1.0,1.0,0.0,202305184334.0,34.0,7.0,6.0,2.0,1.0,1.0,80.0,45.0,1.0,2.0,1.0,20.0,8.0,73.0,1.0,98.0
482726,1,98,96.0,0.0,1.0,1.0,-99.0,48.0,113.0,12.0,35.0,4.0,56.0,1.0,1.0,4.0,20.0,7.0,8.0,0.0,0.0,0.0,1.0,48.0,2.0,12.0,1.0,0.0,3N1CN7AP7HL8,2017.0,478.0,1894.0,13.0,35.0,Nissan/Datsun,50.0,4.0,1.0,0.0,0.0,998.0,8.0,0.0,0.0,82.0,7.0,12.0,0.0,0.0,1.0,48.0,75220.0,1.0,6.0,3.0,Valid license for this class vehicle,0.0,69.0,196.0,0.0,0.0,0.0,0.0,No Record,0.0,0.0,0.0,0.0,2.0,4.0,35.0,1.0,1.0,8.0,1.0,0.0,11.0,15.0,99.0,1.0,1.0,401.0,48.0,1.0,1.0,0.0,202305149106.0,12.0,5.0,7.0,0.0,1.0,1.0,4.0,71.0,1.0,0.0,1.0,20.0,0.0,35.0,2.0,0.0
482729,1,98,96.0,38.0,1.0,9999.0,-99.0,48.0,473.0,12.0,82.0,66.0,40.0,1.0,1.0,0.0,3.0,0.0,20.0,0.0,8.0,995.0,0.0,48.0,2.0,12.0,1.0,0.0,1FUJHHDR5LLL,2020.0,450.0,2501.0,66.0,82.0,Freightliner,881.0,66.0,1.0,0.0,0.0,998.0,7.0,0.0,0.0,9.0,7.0,12.0,0.0,0.0,1.0,48.0,78728.0,1.0,6.0,3.0,Valid license for this class vehicle,0.0,999.0,999.0,0.0,0.0,0.0,0.0,No Record,0.0,0.0,0.0,0.0,1.0,2.0,45.0,8.0,8.0,1.0,98.0,20.0,10.0,16.0,99.0,1.0,1.0,410.0,48.0,0.0,1.0,0.0,202305043646.0,12.0,6.0,5.0,0.0,1.0,1.0,66.0,61.0,1.0,0.0,1.0,20.0,0.0,82.0,2.0,98.0
482730,2,98,96.0,38.0,1.0,9999.0,-99.0,48.0,201.0,12.0,35.0,4.0,41.0,2.0,1.0,4.0,3.0,0.0,9.0,0.0,8.0,995.0,6.0,48.0,2.0,12.0,1.0,0.0,3N1AB7AP8KY4,2019.0,478.0,1907.0,13.0,35.0,Nissan/Datsun,43.0,4.0,1.0,0.0,0.0,998.0,0.0,0.0,0.0,81.0,7.0,12.0,0.0,0.0,1.0,48.0,77302.0,1.0,6.0,3.0,Valid license for this class vehicle,0.0,999.0,999.0,0.0,1.0,0.0,3.0,March,2023.0,3.0,2023.0,0.0,5.0,7.0,50.0,1.0,1.0,1.0,1.0,0.0,11.0,15.0,99.0,1.0,1.0,401.0,48.0,1.0,1.0,0.0,202304689377.0,34.0,7.0,1.0,0.0,1.0,1.0,4.0,19.0,1.0,0.0,1.0,8.0,0.0,35.0,1.0,0.0
482742,2,98,96.0,0.0,1.0,0.0,-99.0,48.0,141.0,12.0,82.0,66.0,40.0,1.0,1.0,1.0,3.0,0.0,20.0,0.0,8.0,996.0,0.0,48.0,2.0,12.0,1.0,0.0,3AKJHHDR4NSN,2022.0,450.0,2501.0,66.0,82.0,Freightliner,881.0,66.0,1.0,0.0,0.0,998.0,0.0,0.0,0.0,12.0,7.0,12.0,0.0,0.0,1.0,48.0,79119.0,1.0,6.0,3.0,Valid license for this class vehicle,0.0,999.0,999.0,0.0,0.0,0.0,0.0,No Record,0.0,0.0,0.0,0.0,2.0,3.0,55.0,1.0,1.0,8.0,1.0,3.0,1.0,66.0,99.0,1.0,1.0,503.0,48.0,0.0,1.0,0.0,202304784281.0,12.0,4.0,3.0,0.0,10.0,1.0,66.0,49.0,1.0,0.0,1.0,20.0,0.0,82.0,1.0,98.0
482743,1,98,96.0,31.0,1.0,0.0,-99.0,48.0,473.0,12.0,82.0,66.0,40.0,1.0,1.0,0.0,3.0,0.0,20.0,0.0,8.0,996.0,0.0,48.0,2.0,12.0,1.0,0.0,1FUJBBCG06LU,2006.0,450.0,2742.0,66.0,82.0,Freightliner,881.0,66.0,1.0,0.0,0.0,998.0,2.0,0.0,0.0,63.0,7.0,12.0,0.0,0.0,1.0,48.0,77084.0,1.0,6.0,3.0,Valid license for this class vehicle,0.0,999.0,999.0,0.0,0.0,0.0,0.0,No Record,0.0,0.0,0.0,0.0,1.0,2.0,60.0,1.0,1.0,2.0,1.0,0.0,13.0,20.0,99.0,1.0,1.0,992.0,48.0,0.0,1.0,0.0,202304989530.0,12.0,7.0,4.0,0.0,1.0,1.0,66.0,64.0,1.0,0.0,1.0,20.0,0.0,82.0,2.0,0.0
482748,1,98,96.0,28.0,1.0,9999.0,-99.0,48.0,19.0,12.0,58.0,14.0,78.0,2.0,1.0,4.0,20.0,7.0,8.0,1.0,1.0,995.0,6.0,48.0,3.0,12.0,1.0,0.0,5N1DL0MN6HC5,2017.0,480.0,1910.0,8.0,58.0,Infiniti,403.0,14.0,1.0,0.0,0.0,998.0,0.0,0.0,0.0,12.0,7.0,12.0,0.0,1.0,1.0,48.0,78063.0,1.0,6.0,3.0,Valid license for this class vehicle,0.0,999.0,999.0,0.0,0.0,0.0,0.0,No Record,0.0,0.0,0.0,0.0,1.0,3.0,65.0,1.0,1.0,8.0,1.0,0.0,1.0,10.0,99.0,1.0,2.0,301.0,48.0,1.0,1.0,0.0,202304905460.0,72.0,6.0,4.0,0.0,1.0,1.0,14.0,56.0,2.0,0.0,1.0,20.0,0.0,58.0,1.0,0.0
482748,3,98,96.0,0.0,1.0,0.0,-99.0,48.0,19.0,12.0,72.0,80.0,56.0,1.0,1.0,0.0,20.0,7.0,20.0,8.0,8.0,996.0,0.0,48.0,3.0,12.0,1.0,0.0,1HD1KYC16JB6,2018.0,3888.0,12629.0,81.0,72.0,Harley-Davidson,706.0,80.0,1.0,0.0,0.0,998.0,7.0,8.0,8.0,12.0,7.0,12.0,0.0,0.0,1.0,26.0,49337.0,1.0,6.0,3.0,Valid license for this class vehicle,0.0,70.0,200.0,0.0,0.0,0.0,0.0,No Record,0.0,0.0,0.0,0.0,1.0,3.0,65.0,1.0,1.0,8.0,1.0,0.0,1.0,50.0,99.0,1.0,1.0,998.0,48.0,0.0,1.0,0.0,202305357795.0,12.0,4.0,8.0,3.0,1.0,1.0,80.0,35.0,1.0,3.0,1.0,20.0,8.0,72.0,2.0,0.0
482751,1,98,96.0,38.0,1.0,1.0,-99.0,48.0,167.0,12.0,49.0,4.0,51.0,2.0,1.0,4.0,3.0,0.0,8.0,0.0,8.0,0.0,6.0,48.0,2.0,12.0,1.0,0.0,4T4BF1FK4GR5,2016.0,448.0,2469.0,13.0,49.0,Toyota,40.0,4.0,1.0,0.0,0.0,998.0,0.0,0.0,0.0,3.0,7.0,12.0,0.0,0.0,1.0,48.0,77573.0,1.0,6.0,3.0,Valid license for this class vehicle,3.0,999.0,999.0,0.0,0.0,0.0,0.0,No Record,0.0,0.0,0.0,0.0,2.0,3.0,35.0,1.0,1.0,8.0,1.0,3.0,11.0,15.0,99.0,1.0,1.0,401.0,48.0,1.0,1.0,0.0,202305520425.0,12.0,4.0,10.0,0.0,1.0,1.0,4.0,42.0,1.0,0.0,1.0,20.0,0.0,49.0,1.0,0.0
482763,1,9,96.0,33.0,1.0,1.0,-99.0,48.0,339.0,59.0,58.0,4.0,17.0,2.0,1.0,4.0,20.0,7.0,8.0,1.0,1.0,131.0,1.0,48.0,1.0,59.0,2.0,0.0,JNKCV51E46M5,2006.0,480.0,2305.0,13.0,58.0,Infiniti,37.0,4.0,1.0,0.0,0.0,998.0,7.0,3.0,5.0,12.0,7.0,1.0,0.0,1.0,1.0,48.0,77303.0,0.0,0.0,0.0,Not licensed,0.0,999.0,999.0,0.0,0.0,0.0,0.0,No Record,0.0,0.0,0.0,0.0,1.0,2.0,55.0,3.0,2.0,8.0,1.0,97.0,6.0,13.0,99.0,1.0,4.0,101.0,48.0,1.0,1.0,0.0,202305385066.0,12.0,5.0,6.0,2.0,1.0,1.0,4.0,19.0,1.0,0.0,1.0,9.0,0.0,58.0,1.0,0.0
482764,1,98,96.0,36.0,1.0,9999.0,-99.0,48.0,471.0,42.0,37.0,2.0,16.0,2.0,1.0,4.0,3.0,0.0,8.0,0.0,8.0,995.0,6.0,48.0,1.0,42.0,2.0,0.0,2HGFG12667H5,2007.0,474.0,1863.0,3.0,37.0,Honda,31.0,2.0,1.0,0.0,0.0,998.0,7.0,0.0,0.0,13.0,7.0,42.0,0.0,0.0,1.0,48.0,77340.0,2.0,6.0,3.0,Valid license for this class vehicle,0.0,999.0,999.0,0.0,0.0,0.0,0.0,No Record,0.0,0.0,0.0,5.0,1.0,2.0,70.0,1.0,1.0,8.0,1.0,0.0,1.0,13.0,6.0,4.0,4.0,102.0,48.0,1.0,1.0,0.0,202304841179.0,12.0,6.0,3.0,2.0,10.0,1.0,2.0,47.0,1.0,0.0,1.0,20.0,0.0,37.0,1.0,0.0
482768,2,98,96.0,0.0,1.0,9999.0,-99.0,48.0,157.0,12.0,35.0,4.0,43.0,1.0,1.0,4.0,3.0,0.0,20.0,0.0,8.0,995.0,6.0,48.0,2.0,12.0,2.0,0.0,1N4AL3AP6GC2,2016.0,478.0,1904.0,13.0,35.0,Nissan/Datsun,47.0,4.0,1.0,0.0,0.0,998.0,8.0,0.0,0.0,6.0,7.0,12.0,0.0,0.0,1.0,48.0,77477.0,1.0,6.0,3.0,Valid license for this class vehicle,3.0,999.0,999.0,0.0,0.0,0.0,0.0,No Record,0.0,0.0,0.0,0.0,5.0,7.0,40.0,1.0,1.0,8.0,1.0,0.0,1.0,53.0,99.0,1.0,1.0,201.0,48.0,18.0,1.0,0.0,202304955223.0,12.0,6.0,3.0,0.0,1.0,1.0,4.0,39.0,2.0,0.0,1.0,20.0,0.0,35.0,2.0,0.0
482770,1,98,10.0,6.0,1.0,0.0,-99.0,48.0,71.0,12.0,82.0,66.0,51.0,1.0,1.0,0.0,3.0,0.0,20.0,0.0,8.0,996.0,0.0,48.0,3.0,12.0,1.0,0.0,3AKJHHDR2JSJ,2018.0,450.0,2501.0,66.0,82.0,Freightliner,881.0,66.0,1.0,0.0,0.0,998.0,0.0,0.0,0.0,12.0,7.0,12.0,0.0,0.0,1.0,53.0,98374.0,1.0,6.0,3.0,Valid license for this class vehicle,0.0,65.0,185.0,0.0,0.0,2.0,5.0,May,2021.0,9.0,2022.0,4.0,3.0,3.0,65.0,1.0,3.0,8.0,1.0,0.0,1.0,51.0,1.0,1.0,1.0,202.0,48.0,0.0,1.0,0.0,202305194768.0,12.0,2.0,7.0,0.0,1.0,1.0,66.0,26.0,1.0,0.0,1.0,20.0,0.0,82.0,2.0,98.0
482773,1,9,96.0,51.0,1.0,3053.0,-99.0,48.0,259.0,12.0,35.0,34.0,38.0,1.0,1.0,3.0,20.0,7.0,8.0,0.0,0.0,0.0,0.0,48.0,2.0,12.0,1.0,0.0,1N6AA1EK4HN5,2017.0,478.0,1920.0,60.0,35.0,Nissan/Datsun,481.0,34.0,1.0,0.0,0.0,998.0,0.0,0.0,0.0,12.0,7.0,12.0,0.0,0.0,1.0,48.0,78006.0,1.0,6.0,3.0,Valid license for this class vehicle,0.0,999.0,999.0,0.0,0.0,0.0,0.0,No Record,0.0,0.0,0.0,0.0,1.0,2.0,60.0,3.0,2.0,8.0,1.0,97.0,14.0,10.0,99.0,1.0,4.0,301.0,48.0,0.0,1.0,0.0,202305181761.0,8.0,4.0,8.0,2.0,2.0,1.0,34.0,37.0,1.0,0.0,1.0,20.0,0.0,35.0,1.0,0.0
482774,1,9,96.0,28.0,1.0,3019.0,-99.0,48.0,39.0,12.0,35.0,5.0,41.0,1.0,1.0,4.0,3.0,0.0,8.0,0.0,8.0,995.0,6.0,48.0,2.0,12.0,1.0,0.0,3N1BC13E78L4,2008.0,478.0,1894.0,5.0,35.0,Nissan/Datsun,50.0,5.0,1.0,0.0,0.0,999.0,8.0,0.0,0.0,12.0,7.0,12.0,0.0,0.0,1.0,48.0,77075.0,1.0,6.0,3.0,Valid license for this class vehicle,0.0,999.0,999.0,0.0,0.0,0.0,0.0,No Record,0.0,0.0,0.0,0.0,1.0,2.0,45.0,1.0,1.0,8.0,1.0,0.0,1.0,10.0,99.0,1.0,2.0,301.0,48.0,1.0,1.0,0.0,202304888126.0,42.0,1.0,4.0,0.0,2.0,1.0,5.0,43.0,2.0,0.0,1.0,20.0,0.0,35.0,1.0,98.0
482806,1,98,96.0,0.0,1.0,1.0,-99.0,48.0,453.0,30.0,37.0,4.0,21.0,1.0,1.0,4.0,20.0,7.0,8.0,2.0,0.0,0.0,1.0,48.0,1.0,30.0,1.0,0.0,2HGFA16529H3,2009.0,474.0,1863.0,13.0,37.0,Honda,31.0,4.0,1.0,0.0,0.0,998.0,7.0,3.0,5.0,98.0,7.0,1.0,0.0,0.0,1.0,48.0,78681.0,1.0,6.0,3.0,Valid license for this class vehicle,0.0,999.0,999.0,0.0,5.0,0.0,6.0,June,2020.0,6.0,2023.0,4.0,6.0,2.0,65.0,2.0,2.0,8.0,1.0,0.0,14.0,9.0,99.0,2.0,4.0,101.0,48.0,1.0,1.0,0.0,202305378827.0,12.0,5.0,7.0,1.0,1.0,1.0,4.0,25.0,2.0,1.0,1.0,1.0,0.0,37.0,1.0,0.0
482817,2,98,96.0,0.0,1.0,0.0,-99.0,48.0,325.0,12.0,12.0,14.0,70.0,1.0,1.0,3.0,3.0,0.0,8.0,0.0,8.0,996.0,0.0,48.0,2.0,12.0,2.0,0.0,1FMCU0GD7JUA,2018.0,460.0,1798.0,7.0,12.0,Ford,402.0,14.0,1.0,0.0,0.0,998.0,0.0,3.0,5.0,61.0,7.0,12.0,0.0,0.0,1.0,48.0,78861.0,1.0,6.0,3.0,Valid license for this class vehicle,0.0,999.0,999.0,0.0,0.0,0.0,0.0,No Record,0.0,0.0,0.0,0.0,1.0,2.0,70.0,1.0,1.0,8.0,1.0,0.0,1.0,62.0,99.0,1.0,1.0,302.0,48.0,0.0,1.0,0.0,202304813798.0,12.0,7.0,3.0,0.0,1.0,1.0,14.0,66.0,2.0,0.0,1.0,20.0,0.0,12.0,1.0,0.0
482832,1,9,96.0,84.0,1.0,0.0,-99.0,48.0,183.0,12.0,12.0,2.0,31.0,1.0,1.0,4.0,99.0,7.0,98.0,0.0,1.0,176.0,7.0,48.0,2.0,12.0,2.0,0.0,1FA6P8K0XK55,2019.0,460.0,1781.0,3.0,12.0,Ford,3.0,2.0,1.0,0.0,0.0,998.0,0.0,3.0,5.0,12.0,7.0,12.0,1.0,1.0,1.0,48.0,75683.0,1.0,6.0,3.0,Valid license for this class vehicle,0.0,999.0,999.0,0.0,0.0,0.0,0.0,No Record,0.0,0.0,0.0,3.0,2.0,4.0,70.0,1.0,3.0,8.0,1.0,0.0,1.0,62.0,7.0,1.0,2.0,402.0,48.0,1.0,1.0,0.0,202305283991.0,12.0,7.0,9.0,4.0,1.0,1.0,2.0,31.0,1.0,4.0,1.0,98.0,0.0,12.0,1.0,98.0
482838,2,9,96.0,28.0,1.0,0.0,-99.0,48.0,27.0,12.0,63.0,4.0,46.0,1.0,1.0,4.0,3.0,0.0,8.0,0.0,1.0,271.0,7.0,48.0,2.0,12.0,1.0,0.0,5XXGT4L37LG4,2020.0,499.0,2739.0,13.0,63.0,KIA,34.0,4.0,1.0,0.0,0.0,998.0,1.0,0.0,0.0,12.0,7.0,12.0,0.0,1.0,1.0,48.0,76542.0,1.0,3.0,2.0,No valid license for this class vehicle,0.0,999.0,999.0,0.0,0.0,0.0,12.0,December,2019.0,12.0,2019.0,0.0,1.0,2.0,55.0,1.0,1.0,8.0,1.0,0.0,1.0,10.0,99.0,1.0,2.0,303.0,48.0,2.0,1.0,0.0,202304867390.0,12.0,5.0,4.0,0.0,10.0,1.0,4.0,53.0,2.0,0.0,1.0,20.0,0.0,63.0,2.0,0.0
482850,1,9,96.0,28.0,1.0,5997.0,-99.0,48.0,135.0,12.0,20.0,2.0,31.0,1.0,1.0,4.0,20.0,7.0,8.0,0.0,1.0,98.0,6.0,48.0,2.0,12.0,1.0,0.0,2G1FB1EV8A92,2010.0,467.0,1829.0,3.0,20.0,Chevrolet,9.0,2.0,1.0,0.0,0.0,998.0,8.0,0.0,0.0,12.0,7.0,12.0,0.0,1.0,1.0,48.0,79764.0,1.0,6.0,3.0,Valid license for this class vehicle,3.0,999.0,999.0,0.0,3.0,0.0,8.0,August,2019.0,8.0,2023.0,0.0,1.0,2.0,75.0,1.0,1.0,8.0,1.0,0.0,1.0,10.0,99.0,9.0,2.0,301.0,48.0,1.0,1.0,0.0,202305536331.0,42.0,6.0,12.0,3.0,1.0,1.0,2.0,58.0,2.0,3.0,1.0,9.0,0.0,20.0,1.0,0.0
482850,2,98,96.0,0.0,1.0,0.0,-99.0,48.0,135.0,12.0,12.0,34.0,33.0,1.0,1.0,2.0,3.0,0.0,8.0,0.0,8.0,996.0,0.0,48.0,2.0,12.0,1.0,0.0,1FTFW1ETXDFB,2013.0,460.0,1801.0,60.0,12.0,Ford,481.0,34.0,1.0,0.0,0.0,998.0,8.0,0.0,0.0,12.0,7.0,12.0,0.0,0.0,1.0,48.0,79764.0,1.0,6.0,3.0,Valid license for this class vehicle,3.0,999.0,999.0,0.0,1.0,0.0,4.0,April,2019.0,4.0,2019.0,0.0,1.0,2.0,75.0,1.0,1.0,8.0,1.0,0.0,1.0,62.0,99.0,1.0,1.0,302.0,48.0,0.0,1.0,0.0,202305064865.0,12.0,4.0,6.0,0.0,1.0,1.0,34.0,50.0,1.0,0.0,1.0,20.0,0.0,12.0,1.0,98.0
482855,1,2,96.0,39.0,1.0,9999.0,-99.0,48.0,325.0,12.0,20.0,21.0,21.0,1.0,1.0,0.0,3.0,0.0,9.0,0.0,8.0,995.0,0.0,48.0,2.0,12.0,3.0,0.0,1GCWGAFF5H11,2017.0,467.0,1848.0,95.0,20.0,Chevrolet,461.0,21.0,1.0,0.0,0.0,998.0,8.0,0.0,0.0,12.0,7.0,12.0,0.0,0.0,1.0,48.0,78216.0,0.0,0.0,0.0,Not licensed,0.0,999.0,999.0,0.0,0.0,0.0,0.0,No Record,0.0,0.0,0.0,0.0,3.0,3.0,60.0,1.0,1.0,8.0,1.0,3.0,1.0,17.0,99.0,1.0,1.0,503.0,48.0,0.0,1.0,0.0,202304926830.0,12.0,5.0,1.0,2.0,2.0,1.0,21.0,51.0,1.0,0.0,1.0,20.0,0.0,20.0,2.0,0.0
482857,1,9,96.0,28.0,1.0,5997.0,-99.0,48.0,467.0,12.0,72.0,80.0,58.0,1.0,1.0,4.0,20.0,7.0,20.0,8.0,0.0,0.0,7.0,48.0,2.0,12.0,1.0,0.0,1HD1KTP14NB6,2022.0,3888.0,12631.0,81.0,72.0,Harley-Davidson,706.0,80.0,1.0,0.0,0.0,998.0,7.0,8.0,8.0,12.0,7.0,12.0,0.0,0.0,1.0,48.0,75754.0,0.0,0.0,0.0,Not licensed,0.0,999.0,999.0,0.0,0.0,0.0,0.0,No Record,0.0,0.0,0.0,4.0,1.0,2.0,60.0,2.0,2.0,8.0,1.0,97.0,1.0,10.0,99.0,2.0,2.0,301.0,48.0,1.0,1.0,0.0,202304919319.0,12.0,5.0,4.0,2.0,1.0,1.0,80.0,43.0,1.0,2.0,1.0,20.0,8.0,72.0,2.0,0.0
482858,1,9,96.0,0.0,1.0,3053.0,-99.0,48.0,163.0,52.0,35.0,4.0,56.0,1.0,1.0,4.0,20.0,7.0,8.0,0.0,0.0,0.0,99.0,48.0,1.0,52.0,1.0,0.0,3N1AB7AP3KY4,2019.0,478.0,1907.0,13.0,35.0,Nissan/Datsun,43.0,4.0,1.0,0.0,0.0,998.0,7.0,3.0,5.0,12.0,7.0,1.0,0.0,0.0,1.0,48.0,78014.0,1.0,6.0,3.0,Valid license for this class vehicle,3.0,999.0,999.0,0.0,1.0,0.0,8.0,August,2022.0,8.0,2022.0,0.0,1.0,2.0,55.0,1.0,1.0,8.0,1.0,0.0,1.0,12.0,99.0,1.0,4.0,102.0,48.0,1.0,1.0,0.0,202304913485.0,15.0,3.0,4.0,3.0,1.0,1.0,4.0,62.0,1.0,0.0,1.0,20.0,0.0,35.0,1.0,0.0