ST_CASE,VEH_NO_x,DRIMPAIR_x,DRDISTRACT,DRIVERRF,PER_NO_x,DRUGRES,DRUGACTQTY,STATE_x,COUNTY,HARM_EV_x,MAKE_x,BODY_TYP_x,AGE,SEX,PER_TYP_x,INJ_SEV,REST_USE,REST_MIS,AIR_BAG_x,EJECTION,DRINKING,ALC_RES,HISPANIC,STATE_y,VE_FORMS,HARM_EV_y,NUMOCCS,HIT_RUN,VIN,MOD_YEAR,VPICMAKE,VPICMODEL,VPICBODYCLASS,MAKE_y,MAKENAME,MODEL,BODY_TYP_y,HAZ_INV,HAZ_PLAC,HAZ_ID,TRAV_SP,UNDEROVERRIDE,ROLLOVER,ROLINLOC,IMPACT1,DEFORMED,M_HARM,FIRE_EXP,DR_DRINK,DR_PRES,L_STATE,DR_ZIP,L_TYPE,L_STATUS,L_COMPL,L_COMPLNAME,L_RESTRI,DR_HGT,DR_WGT,PREV_DWI,PREV_SPD,PREV_OTH,FIRST_MO,FIRST_MONAME,FIRST_YR,LAST_MO,LAST_YR,SPEEDREL,VTRAFWAY,VNUM_LAN,VSPD_LIM,VALIGN,VPROFILE,VPAVETYP,VSURCOND,VTRAFCON,P_CRASH1,P_CRASH2,P_CRASH3,PCRASH4,PCRASH5,ACC_CONFIG,STATE,RACE,ORDER,MULTRACE,CASENUM,HARM_EV,DAY_WEEK,MONTH,MAXSEV_IM,WEATHR_IM,PER_NO_y,BODY_TYP,AGE_IM,SEX_IM,INJSEV_IM,PER_TYP_y,AIR_BAG_y,EJECT_IM,MAKE,VEH_NO_y,DRIMPAIR_y
483180,1,9,96.0,0.0,1.0,1.0,-99.0,48.0,201.0,33.0,20.0,34.0,23.0,2.0,1.0,4.0,20.0,7.0,8.0,0.0,1.0,225.0,6.0,48.0,1.0,33.0,1.0,0.0,3GCUKSECXHG3,2017.0,467.0,1850.0,60.0,20.0,Chevrolet,481.0,34.0,1.0,0.0,0.0,998.0,7.0,0.0,0.0,98.0,7.0,39.0,0.0,1.0,1.0,48.0,77095.0,1.0,6.0,3.0,Valid license for this class vehicle,0.0,999.0,999.0,0.0,0.0,0.0,0.0,No Record,0.0,0.0,0.0,0.0,2.0,2.0,35.0,2.0,1.0,8.0,1.0,0.0,14.0,12.0,99.0,1.0,4.0,102.0,48.0,1.0,1.0,0.0,202305260792.0,14.0,1.0,9.0,0.0,10.0,1.0,34.0,38.0,1.0,0.0,1.0,20.0,0.0,20.0,1.0,98.0
483186,2,98,96.0,0.0,1.0,0.0,-99.0,48.0,381.0,12.0,7.0,34.0,38.0,2.0,1.0,2.0,3.0,0.0,8.0,0.0,8.0,996.0,0.0,48.0,2.0,12.0,1.0,0.0,1C6RR7KT2DS5,2013.0,496.0,13620.0,60.0,7.0,Dodge,482.0,34.0,1.0,0.0,0.0,998.0,8.0,0.0,0.0,12.0,7.0,12.0,0.0,0.0,1.0,48.0,79109.0,0.0,0.0,0.0,Not licensed,0.0,999.0,999.0,0.0,0.0,0.0,0.0,No Record,0.0,0.0,0.0,0.0,5.0,5.0,50.0,1.0,1.0,8.0,1.0,0.0,1.0,62.0,99.0,1.0,1.0,302.0,48.0,0.0,1.0,0.0,202305297134.0,72.0,4.0,9.0,0.0,1.0,1.0,34.0,26.0,1.0,0.0,1.0,20.0,0.0,7.0,2.0,0.0
483187,1,98,96.0,83.0,1.0,9999.0,-99.0,48.0,249.0,11.0,7.0,5.0,19.0,2.0,1.0,4.0,3.0,0.0,8.0,0.0,8.0,0.0,1.0,48.0,2.0,11.0,2.0,0.0,1C3CDWDA2CD5,2012.0,476.0,1896.0,5.0,7.0,Dodge,25.0,5.0,1.0,0.0,0.0,998.0,0.0,0.0,0.0,12.0,6.0,12.0,0.0,0.0,1.0,48.0,78332.0,1.0,6.0,3.0,Valid license for this class vehicle,0.0,999.0,999.0,0.0,0.0,0.0,0.0,No Record,0.0,0.0,0.0,0.0,1.0,2.0,70.0,1.0,1.0,8.0,1.0,0.0,1.0,87.0,99.0,1.0,1.0,103.0,48.0,1.0,1.0,0.0,202305020193.0,12.0,6.0,6.0,3.0,1.0,1.0,5.0,78.0,2.0,2.0,1.0,1.0,0.0,7.0,3.0,0.0
483188,1,98,96.0,0.0,1.0,9999.0,-99.0,48.0,353.0,12.0,12.0,6.0,21.0,1.0,1.0,0.0,3.0,0.0,9.0,0.0,8.0,0.0,0.0,48.0,3.0,12.0,2.0,0.0,2FMDK3JC3ABB,2010.0,460.0,1797.0,7.0,12.0,Ford,24.0,6.0,1.0,0.0,0.0,998.0,8.0,0.0,0.0,12.0,7.0,12.0,0.0,0.0,1.0,48.0,79545.0,1.0,6.0,3.0,Valid license for this class vehicle,3.0,999.0,999.0,0.0,0.0,0.0,3.0,March,2021.0,3.0,2021.0,4.0,3.0,2.0,60.0,1.0,3.0,8.0,1.0,0.0,1.0,51.0,99.0,1.0,1.0,202.0,48.0,0.0,1.0,0.0,202305290711.0,11.0,7.0,9.0,0.0,1.0,1.0,6.0,40.0,2.0,0.0,1.0,20.0,0.0,12.0,1.0,98.0
483190,2,98,96.0,0.0,1.0,9999.0,-99.0,48.0,303.0,12.0,35.0,6.0,62.0,1.0,1.0,4.0,20.0,7.0,9.0,0.0,8.0,995.0,6.0,48.0,2.0,12.0,1.0,0.0,JN8AZ08T37W5,2007.0,478.0,1914.0,7.0,35.0,Nissan/Datsun,49.0,6.0,1.0,0.0,0.0,998.0,8.0,0.0,0.0,12.0,7.0,12.0,0.0,0.0,1.0,48.0,79357.0,1.0,6.0,3.0,Valid license for this class vehicle,0.0,999.0,999.0,0.0,0.0,0.0,0.0,No Record,0.0,0.0,0.0,0.0,2.0,2.0,75.0,1.0,1.0,8.0,1.0,0.0,1.0,62.0,99.0,1.0,1.0,402.0,48.0,1.0,1.0,0.0,202304655335.0,12.0,5.0,1.0,2.0,1.0,1.0,6.0,34.0,2.0,0.0,1.0,2.0,0.0,35.0,1.0,0.0
483204,1,98,96.0,0.0,1.0,9999.0,-99.0,48.0,485.0,58.0,22.0,4.0,17.0,1.0,1.0,4.0,20.0,7.0,20.0,0.0,8.0,995.0,6.0,48.0,1.0,58.0,1.0,0.0,1G2ZG57B7941,2009.0,536.0,4263.0,13.0,22.0,Pontiac,22.0,4.0,1.0,0.0,0.0,998.0,7.0,0.0,0.0,12.0,2.0,3.0,0.0,0.0,1.0,48.0,76309.0,7.0,6.0,3.0,Valid license for this class vehicle,3.0,999.0,999.0,0.0,0.0,0.0,0.0,No Record,0.0,0.0,0.0,5.0,4.0,2.0,35.0,3.0,1.0,8.0,1.0,0.0,14.0,12.0,99.0,1.0,4.0,102.0,48.0,3.0,1.0,0.0,202304832445.0,12.0,7.0,2.0,1.0,1.0,1.0,4.0,52.0,1.0,0.0,1.0,20.0,0.0,22.0,1.0,0.0
483209,1,9,96.0,54.0,1.0,3033.0,-99.0,48.0,135.0,12.0,63.0,6.0,40.0,2.0,1.0,4.0,3.0,0.0,9.0,0.0,1.0,207.0,1.0,48.0,2.0,12.0,1.0,0.0,KNDJP3A59H74,2017.0,499.0,2460.0,7.0,63.0,KIA,37.0,6.0,1.0,0.0,0.0,0.0,0.0,0.0,0.0,6.0,7.0,12.0,0.0,1.0,1.0,48.0,79761.0,1.0,1.0,2.0,No valid license for this class vehicle,0.0,999.0,999.0,1.0,2.0,2.0,4.0,April,2019.0,7.0,2023.0,0.0,3.0,2.0,70.0,1.0,1.0,8.0,1.0,0.0,5.0,53.0,1.0,1.0,1.0,201.0,48.0,1.0,1.0,0.0,202304826482.0,8.0,4.0,3.0,1.0,2.0,1.0,6.0,37.0,2.0,0.0,1.0,20.0,0.0,63.0,1.0,0.0
483210,1,9,96.0,51.0,1.0,9999.0,-99.0,48.0,7.0,12.0,35.0,4.0,30.0,2.0,1.0,4.0,20.0,7.0,8.0,0.0,1.0,290.0,6.0,48.0,3.0,12.0,1.0,0.0,1N4AL21E99N4,2009.0,478.0,1904.0,13.0,35.0,Nissan/Datsun,47.0,4.0,1.0,0.0,0.0,998.0,8.0,0.0,0.0,61.0,7.0,12.0,0.0,1.0,1.0,48.0,78382.0,1.0,6.0,3.0,Valid license for this class vehicle,3.0,999.0,999.0,0.0,0.0,1.0,9.0,September,2020.0,9.0,2020.0,0.0,5.0,5.0,60.0,1.0,1.0,8.0,1.0,0.0,1.0,10.0,99.0,1.0,2.0,301.0,48.0,2.0,1.0,0.0,202304978590.0,42.0,1.0,5.0,0.0,1.0,1.0,4.0,33.0,1.0,0.0,1.0,98.0,0.0,35.0,1.0,99.0
483212,1,98,96.0,38.0,1.0,0.0,-99.0,48.0,339.0,12.0,35.0,6.0,31.0,1.0,1.0,0.0,3.0,0.0,9.0,0.0,8.0,996.0,0.0,48.0,2.0,12.0,1.0,0.0,5N1AZ2MH4JN1,2018.0,478.0,1914.0,8.0,35.0,Nissan/Datsun,49.0,6.0,1.0,0.0,0.0,998.0,7.0,0.0,0.0,3.0,7.0,12.0,0.0,0.0,1.0,48.0,77357.0,1.0,6.0,3.0,Valid license for this class vehicle,0.0,999.0,999.0,0.0,0.0,0.0,0.0,No Record,0.0,0.0,0.0,0.0,1.0,2.0,55.0,3.0,1.0,8.0,1.0,0.0,11.0,15.0,99.0,1.0,1.0,401.0,48.0,0.0,1.0,0.0,202304738442.0,12.0,7.0,2.0,0.0,1.0,1.0,6.0,39.0,2.0,0.0,1.0,20.0,0.0,35.0,2.0,0.0
483217,1,98,96.0,0.0,1.0,0.0,-99.0,48.0,157.0,12.0,20.0,4.0,26.0,1.0,1.0,1.0,3.0,0.0,8.0,0.0,8.0,996.0,0.0,48.0,3.0,12.0,1.0,0.0,1G1ZB5ST6NF1,2022.0,467.0,1834.0,13.0,20.0,Chevrolet,37.0,4.0,1.0,0.0,0.0,998.0,0.0,0.0,0.0,12.0,7.0,12.0,0.0,0.0,1.0,48.0,77423.0,1.0,6.0,3.0,Valid license for this class vehicle,0.0,999.0,999.0,0.0,3.0,1.0,1.0,January,2020.0,8.0,2022.0,4.0,1.0,2.0,50.0,3.0,1.0,8.0,1.0,0.0,14.0,50.0,99.0,1.0,1.0,202.0,48.0,0.0,1.0,0.0,202305564345.0,12.0,1.0,11.0,0.0,1.0,1.0,4.0,32.0,1.0,0.0,1.0,20.0,0.0,20.0,2.0,0.0
483223,1,98,96.0,104.0,1.0,9999.0,-99.0,48.0,465.0,41.0,35.0,14.0,19.0,1.0,1.0,4.0,20.0,7.0,20.0,1.0,8.0,995.0,1.0,48.0,1.0,41.0,7.0,0.0,5N1AR18U15C7,2005.0,478.0,1911.0,7.0,35.0,Nissan/Datsun,401.0,14.0,1.0,0.0,0.0,998.0,7.0,3.0,5.0,12.0,7.0,1.0,0.0,0.0,1.0,13.0,30504.0,2.0,6.0,3.0,Valid license for this class vehicle,0.0,999.0,999.0,0.0,1.0,3.0,8.0,August,2021.0,11.0,2022.0,5.0,4.0,2.0,55.0,3.0,1.0,8.0,1.0,20.0,14.0,13.0,99.0,1.0,4.0,101.0,48.0,1.0,1.0,0.0,202304782178.0,12.0,4.0,1.0,3.0,1.0,1.0,14.0,50.0,2.0,0.0,1.0,20.0,0.0,35.0,1.0,98.0
483226,1,98,96.0,0.0,1.0,1.0,-99.0,48.0,113.0,12.0,35.0,4.0,35.0,1.0,1.0,4.0,3.0,0.0,9.0,0.0,8.0,0.0,6.0,48.0,2.0,12.0,1.0,0.0,1N4BL4CV0MN3,2021.0,478.0,1904.0,13.0,35.0,Nissan/Datsun,47.0,4.0,1.0,0.0,0.0,998.0,8.0,0.0,0.0,12.0,7.0,12.0,0.0,0.0,1.0,48.0,75287.0,1.0,6.0,3.0,Valid license for this class vehicle,0.0,72.0,182.0,0.0,1.0,0.0,9.0,September,2020.0,9.0,2020.0,4.0,3.0,3.0,65.0,1.0,1.0,8.0,2.0,0.0,1.0,50.0,99.0,1.0,1.0,202.0,48.0,2.0,1.0,0.0,202305236611.0,12.0,3.0,9.0,0.0,1.0,1.0,4.0,26.0,1.0,0.0,1.0,20.0,0.0,35.0,2.0,0.0
483239,1,98,96.0,0.0,1.0,1.0,-99.0,48.0,113.0,12.0,72.0,80.0,60.0,1.0,1.0,4.0,20.0,7.0,20.0,8.0,8.0,0.0,1.0,48.0,2.0,12.0,1.0,0.0,1HD1KTP1XPB6,2023.0,3888.0,12631.0,81.0,72.0,Harley-Davidson,706.0,80.0,1.0,0.0,0.0,998.0,7.0,8.0,8.0,12.0,7.0,12.0,0.0,0.0,1.0,48.0,76010.0,1.0,6.0,3.0,Valid license for this class vehicle,0.0,72.0,177.0,0.0,0.0,0.0,0.0,No Record,0.0,0.0,0.0,4.0,2.0,3.0,70.0,1.0,2.0,8.0,1.0,0.0,1.0,51.0,1.0,1.0,1.0,202.0,48.0,1.0,1.0,0.0,202305388884.0,12.0,4.0,10.0,4.0,10.0,1.0,80.0,60.0,1.0,4.0,1.0,20.0,8.0,72.0,1.0,98.0
483242,1,98,96.0,23.0,1.0,5060.0,0.3,48.0,113.0,12.0,73.0,83.0,16.0,1.0,1.0,4.0,20.0,7.0,20.0,8.0,8.0,0.0,1.0,48.0,2.0,12.0,1.0,0.0,0,2011.0,510.0,10658.0,113.0,73.0,Kawasaki,702.0,83.0,1.0,0.0,0.0,998.0,7.0,8.0,8.0,12.0,7.0,12.0,0.0,0.0,1.0,48.0,75040.0,0.0,0.0,0.0,Not licensed,0.0,999.0,999.0,0.0,0.0,0.0,0.0,No Record,0.0,0.0,0.0,0.0,1.0,2.0,30.0,1.0,1.0,8.0,2.0,0.0,1.0,62.0,99.0,1.0,1.0,402.0,48.0,1.0,1.0,0.0,202304636966.0,43.0,1.0,1.0,2.0,1.0,1.0,83.0,49.0,1.0,2.0,1.0,20.0,8.0,73.0,1.0,98.0
483261,1,98,96.0,0.0,1.0,1.0,-99.0,48.0,401.0,12.0,20.0,34.0,18.0,1.0,1.0,4.0,3.0,0.0,20.0,0.0,0.0,0.0,6.0,48.0,3.0,12.0,2.0,0.0,1GCHK23U36F1,2006.0,467.0,1850.0,60.0,20.0,Chevrolet,481.0,34.0,1.0,0.0,0.0,998.0,0.0,0.0,0.0,6.0,7.0,12.0,0.0,0.0,1.0,48.0,75654.0,1.0,6.0,3.0,Valid license for this class vehicle,3.0,68.0,217.0,0.0,0.0,0.0,0.0,No Record,0.0,0.0,0.0,0.0,1.0,2.0,70.0,1.0,1.0,8.0,1.0,0.0,99.0,53.0,99.0,1.0,1.0,203.0,48.0,1.0,1.0,0.0,202305393303.0,12.0,4.0,11.0,4.0,1.0,1.0,34.0,18.0,1.0,4.0,1.0,20.0,0.0,20.0,1.0,98.0
483263,1,98,96.0,73.0,1.0,1.0,-99.0,48.0,201.0,25.0,37.0,4.0,21.0,1.0,1.0,4.0,20.0,7.0,8.0,1.0,0.0,0.0,4.0,48.0,1.0,25.0,1.0,0.0,1HGCP26838A0,2008.0,474.0,1861.0,13.0,37.0,Honda,32.0,4.0,1.0,0.0,0.0,998.0,7.0,3.0,2.0,12.0,7.0,25.0,0.0,0.0,1.0,48.0,77074.0,2.0,6.0,2.0,No valid license for this class vehicle,2.0,67.0,195.0,0.0,0.0,0.0,0.0,No Record,0.0,0.0,0.0,0.0,3.0,4.0,60.0,1.0,1.0,1.0,1.0,0.0,1.0,13.0,99.0,1.0,4.0,101.0,48.0,1.0,1.0,0.0,202305024242.0,12.0,5.0,3.0,0.0,1.0,1.0,4.0,54.0,2.0,0.0,1.0,20.0,0.0,37.0,2.0,0.0
483266,1,98,96.0,0.0,1.0,9999.0,-99.0,48.0,477.0,12.0,55.0,4.0,47.0,1.0,1.0,4.0,20.0,7.0,8.0,0.0,8.0,995.0,6.0,48.0,2.0,12.0,1.0,0.0,5NPD84LF7LH5,2020.0,498.0,2735.0,13.0,55.0,Hyundai,35.0,4.0,1.0,0.0,0.0,0.0,0.0,0.0,0.0,9.0,7.0,12.0,0.0,0.0,1.0,48.0,77833.0,1.0,6.0,3.0,Valid license for this class vehicle,0.0,999.0,999.0,0.0,0.0,0.0,0.0,No Record,0.0,0.0,0.0,0.0,1.0,2.0,60.0,1.0,1.0,8.0,1.0,20.0,5.0,62.0,1.0,1.0,1.0,505.0,48.0,1.0,1.0,0.0,202304845878.0,12.0,5.0,3.0,2.0,1.0,1.0,4.0,33.0,2.0,1.0,1.0,9.0,0.0,55.0,2.0,0.0
483269,2,98,96.0,0.0,1.0,0.0,-99.0,48.0,381.0,12.0,82.0,66.0,55.0,1.0,1.0,1.0,3.0,0.0,20.0,0.0,8.0,996.0,0.0,48.0,2.0,12.0,1.0,0.0,3AKJHHDR4PSU,2023.0,450.0,2501.0,66.0,82.0,Freightliner,881.0,66.0,1.0,0.0,0.0,998.0,0.0,0.0,0.0,12.0,7.0,2.0,1.0,0.0,1.0,48.0,75904.0,1.0,6.0,3.0,Valid license for this class vehicle,3.0,999.0,999.0,0.0,0.0,0.0,0.0,No Record,0.0,0.0,0.0,0.0,1.0,2.0,75.0,1.0,1.0,8.0,1.0,0.0,1.0,62.0,99.0,1.0,1.0,302.0,48.0,0.0,1.0,0.0,202304813316.0,12.0,4.0,3.0,1.0,1.0,1.0,66.0,38.0,2.0,1.0,1.0,20.0,0.0,82.0,2.0,0.0
483270,1,98,96.0,0.0,1.0,9999.0,-99.0,48.0,439.0,42.0,49.0,4.0,17.0,1.0,1.0,3.0,3.0,0.0,20.0,0.0,8.0,995.0,0.0,48.0,1.0,42.0,2.0,0.0,4T1BF3EK7BU7,2011.0,448.0,2469.0,13.0,49.0,Toyota,40.0,4.0,1.0,0.0,0.0,998.0,7.0,0.0,0.0,3.0,7.0,42.0,0.0,0.0,1.0,48.0,76018.0,2.0,6.0,3.0,Valid license for this class vehicle,3.0,999.0,999.0,0.0,0.0,0.0,0.0,No Record,0.0,0.0,0.0,4.0,2.0,3.0,45.0,2.0,1.0,8.0,2.0,0.0,14.0,6.0,99.0,4.0,4.0,102.0,48.0,0.0,1.0,0.0,202305186190.0,12.0,3.0,8.0,0.0,1.0,1.0,4.0,29.0,2.0,0.0,1.0,9.0,0.0,49.0,1.0,0.0
483271,1,98,10.0,36.0,1.0,0.0,-99.0,48.0,459.0,12.0,82.0,66.0,59.0,1.0,1.0,0.0,3.0,0.0,20.0,0.0,8.0,996.0,0.0,48.0,3.0,12.0,1.0,0.0,3AKJHHDR5LSL,2020.0,450.0,2501.0,66.0,82.0,Freightliner,881.0,66.0,1.0,0.0,0.0,998.0,0.0,0.0,0.0,12.0,2.0,12.0,0.0,0.0,1.0,48.0,75559.0,1.0,6.0,3.0,Valid license for this class vehicle,3.0,999.0,999.0,0.0,0.0,0.0,12.0,December,2020.0,12.0,2020.0,4.0,1.0,2.0,70.0,3.0,1.0,8.0,1.0,0.0,14.0,52.0,99.0,1.0,1.0,202.0,48.0,0.0,1.0,0.0,202304846687.0,12.0,6.0,3.0,1.0,1.0,1.0,66.0,59.0,1.0,0.0,1.0,20.0,0.0,82.0,4.0,98.0
483276,2,98,96.0,0.0,1.0,0.0,-99.0,48.0,423.0,12.0,63.0,4.0,66.0,1.0,1.0,2.0,3.0,0.0,8.0,0.0,8.0,996.0,0.0,48.0,2.0,12.0,2.0,0.0,KNAFK4A61E51,2014.0,499.0,2462.0,13.0,63.0,KIA,38.0,4.0,1.0,0.0,0.0,998.0,8.0,0.0,0.0,12.0,7.0,12.0,0.0,0.0,1.0,48.0,75654.0,1.0,6.0,3.0,Valid license for this class vehicle,0.0,999.0,999.0,0.0,0.0,0.0,5.0,May,2020.0,8.0,2020.0,0.0,1.0,5.0,55.0,1.0,1.0,8.0,2.0,3.0,11.0,15.0,99.0,1.0,1.0,414.0,48.0,0.0,1.0,0.0,202305269085.0,12.0,1.0,10.0,1.0,1.0,1.0,4.0,18.0,2.0,1.0,1.0,20.0,0.0,63.0,2.0,0.0
483280,1,9,96.0,36.0,1.0,9999.0,-99.0,48.0,277.0,12.0,35.0,4.0,23.0,1.0,1.0,0.0,3.0,0.0,9.0,0.0,1.0,238.0,0.0,48.0,3.0,12.0,1.0,0.0,1N4AL3AP8FN3,2015.0,478.0,1904.0,13.0,35.0,Nissan/Datsun,47.0,4.0,1.0,0.0,0.0,998.0,0.0,0.0,0.0,12.0,7.0,12.0,0.0,1.0,1.0,48.0,75455.0,1.0,6.0,3.0,Valid license for this class vehicle,0.0,999.0,999.0,0.0,2.0,2.0,3.0,March,2022.0,7.0,2023.0,4.0,5.0,5.0,65.0,1.0,1.0,8.0,2.0,0.0,1.0,51.0,99.0,1.0,1.0,202.0,48.0,0.0,1.0,0.0,202304661897.0,12.0,4.0,1.0,1.0,1.0,1.0,4.0,20.0,2.0,0.0,1.0,20.0,0.0,35.0,1.0,98.0
483280,2,98,96.0,0.0,1.0,0.0,-99.0,48.0,277.0,12.0,12.0,4.0,29.0,1.0,1.0,3.0,3.0,0.0,20.0,1.0,8.0,996.0,0.0,48.0,3.0,12.0,2.0,0.0,3FAHP0HA1CR2,2012.0,460.0,1780.0,13.0,12.0,Ford,23.0,4.0,1.0,0.0,0.0,998.0,8.0,0.0,0.0,6.0,6.0,12.0,0.0,0.0,1.0,48.0,75462.0,1.0,6.0,3.0,Valid license for this class vehicle,0.0,999.0,999.0,0.0,0.0,0.0,0.0,No Record,0.0,0.0,0.0,0.0,5.0,5.0,65.0,1.0,1.0,8.0,2.0,0.0,1.0,53.0,99.0,1.0,1.0,201.0,48.0,0.0,1.0,0.0,202305124737.0,12.0,5.0,7.0,2.0,1.0,1.0,4.0,35.0,1.0,2.0,1.0,9.0,0.0,12.0,1.0,0.0
483281,1,98,96.0,0.0,1.0,1.0,-99.0,48.0,315.0,42.0,35.0,4.0,76.0,1.0,1.0,4.0,20.0,7.0,8.0,0.0,0.0,0.0,6.0,48.0,1.0,42.0,1.0,0.0,3N1CN8DV9LL8,2020.0,478.0,1894.0,13.0,35.0,Nissan/Datsun,50.0,4.0,1.0,0.0,0.0,998.0,7.0,0.0,0.0,12.0,7.0,42.0,0.0,0.0,1.0,48.0,75683.0,1.0,6.0,3.0,Valid license for this class vehicle,0.0,999.0,999.0,0.0,0.0,0.0,0.0,No Record,0.0,0.0,0.0,4.0,1.0,2.0,35.0,2.0,1.0,8.0,1.0,0.0,1.0,12.0,99.0,1.0,4.0,102.0,48.0,1.0,1.0,0.0,202305448407.0,12.0,4.0,11.0,0.0,1.0,1.0,4.0,21.0,1.0,0.0,1.0,20.0,0.0,35.0,1.0,0.0
483285,1,98,96.0,39.0,1.0,9999.0,-99.0,48.0,453.0,38.0,37.0,4.0,18.0,1.0,1.0,4.0,20.0,7.0,8.0,0.0,8.0,995.0,99.0,48.0,1.0,38.0,1.0,0.0,1HGCM56894A0,2004.0,474.0,1861.0,13.0,37.0,Honda,32.0,4.0,1.0,0.0,0.0,998.0,7.0,0.0,0.0,12.0,7.0,18.0,0.0,0.0,1.0,48.0,78741.0,0.0,0.0,0.0,Not licensed,0.0,999.0,999.0,0.0,0.0,0.0,0.0,No Record,0.0,0.0,0.0,0.0,1.0,2.0,55.0,1.0,1.0,8.0,1.0,40.0,1.0,14.0,99.0,1.0,4.0,103.0,48.0,1.0,1.0,0.0,202305379965.0,12.0,4.0,8.0,1.0,1.0,1.0,4.0,26.0,1.0,0.0,1.0,2.0,0.0,37.0,1.0,0.0
483286,1,98,96.0,0.0,1.0,1.0,-99.0,48.0,29.0,33.0,20.0,2.0,25.0,1.0,1.0,4.0,99.0,7.0,20.0,0.0,8.0,0.0,1.0,48.0,1.0,33.0,2.0,0.0,2G1FP22G2Y21,2000.0,467.0,1829.0,3.0,20.0,Chevrolet,9.0,2.0,1.0,0.0,0.0,998.0,7.0,0.0,0.0,82.0,7.0,30.0,0.0,0.0,1.0,48.0,78220.0,1.0,6.0,3.0,Valid license for this class vehicle,3.0,999.0,999.0,0.0,2.0,0.0,3.0,March,2023.0,8.0,2023.0,4.0,2.0,2.0,30.0,1.0,1.0,8.0,2.0,0.0,1.0,9.0,99.0,9.0,4.0,101.0,48.0,1.0,1.0,0.0,202305321256.0,12.0,6.0,8.0,0.0,10.0,1.0,2.0,62.0,1.0,0.0,1.0,20.0,0.0,20.0,2.0,0.0
483297,1,98,96.0,38.0,1.0,0.0,-99.0,48.0,183.0,12.0,23.0,15.0,60.0,2.0,1.0,2.0,3.0,0.0,8.0,0.0,8.0,996.0,0.0,48.0,2.0,12.0,1.0,0.0,1GKS1HKJ1HR1,2017.0,472.0,4579.0,7.0,23.0,GMC,422.0,15.0,1.0,0.0,0.0,998.0,7.0,0.0,0.0,12.0,7.0,12.0,0.0,0.0,1.0,48.0,75604.0,1.0,6.0,3.0,Valid license for this class vehicle,0.0,999.0,999.0,0.0,0.0,0.0,0.0,No Record,0.0,0.0,0.0,0.0,2.0,4.0,50.0,1.0,1.0,8.0,1.0,0.0,11.0,15.0,99.0,1.0,1.0,401.0,48.0,0.0,1.0,0.0,202305402241.0,12.0,4.0,11.0,4.0,1.0,1.0,15.0,60.0,2.0,2.0,1.0,8.0,0.0,23.0,1.0,98.0
483297,2,98,96.0,0.0,1.0,1.0,-99.0,48.0,183.0,12.0,73.0,80.0,27.0,1.0,1.0,4.0,20.0,7.0,20.0,8.0,0.0,0.0,6.0,48.0,2.0,12.0,1.0,0.0,ML5EREL10NDA,2022.0,510.0,13103.0,80.0,73.0,Kawasaki,705.0,80.0,1.0,0.0,0.0,998.0,7.0,8.0,8.0,62.0,7.0,12.0,0.0,0.0,1.0,48.0,75605.0,1.0,6.0,3.0,Valid license for this class vehicle,0.0,69.0,190.0,0.0,0.0,0.0,0.0,No Record,0.0,0.0,0.0,0.0,2.0,3.0,50.0,1.0,1.0,8.0,1.0,0.0,1.0,62.0,99.0,1.0,1.0,402.0,48.0,1.0,1.0,0.0,202305402241.0,12.0,4.0,11.0,4.0,1.0,1.0,80.0,27.0,1.0,4.0,1.0,20.0,8.0,73.0,2.0,98.0
483303,1,98,93.0,6.0,1.0,1.0,-99.0,48.0,29.0,21.0,37.0,4.0,83.0,1.0,1.0,4.0,20.0,7.0,8.0,0.0,8.0,0.0,6.0,48.0,1.0,21.0,1.0,0.0,19XFC2F56JE0,2018.0,474.0,1863.0,13.0,37.0,Honda,31.0,4.0,1.0,0.0,0.0,998.0,7.0,0.0,0.0,12.0,7.0,21.0,0.0,0.0,1.0,48.0,78232.0,1.0,6.0,3.0,Valid license for this class vehicle,0.0,999.0,999.0,0.0,0.0,0.0,0.0,No Record,0.0,0.0,0.0,5.0,4.0,3.0,40.0,1.0,1.0,8.0,1.0,0.0,1.0,12.0,99.0,1.0,4.0,102.0,48.0,1.0,1.0,0.0,202305456554.0,12.0,6.0,12.0,4.0,2.0,1.0,4.0,39.0,1.0,0.0,1.0,20.0,0.0,37.0,4.0,99.0
483312,1,9,96.0,28.0,1.0,3022.0,-99.0,48.0,73.0,12.0,7.0,4.0,41.0,2.0,1.0,4.0,20.0,7.0,8.0,1.0,1.0,89.0,6.0,48.0,2.0,12.0,1.0,0.0,1C3CDFAA1GD7,2016.0,476.0,2054.0,13.0,7.0,Dodge,29.0,4.0,1.0,0.0,0.0,998.0,0.0,3.0,1.0,12.0,7.0,12.0,0.0,1.0,1.0,48.0,75759.0,0.0,0.0,0.0,Not licensed,0.0,999.0,999.0,0.0,1.0,10.0,9.0,September,2019.0,5.0,2023.0,0.0,1.0,2.0,70.0,1.0,2.0,8.0,1.0,97.0,1.0,10.0,99.0,1.0,2.0,301.0,48.0,2.0,1.0,0.0,202305404727.0,12.0,1.0,11.0,4.0,10.0,1.0,4.0,41.0,2.0,4.0,1.0,8.0,1.0,7.0,1.0,9.0
483317,2,98,96.0,0.0,1.0,9999.0,-99.0,48.0,439.0,12.0,37.0,80.0,65.0,1.0,1.0,4.0,20.0,7.0,20.0,8.0,0.0,0.0,6.0,48.0,2.0,12.0,1.0,0.0,1HFSC55066A2,2006.0,474.0,3477.0,82.0,37.0,Honda,706.0,80.0,1.0,0.0,0.0,998.0,7.0,8.0,8.0,12.0,7.0,12.0,0.0,0.0,1.0,48.0,75052.0,1.0,6.0,3.0,Valid license for this class vehicle,0.0,999.0,999.0,0.0,0.0,0.0,1.0,January,2020.0,10.0,2022.0,0.0,2.0,3.0,45.0,1.0,1.0,8.0,1.0,3.0,1.0,62.0,99.0,9.0,3.0,402.0,48.0,1.0,1.0,0.0,202305029879.0,1.0,3.0,6.0,1.0,1.0,1.0,80.0,19.0,1.0,1.0,1.0,20.0,8.0,37.0,1.0,0.0