ST_CASE,VEH_NO_x,DRIMPAIR_x,DRDISTRACT,DRIVERRF,PER_NO_x,DRUGRES,DRUGACTQTY,STATE_x,COUNTY,HARM_EV_x,MAKE_x,BODY_TYP_x,AGE,SEX,PER_TYP_x,INJ_SEV,REST_USE,REST_MIS,AIR_BAG_x,EJECTION,DRINKING,ALC_RES,HISPANIC,STATE_y,VE_FORMS,HARM_EV_y,NUMOCCS,HIT_RUN,VIN,MOD_YEAR,VPICMAKE,VPICMODEL,VPICBODYCLASS,MAKE_y,MAKENAME,MODEL,BODY_TYP_y,HAZ_INV,HAZ_PLAC,HAZ_ID,TRAV_SP,UNDEROVERRIDE,ROLLOVER,ROLINLOC,IMPACT1,DEFORMED,M_HARM,FIRE_EXP,DR_DRINK,DR_PRES,L_STATE,DR_ZIP,L_TYPE,L_STATUS,L_COMPL,L_COMPLNAME,L_RESTRI,DR_HGT,DR_WGT,PREV_DWI,PREV_SPD,PREV_OTH,FIRST_MO,FIRST_MONAME,FIRST_YR,LAST_MO,LAST_YR,SPEEDREL,VTRAFWAY,VNUM_LAN,VSPD_LIM,VALIGN,VPROFILE,VPAVETYP,VSURCOND,VTRAFCON,P_CRASH1,P_CRASH2,P_CRASH3,PCRASH4,PCRASH5,ACC_CONFIG,STATE,RACE,ORDER,MULTRACE,CASENUM,HARM_EV,DAY_WEEK,MONTH,MAXSEV_IM,WEATHR_IM,PER_NO_y,BODY_TYP,AGE_IM,SEX_IM,INJSEV_IM,PER_TYP_y,AIR_BAG_y,EJECT_IM,MAKE,VEH_NO_y,DRIMPAIR_y
483335,1,98,96.0,27.0,1.0,1.0,-99.0,48.0,29.0,12.0,20.0,34.0,31.0,2.0,1.0,4.0,3.0,0.0,8.0,0.0,8.0,204.0,6.0,48.0,2.0,12.0,1.0,0.0,3GCUYDEDXLG1,2020.0,467.0,1850.0,60.0,20.0,Chevrolet,481.0,34.0,1.0,0.0,0.0,998.0,0.0,0.0,0.0,12.0,7.0,12.0,0.0,1.0,1.0,48.0,78258.0,1.0,6.0,3.0,Valid license for this class vehicle,0.0,999.0,999.0,0.0,0.0,0.0,11.0,November,2022.0,11.0,2022.0,0.0,3.0,3.0,55.0,1.0,2.0,8.0,1.0,0.0,15.0,9.0,99.0,5.0,2.0,209.0,48.0,1.0,1.0,0.0,202305753016.0,12.0,5.0,10.0,2.0,1.0,1.0,34.0,83.0,1.0,0.0,1.0,20.0,0.0,20.0,1.0,0.0
483340,1,98,96.0,28.0,1.0,0.0,-99.0,48.0,439.0,12.0,20.0,14.0,31.0,1.0,1.0,2.0,3.0,0.0,8.0,0.0,8.0,996.0,0.0,48.0,2.0,12.0,2.0,0.0,KL7CJLSM2NB5,2022.0,467.0,10988.0,7.0,20.0,Chevrolet,406.0,14.0,1.0,0.0,0.0,998.0,0.0,0.0,0.0,12.0,7.0,12.0,0.0,0.0,1.0,48.0,76012.0,1.0,6.0,3.0,Valid license for this class vehicle,3.0,999.0,999.0,0.0,2.0,0.0,6.0,June,2021.0,9.0,2021.0,0.0,1.0,2.0,45.0,2.0,2.0,8.0,1.0,0.0,14.0,10.0,99.0,1.0,2.0,301.0,48.0,0.0,1.0,0.0,202305665383.0,12.0,4.0,6.0,0.0,1.0,1.0,14.0,59.0,1.0,0.0,1.0,20.0,0.0,20.0,1.0,0.0
483343,2,98,96.0,0.0,1.0,0.0,-99.0,48.0,479.0,12.0,32.0,14.0,35.0,2.0,1.0,3.0,3.0,0.0,8.0,0.0,8.0,996.0,0.0,48.0,2.0,12.0,4.0,0.0,WA1LAAF76HD0,2017.0,582.0,3679.0,7.0,32.0,Audi,401.0,14.0,1.0,0.0,0.0,998.0,0.0,0.0,0.0,12.0,7.0,12.0,0.0,0.0,1.0,48.0,78044.0,1.0,6.0,3.0,Valid license for this class vehicle,0.0,999.0,999.0,0.0,0.0,0.0,0.0,No Record,0.0,0.0,0.0,0.0,1.0,4.0,75.0,1.0,1.0,8.0,1.0,0.0,1.0,62.0,99.0,1.0,1.0,302.0,48.0,0.0,1.0,0.0,202305510756.0,12.0,1.0,10.0,0.0,1.0,1.0,14.0,32.0,1.0,0.0,1.0,20.0,0.0,32.0,2.0,0.0
483351,1,98,96.0,0.0,1.0,0.0,-99.0,48.0,27.0,12.0,35.0,4.0,21.0,1.0,1.0,3.0,20.0,7.0,8.0,0.0,8.0,996.0,0.0,48.0,2.0,12.0,2.0,0.0,1N4AL3AP5JC2,2018.0,478.0,1904.0,13.0,35.0,Nissan/Datsun,47.0,4.0,1.0,0.0,0.0,93.0,0.0,0.0,0.0,12.0,7.0,12.0,0.0,0.0,1.0,48.0,76544.0,1.0,6.0,3.0,Valid license for this class vehicle,3.0,999.0,999.0,0.0,0.0,0.0,0.0,No Record,0.0,0.0,0.0,3.0,5.0,5.0,55.0,1.0,1.0,8.0,1.0,0.0,1.0,67.0,99.0,1.0,1.0,415.0,48.0,0.0,1.0,0.0,202304670674.0,34.0,5.0,1.0,0.0,3.0,1.0,4.0,20.0,1.0,0.0,1.0,1.0,0.0,35.0,1.0,9.0
483358,1,9,96.0,0.0,1.0,0.0,-99.0,48.0,113.0,33.0,19.0,4.0,85.0,2.0,1.0,3.0,3.0,0.0,8.0,0.0,1.0,0.0,0.0,48.0,1.0,33.0,3.0,0.0,1G6AB5SX3G01,2016.0,469.0,1824.0,13.0,19.0,Cadillac,24.0,4.0,1.0,0.0,0.0,998.0,7.0,0.0,0.0,98.0,7.0,30.0,0.0,1.0,1.0,48.0,75052.0,1.0,6.0,3.0,Valid license for this class vehicle,0.0,999.0,999.0,0.0,0.0,0.0,0.0,No Record,0.0,0.0,0.0,0.0,1.0,3.0,40.0,2.0,1.0,8.0,98.0,3.0,14.0,12.0,99.0,1.0,4.0,102.0,48.0,0.0,1.0,0.0,202305420879.0,33.0,6.0,10.0,4.0,1.0,1.0,4.0,85.0,2.0,3.0,1.0,8.0,0.0,19.0,1.0,9.0
483375,1,98,96.0,0.0,1.0,1.0,-99.0,48.0,201.0,12.0,76.0,83.0,35.0,1.0,1.0,4.0,20.0,7.0,20.0,8.0,8.0,48.0,6.0,48.0,2.0,12.0,1.0,0.0,0,2022.0,564.0,31773.0,86.0,76.0,Yamaha,703.0,83.0,1.0,0.0,0.0,998.0,7.0,8.0,8.0,12.0,7.0,12.0,0.0,1.0,1.0,48.0,77520.0,1.0,1.0,2.0,No valid license for this class vehicle,0.0,68.0,306.0,0.0,0.0,0.0,2.0,February,2019.0,4.0,2019.0,0.0,7.0,3.0,45.0,1.0,8.0,8.0,1.0,3.0,1.0,68.0,99.0,9.0,1.0,503.0,48.0,2.0,1.0,0.0,202304636966.0,43.0,1.0,1.0,2.0,1.0,1.0,83.0,49.0,1.0,2.0,1.0,20.0,8.0,73.0,1.0,98.0
483378,1,98,93.0,6.0,1.0,1.0,-99.0,48.0,113.0,18.0,34.0,80.0,28.0,1.0,1.0,4.0,20.0,7.0,20.0,8.0,8.0,14.0,4.0,48.0,2.0,18.0,1.0,0.0,WB1053402DZL,2013.0,452.0,1742.0,80.0,34.0,BMW,706.0,80.0,1.0,0.0,0.0,998.0,7.0,8.0,8.0,12.0,7.0,18.0,0.0,1.0,1.0,48.0,75149.0,1.0,6.0,2.0,No valid license for this class vehicle,0.0,70.0,180.0,0.0,0.0,0.0,2.0,February,2023.0,2.0,2023.0,0.0,3.0,2.0,65.0,1.0,1.0,8.0,1.0,0.0,1.0,90.0,99.0,1.0,1.0,103.0,48.0,98.0,1.0,0.0,202305423847.0,18.0,5.0,11.0,4.0,1.0,1.0,80.0,28.0,1.0,4.0,1.0,20.0,8.0,34.0,1.0,98.0
483380,1,98,92.0,39.0,1.0,0.0,-99.0,48.0,201.0,12.0,55.0,4.0,50.0,2.0,1.0,1.0,3.0,0.0,20.0,0.0,8.0,996.0,0.0,48.0,2.0,12.0,4.0,0.0,5NPEB4AC9DH6,2013.0,498.0,2459.0,13.0,55.0,Hyundai,33.0,4.0,1.0,0.0,0.0,998.0,0.0,0.0,0.0,6.0,7.0,12.0,0.0,0.0,1.0,48.0,77521.0,0.0,0.0,0.0,Not licensed,0.0,999.0,999.0,0.0,1.0,3.0,11.0,November,2021.0,6.0,2023.0,0.0,2.0,2.0,30.0,3.0,8.0,8.0,1.0,3.0,10.0,16.0,99.0,1.0,1.0,410.0,48.0,0.0,1.0,0.0,202305213029.0,12.0,1.0,8.0,3.0,1.0,1.0,4.0,21.0,2.0,0.0,1.0,9.0,0.0,55.0,1.0,98.0
483386,1,9,96.0,39.0,1.0,1.0,-99.0,48.0,257.0,12.0,30.0,4.0,17.0,1.0,1.0,4.0,20.0,7.0,8.0,1.0,8.0,0.0,6.0,48.0,2.0,12.0,4.0,0.0,1VWSA7A30LC0,2020.0,482.0,3134.0,13.0,30.0,Volkswagen,46.0,4.0,1.0,0.0,0.0,998.0,0.0,0.0,0.0,9.0,6.0,24.0,0.0,0.0,1.0,17.0,75143.0,0.0,0.0,0.0,Not licensed,0.0,67.0,160.0,0.0,0.0,0.0,0.0,No Record,0.0,0.0,0.0,4.0,2.0,2.0,40.0,2.0,8.0,8.0,1.0,20.0,1.0,17.0,99.0,1.0,1.0,504.0,48.0,1.0,1.0,0.0,202304902132.0,12.0,7.0,4.0,0.0,1.0,1.0,4.0,16.0,1.0,0.0,1.0,20.0,0.0,30.0,1.0,0.0
483390,2,98,96.0,0.0,1.0,0.0,-99.0,48.0,327.0,12.0,84.0,66.0,73.0,1.0,1.0,0.0,3.0,0.0,20.0,0.0,8.0,996.0,0.0,48.0,2.0,12.0,1.0,0.0,3HSDZAPR1KN1,2019.0,526.0,20852.0,66.0,84.0,International Harvester/Navistar,881.0,66.0,1.0,0.0,0.0,998.0,0.0,0.0,0.0,12.0,7.0,12.0,0.0,0.0,1.0,48.0,79936.0,1.0,6.0,3.0,Valid license for this class vehicle,0.0,999.0,999.0,0.0,1.0,0.0,11.0,November,2021.0,11.0,2021.0,0.0,1.0,2.0,75.0,1.0,1.0,8.0,1.0,0.0,1.0,62.0,99.0,1.0,1.0,302.0,48.0,0.0,1.0,0.0,202304881831.0,12.0,5.0,4.0,0.0,1.0,1.0,66.0,52.0,1.0,0.0,1.0,20.0,0.0,84.0,1.0,0.0
483392,1,98,93.0,6.0,1.0,0.0,-99.0,48.0,201.0,1.0,55.0,14.0,77.0,1.0,1.0,0.0,3.0,0.0,8.0,0.0,8.0,996.0,0.0,48.0,1.0,1.0,3.0,0.0,5NMS53AA8LH2,2020.0,498.0,2057.0,7.0,55.0,Hyundai,401.0,14.0,1.0,0.0,0.0,998.0,7.0,3.0,5.0,0.0,7.0,1.0,0.0,0.0,1.0,48.0,77381.0,1.0,6.0,3.0,Valid license for this class vehicle,3.0,999.0,999.0,0.0,0.0,0.0,0.0,No Record,0.0,0.0,0.0,4.0,4.0,2.0,50.0,3.0,1.0,8.0,1.0,0.0,14.0,13.0,99.0,1.0,4.0,101.0,48.0,0.0,1.0,0.0,202305418101.0,12.0,5.0,11.0,0.0,1.0,1.0,14.0,67.0,1.0,0.0,1.0,20.0,0.0,55.0,1.0,0.0
483397,1,98,96.0,0.0,1.0,0.0,-99.0,48.0,439.0,33.0,35.0,34.0,32.0,1.0,1.0,0.0,20.0,7.0,9.0,0.0,8.0,996.0,0.0,48.0,1.0,33.0,3.0,0.0,1N6AA06A94N5,2004.0,478.0,1920.0,60.0,35.0,Nissan/Datsun,473.0,34.0,1.0,0.0,0.0,998.0,7.0,0.0,0.0,12.0,7.0,42.0,0.0,0.0,1.0,48.0,76104.0,0.0,0.0,0.0,Not licensed,0.0,999.0,999.0,0.0,0.0,0.0,0.0,No Record,0.0,0.0,0.0,4.0,1.0,2.0,30.0,1.0,1.0,8.0,98.0,20.0,1.0,12.0,99.0,1.0,4.0,102.0,48.0,0.0,1.0,0.0,202304771059.0,12.0,2.0,2.0,3.0,1.0,1.0,34.0,19.0,1.0,0.0,1.0,20.0,0.0,35.0,3.0,0.0
483411,1,98,96.0,104.0,1.0,9999.0,-99.0,48.0,167.0,46.0,49.0,4.0,21.0,1.0,1.0,4.0,20.0,7.0,8.0,0.0,8.0,57.0,7.0,48.0,1.0,46.0,1.0,0.0,4T1BF1FK4HU7,2017.0,448.0,2469.0,13.0,49.0,Toyota,40.0,4.0,1.0,0.0,0.0,998.0,7.0,0.0,0.0,9.0,7.0,46.0,0.0,1.0,1.0,48.0,77539.0,0.0,0.0,0.0,Not licensed,0.0,999.0,999.0,0.0,2.0,7.0,10.0,October,2020.0,7.0,2023.0,5.0,3.0,2.0,45.0,3.0,1.0,8.0,1.0,2.0,14.0,9.0,99.0,3.0,4.0,102.0,48.0,1.0,1.0,0.0,202305008988.0,12.0,4.0,4.0,2.0,1.0,1.0,4.0,43.0,1.0,2.0,1.0,1.0,0.0,49.0,2.0,0.0
483413,1,98,96.0,38.0,1.0,0.0,-99.0,48.0,157.0,12.0,35.0,4.0,49.0,2.0,1.0,9.0,3.0,0.0,20.0,0.0,8.0,996.0,0.0,48.0,3.0,12.0,1.0,1.0,1N4AL21E59N4,2009.0,478.0,1904.0,13.0,35.0,Nissan/Datsun,47.0,4.0,1.0,0.0,0.0,998.0,0.0,0.0,0.0,62.0,7.0,12.0,0.0,0.0,1.0,48.0,77099.0,1.0,3.0,2.0,No valid license for this class vehicle,0.0,999.0,999.0,0.0,0.0,0.0,0.0,No Record,0.0,0.0,0.0,0.0,2.0,2.0,60.0,1.0,1.0,8.0,1.0,4.0,4.0,17.0,99.0,1.0,1.0,504.0,48.0,0.0,1.0,0.0,202304771309.0,12.0,4.0,2.0,1.0,10.0,1.0,4.0,16.0,1.0,1.0,1.0,9.0,0.0,35.0,2.0,0.0
483421,1,98,96.0,80.0,1.0,0.0,-99.0,48.0,459.0,1.0,54.0,4.0,28.0,1.0,1.0,2.0,20.0,7.0,8.0,0.0,8.0,996.0,0.0,48.0,1.0,1.0,2.0,0.0,JH4CU2F49DC0,2013.0,475.0,1874.0,13.0,54.0,Acura,39.0,4.0,1.0,0.0,0.0,998.0,7.0,3.0,5.0,0.0,6.0,1.0,0.0,0.0,1.0,48.0,75644.0,0.0,0.0,0.0,Not licensed,0.0,999.0,999.0,0.0,0.0,0.0,0.0,No Record,0.0,0.0,0.0,0.0,5.0,5.0,70.0,2.0,2.0,8.0,1.0,0.0,14.0,1.0,99.0,5.0,4.0,101.0,48.0,0.0,1.0,0.0,202304776034.0,12.0,4.0,2.0,0.0,1.0,1.0,4.0,34.0,2.0,0.0,1.0,20.0,0.0,54.0,2.0,98.0
483429,3,98,96.0,0.0,1.0,0.0,-99.0,48.0,439.0,12.0,49.0,4.0,41.0,1.0,1.0,0.0,3.0,0.0,20.0,0.0,8.0,996.0,0.0,48.0,3.0,12.0,1.0,0.0,4T1BK1FKXCU5,2012.0,448.0,2469.0,13.0,49.0,Toyota,40.0,4.0,1.0,0.0,0.0,998.0,7.0,0.0,0.0,13.0,2.0,54.0,0.0,0.0,1.0,48.0,76028.0,1.0,6.0,3.0,Valid license for this class vehicle,0.0,999.0,999.0,0.0,1.0,0.0,3.0,March,2021.0,3.0,2021.0,0.0,1.0,4.0,55.0,3.0,2.0,8.0,2.0,0.0,14.0,62.0,99.0,1.0,1.0,998.0,48.0,0.0,1.0,0.0,202305522978.0,12.0,4.0,12.0,4.0,1.0,1.0,4.0,76.0,2.0,2.0,1.0,8.0,0.0,49.0,1.0,0.0
483431,1,98,96.0,58.0,1.0,1.0,-99.0,48.0,299.0,12.0,55.0,4.0,19.0,2.0,1.0,4.0,99.0,7.0,98.0,2.0,0.0,0.0,6.0,48.0,2.0,12.0,1.0,0.0,KMHLM4AG1PU5,2023.0,498.0,2735.0,13.0,55.0,Hyundai,35.0,4.0,1.0,0.0,0.0,998.0,0.0,3.0,5.0,12.0,6.0,2.0,1.0,0.0,1.0,48.0,79510.0,1.0,6.0,3.0,Valid license for this class vehicle,0.0,999.0,999.0,0.0,0.0,0.0,0.0,No Record,0.0,0.0,0.0,0.0,1.0,2.0,70.0,3.0,2.0,8.0,1.0,40.0,1.0,13.0,6.0,1.0,4.0,301.0,48.0,2.0,1.0,0.0,202305201070.0,12.0,3.0,8.0,2.0,1.0,1.0,4.0,38.0,2.0,2.0,1.0,9.0,0.0,55.0,1.0,0.0
483437,1,98,96.0,39.0,1.0,0.0,-99.0,48.0,303.0,12.0,59.0,14.0,86.0,2.0,1.0,3.0,3.0,0.0,8.0,0.0,8.0,996.0,0.0,48.0,2.0,12.0,2.0,0.0,2T2HGMDA3LC0,2020.0,515.0,2214.0,7.0,59.0,Lexus,403.0,14.0,1.0,0.0,0.0,998.0,0.0,0.0,0.0,3.0,7.0,12.0,0.0,0.0,1.0,48.0,79124.0,1.0,6.0,3.0,Valid license for this class vehicle,0.0,999.0,999.0,0.0,0.0,0.0,0.0,No Record,0.0,0.0,0.0,0.0,1.0,2.0,40.0,1.0,1.0,8.0,1.0,20.0,1.0,17.0,99.0,1.0,1.0,502.0,48.0,0.0,1.0,0.0,202305366493.0,12.0,6.0,10.0,0.0,1.0,1.0,14.0,58.0,2.0,0.0,1.0,20.0,0.0,59.0,2.0,98.0
483438,1,9,15.0,28.0,1.0,9999.0,-99.0,48.0,217.0,12.0,12.0,6.0,35.0,2.0,1.0,0.0,3.0,0.0,20.0,0.0,1.0,182.0,0.0,48.0,2.0,12.0,1.0,0.0,2FMDK3JC8ABA,2010.0,460.0,1797.0,7.0,12.0,Ford,24.0,6.0,1.0,0.0,0.0,998.0,7.0,0.0,0.0,62.0,2.0,12.0,0.0,1.0,1.0,48.0,76476.0,1.0,6.0,3.0,Valid license for this class vehicle,3.0,999.0,999.0,0.0,1.0,2.0,6.0,June,2021.0,5.0,2022.0,0.0,1.0,2.0,70.0,1.0,1.0,8.0,1.0,0.0,1.0,10.0,99.0,1.0,2.0,301.0,48.0,0.0,1.0,0.0,202305186506.0,12.0,5.0,8.0,0.0,1.0,1.0,6.0,60.0,1.0,0.0,1.0,20.0,0.0,12.0,1.0,98.0
483442,1,98,96.0,104.0,1.0,0.0,-99.0,48.0,141.0,59.0,63.0,4.0,20.0,1.0,1.0,2.0,3.0,0.0,8.0,0.0,8.0,996.0,0.0,48.0,1.0,59.0,6.0,0.0,3KPFK4A73HE1,2017.0,499.0,2462.0,13.0,63.0,KIA,38.0,4.0,1.0,0.0,0.0,100.0,7.0,0.0,0.0,12.0,6.0,30.0,0.0,0.0,1.0,12.0,79918.0,7.0,1.0,2.0,No valid license for this class vehicle,0.0,69.0,999.0,0.0,0.0,0.0,5.0,May,2023.0,6.0,2023.0,3.0,1.0,2.0,40.0,3.0,1.0,8.0,1.0,3.0,14.0,13.0,1.0,1.0,4.0,101.0,48.0,0.0,1.0,0.0,202305058788.0,9.0,1.0,6.0,2.0,1.0,1.0,4.0,20.0,1.0,0.0,1.0,20.0,0.0,63.0,1.0,0.0
483448,1,9,93.0,38.0,1.0,3053.0,-99.0,48.0,501.0,12.0,2.0,14.0,20.0,1.0,1.0,4.0,3.0,0.0,8.0,0.0,0.0,0.0,1.0,48.0,2.0,12.0,3.0,0.0,3C4NJDBBXMT5,2021.0,483.0,1946.0,7.0,2.0,Jeep / Kaiser-Jeep / Willys- Jeep,498.0,14.0,1.0,0.0,0.0,998.0,0.0,3.0,5.0,3.0,7.0,12.0,0.0,0.0,1.0,35.0,88220.0,1.0,6.0,3.0,Valid license for this class vehicle,3.0,69.0,170.0,0.0,4.0,2.0,4.0,April,2021.0,10.0,2023.0,0.0,1.0,2.0,70.0,1.0,8.0,8.0,1.0,20.0,4.0,17.0,1.0,1.0,1.0,502.0,48.0,1.0,1.0,0.0,202304843684.0,12.0,4.0,2.0,0.0,10.0,1.0,14.0,76.0,2.0,0.0,1.0,20.0,0.0,2.0,2.0,98.0
483454,1,2,96.0,51.0,1.0,9999.0,-99.0,48.0,409.0,12.0,18.0,4.0,22.0,1.0,1.0,4.0,3.0,0.0,9.0,0.0,8.0,995.0,1.0,48.0,2.0,12.0,1.0,0.0,2G4WS52J1111,2001.0,468.0,8843.0,13.0,18.0,Buick / Opel,7.0,4.0,1.0,0.0,0.0,998.0,8.0,0.0,0.0,12.0,7.0,12.0,0.0,0.0,1.0,48.0,78839.0,1.0,6.0,3.0,Valid license for this class vehicle,0.0,999.0,999.0,0.0,0.0,0.0,0.0,No Record,0.0,0.0,0.0,0.0,1.0,2.0,75.0,1.0,1.0,8.0,1.0,0.0,1.0,10.0,99.0,1.0,2.0,301.0,48.0,1.0,1.0,0.0,202305452804.0,12.0,7.0,12.0,0.0,1.0,1.0,4.0,21.0,1.0,0.0,1.0,20.0,0.0,18.0,2.0,0.0
483470,1,9,96.0,28.0,1.0,0.0,-99.0,48.0,31.0,12.0,49.0,34.0,25.0,1.0,1.0,4.0,3.0,0.0,8.0,0.0,1.0,261.0,6.0,48.0,3.0,12.0,1.0,0.0,5TFCZ5AN5MX2,2021.0,448.0,2223.0,60.0,49.0,Toyota,472.0,34.0,1.0,0.0,0.0,998.0,0.0,0.0,0.0,12.0,7.0,12.0,0.0,1.0,1.0,48.0,78669.0,1.0,6.0,3.0,Valid license for this class vehicle,0.0,999.0,999.0,0.0,0.0,0.0,0.0,No Record,0.0,0.0,0.0,3.0,1.0,4.0,70.0,2.0,1.0,8.0,1.0,0.0,14.0,10.0,99.0,1.0,2.0,301.0,48.0,1.0,1.0,0.0,202304725604.0,12.0,5.0,1.0,0.0,1.0,1.0,34.0,34.0,2.0,0.0,1.0,20.0,0.0,49.0,1.0,0.0
483476,1,98,96.0,48.0,1.0,0.0,-99.0,48.0,73.0,12.0,55.0,4.0,20.0,1.0,1.0,2.0,3.0,0.0,8.0,0.0,8.0,996.0,0.0,48.0,2.0,12.0,1.0,0.0,5NPEC4AC6CH5,2012.0,498.0,2459.0,13.0,55.0,Hyundai,33.0,4.0,1.0,0.0,0.0,998.0,8.0,0.0,0.0,12.0,7.0,12.0,0.0,0.0,1.0,48.0,75056.0,1.0,6.0,3.0,Valid license for this class vehicle,0.0,999.0,999.0,0.0,0.0,0.0,0.0,No Record,0.0,0.0,0.0,0.0,1.0,2.0,55.0,1.0,1.0,8.0,1.0,0.0,12.0,21.0,99.0,1.0,2.0,998.0,48.0,0.0,1.0,0.0,202305336449.0,12.0,1.0,10.0,4.0,1.0,1.0,4.0,20.0,1.0,2.0,1.0,8.0,0.0,55.0,1.0,98.0
483479,1,98,96.0,0.0,1.0,0.0,-99.0,48.0,201.0,12.0,35.0,6.0,17.0,1.0,1.0,2.0,20.0,7.0,20.0,0.0,8.0,996.0,0.0,48.0,2.0,12.0,5.0,0.0,5N1AT2MT4GC7,2016.0,478.0,1913.0,8.0,35.0,Nissan/Datsun,51.0,6.0,1.0,0.0,0.0,998.0,8.0,0.0,0.0,62.0,7.0,12.0,0.0,0.0,1.0,48.0,77035.0,0.0,0.0,0.0,Not licensed,0.0,999.0,999.0,0.0,0.0,0.0,0.0,No Record,0.0,0.0,0.0,3.0,2.0,2.0,35.0,1.0,1.0,1.0,1.0,0.0,1.0,62.0,99.0,1.0,1.0,402.0,48.0,0.0,1.0,0.0,202305531241.0,12.0,7.0,9.0,1.0,1.0,1.0,6.0,49.0,1.0,0.0,1.0,8.0,0.0,35.0,2.0,98.0
483483,2,9,96.0,84.0,1.0,1.0,-99.0,48.0,113.0,1.0,73.0,80.0,43.0,1.0,1.0,4.0,20.0,7.0,20.0,8.0,0.0,0.0,6.0,48.0,2.0,1.0,1.0,0.0,JKBZXJH12NA0,2022.0,510.0,12989.0,80.0,73.0,Kawasaki,705.0,80.0,1.0,0.0,0.0,998.0,7.0,8.0,8.0,0.0,7.0,12.0,0.0,0.0,1.0,48.0,76053.0,0.0,0.0,0.0,Not licensed,0.0,69.0,150.0,0.0,0.0,0.0,0.0,No Record,0.0,0.0,0.0,0.0,2.0,3.0,45.0,1.0,2.0,8.0,1.0,0.0,1.0,62.0,98.0,1.0,1.0,998.0,48.0,1.0,1.0,0.0,202304888099.0,33.0,2.0,4.0,3.0,1.0,1.0,80.0,19.0,1.0,3.0,1.0,20.0,8.0,73.0,1.0,98.0
483485,3,98,96.0,0.0,1.0,0.0,-99.0,48.0,187.0,12.0,20.0,34.0,40.0,2.0,1.0,0.0,99.0,7.0,20.0,0.0,8.0,996.0,0.0,48.0,4.0,12.0,1.0,0.0,3GCPABEK1NG5,2022.0,467.0,1850.0,60.0,20.0,Chevrolet,481.0,34.0,1.0,0.0,0.0,998.0,7.0,0.0,0.0,12.0,7.0,73.0,0.0,0.0,1.0,48.0,78155.0,1.0,6.0,3.0,Valid license for this class vehicle,0.0,999.0,999.0,0.0,0.0,0.0,0.0,No Record,0.0,0.0,0.0,0.0,2.0,2.0,60.0,1.0,1.0,8.0,1.0,0.0,1.0,90.0,99.0,9.0,1.0,998.0,48.0,0.0,1.0,0.0,202305238932.0,30.0,1.0,9.0,2.0,10.0,1.0,34.0,29.0,1.0,2.0,1.0,8.0,0.0,20.0,1.0,98.0
483488,1,98,96.0,104.0,1.0,1.0,-99.0,48.0,113.0,46.0,7.0,4.0,18.0,1.0,1.0,4.0,20.0,7.0,8.0,1.0,8.0,0.0,99.0,48.0,1.0,46.0,2.0,0.0,2C3CDXGJXMH5,2021.0,476.0,1895.0,13.0,7.0,Dodge,24.0,4.0,1.0,0.0,0.0,998.0,7.0,0.0,0.0,12.0,6.0,46.0,0.0,0.0,1.0,48.0,75181.0,1.0,6.0,3.0,Valid license for this class vehicle,0.0,74.0,212.0,0.0,0.0,0.0,0.0,No Record,0.0,0.0,0.0,5.0,6.0,2.0,70.0,2.0,2.0,8.0,1.0,3.0,1.0,12.0,99.0,1.0,4.0,102.0,48.0,2.0,1.0,0.0,202305040866.0,12.0,2.0,6.0,2.0,1.0,1.0,4.0,42.0,1.0,0.0,1.0,20.0,0.0,7.0,3.0,0.0
483500,1,9,96.0,28.0,1.0,1.0,-99.0,48.0,201.0,12.0,35.0,4.0,21.0,1.0,1.0,3.0,20.0,7.0,8.0,0.0,1.0,143.0,0.0,48.0,2.0,12.0,1.0,0.0,1N4AA6AP2GC9,2016.0,478.0,2302.0,13.0,35.0,Nissan/Datsun,39.0,4.0,1.0,0.0,0.0,998.0,0.0,0.0,0.0,12.0,7.0,12.0,0.0,1.0,1.0,48.0,77521.0,1.0,6.0,3.0,Valid license for this class vehicle,3.0,999.0,999.0,0.0,0.0,0.0,0.0,No Record,0.0,0.0,0.0,0.0,1.0,2.0,50.0,3.0,2.0,8.0,1.0,0.0,14.0,10.0,99.0,1.0,2.0,301.0,48.0,0.0,1.0,0.0,202304800414.0,34.0,1.0,3.0,0.0,2.0,1.0,4.0,54.0,1.0,0.0,1.0,20.0,0.0,35.0,1.0,0.0
483505,1,98,96.0,0.0,1.0,9999.0,-99.0,48.0,225.0,12.0,82.0,66.0,57.0,1.0,1.0,0.0,3.0,0.0,20.0,0.0,8.0,995.0,0.0,48.0,2.0,12.0,1.0,0.0,1FUJHHDR6KLK,2019.0,450.0,2501.0,66.0,82.0,Freightliner,881.0,66.0,1.0,0.0,0.0,998.0,8.0,0.0,0.0,12.0,7.0,12.0,0.0,0.0,1.0,48.0,76131.0,1.0,6.0,3.0,Valid license for this class vehicle,0.0,999.0,999.0,0.0,0.0,0.0,4.0,April,2023.0,4.0,2023.0,0.0,1.0,2.0,70.0,1.0,1.0,8.0,1.0,0.0,1.0,62.0,99.0,1.0,1.0,302.0,48.0,0.0,1.0,0.0,202305070150.0,12.0,3.0,5.0,0.0,1.0,1.0,66.0,49.0,1.0,0.0,1.0,20.0,0.0,82.0,2.0,0.0