ST_CASE,VEH_NO_x,DRIMPAIR_x,DRDISTRACT,DRIVERRF,PER_NO_x,DRUGRES,DRUGACTQTY,STATE_x,COUNTY,HARM_EV_x,MAKE_x,BODY_TYP_x,AGE,SEX,PER_TYP_x,INJ_SEV,REST_USE,REST_MIS,AIR_BAG_x,EJECTION,DRINKING,ALC_RES,HISPANIC,STATE_y,VE_FORMS,HARM_EV_y,NUMOCCS,HIT_RUN,VIN,MOD_YEAR,VPICMAKE,VPICMODEL,VPICBODYCLASS,MAKE_y,MAKENAME,MODEL,BODY_TYP_y,HAZ_INV,HAZ_PLAC,HAZ_ID,TRAV_SP,UNDEROVERRIDE,ROLLOVER,ROLINLOC,IMPACT1,DEFORMED,M_HARM,FIRE_EXP,DR_DRINK,DR_PRES,L_STATE,DR_ZIP,L_TYPE,L_STATUS,L_COMPL,L_COMPLNAME,L_RESTRI,DR_HGT,DR_WGT,PREV_DWI,PREV_SPD,PREV_OTH,FIRST_MO,FIRST_MONAME,FIRST_YR,LAST_MO,LAST_YR,SPEEDREL,VTRAFWAY,VNUM_LAN,VSPD_LIM,VALIGN,VPROFILE,VPAVETYP,VSURCOND,VTRAFCON,P_CRASH1,P_CRASH2,P_CRASH3,PCRASH4,PCRASH5,ACC_CONFIG,STATE,RACE,ORDER,MULTRACE,CASENUM,HARM_EV,DAY_WEEK,MONTH,MAXSEV_IM,WEATHR_IM,PER_NO_y,BODY_TYP,AGE_IM,SEX_IM,INJSEV_IM,PER_TYP_y,AIR_BAG_y,EJECT_IM,MAKE,VEH_NO_y,DRIMPAIR_y
483505,2,98,96.0,0.0,1.0,9999.0,-99.0,48.0,225.0,12.0,12.0,34.0,89.0,1.0,1.0,4.0,99.0,7.0,20.0,0.0,8.0,995.0,6.0,48.0,2.0,12.0,1.0,0.0,1FTFW1CT7DKD,2013.0,460.0,1801.0,60.0,12.0,Ford,481.0,34.0,1.0,0.0,0.0,998.0,8.0,0.0,0.0,12.0,7.0,12.0,1.0,0.0,1.0,48.0,75847.0,1.0,6.0,3.0,Valid license for this class vehicle,3.0,999.0,999.0,0.0,0.0,0.0,4.0,April,2023.0,4.0,2023.0,0.0,1.0,2.0,70.0,1.0,1.0,8.0,1.0,0.0,1.0,1.0,99.0,2.0,2.0,301.0,48.0,1.0,1.0,0.0,202305474118.0,12.0,3.0,11.0,1.0,1.0,1.0,34.0,45.0,1.0,0.0,1.0,8.0,0.0,12.0,1.0,2.0
483506,1,9,96.0,51.0,1.0,1.0,-99.0,48.0,453.0,12.0,49.0,4.0,35.0,1.0,1.0,4.0,3.0,0.0,8.0,0.0,1.0,190.0,6.0,48.0,2.0,12.0,1.0,0.0,2T1BU4EE1AC4,2010.0,448.0,2208.0,13.0,49.0,Toyota,32.0,4.0,1.0,0.0,0.0,998.0,8.0,0.0,0.0,12.0,7.0,12.0,0.0,1.0,1.0,48.0,78665.0,1.0,6.0,3.0,Valid license for this class vehicle,0.0,999.0,999.0,0.0,0.0,0.0,0.0,No Record,0.0,0.0,0.0,0.0,3.0,5.0,65.0,1.0,1.0,8.0,1.0,0.0,1.0,54.0,99.0,1.0,1.0,303.0,48.0,2.0,1.0,0.0,202304757094.0,12.0,7.0,2.0,2.0,1.0,1.0,4.0,19.0,1.0,2.0,1.0,1.0,0.0,49.0,1.0,0.0
483507,2,98,96.0,0.0,1.0,0.0,-99.0,48.0,299.0,12.0,2.0,14.0,19.0,1.0,1.0,3.0,99.0,7.0,98.0,0.0,8.0,996.0,0.0,48.0,3.0,12.0,1.0,0.0,1C4BJWDG6JL9,2018.0,483.0,25197.0,7.0,2.0,Jeep / Kaiser-Jeep / Willys- Jeep,403.0,14.0,1.0,0.0,0.0,998.0,0.0,0.0,0.0,12.0,6.0,2.0,1.0,0.0,1.0,48.0,78746.0,1.0,6.0,3.0,Valid license for this class vehicle,0.0,999.0,999.0,0.0,0.0,0.0,0.0,No Record,0.0,0.0,0.0,0.0,1.0,2.0,70.0,1.0,1.0,8.0,1.0,0.0,1.0,62.0,1.0,1.0,1.0,302.0,48.0,0.0,1.0,0.0,202305422036.0,12.0,2.0,11.0,0.0,1.0,1.0,14.0,24.0,1.0,0.0,1.0,99.0,0.0,2.0,1.0,0.0
483507,3,98,96.0,0.0,1.0,0.0,-99.0,48.0,299.0,12.0,35.0,6.0,37.0,1.0,1.0,1.0,99.0,7.0,98.0,0.0,8.0,996.0,0.0,48.0,3.0,12.0,4.0,0.0,KNMAT2MT4JP5,2018.0,478.0,1913.0,8.0,35.0,Nissan/Datsun,51.0,6.0,1.0,0.0,0.0,998.0,0.0,0.0,0.0,12.0,6.0,2.0,1.0,0.0,1.0,48.0,78652.0,1.0,6.0,3.0,Valid license for this class vehicle,0.0,999.0,999.0,0.0,0.0,0.0,0.0,No Record,0.0,0.0,0.0,0.0,1.0,2.0,70.0,1.0,1.0,8.0,1.0,0.0,1.0,62.0,99.0,1.0,1.0,998.0,48.0,0.0,1.0,0.0,202304737806.0,12.0,4.0,2.0,0.0,10.0,1.0,6.0,42.0,2.0,0.0,1.0,20.0,0.0,35.0,2.0,0.0
483524,1,9,96.0,50.0,1.0,0.0,-99.0,48.0,201.0,12.0,52.0,14.0,32.0,2.0,1.0,2.0,3.0,0.0,8.0,0.0,1.0,206.0,0.0,48.0,2.0,12.0,1.0,0.0,JA4J3VA89NZ0,2022.0,481.0,2163.0,7.0,52.0,Mitsubishi,404.0,14.0,1.0,0.0,0.0,998.0,8.0,0.0,0.0,12.0,7.0,12.0,0.0,1.0,1.0,48.0,77573.0,1.0,6.0,3.0,Valid license for this class vehicle,0.0,999.0,999.0,0.0,1.0,0.0,6.0,June,2023.0,6.0,2023.0,0.0,4.0,4.0,35.0,1.0,1.0,1.0,1.0,0.0,1.0,54.0,99.0,1.0,1.0,303.0,48.0,0.0,1.0,0.0,202305479640.0,12.0,6.0,10.0,0.0,1.0,1.0,14.0,59.0,1.0,0.0,1.0,20.0,0.0,52.0,2.0,0.0
483534,2,98,96.0,0.0,1.0,0.0,-99.0,48.0,201.0,12.0,49.0,4.0,62.0,2.0,1.0,4.0,3.0,0.0,8.0,0.0,8.0,996.0,6.0,48.0,2.0,12.0,1.0,0.0,5YFBU4EE7CP0,2012.0,448.0,2208.0,13.0,49.0,Toyota,32.0,4.0,1.0,0.0,0.0,0.0,0.0,0.0,0.0,6.0,7.0,12.0,0.0,0.0,1.0,48.0,77598.0,1.0,6.0,3.0,Valid license for this class vehicle,0.0,999.0,999.0,0.0,0.0,0.0,0.0,No Record,0.0,0.0,0.0,0.0,4.0,4.0,45.0,1.0,1.0,8.0,1.0,3.0,5.0,53.0,1.0,1.0,1.0,201.0,48.0,2.0,1.0,0.0,202305253614.0,12.0,7.0,9.0,2.0,10.0,1.0,4.0,64.0,2.0,0.0,1.0,20.0,0.0,49.0,3.0,0.0
483545,1,98,96.0,38.0,1.0,9999.0,-99.0,48.0,365.0,12.0,35.0,14.0,60.0,1.0,1.0,4.0,3.0,0.0,8.0,0.0,8.0,995.0,99.0,48.0,2.0,12.0,2.0,0.0,KNMAT2MT8LP5,2020.0,478.0,1913.0,8.0,35.0,Nissan/Datsun,404.0,14.0,1.0,0.0,0.0,998.0,8.0,0.0,0.0,62.0,7.0,12.0,0.0,0.0,1.0,48.0,75672.0,1.0,6.0,3.0,Valid license for this class vehicle,0.0,999.0,999.0,0.0,0.0,0.0,0.0,No Record,0.0,0.0,0.0,0.0,1.0,2.0,55.0,8.0,8.0,8.0,98.0,20.0,11.0,15.0,99.0,1.0,1.0,414.0,48.0,1.0,1.0,0.0,202305387787.0,12.0,1.0,10.0,2.0,1.0,1.0,14.0,30.0,2.0,2.0,1.0,20.0,0.0,35.0,2.0,0.0
483557,1,1,96.0,0.0,1.0,0.0,-99.0,48.0,167.0,12.0,35.0,5.0,60.0,1.0,1.0,4.0,3.0,0.0,20.0,0.0,8.0,996.0,1.0,48.0,2.0,12.0,1.0,0.0,3N1BC1CP2BL4,2011.0,478.0,1894.0,5.0,35.0,Nissan/Datsun,50.0,5.0,1.0,0.0,0.0,998.0,0.0,0.0,0.0,12.0,2.0,12.0,0.0,0.0,1.0,48.0,77568.0,1.0,6.0,3.0,Valid license for this class vehicle,3.0,999.0,999.0,0.0,0.0,0.0,0.0,No Record,0.0,0.0,0.0,4.0,4.0,3.0,45.0,1.0,1.0,8.0,1.0,3.0,1.0,8.0,1.0,1.0,1.0,202.0,48.0,1.0,1.0,0.0,202305242694.0,12.0,7.0,9.0,1.0,10.0,1.0,5.0,33.0,1.0,1.0,1.0,20.0,0.0,35.0,2.0,0.0
483569,1,98,96.0,0.0,1.0,9999.0,-99.0,48.0,27.0,11.0,72.0,80.0,35.0,1.0,1.0,4.0,20.0,7.0,20.0,8.0,8.0,995.0,6.0,48.0,2.0,11.0,1.0,0.0,1HD4LE212GC4,2016.0,3888.0,12593.0,94.0,72.0,Harley-Davidson,706.0,80.0,1.0,0.0,0.0,998.0,7.0,8.0,8.0,12.0,6.0,11.0,0.0,0.0,1.0,48.0,76554.0,1.0,6.0,3.0,Valid license for this class vehicle,0.0,999.0,999.0,0.0,1.0,0.0,7.0,July,2019.0,7.0,2019.0,0.0,1.0,2.0,55.0,1.0,2.0,8.0,1.0,0.0,1.0,87.0,99.0,1.0,1.0,103.0,48.0,1.0,1.0,0.0,202305414065.0,12.0,2.0,10.0,5.0,1.0,1.0,80.0,21.0,1.0,5.0,1.0,20.0,8.0,72.0,3.0,0.0
483569,2,98,96.0,0.0,1.0,0.0,-99.0,48.0,27.0,11.0,49.0,14.0,32.0,2.0,1.0,0.0,3.0,0.0,8.0,0.0,8.0,996.0,0.0,48.0,2.0,11.0,2.0,0.0,JTEBU5JR8L57,2020.0,448.0,2216.0,7.0,49.0,Toyota,401.0,14.0,1.0,0.0,0.0,998.0,7.0,0.0,0.0,12.0,7.0,12.0,0.0,0.0,1.0,48.0,76513.0,1.0,6.0,3.0,Valid license for this class vehicle,0.0,999.0,999.0,0.0,0.0,0.0,0.0,No Record,0.0,0.0,0.0,0.0,1.0,2.0,55.0,1.0,2.0,8.0,1.0,0.0,1.0,62.0,99.0,1.0,1.0,998.0,48.0,0.0,1.0,0.0,202304869749.0,12.0,3.0,3.0,1.0,1.0,1.0,14.0,51.0,1.0,1.0,1.0,20.0,0.0,49.0,2.0,98.0
483574,1,9,96.0,28.0,1.0,1.0,-99.0,48.0,113.0,12.0,37.0,80.0,50.0,1.0,1.0,4.0,20.0,7.0,20.0,8.0,1.0,220.0,7.0,48.0,2.0,12.0,1.0,0.0,1HFSC523X5A2,2005.0,474.0,3478.0,82.0,37.0,Honda,706.0,80.0,1.0,0.0,0.0,998.0,7.0,8.0,8.0,12.0,2.0,12.0,0.0,1.0,1.0,48.0,75227.0,0.0,0.0,0.0,Not licensed,0.0,66.0,247.0,0.0,0.0,0.0,0.0,No Record,0.0,0.0,0.0,0.0,2.0,3.0,45.0,1.0,1.0,8.0,1.0,0.0,1.0,13.0,6.0,2.0,6.0,301.0,48.0,98.0,1.0,0.0,202305478893.0,12.0,7.0,11.0,4.0,1.0,1.0,80.0,50.0,1.0,4.0,1.0,20.0,8.0,37.0,1.0,98.0
483586,2,98,96.0,38.0,1.0,0.0,-99.0,48.0,29.0,12.0,63.0,6.0,30.0,1.0,1.0,0.0,3.0,0.0,20.0,0.0,8.0,996.0,0.0,48.0,2.0,12.0,3.0,0.0,KNDJT2A64C74,2012.0,499.0,2460.0,7.0,63.0,KIA,37.0,6.0,1.0,0.0,0.0,998.0,0.0,0.0,0.0,6.0,7.0,12.0,0.0,0.0,1.0,48.0,78254.0,1.0,6.0,3.0,Valid license for this class vehicle,0.0,999.0,999.0,0.0,0.0,1.0,10.0,October,2023.0,10.0,2023.0,0.0,6.0,2.0,65.0,1.0,1.0,8.0,1.0,0.0,16.0,53.0,99.0,1.0,1.0,201.0,48.0,0.0,1.0,0.0,202304810578.0,8.0,5.0,3.0,2.0,1.0,1.0,6.0,44.0,2.0,0.0,1.0,20.0,0.0,63.0,1.0,0.0
483588,1,98,96.0,104.0,1.0,0.0,-99.0,48.0,201.0,12.0,20.0,4.0,16.0,1.0,1.0,2.0,20.0,7.0,9.0,0.0,0.0,996.0,0.0,48.0,3.0,12.0,4.0,0.0,1G11C5SA7GF1,2016.0,467.0,34272.0,13.0,20.0,Chevrolet,37.0,4.0,1.0,0.0,0.0,998.0,0.0,0.0,0.0,12.0,7.0,12.0,0.0,0.0,1.0,48.0,77379.0,0.0,0.0,0.0,Not licensed,0.0,999.0,999.0,0.0,0.0,0.0,0.0,No Record,0.0,0.0,0.0,3.0,5.0,5.0,98.0,1.0,1.0,8.0,2.0,3.0,1.0,50.0,6.0,1.0,1.0,202.0,48.0,0.0,1.0,0.0,202305018205.0,12.0,7.0,5.0,0.0,2.0,1.0,4.0,69.0,2.0,0.0,1.0,20.0,0.0,20.0,2.0,0.0
483589,1,9,96.0,104.0,1.0,5062.0,-99.0,48.0,201.0,12.0,63.0,4.0,16.0,1.0,1.0,1.0,3.0,0.0,8.0,0.0,0.0,996.0,0.0,48.0,2.0,12.0,1.0,1.0,3KPFK4A75JE2,2018.0,499.0,2462.0,13.0,63.0,KIA,38.0,4.0,1.0,0.0,0.0,998.0,7.0,0.0,0.0,9.0,4.0,12.0,0.0,0.0,1.0,48.0,77090.0,0.0,0.0,0.0,Not licensed,0.0,999.0,999.0,0.0,0.0,0.0,0.0,No Record,0.0,0.0,0.0,3.0,4.0,5.0,40.0,1.0,8.0,8.0,1.0,3.0,1.0,17.0,1.0,1.0,1.0,504.0,48.0,0.0,1.0,0.0,202305343809.0,12.0,6.0,9.0,4.0,1.0,1.0,4.0,68.0,2.0,3.0,1.0,1.0,0.0,63.0,1.0,0.0
483599,1,9,96.0,27.0,1.0,1.0,-99.0,48.0,201.0,25.0,20.0,34.0,63.0,1.0,1.0,4.0,3.0,0.0,8.0,0.0,1.0,195.0,1.0,48.0,4.0,25.0,1.0,0.0,2GCEC13T2511,2005.0,467.0,1850.0,60.0,20.0,Chevrolet,481.0,34.0,1.0,0.0,0.0,998.0,8.0,0.0,0.0,12.0,7.0,25.0,0.0,1.0,1.0,48.0,77093.0,1.0,3.0,2.0,No valid license for this class vehicle,0.0,66.0,204.0,0.0,0.0,0.0,0.0,No Record,0.0,0.0,0.0,0.0,3.0,5.0,60.0,1.0,2.0,1.0,1.0,0.0,15.0,12.0,99.0,9.0,4.0,102.0,48.0,1.0,1.0,0.0,202305313328.0,15.0,5.0,8.0,2.0,1.0,1.0,34.0,59.0,1.0,0.0,1.0,20.0,0.0,20.0,1.0,0.0
483611,1,98,96.0,39.0,1.0,0.0,-99.0,48.0,409.0,30.0,49.0,4.0,27.0,2.0,1.0,0.0,3.0,0.0,8.0,0.0,8.0,996.0,0.0,48.0,1.0,30.0,5.0,0.0,2T1BURHE9GC5,2016.0,448.0,2208.0,13.0,49.0,Toyota,32.0,4.0,1.0,0.0,0.0,998.0,7.0,0.0,0.0,3.0,7.0,30.0,0.0,0.0,1.0,48.0,78830.0,1.0,6.0,3.0,Valid license for this class vehicle,0.0,999.0,999.0,0.0,0.0,0.0,0.0,No Record,0.0,0.0,0.0,4.0,1.0,2.0,70.0,3.0,1.0,8.0,1.0,40.0,14.0,13.0,99.0,4.0,4.0,101.0,48.0,0.0,1.0,0.0,202305132117.0,12.0,4.0,7.0,0.0,2.0,1.0,4.0,28.0,2.0,0.0,1.0,20.0,0.0,49.0,2.0,0.0
483613,1,98,96.0,89.0,1.0,0.0,-99.0,48.0,459.0,12.0,51.0,66.0,46.0,1.0,1.0,0.0,3.0,0.0,9.0,0.0,8.0,996.0,0.0,48.0,4.0,12.0,1.0,0.0,4V4NC9EH7NN2,2022.0,487.0,1967.0,66.0,51.0,Volvo,881.0,66.0,1.0,0.0,0.0,998.0,0.0,0.0,0.0,12.0,7.0,12.0,0.0,0.0,1.0,4.0,85031.0,1.0,6.0,3.0,Valid license for this class vehicle,0.0,67.0,124.0,0.0,1.0,0.0,3.0,March,2023.0,3.0,2023.0,4.0,1.0,4.0,70.0,1.0,1.0,8.0,1.0,0.0,1.0,50.0,6.0,2.0,2.0,202.0,48.0,0.0,1.0,0.0,202305227431.0,25.0,6.0,5.0,2.0,2.0,1.0,66.0,66.0,1.0,0.0,1.0,20.0,0.0,51.0,2.0,98.0
483614,1,9,96.0,39.0,1.0,0.0,-99.0,48.0,21.0,42.0,12.0,2.0,21.0,1.0,1.0,4.0,20.0,7.0,8.0,0.0,1.0,170.0,6.0,48.0,1.0,42.0,1.0,0.0,1ZVBP8AM0C52,2012.0,460.0,1781.0,3.0,12.0,Ford,3.0,2.0,1.0,0.0,0.0,998.0,7.0,0.0,0.0,12.0,6.0,42.0,0.0,1.0,1.0,48.0,78953.0,1.0,6.0,3.0,Valid license for this class vehicle,0.0,999.0,999.0,0.0,0.0,0.0,0.0,No Record,0.0,0.0,0.0,0.0,1.0,2.0,30.0,3.0,2.0,8.0,1.0,20.0,14.0,14.0,99.0,1.0,4.0,103.0,48.0,1.0,1.0,0.0,202304651428.0,12.0,2.0,1.0,1.0,1.0,1.0,2.0,43.0,1.0,1.0,1.0,8.0,0.0,12.0,1.0,98.0
483623,1,98,96.0,54.0,1.0,0.0,-99.0,48.0,401.0,12.0,98.0,66.0,47.0,1.0,1.0,0.0,3.0,0.0,20.0,0.0,8.0,996.0,0.0,48.0,2.0,12.0,1.0,0.0,5KJJAEDV6EPF,2014.0,4512.0,9571.0,66.0,98.0,Other Make,804.0,66.0,1.0,0.0,0.0,998.0,0.0,0.0,0.0,63.0,2.0,12.0,0.0,0.0,1.0,48.0,75763.0,1.0,6.0,3.0,Valid license for this class vehicle,0.0,999.0,999.0,0.0,1.0,1.0,7.0,July,2019.0,12.0,2020.0,0.0,5.0,3.0,70.0,1.0,2.0,8.0,1.0,97.0,12.0,21.0,99.0,1.0,2.0,998.0,48.0,0.0,1.0,0.0,202305484765.0,12.0,6.0,12.0,4.0,1.0,1.0,66.0,47.0,1.0,0.0,1.0,20.0,0.0,98.0,1.0,98.0
483627,1,98,96.0,0.0,1.0,0.0,-99.0,48.0,209.0,43.0,29.0,4.0,83.0,1.0,1.0,4.0,3.0,0.0,8.0,2.0,8.0,996.0,6.0,48.0,1.0,43.0,1.0,0.0,5YJ3E1EA2NF3,2022.0,441.0,17834.0,13.0,29.0,Other Domestic Manufacturers,5.0,4.0,1.0,0.0,0.0,998.0,7.0,3.0,5.0,12.0,7.0,1.0,0.0,0.0,1.0,48.0,78610.0,1.0,6.0,3.0,Valid license for this class vehicle,0.0,999.0,999.0,0.0,0.0,0.0,0.0,No Record,0.0,0.0,0.0,5.0,1.0,2.0,60.0,3.0,2.0,8.0,1.0,40.0,14.0,6.0,99.0,1.0,4.0,101.0,48.0,1.0,1.0,0.0,202305009160.0,33.0,5.0,6.0,1.0,1.0,1.0,4.0,59.0,1.0,1.0,1.0,1.0,0.0,29.0,1.0,0.0
483644,1,98,96.0,28.0,1.0,1.0,-99.0,48.0,31.0,12.0,12.0,34.0,63.0,1.0,1.0,3.0,3.0,0.0,8.0,0.0,0.0,0.0,0.0,48.0,2.0,12.0,1.0,0.0,1FT7W2BTXFEC,2015.0,460.0,1805.0,60.0,12.0,Ford,481.0,34.0,1.0,0.0,0.0,998.0,0.0,0.0,0.0,62.0,7.0,12.0,0.0,0.0,1.0,8.0,78606.0,1.0,6.0,3.0,Valid license for this class vehicle,0.0,72.0,194.0,0.0,0.0,0.0,0.0,No Record,0.0,0.0,0.0,0.0,1.0,2.0,70.0,3.0,1.0,8.0,1.0,97.0,14.0,10.0,99.0,1.0,2.0,301.0,48.0,0.0,1.0,0.0,202305074683.0,9.0,2.0,6.0,3.0,1.0,1.0,34.0,19.0,1.0,0.0,1.0,20.0,0.0,12.0,1.0,98.0
483657,1,98,96.0,73.0,1.0,9999.0,-99.0,48.0,201.0,33.0,49.0,4.0,21.0,2.0,1.0,4.0,99.0,7.0,9.0,0.0,1.0,300.0,6.0,48.0,1.0,33.0,1.0,0.0,4T1G11AK9NU0,2022.0,448.0,2469.0,13.0,49.0,Toyota,40.0,4.0,1.0,0.0,0.0,998.0,7.0,0.0,0.0,98.0,6.0,42.0,1.0,1.0,1.0,48.0,77099.0,2.0,6.0,2.0,No valid license for this class vehicle,2.0,999.0,999.0,0.0,0.0,0.0,0.0,No Record,0.0,0.0,0.0,5.0,3.0,2.0,35.0,2.0,1.0,1.0,2.0,0.0,14.0,12.0,99.0,1.0,4.0,102.0,48.0,1.0,1.0,0.0,202304818123.0,12.0,6.0,2.0,1.0,1.0,1.0,4.0,66.0,1.0,0.0,1.0,20.0,0.0,49.0,1.0,98.0
483660,1,98,96.0,39.0,1.0,0.0,-99.0,48.0,453.0,12.0,34.0,4.0,19.0,1.0,1.0,3.0,3.0,0.0,98.0,0.0,8.0,996.0,0.0,48.0,2.0,12.0,5.0,0.0,WBANE53526CK,2006.0,452.0,2584.0,13.0,34.0,BMW,35.0,4.0,1.0,0.0,0.0,998.0,8.0,3.0,1.0,3.0,6.0,2.0,1.0,0.0,1.0,48.0,78621.0,0.0,0.0,0.0,Not licensed,0.0,999.0,999.0,0.0,0.0,0.0,0.0,No Record,0.0,0.0,0.0,0.0,1.0,2.0,45.0,1.0,8.0,8.0,1.0,4.0,1.0,17.0,99.0,1.0,1.0,502.0,48.0,0.0,1.0,0.0,202304811171.0,12.0,4.0,1.0,0.0,1.0,1.0,4.0,54.0,2.0,0.0,1.0,20.0,0.0,34.0,2.0,99.0
483663,1,98,96.0,39.0,1.0,0.0,-99.0,48.0,135.0,12.0,35.0,4.0,46.0,1.0,1.0,0.0,3.0,0.0,20.0,0.0,8.0,996.0,0.0,48.0,2.0,12.0,1.0,0.0,1N4BL4CV6KC1,2019.0,478.0,1904.0,13.0,35.0,Nissan/Datsun,47.0,4.0,1.0,0.0,0.0,998.0,8.0,0.0,0.0,12.0,7.0,12.0,0.0,0.0,1.0,48.0,79764.0,1.0,6.0,3.0,Valid license for this class vehicle,3.0,999.0,999.0,0.0,0.0,0.0,3.0,March,2022.0,3.0,2022.0,0.0,1.0,7.0,45.0,1.0,1.0,8.0,1.0,3.0,1.0,17.0,99.0,1.0,1.0,503.0,48.0,0.0,1.0,0.0,202304991366.0,12.0,4.0,5.0,2.0,1.0,1.0,4.0,24.0,2.0,2.0,1.0,1.0,0.0,35.0,2.0,0.0
483666,1,98,96.0,38.0,1.0,9999.0,-99.0,48.0,39.0,12.0,52.0,4.0,29.0,2.0,1.0,0.0,3.0,0.0,20.0,0.0,8.0,995.0,0.0,48.0,2.0,12.0,1.0,0.0,JA32U2FU8EU0,2014.0,481.0,2164.0,13.0,52.0,Mitsubishi,46.0,4.0,1.0,0.0,0.0,998.0,7.0,0.0,0.0,62.0,7.0,12.0,0.0,0.0,1.0,48.0,77531.0,1.0,6.0,3.0,Valid license for this class vehicle,0.0,999.0,999.0,0.0,0.0,0.0,0.0,No Record,0.0,0.0,0.0,0.0,6.0,2.0,35.0,2.0,8.0,1.0,1.0,20.0,10.0,16.0,99.0,1.0,1.0,410.0,48.0,0.0,1.0,0.0,202304853759.0,12.0,6.0,4.0,0.0,2.0,1.0,4.0,17.0,2.0,0.0,1.0,20.0,0.0,52.0,2.0,0.0
483671,1,98,96.0,38.0,1.0,9999.0,-99.0,48.0,423.0,12.0,18.0,4.0,73.0,2.0,1.0,4.0,3.0,0.0,9.0,0.0,8.0,995.0,6.0,48.0,2.0,12.0,2.0,0.0,1G4HP52K85U1,2005.0,468.0,8842.0,13.0,18.0,Buick / Opel,2.0,4.0,1.0,0.0,0.0,998.0,8.0,0.0,0.0,3.0,7.0,12.0,0.0,0.0,1.0,48.0,75704.0,1.0,6.0,3.0,Valid license for this class vehicle,3.0,999.0,999.0,0.0,0.0,0.0,0.0,No Record,0.0,0.0,0.0,0.0,2.0,2.0,40.0,1.0,1.0,8.0,1.0,3.0,11.0,15.0,99.0,1.0,1.0,401.0,48.0,1.0,1.0,0.0,202304879807.0,12.0,2.0,4.0,1.0,1.0,1.0,4.0,17.0,2.0,0.0,1.0,20.0,0.0,18.0,2.0,0.0
483674,1,9,96.0,28.0,1.0,9999.0,-99.0,48.0,73.0,12.0,20.0,34.0,69.0,1.0,1.0,4.0,20.0,7.0,9.0,2.0,1.0,157.0,6.0,48.0,3.0,12.0,1.0,0.0,1GCRCREA7CZ3,2012.0,467.0,1850.0,60.0,20.0,Chevrolet,481.0,34.0,1.0,0.0,0.0,998.0,8.0,3.0,2.0,12.0,7.0,12.0,0.0,1.0,1.0,48.0,75757.0,1.0,1.0,2.0,No valid license for this class vehicle,3.0,999.0,999.0,0.0,0.0,3.0,1.0,January,2019.0,2.0,2023.0,0.0,1.0,2.0,70.0,1.0,1.0,8.0,1.0,97.0,1.0,10.0,99.0,1.0,2.0,301.0,48.0,1.0,1.0,0.0,202305497185.0,12.0,6.0,12.0,4.0,1.0,1.0,34.0,69.0,1.0,4.0,1.0,9.0,2.0,20.0,1.0,9.0
483674,2,98,96.0,0.0,1.0,9999.0,-99.0,48.0,73.0,12.0,37.0,4.0,23.0,1.0,1.0,4.0,3.0,0.0,9.0,0.0,8.0,995.0,1.0,48.0,3.0,12.0,3.0,0.0,1HGCV3F98NA0,2022.0,474.0,1861.0,13.0,37.0,Honda,32.0,4.0,1.0,0.0,0.0,998.0,8.0,0.0,0.0,12.0,7.0,12.0,0.0,0.0,1.0,48.0,76207.0,1.0,6.0,3.0,Valid license for this class vehicle,0.0,999.0,999.0,0.0,1.0,0.0,8.0,August,2022.0,8.0,2022.0,0.0,1.0,2.0,70.0,1.0,1.0,8.0,1.0,0.0,1.0,62.0,99.0,1.0,1.0,302.0,48.0,1.0,1.0,0.0,202305497185.0,12.0,6.0,12.0,4.0,1.0,1.0,4.0,23.0,1.0,4.0,1.0,9.0,0.0,37.0,2.0,98.0
483677,1,9,96.0,51.0,1.0,0.0,-99.0,48.0,73.0,12.0,49.0,4.0,23.0,1.0,1.0,4.0,20.0,7.0,9.0,1.0,1.0,280.0,6.0,48.0,2.0,12.0,1.0,0.0,4T1BE32K46U6,2006.0,448.0,2469.0,13.0,49.0,Toyota,40.0,4.0,1.0,0.0,0.0,998.0,0.0,0.0,0.0,12.0,7.0,12.0,0.0,1.0,1.0,48.0,75766.0,1.0,6.0,3.0,Valid license for this class vehicle,3.0,999.0,999.0,0.0,2.0,1.0,8.0,August,2019.0,2.0,2022.0,0.0,1.0,2.0,70.0,1.0,2.0,8.0,1.0,0.0,1.0,54.0,99.0,1.0,1.0,303.0,48.0,1.0,1.0,0.0,202304685975.0,12.0,5.0,1.0,1.0,1.0,1.0,4.0,81.0,2.0,1.0,1.0,20.0,0.0,49.0,2.0,0.0
483677,2,98,96.0,0.0,1.0,0.0,-99.0,48.0,73.0,12.0,23.0,14.0,46.0,2.0,1.0,3.0,20.0,7.0,8.0,0.0,8.0,996.0,0.0,48.0,2.0,12.0,1.0,0.0,3GKALSEV5ML3,2021.0,472.0,1858.0,7.0,23.0,GMC,402.0,14.0,1.0,0.0,0.0,998.0,0.0,0.0,0.0,12.0,7.0,12.0,0.0,0.0,1.0,48.0,75785.0,1.0,6.0,3.0,Valid license for this class vehicle,0.0,999.0,999.0,0.0,0.0,0.0,0.0,No Record,0.0,0.0,0.0,0.0,1.0,2.0,70.0,1.0,2.0,8.0,1.0,0.0,1.0,62.0,7.0,1.0,1.0,303.0,48.0,0.0,1.0,0.0,202305497184.0,12.0,3.0,12.0,4.0,1.0,1.0,14.0,46.0,2.0,3.0,1.0,8.0,0.0,23.0,2.0,98.0