ST_CASE,VEH_NO_x,DRIMPAIR_x,DRDISTRACT,DRIVERRF,PER_NO_x,DRUGRES,DRUGACTQTY,STATE_x,COUNTY,HARM_EV_x,MAKE_x,BODY_TYP_x,AGE,SEX,PER_TYP_x,INJ_SEV,REST_USE,REST_MIS,AIR_BAG_x,EJECTION,DRINKING,ALC_RES,HISPANIC,STATE_y,VE_FORMS,HARM_EV_y,NUMOCCS,HIT_RUN,VIN,MOD_YEAR,VPICMAKE,VPICMODEL,VPICBODYCLASS,MAKE_y,MAKENAME,MODEL,BODY_TYP_y,HAZ_INV,HAZ_PLAC,HAZ_ID,TRAV_SP,UNDEROVERRIDE,ROLLOVER,ROLINLOC,IMPACT1,DEFORMED,M_HARM,FIRE_EXP,DR_DRINK,DR_PRES,L_STATE,DR_ZIP,L_TYPE,L_STATUS,L_COMPL,L_COMPLNAME,L_RESTRI,DR_HGT,DR_WGT,PREV_DWI,PREV_SPD,PREV_OTH,FIRST_MO,FIRST_MONAME,FIRST_YR,LAST_MO,LAST_YR,SPEEDREL,VTRAFWAY,VNUM_LAN,VSPD_LIM,VALIGN,VPROFILE,VPAVETYP,VSURCOND,VTRAFCON,P_CRASH1,P_CRASH2,P_CRASH3,PCRASH4,PCRASH5,ACC_CONFIG,STATE,RACE,ORDER,MULTRACE,CASENUM,HARM_EV,DAY_WEEK,MONTH,MAXSEV_IM,WEATHR_IM,PER_NO_y,BODY_TYP,AGE_IM,SEX_IM,INJSEV_IM,PER_TYP_y,AIR_BAG_y,EJECT_IM,MAKE,VEH_NO_y,DRIMPAIR_y
483678,1,98,96.0,0.0,1.0,9999.0,-99.0,48.0,29.0,25.0,35.0,4.0,21.0,1.0,1.0,4.0,3.0,0.0,8.0,0.0,8.0,995.0,6.0,48.0,2.0,25.0,2.0,0.0,1N4AL3APXDC2,2013.0,478.0,1904.0,13.0,35.0,Nissan/Datsun,47.0,4.0,1.0,0.0,0.0,998.0,8.0,0.0,0.0,98.0,7.0,12.0,0.0,0.0,1.0,48.0,78244.0,2.0,6.0,3.0,Valid license for this class vehicle,3.0,999.0,999.0,0.0,0.0,0.0,0.0,No Record,0.0,0.0,0.0,0.0,6.0,1.0,45.0,2.0,2.0,8.0,1.0,0.0,14.0,13.0,99.0,1.0,4.0,101.0,48.0,2.0,1.0,0.0,202305341467.0,14.0,2.0,10.0,2.0,1.0,1.0,4.0,24.0,1.0,2.0,1.0,1.0,0.0,35.0,1.0,9.0
483682,1,98,96.0,23.0,1.0,0.0,-99.0,48.0,29.0,12.0,53.0,80.0,54.0,1.0,1.0,4.0,20.0,7.0,20.0,8.0,8.0,996.0,6.0,48.0,2.0,12.0,1.0,0.0,JS1GN7DA1621,2006.0,509.0,13162.0,80.0,53.0,Suzuki,705.0,80.0,1.0,0.0,0.0,998.0,7.0,8.0,8.0,12.0,7.0,12.0,0.0,0.0,1.0,48.0,78003.0,1.0,6.0,2.0,No valid license for this class vehicle,0.0,999.0,999.0,0.0,1.0,0.0,3.0,March,2023.0,3.0,2023.0,4.0,5.0,5.0,45.0,1.0,1.0,8.0,1.0,0.0,1.0,72.0,99.0,1.0,1.0,415.0,48.0,1.0,1.0,0.0,202305268138.0,12.0,2.0,9.0,2.0,1.0,1.0,80.0,33.0,1.0,0.0,1.0,20.0,8.0,53.0,3.0,98.0
483682,2,98,96.0,38.0,1.0,0.0,-99.0,48.0,29.0,12.0,35.0,4.0,22.0,1.0,1.0,0.0,3.0,0.0,8.0,0.0,8.0,996.0,0.0,48.0,2.0,12.0,1.0,1.0,1N4AA51E39C8,2009.0,478.0,2302.0,13.0,35.0,Nissan/Datsun,39.0,4.0,1.0,0.0,0.0,998.0,7.0,0.0,0.0,62.0,7.0,12.0,0.0,0.0,1.0,48.0,78207.0,0.0,0.0,0.0,Not licensed,0.0,999.0,999.0,0.0,0.0,4.0,8.0,August,2022.0,8.0,2023.0,0.0,0.0,0.0,0.0,0.0,0.0,0.0,0.0,0.0,11.0,15.0,99.0,1.0,7.0,414.0,48.0,0.0,1.0,0.0,202305260528.0,12.0,2.0,9.0,1.0,1.0,1.0,4.0,17.0,2.0,0.0,1.0,20.0,0.0,35.0,2.0,0.0
483685,1,0,96.0,0.0,1.0,9999.0,-99.0,48.0,401.0,1.0,72.0,80.0,74.0,1.0,1.0,4.0,20.0,7.0,20.0,8.0,8.0,995.0,6.0,48.0,1.0,1.0,1.0,0.0,1HD1BJY152Y0,2002.0,3888.0,8501.0,81.0,72.0,Harley-Davidson,706.0,80.0,1.0,0.0,0.0,998.0,7.0,8.0,8.0,0.0,2.0,1.0,0.0,0.0,1.0,48.0,75652.0,1.0,6.0,3.0,Valid license for this class vehicle,0.0,999.0,999.0,0.0,0.0,0.0,0.0,No Record,0.0,0.0,0.0,5.0,1.0,2.0,60.0,1.0,2.0,8.0,1.0,97.0,1.0,51.0,16.0,4.0,2.0,998.0,48.0,1.0,1.0,0.0,202305500501.0,1.0,2.0,12.0,4.0,1.0,1.0,80.0,74.0,1.0,4.0,1.0,20.0,8.0,72.0,1.0,98.0
483690,1,1,96.0,0.0,1.0,9999.0,-99.0,48.0,181.0,12.0,85.0,66.0,66.0,1.0,1.0,4.0,3.0,0.0,20.0,0.0,8.0,995.0,6.0,48.0,2.0,12.0,1.0,0.0,1XKYD49X9FJ4,2015.0,532.0,2733.0,66.0,85.0,Kenworth,881.0,66.0,1.0,0.0,0.0,998.0,0.0,0.0,0.0,3.0,7.0,12.0,0.0,0.0,1.0,40.0,74730.0,1.0,6.0,3.0,Valid license for this class vehicle,0.0,67.0,200.0,0.0,0.0,1.0,7.0,July,2023.0,7.0,2023.0,0.0,2.0,2.0,75.0,1.0,1.0,8.0,1.0,0.0,1.0,8.0,99.0,1.0,4.0,301.0,48.0,1.0,1.0,0.0,202304968197.0,12.0,6.0,3.0,0.0,1.0,1.0,66.0,39.0,1.0,0.0,1.0,20.0,0.0,85.0,1.0,0.0
483690,2,98,96.0,0.0,1.0,0.0,-99.0,48.0,181.0,12.0,82.0,66.0,37.0,1.0,1.0,0.0,3.0,0.0,20.0,0.0,8.0,996.0,0.0,48.0,2.0,12.0,1.0,0.0,3AKGGLD51FSG,2015.0,450.0,2501.0,66.0,82.0,Freightliner,881.0,66.0,1.0,0.0,0.0,998.0,0.0,0.0,0.0,61.0,7.0,12.0,0.0,0.0,1.0,48.0,77406.0,1.0,6.0,3.0,Valid license for this class vehicle,3.0,999.0,999.0,0.0,0.0,0.0,10.0,October,2019.0,10.0,2019.0,0.0,2.0,2.0,75.0,1.0,1.0,8.0,1.0,0.0,1.0,62.0,7.0,9.0,2.0,302.0,48.0,0.0,1.0,0.0,202304969620.0,12.0,4.0,5.0,0.0,1.0,1.0,66.0,38.0,1.0,0.0,1.0,20.0,0.0,82.0,1.0,98.0
483692,1,98,96.0,30.0,1.0,9999.0,-99.0,48.0,409.0,12.0,20.0,5.0,24.0,2.0,1.0,4.0,99.0,7.0,98.0,1.0,8.0,995.0,1.0,48.0,2.0,12.0,1.0,0.0,KL8CB6SA9HC7,2017.0,467.0,1836.0,5.0,20.0,Chevrolet,29.0,5.0,1.0,0.0,0.0,998.0,0.0,3.0,1.0,82.0,7.0,12.0,0.0,0.0,1.0,48.0,78362.0,1.0,6.0,3.0,Valid license for this class vehicle,0.0,999.0,999.0,0.0,0.0,0.0,0.0,No Record,0.0,0.0,0.0,5.0,6.0,1.0,75.0,3.0,1.0,8.0,1.0,0.0,14.0,9.0,99.0,1.0,7.0,503.0,48.0,1.0,1.0,0.0,202305384805.0,12.0,5.0,11.0,0.0,10.0,1.0,5.0,26.0,2.0,0.0,1.0,20.0,0.0,20.0,1.0,0.0
483697,1,9,96.0,0.0,1.0,9999.0,-99.0,48.0,423.0,12.0,55.0,4.0,36.0,1.0,1.0,4.0,3.0,0.0,9.0,0.0,1.0,162.0,6.0,48.0,2.0,12.0,1.0,0.0,5NPD84LF9LH5,2020.0,498.0,2735.0,13.0,55.0,Hyundai,35.0,4.0,1.0,0.0,0.0,998.0,8.0,0.0,0.0,12.0,7.0,12.0,0.0,1.0,1.0,48.0,75703.0,1.0,6.0,3.0,Valid license for this class vehicle,0.0,999.0,999.0,0.0,0.0,0.0,0.0,No Record,0.0,0.0,0.0,0.0,5.0,5.0,55.0,1.0,1.0,8.0,1.0,0.0,1.0,10.0,99.0,1.0,2.0,301.0,48.0,1.0,1.0,0.0,202304635741.0,12.0,1.0,1.0,0.0,5.0,1.0,4.0,36.0,2.0,0.0,1.0,20.0,0.0,55.0,2.0,0.0
483700,1,98,5.0,38.0,1.0,1.0,-99.0,48.0,185.0,12.0,55.0,4.0,21.0,2.0,1.0,4.0,3.0,0.0,8.0,1.0,8.0,0.0,6.0,48.0,2.0,12.0,1.0,0.0,5NPD84LF5KH4,2019.0,498.0,2735.0,13.0,55.0,Hyundai,35.0,4.0,1.0,0.0,0.0,998.0,0.0,0.0,0.0,9.0,7.0,12.0,0.0,0.0,1.0,48.0,78133.0,1.0,6.0,3.0,Valid license for this class vehicle,0.0,999.0,999.0,0.0,0.0,0.0,0.0,No Record,0.0,0.0,0.0,0.0,1.0,2.0,60.0,3.0,8.0,8.0,1.0,20.0,11.0,15.0,99.0,1.0,1.0,414.0,48.0,1.0,1.0,0.0,202304651696.0,12.0,2.0,1.0,1.0,2.0,1.0,4.0,56.0,2.0,1.0,1.0,20.0,0.0,55.0,2.0,98.0
483703,2,98,96.0,74.0,1.0,1.0,-99.0,48.0,201.0,12.0,20.0,4.0,19.0,1.0,1.0,4.0,3.0,0.0,9.0,0.0,8.0,0.0,1.0,48.0,3.0,12.0,1.0,0.0,2G1WG5EKXB11,2011.0,467.0,1833.0,13.0,20.0,Chevrolet,2.0,4.0,1.0,0.0,0.0,998.0,0.0,0.0,0.0,9.0,7.0,12.0,0.0,0.0,1.0,48.0,77076.0,1.0,6.0,3.0,Valid license for this class vehicle,2.0,67.0,182.0,0.0,0.0,0.0,0.0,No Record,0.0,0.0,0.0,3.0,1.0,5.0,35.0,1.0,1.0,1.0,1.0,3.0,1.0,66.0,99.0,1.0,1.0,504.0,48.0,1.0,1.0,0.0,202305249456.0,12.0,3.0,9.0,1.0,1.0,1.0,4.0,28.0,2.0,1.0,1.0,20.0,0.0,20.0,2.0,98.0
483705,1,98,96.0,0.0,1.0,5062.0,12.0,48.0,85.0,42.0,49.0,4.0,29.0,1.0,1.0,4.0,20.0,7.0,20.0,9.0,8.0,165.0,7.0,48.0,1.0,42.0,1.0,0.0,1NXBR32EX5Z4,2005.0,448.0,2208.0,13.0,49.0,Toyota,32.0,4.0,1.0,0.0,0.0,998.0,7.0,0.0,0.0,3.0,7.0,42.0,0.0,1.0,1.0,48.0,75056.0,1.0,3.0,2.0,No valid license for this class vehicle,0.0,999.0,999.0,0.0,0.0,0.0,7.0,July,2022.0,7.0,2022.0,0.0,2.0,3.0,40.0,2.0,1.0,8.0,1.0,0.0,14.0,9.0,99.0,4.0,4.0,102.0,48.0,1.0,1.0,0.0,202304795383.0,12.0,2.0,3.0,0.0,10.0,1.0,4.0,58.0,2.0,0.0,1.0,20.0,0.0,49.0,1.0,0.0
483722,2,98,96.0,0.0,1.0,0.0,-99.0,48.0,201.0,12.0,49.0,4.0,60.0,2.0,1.0,0.0,3.0,0.0,20.0,0.0,8.0,996.0,0.0,48.0,2.0,12.0,1.0,0.0,4T1BF1FK1HU3,2017.0,448.0,2469.0,13.0,49.0,Toyota,40.0,4.0,1.0,0.0,0.0,998.0,7.0,0.0,0.0,6.0,7.0,12.0,0.0,0.0,1.0,22.0,70815.0,1.0,3.0,2.0,No valid license for this class vehicle,3.0,63.0,150.0,0.0,0.0,0.0,0.0,No Record,0.0,0.0,0.0,0.0,3.0,6.0,65.0,1.0,1.0,1.0,1.0,0.0,1.0,53.0,99.0,1.0,1.0,201.0,48.0,0.0,1.0,0.0,202305217864.0,32.0,7.0,9.0,3.0,10.0,1.0,4.0,22.0,2.0,3.0,1.0,1.0,0.0,49.0,1.0,99.0
483724,2,98,96.0,89.0,1.0,0.0,-99.0,48.0,453.0,12.0,82.0,66.0,26.0,1.0,1.0,2.0,1.0,1.0,20.0,0.0,8.0,996.0,0.0,48.0,2.0,12.0,1.0,0.0,3AKJHHDR7KSK,2019.0,450.0,2501.0,66.0,82.0,Freightliner,881.0,66.0,1.0,0.0,0.0,998.0,0.0,0.0,0.0,12.0,7.0,12.0,0.0,0.0,1.0,42.0,19090.0,1.0,6.0,3.0,Valid license for this class vehicle,0.0,66.0,999.0,0.0,2.0,2.0,1.0,January,2021.0,6.0,2023.0,0.0,5.0,5.0,45.0,1.0,1.0,8.0,1.0,0.0,1.0,62.0,99.0,1.0,1.0,302.0,48.0,0.0,1.0,0.0,202304689596.0,12.0,7.0,1.0,3.0,2.0,1.0,66.0,62.0,1.0,0.0,1.0,20.0,0.0,82.0,2.0,98.0
483725,1,9,96.0,51.0,1.0,9995.0,-99.0,48.0,285.0,12.0,37.0,4.0,25.0,2.0,1.0,4.0,20.0,7.0,8.0,0.0,1.0,200.0,1.0,48.0,3.0,12.0,1.0,0.0,1HGCV1F31NA0,2022.0,474.0,1861.0,13.0,37.0,Honda,32.0,4.0,1.0,0.0,0.0,998.0,0.0,0.0,0.0,12.0,7.0,12.0,0.0,1.0,1.0,48.0,77904.0,1.0,1.0,2.0,No valid license for this class vehicle,3.0,999.0,999.0,0.0,0.0,1.0,8.0,August,2021.0,7.0,2022.0,3.0,1.0,2.0,70.0,1.0,1.0,8.0,1.0,0.0,1.0,54.0,99.0,1.0,1.0,303.0,48.0,1.0,1.0,0.0,202305229780.0,12.0,5.0,8.0,1.0,1.0,1.0,4.0,82.0,1.0,1.0,1.0,8.0,0.0,37.0,1.0,0.0
483728,1,2,0.0,0.0,1.0,0.0,-99.0,48.0,459.0,42.0,49.0,14.0,17.0,1.0,1.0,4.0,3.0,0.0,8.0,0.0,8.0,996.0,1.0,48.0,1.0,42.0,1.0,0.0,5TDKKRFH4FS0,2015.0,448.0,2213.0,7.0,49.0,Toyota,403.0,14.0,1.0,0.0,0.0,998.0,7.0,0.0,0.0,12.0,7.0,42.0,0.0,0.0,1.0,48.0,75604.0,0.0,0.0,0.0,Not licensed,0.0,999.0,999.0,0.0,0.0,0.0,0.0,No Record,0.0,0.0,0.0,0.0,1.0,2.0,70.0,2.0,2.0,8.0,1.0,0.0,1.0,12.0,1.0,1.0,4.0,102.0,48.0,1.0,1.0,0.0,202304846693.0,12.0,5.0,3.0,1.0,1.0,1.0,14.0,49.0,2.0,0.0,1.0,20.0,0.0,49.0,1.0,98.0
483741,2,98,96.0,0.0,1.0,0.0,-99.0,48.0,113.0,12.0,49.0,4.0,26.0,2.0,1.0,1.0,3.0,0.0,8.0,0.0,8.0,996.0,0.0,48.0,3.0,12.0,1.0,0.0,4T1B11HK4JU6,2018.0,448.0,2469.0,13.0,49.0,Toyota,40.0,4.0,1.0,0.0,0.0,998.0,0.0,0.0,0.0,12.0,7.0,12.0,0.0,0.0,1.0,48.0,75056.0,1.0,6.0,3.0,Valid license for this class vehicle,0.0,999.0,999.0,0.0,0.0,0.0,0.0,No Record,0.0,0.0,0.0,0.0,2.0,6.0,35.0,1.0,1.0,8.0,1.0,3.0,1.0,66.0,99.0,1.0,1.0,501.0,48.0,0.0,1.0,0.0,202305217959.0,12.0,5.0,8.0,0.0,1.0,1.0,4.0,45.0,2.0,0.0,1.0,20.0,0.0,49.0,3.0,0.0
483741,3,98,96.0,0.0,1.0,0.0,-99.0,48.0,113.0,12.0,35.0,4.0,27.0,1.0,1.0,4.0,3.0,0.0,8.0,0.0,8.0,996.0,4.0,48.0,3.0,12.0,1.0,0.0,3N1AB7AP7KY3,2019.0,478.0,1907.0,13.0,35.0,Nissan/Datsun,43.0,4.0,1.0,0.0,0.0,998.0,0.0,0.0,0.0,81.0,7.0,39.0,0.0,0.0,1.0,48.0,75254.0,0.0,0.0,0.0,Not licensed,0.0,999.0,999.0,0.0,0.0,0.0,0.0,No Record,0.0,0.0,0.0,0.0,4.0,4.0,40.0,1.0,1.0,8.0,1.0,0.0,12.0,62.0,99.0,1.0,1.0,998.0,48.0,1.0,1.0,0.0,202304921298.0,12.0,2.0,1.0,0.0,1.0,1.0,4.0,24.0,2.0,0.0,1.0,20.0,0.0,35.0,2.0,0.0
483742,1,98,96.0,0.0,1.0,9999.0,-99.0,48.0,33.0,52.0,35.0,34.0,57.0,1.0,1.0,4.0,20.0,7.0,9.0,0.0,8.0,995.0,6.0,48.0,1.0,52.0,1.0,0.0,1N6AD0EV4JN7,2018.0,478.0,1919.0,60.0,35.0,Nissan/Datsun,472.0,34.0,1.0,0.0,0.0,998.0,7.0,3.0,5.0,12.0,7.0,52.0,0.0,0.0,1.0,48.0,79731.0,1.0,6.0,3.0,Valid license for this class vehicle,3.0,999.0,999.0,0.0,0.0,0.0,0.0,No Record,0.0,0.0,0.0,0.0,1.0,2.0,75.0,1.0,1.0,8.0,1.0,0.0,1.0,12.0,99.0,1.0,4.0,102.0,48.0,1.0,1.0,0.0,202304903917.0,12.0,4.0,1.0,0.0,10.0,1.0,34.0,66.0,1.0,0.0,1.0,1.0,0.0,35.0,1.0,98.0
483744,2,98,96.0,0.0,1.0,0.0,-99.0,48.0,85.0,12.0,49.0,15.0,71.0,1.0,1.0,3.0,20.0,7.0,9.0,0.0,8.0,996.0,0.0,48.0,2.0,12.0,1.0,0.0,5TDZT34A94S2,2004.0,448.0,2827.0,7.0,49.0,Toyota,422.0,15.0,1.0,0.0,0.0,998.0,8.0,0.0,0.0,12.0,6.0,12.0,0.0,0.0,1.0,48.0,75042.0,1.0,6.0,3.0,Valid license for this class vehicle,3.0,999.0,999.0,0.0,0.0,0.0,0.0,No Record,0.0,0.0,0.0,0.0,3.0,5.0,70.0,1.0,1.0,8.0,1.0,0.0,1.0,60.0,6.0,9.0,2.0,203.0,48.0,0.0,1.0,0.0,202305095983.0,12.0,1.0,7.0,3.0,2.0,1.0,15.0,59.0,2.0,3.0,1.0,20.0,0.0,49.0,1.0,98.0
483746,1,1,96.0,0.0,1.0,9999.0,-99.0,48.0,27.0,1.0,49.0,14.0,62.0,1.0,1.0,4.0,3.0,0.0,8.0,0.0,8.0,995.0,6.0,48.0,1.0,1.0,1.0,0.0,JTERU5JR5P61,2023.0,448.0,2216.0,7.0,49.0,Toyota,401.0,14.0,1.0,0.0,0.0,998.0,7.0,3.0,5.0,0.0,2.0,1.0,0.0,0.0,1.0,48.0,76522.0,1.0,6.0,3.0,Valid license for this class vehicle,0.0,999.0,999.0,0.0,0.0,0.0,0.0,No Record,0.0,0.0,0.0,0.0,2.0,2.0,45.0,1.0,1.0,8.0,1.0,0.0,1.0,8.0,99.0,9.0,4.0,101.0,48.0,1.0,1.0,0.0,202305292836.0,12.0,3.0,9.0,3.0,1.0,1.0,14.0,60.0,2.0,2.0,1.0,8.0,0.0,49.0,1.0,2.0
483765,1,9,96.0,0.0,1.0,2131.0,-99.0,48.0,113.0,33.0,20.0,3.0,66.0,1.0,1.0,4.0,20.0,7.0,8.0,1.0,1.0,140.0,99.0,48.0,1.0,33.0,1.0,0.0,1G1YC2D4XP51,2023.0,467.0,1831.0,5.0,20.0,Chevrolet,4.0,3.0,1.0,0.0,0.0,998.0,7.0,0.0,0.0,12.0,7.0,42.0,0.0,1.0,1.0,12.0,75220.0,1.0,6.0,3.0,Valid license for this class vehicle,0.0,71.0,999.0,0.0,1.0,0.0,2.0,February,2022.0,10.0,2023.0,3.0,2.0,3.0,98.0,3.0,1.0,8.0,1.0,40.0,1.0,13.0,99.0,1.0,4.0,101.0,48.0,1.0,1.0,0.0,202305519771.0,33.0,1.0,12.0,4.0,1.0,1.0,3.0,66.0,1.0,4.0,1.0,8.0,1.0,20.0,1.0,9.0
483769,1,9,96.0,0.0,1.0,9997.0,-99.0,48.0,113.0,12.0,20.0,4.0,41.0,1.0,1.0,3.0,20.0,7.0,9.0,0.0,1.0,997.0,0.0,48.0,2.0,12.0,1.0,0.0,1G1ZJ57B09F1,2009.0,467.0,1834.0,13.0,20.0,Chevrolet,37.0,4.0,1.0,0.0,0.0,998.0,0.0,0.0,0.0,12.0,7.0,12.0,0.0,1.0,1.0,48.0,75253.0,0.0,0.0,0.0,Not licensed,0.0,999.0,999.0,0.0,0.0,0.0,0.0,No Record,0.0,0.0,0.0,3.0,2.0,3.0,98.0,1.0,1.0,8.0,1.0,0.0,1.0,62.0,99.0,1.0,1.0,402.0,48.0,0.0,1.0,0.0,202305092682.0,12.0,2.0,7.0,0.0,10.0,1.0,4.0,26.0,1.0,0.0,1.0,1.0,0.0,20.0,2.0,0.0
483775,1,98,96.0,0.0,1.0,0.0,-99.0,48.0,201.0,12.0,37.0,14.0,52.0,1.0,1.0,2.0,3.0,0.0,8.0,0.0,0.0,996.0,0.0,48.0,2.0,12.0,2.0,0.0,SHSRD78824U2,2004.0,474.0,1865.0,7.0,37.0,Honda,402.0,14.0,1.0,0.0,0.0,998.0,0.0,0.0,0.0,12.0,7.0,12.0,0.0,0.0,1.0,48.0,77373.0,1.0,6.0,3.0,Valid license for this class vehicle,0.0,999.0,999.0,0.0,0.0,0.0,0.0,No Record,0.0,0.0,0.0,0.0,3.0,5.0,65.0,1.0,2.0,8.0,1.0,0.0,1.0,50.0,99.0,1.0,1.0,202.0,48.0,0.0,1.0,0.0,202304834123.0,12.0,6.0,3.0,1.0,11.0,1.0,14.0,24.0,2.0,0.0,1.0,20.0,0.0,37.0,3.0,98.0
483779,1,1,96.0,0.0,1.0,9999.0,-99.0,48.0,203.0,42.0,20.0,34.0,65.0,1.0,1.0,4.0,3.0,0.0,8.0,0.0,8.0,995.0,6.0,48.0,1.0,42.0,1.0,0.0,1GCRKSE73DZ2,2013.0,467.0,1850.0,60.0,20.0,Chevrolet,481.0,34.0,1.0,0.0,0.0,998.0,7.0,0.0,0.0,12.0,7.0,42.0,0.0,0.0,1.0,48.0,75672.0,1.0,6.0,3.0,Valid license for this class vehicle,0.0,999.0,999.0,0.0,0.0,0.0,0.0,No Record,0.0,0.0,0.0,0.0,3.0,2.0,50.0,1.0,1.0,8.0,1.0,20.0,1.0,8.0,1.0,1.0,4.0,101.0,48.0,1.0,1.0,0.0,202305093692.0,12.0,1.0,7.0,1.0,1.0,1.0,34.0,18.0,1.0,0.0,1.0,20.0,0.0,20.0,1.0,98.0
483792,1,98,96.0,87.0,1.0,0.0,-99.0,48.0,133.0,23.0,82.0,66.0,37.0,2.0,1.0,4.0,3.0,0.0,20.0,0.0,8.0,996.0,6.0,48.0,1.0,23.0,1.0,0.0,1FUJHHDR7LLL,2020.0,450.0,2501.0,66.0,82.0,Freightliner,881.0,66.0,1.0,0.0,0.0,998.0,7.0,0.0,0.0,12.0,7.0,23.0,0.0,0.0,1.0,36.0,11223.0,1.0,6.0,3.0,Valid license for this class vehicle,3.0,999.0,999.0,0.0,0.0,0.0,0.0,No Record,0.0,0.0,0.0,4.0,3.0,2.0,75.0,1.0,2.0,8.0,2.0,0.0,1.0,6.0,99.0,3.0,4.0,101.0,48.0,99.0,1.0,0.0,202304741379.0,12.0,4.0,2.0,0.0,1.0,1.0,66.0,28.0,1.0,0.0,1.0,20.0,0.0,82.0,1.0,98.0
483800,1,98,96.0,39.0,1.0,1.0,-99.0,48.0,201.0,12.0,35.0,4.0,26.0,1.0,1.0,4.0,20.0,7.0,8.0,0.0,1.0,145.0,1.0,48.0,2.0,12.0,1.0,0.0,3N1AB7AP4JY3,2018.0,478.0,1907.0,13.0,35.0,Nissan/Datsun,43.0,4.0,1.0,0.0,0.0,998.0,0.0,0.0,0.0,12.0,7.0,12.0,0.0,1.0,1.0,48.0,77082.0,1.0,6.0,3.0,Valid license for this class vehicle,0.0,65.0,144.0,0.0,0.0,0.0,0.0,No Record,0.0,0.0,0.0,0.0,2.0,4.0,40.0,1.0,1.0,1.0,1.0,3.0,1.0,17.0,99.0,1.0,1.0,501.0,48.0,1.0,1.0,0.0,202304826297.0,12.0,5.0,3.0,1.0,10.0,1.0,4.0,32.0,1.0,0.0,1.0,98.0,0.0,35.0,3.0,0.0
483811,1,9,96.0,58.0,1.0,9999.0,-99.0,48.0,365.0,42.0,37.0,4.0,21.0,1.0,1.0,4.0,3.0,0.0,99.0,0.0,1.0,221.0,7.0,48.0,1.0,42.0,1.0,0.0,1HGCR2F55DA0,2013.0,474.0,1861.0,13.0,37.0,Honda,32.0,4.0,1.0,0.0,0.0,998.0,7.0,0.0,0.0,12.0,6.0,42.0,1.0,1.0,1.0,48.0,75633.0,0.0,0.0,0.0,Not licensed,0.0,999.0,999.0,0.0,0.0,0.0,0.0,No Record,0.0,0.0,0.0,5.0,2.0,2.0,75.0,2.0,2.0,8.0,1.0,0.0,14.0,10.0,7.0,2.0,4.0,101.0,48.0,1.0,1.0,0.0,202305268206.0,12.0,7.0,9.0,0.0,1.0,1.0,4.0,64.0,2.0,0.0,1.0,20.0,0.0,37.0,1.0,98.0
483820,2,98,96.0,0.0,1.0,0.0,-99.0,48.0,121.0,12.0,49.0,4.0,38.0,2.0,1.0,1.0,99.0,7.0,20.0,0.0,8.0,996.0,0.0,48.0,2.0,12.0,3.0,0.0,2T1BURHE8HC8,2017.0,448.0,2208.0,13.0,49.0,Toyota,32.0,4.0,1.0,0.0,0.0,998.0,0.0,0.0,0.0,6.0,7.0,12.0,0.0,0.0,1.0,48.0,75067.0,1.0,6.0,3.0,Valid license for this class vehicle,0.0,999.0,999.0,0.0,0.0,0.0,0.0,No Record,0.0,0.0,0.0,0.0,3.0,3.0,70.0,1.0,1.0,8.0,1.0,0.0,1.0,53.0,99.0,1.0,1.0,201.0,48.0,0.0,1.0,0.0,202304851299.0,12.0,4.0,4.0,1.0,1.0,1.0,4.0,46.0,1.0,0.0,1.0,9.0,0.0,49.0,2.0,0.0
483824,1,2,96.0,0.0,1.0,3053.0,-99.0,48.0,467.0,32.0,35.0,4.0,65.0,1.0,1.0,4.0,20.0,7.0,9.0,0.0,0.0,0.0,6.0,48.0,1.0,32.0,1.0,0.0,3N1CB51D02L6,2002.0,478.0,1907.0,13.0,35.0,Nissan/Datsun,43.0,4.0,1.0,0.0,0.0,998.0,7.0,0.0,0.0,12.0,2.0,32.0,0.0,0.0,1.0,48.0,75103.0,1.0,6.0,3.0,Valid license for this class vehicle,3.0,999.0,999.0,0.0,0.0,0.0,0.0,No Record,0.0,0.0,0.0,0.0,1.0,2.0,60.0,2.0,1.0,8.0,1.0,0.0,14.0,12.0,99.0,1.0,4.0,102.0,48.0,1.0,1.0,0.0,202304707280.0,12.0,7.0,1.0,3.0,1.0,1.0,4.0,28.0,1.0,2.0,1.0,8.0,0.0,35.0,1.0,98.0
483828,1,98,96.0,0.0,1.0,0.0,-99.0,48.0,127.0,32.0,12.0,2.0,19.0,1.0,1.0,2.0,3.0,0.0,8.0,0.0,8.0,996.0,0.0,48.0,1.0,32.0,2.0,0.0,1FA6P8TH5G52,2016.0,460.0,1781.0,3.0,12.0,Ford,3.0,2.0,1.0,0.0,0.0,998.0,7.0,3.0,5.0,12.0,7.0,32.0,0.0,0.0,1.0,48.0,78839.0,1.0,6.0,3.0,Valid license for this class vehicle,0.0,999.0,999.0,0.0,0.0,0.0,0.0,No Record,0.0,0.0,0.0,4.0,1.0,2.0,65.0,2.0,1.0,8.0,1.0,0.0,14.0,6.0,1.0,1.0,4.0,102.0,48.0,0.0,1.0,0.0,202305628233.0,12.0,2.0,11.0,0.0,2.0,1.0,2.0,23.0,1.0,0.0,1.0,20.0,0.0,12.0,2.0,0.0