ST_CASE,VEH_NO_x,DRIMPAIR_x,DRDISTRACT,DRIVERRF,PER_NO_x,DRUGRES,DRUGACTQTY,STATE_x,COUNTY,HARM_EV_x,MAKE_x,BODY_TYP_x,AGE,SEX,PER_TYP_x,INJ_SEV,REST_USE,REST_MIS,AIR_BAG_x,EJECTION,DRINKING,ALC_RES,HISPANIC,STATE_y,VE_FORMS,HARM_EV_y,NUMOCCS,HIT_RUN,VIN,MOD_YEAR,VPICMAKE,VPICMODEL,VPICBODYCLASS,MAKE_y,MAKENAME,MODEL,BODY_TYP_y,HAZ_INV,HAZ_PLAC,HAZ_ID,TRAV_SP,UNDEROVERRIDE,ROLLOVER,ROLINLOC,IMPACT1,DEFORMED,M_HARM,FIRE_EXP,DR_DRINK,DR_PRES,L_STATE,DR_ZIP,L_TYPE,L_STATUS,L_COMPL,L_COMPLNAME,L_RESTRI,DR_HGT,DR_WGT,PREV_DWI,PREV_SPD,PREV_OTH,FIRST_MO,FIRST_MONAME,FIRST_YR,LAST_MO,LAST_YR,SPEEDREL,VTRAFWAY,VNUM_LAN,VSPD_LIM,VALIGN,VPROFILE,VPAVETYP,VSURCOND,VTRAFCON,P_CRASH1,P_CRASH2,P_CRASH3,PCRASH4,PCRASH5,ACC_CONFIG,STATE,RACE,ORDER,MULTRACE,CASENUM,HARM_EV,DAY_WEEK,MONTH,MAXSEV_IM,WEATHR_IM,PER_NO_y,BODY_TYP,AGE_IM,SEX_IM,INJSEV_IM,PER_TYP_y,AIR_BAG_y,EJECT_IM,MAKE,VEH_NO_y,DRIMPAIR_y
510294,1,0,0.0,38.0,1.0,0.0,-99.0,51.0,181.0,12.0,35.0,4.0,65.0,2.0,1.0,2.0,3.0,0.0,20.0,0.0,0.0,996.0,0.0,51.0,2.0,12.0,1.0,0.0,1N4AL3AP0JC1,2018.0,478.0,1904.0,13.0,35.0,Nissan/Datsun,47.0,4.0,1.0,0.0,0.0,15.0,7.0,0.0,0.0,12.0,7.0,12.0,0.0,0.0,1.0,51.0,23883.0,1.0,6.0,3.0,Valid license for this class vehicle,3.0,64.0,190.0,0.0,0.0,0.0,0.0,No Record,0.0,0.0,0.0,0.0,1.0,2.0,55.0,1.0,1.0,2.0,1.0,20.0,11.0,15.0,99.0,1.0,1.0,414.0,51.0,0.0,1.0,0.0,202304815223.0,12.0,4.0,2.0,0.0,1.0,1.0,4.0,37.0,1.0,0.0,1.0,20.0,0.0,35.0,1.0,0.0
510301,2,0,0.0,0.0,1.0,0.0,-99.0,51.0,760.0,12.0,42.0,4.0,44.0,2.0,1.0,1.0,3.0,0.0,20.0,0.0,0.0,996.0,0.0,51.0,2.0,12.0,1.0,0.0,55SWF4KB5FU0,2015.0,449.0,2085.0,13.0,42.0,Mercedes-Benz,42.0,4.0,1.0,0.0,0.0,998.0,7.0,0.0,0.0,8.0,6.0,12.0,0.0,0.0,1.0,51.0,23225.0,1.0,6.0,3.0,Valid license for this class vehicle,0.0,63.0,140.0,0.0,1.0,0.0,2.0,February,2020.0,2.0,2020.0,0.0,1.0,3.0,35.0,1.0,1.0,2.0,1.0,20.0,11.0,15.0,99.0,1.0,1.0,414.0,51.0,0.0,1.0,0.0,202305651107.0,12.0,6.0,12.0,2.0,1.0,1.0,4.0,40.0,1.0,2.0,1.0,20.0,0.0,42.0,1.0,98.0
510302,1,99,0.0,0.0,1.0,1061.0,0.079,51.0,17.0,42.0,20.0,34.0,67.0,1.0,1.0,4.0,20.0,7.0,8.0,0.0,1.0,0.0,7.0,51.0,1.0,42.0,1.0,0.0,1GCPKSE71CF2,2012.0,467.0,1850.0,60.0,20.0,Chevrolet,481.0,34.0,1.0,0.0,0.0,45.0,7.0,0.0,0.0,12.0,6.0,42.0,0.0,1.0,1.0,51.0,24422.0,1.0,6.0,3.0,Valid license for this class vehicle,0.0,69.0,355.0,0.0,0.0,0.0,0.0,No Record,0.0,0.0,0.0,0.0,1.0,2.0,55.0,2.0,2.0,2.0,1.0,0.0,14.0,12.0,99.0,1.0,4.0,102.0,51.0,1.0,1.0,0.0,202304895523.0,12.0,4.0,2.0,1.0,1.0,1.0,34.0,56.0,2.0,1.0,1.0,9.0,0.0,20.0,3.0,98.0
510308,1,99,0.0,0.0,1.0,2063.0,0.039,51.0,87.0,34.0,20.0,34.0,77.0,1.0,1.0,4.0,20.0,7.0,8.0,0.0,9.0,0.0,7.0,51.0,1.0,34.0,1.0,0.0,1GCUYGED5KZ1,2019.0,467.0,1850.0,60.0,20.0,Chevrolet,481.0,34.0,1.0,0.0,0.0,55.0,7.0,0.0,0.0,12.0,6.0,59.0,0.0,0.0,1.0,51.0,23227.0,1.0,6.0,3.0,Valid license for this class vehicle,0.0,69.0,180.0,0.0,0.0,1.0,8.0,August,2020.0,10.0,2020.0,0.0,3.0,3.0,65.0,1.0,1.0,2.0,1.0,0.0,1.0,13.0,99.0,9.0,4.0,101.0,51.0,1.0,1.0,0.0,202304973352.0,59.0,2.0,5.0,4.0,1.0,1.0,34.0,77.0,1.0,4.0,1.0,8.0,0.0,20.0,1.0,99.0
510312,1,9,96.0,0.0,1.0,3022.0,0.61,51.0,760.0,59.0,35.0,4.0,33.0,1.0,1.0,4.0,20.0,7.0,1.0,2.0,8.0,0.0,7.0,51.0,1.0,59.0,1.0,0.0,1N4AL3AP8GN3,2016.0,478.0,1904.0,13.0,35.0,Nissan/Datsun,47.0,4.0,1.0,0.0,0.0,999.0,7.0,3.0,5.0,12.0,7.0,59.0,1.0,0.0,1.0,51.0,23139.0,1.0,1.0,2.0,No valid license for this class vehicle,0.0,68.0,180.0,0.0,0.0,4.0,1.0,January,2021.0,4.0,2022.0,0.0,3.0,2.0,35.0,1.0,1.0,2.0,1.0,0.0,1.0,13.0,99.0,1.0,4.0,101.0,51.0,2.0,1.0,0.0,202305159205.0,8.0,3.0,8.0,4.0,1.0,1.0,4.0,24.0,1.0,0.0,1.0,20.0,0.0,35.0,1.0,98.0
510317,1,9,0.0,0.0,1.0,0.0,-99.0,51.0,171.0,12.0,12.0,6.0,28.0,1.0,1.0,3.0,3.0,0.0,1.0,0.0,1.0,996.0,0.0,51.0,2.0,12.0,1.0,0.0,2FMDK4KC4DBC,2013.0,460.0,1797.0,7.0,12.0,Ford,24.0,6.0,1.0,0.0,0.0,55.0,7.0,0.0,0.0,12.0,6.0,12.0,0.0,1.0,1.0,51.0,22844.0,0.0,0.0,0.0,Not licensed,0.0,999.0,999.0,0.0,0.0,0.0,0.0,No Record,0.0,0.0,0.0,0.0,1.0,2.0,55.0,1.0,1.0,2.0,1.0,0.0,15.0,62.0,7.0,1.0,2.0,302.0,51.0,0.0,1.0,0.0,202304706917.0,12.0,5.0,1.0,2.0,10.0,1.0,6.0,58.0,2.0,2.0,1.0,8.0,0.0,12.0,1.0,0.0
510318,1,0,0.0,28.0,1.0,3019.0,0.089,51.0,89.0,12.0,35.0,4.0,53.0,2.0,1.0,4.0,20.0,7.0,1.0,0.0,0.0,0.0,7.0,51.0,2.0,12.0,2.0,0.0,3N1CN7AP2CL8,2012.0,478.0,1894.0,13.0,35.0,Nissan/Datsun,50.0,4.0,1.0,0.0,0.0,40.0,0.0,0.0,0.0,12.0,6.0,12.0,0.0,0.0,1.0,51.0,24055.0,1.0,6.0,3.0,Valid license for this class vehicle,0.0,68.0,180.0,0.0,1.0,1.0,8.0,August,2018.0,8.0,2022.0,0.0,1.0,2.0,35.0,2.0,1.0,2.0,2.0,0.0,14.0,10.0,99.0,1.0,2.0,301.0,51.0,1.0,1.0,0.0,202304818054.0,12.0,3.0,2.0,3.0,1.0,1.0,4.0,18.0,2.0,3.0,1.0,8.0,0.0,35.0,1.0,98.0
510328,1,99,96.0,0.0,1.0,9999.0,-99.0,51.0,169.0,1.0,49.0,14.0,21.0,1.0,1.0,4.0,20.0,7.0,1.0,0.0,9.0,995.0,99.0,51.0,1.0,1.0,4.0,0.0,JT3HN87R9X02,1999.0,448.0,2216.0,7.0,49.0,Toyota,401.0,14.0,1.0,0.0,0.0,90.0,7.0,3.0,5.0,0.0,6.0,1.0,0.0,0.0,1.0,51.0,24354.0,0.0,0.0,0.0,Not licensed,0.0,69.0,180.0,0.0,0.0,0.0,3.0,March,2020.0,3.0,2020.0,5.0,1.0,2.0,55.0,3.0,2.0,2.0,1.0,0.0,14.0,12.0,99.0,4.0,4.0,998.0,51.0,99.0,1.0,0.0,202305464146.0,12.0,5.0,10.0,0.0,1.0,1.0,14.0,78.0,2.0,0.0,1.0,20.0,0.0,49.0,2.0,98.0
510331,1,10,96.0,0.0,1.0,1094.0,0.025,51.0,87.0,42.0,23.0,34.0,54.0,1.0,1.0,4.0,20.0,7.0,8.0,0.0,0.0,119.0,7.0,51.0,1.0,42.0,1.0,0.0,3GTU9FED4LG1,2020.0,472.0,1857.0,60.0,23.0,GMC,481.0,34.0,1.0,0.0,0.0,25.0,7.0,0.0,0.0,12.0,6.0,42.0,0.0,1.0,1.0,51.0,23059.0,1.0,6.0,3.0,Valid license for this class vehicle,0.0,77.0,245.0,0.0,0.0,1.0,7.0,July,2019.0,7.0,2019.0,9.0,3.0,2.0,25.0,3.0,2.0,2.0,1.0,0.0,14.0,13.0,99.0,1.0,4.0,101.0,51.0,1.0,1.0,0.0,202304944954.0,42.0,6.0,5.0,4.0,1.0,1.0,34.0,54.0,1.0,4.0,1.0,8.0,0.0,23.0,1.0,1.0
510341,1,99,0.0,0.0,1.0,1.0,-99.0,51.0,127.0,59.0,2.0,14.0,46.0,1.0,1.0,4.0,20.0,7.0,20.0,1.0,9.0,0.0,7.0,51.0,1.0,59.0,1.0,0.0,2J4FY19P5MJ1,1991.0,483.0,1943.0,7.0,2.0,Jeep / Kaiser-Jeep / Willys- Jeep,403.0,14.0,1.0,0.0,0.0,60.0,7.0,0.0,0.0,1.0,6.0,42.0,0.0,0.0,1.0,6.0,90036.0,1.0,6.0,3.0,Valid license for this class vehicle,0.0,74.0,165.0,0.0,1.0,0.0,2.0,February,2021.0,2.0,2021.0,0.0,1.0,2.0,55.0,1.0,1.0,2.0,1.0,0.0,1.0,13.0,99.0,1.0,4.0,101.0,51.0,1.0,1.0,0.0,202304928296.0,59.0,5.0,5.0,4.0,1.0,1.0,14.0,46.0,1.0,4.0,1.0,20.0,1.0,2.0,1.0,99.0
510350,1,99,0.0,58.0,1.0,2005.0,-99.0,51.0,197.0,24.0,12.0,4.0,38.0,2.0,1.0,4.0,20.0,7.0,8.0,0.0,1.0,40.0,7.0,51.0,3.0,24.0,2.0,0.0,3FADP4BJ2JM1,2018.0,460.0,3267.0,13.0,12.0,Ford,32.0,4.0,1.0,0.0,0.0,70.0,0.0,0.0,0.0,98.0,6.0,12.0,0.0,1.0,1.0,51.0,24368.0,1.0,6.0,3.0,Valid license for this class vehicle,0.0,65.0,115.0,0.0,0.0,0.0,0.0,No Record,0.0,0.0,0.0,9.0,3.0,3.0,70.0,1.0,1.0,2.0,1.0,0.0,1.0,13.0,99.0,2.0,4.0,998.0,51.0,1.0,1.0,0.0,202305360506.0,1.0,2.0,8.0,2.0,10.0,1.0,4.0,36.0,2.0,0.0,1.0,20.0,0.0,12.0,2.0,0.0
510351,2,99,0.0,0.0,1.0,5060.0,0.003,51.0,770.0,12.0,53.0,80.0,38.0,1.0,1.0,4.0,20.0,7.0,20.0,8.0,9.0,0.0,7.0,51.0,2.0,12.0,1.0,0.0,JS1GR7KA9621,2006.0,509.0,13163.0,80.0,53.0,Suzuki,706.0,80.0,1.0,0.0,0.0,25.0,7.0,8.0,8.0,12.0,6.0,12.0,0.0,0.0,1.0,51.0,24017.0,0.0,0.0,2.0,No valid license for this class vehicle,0.0,74.0,255.0,0.0,2.0,1.0,4.0,April,2021.0,1.0,2023.0,9.0,1.0,2.0,25.0,1.0,1.0,2.0,1.0,0.0,1.0,66.0,99.0,1.0,1.0,501.0,51.0,2.0,1.0,0.0,202304771059.0,12.0,2.0,2.0,3.0,1.0,1.0,80.0,21.0,1.0,3.0,1.0,20.0,8.0,53.0,1.0,0.0
510352,1,99,96.0,38.0,1.0,0.0,-99.0,51.0,790.0,12.0,63.0,4.0,19.0,2.0,1.0,1.0,3.0,0.0,8.0,0.0,9.0,996.0,0.0,51.0,2.0,12.0,3.0,0.0,KNAGR4A60B51,2011.0,499.0,2739.0,13.0,63.0,KIA,34.0,4.0,1.0,0.0,0.0,19.0,0.0,0.0,0.0,2.0,6.0,12.0,0.0,0.0,1.0,51.0,24401.0,1.0,6.0,3.0,Valid license for this class vehicle,0.0,61.0,260.0,0.0,0.0,0.0,0.0,No Record,0.0,0.0,0.0,0.0,1.0,3.0,55.0,1.0,1.0,2.0,1.0,0.0,11.0,55.0,99.0,1.0,2.0,401.0,51.0,0.0,1.0,0.0,202304836086.0,12.0,4.0,1.0,2.0,2.0,1.0,4.0,19.0,1.0,0.0,1.0,9.0,0.0,63.0,2.0,98.0
510355,1,99,92.0,0.0,1.0,3034.0,-99.0,51.0,700.0,12.0,37.0,4.0,19.0,1.0,1.0,4.0,3.0,0.0,8.0,0.0,9.0,240.0,4.0,51.0,2.0,12.0,1.0,0.0,2HGFC2F55HH5,2017.0,474.0,1863.0,13.0,37.0,Honda,31.0,4.0,1.0,0.0,0.0,70.0,0.0,0.0,0.0,12.0,6.0,2.0,1.0,1.0,1.0,21.0,42103.0,2.0,6.0,3.0,Valid license for this class vehicle,0.0,68.0,141.0,0.0,0.0,0.0,0.0,No Record,0.0,0.0,0.0,3.0,2.0,4.0,45.0,1.0,1.0,2.0,1.0,0.0,1.0,51.0,99.0,1.0,1.0,202.0,51.0,98.0,1.0,0.0,202305131713.0,42.0,2.0,7.0,2.0,1.0,1.0,4.0,68.0,1.0,2.0,1.0,9.0,0.0,37.0,1.0,98.0
510359,3,0,0.0,0.0,1.0,0.0,-99.0,51.0,67.0,12.0,73.0,80.0,19.0,1.0,1.0,2.0,20.0,7.0,20.0,8.0,0.0,996.0,0.0,51.0,3.0,12.0,1.0,0.0,JKAZX2E141A0,2001.0,510.0,10659.0,80.0,73.0,Kawasaki,706.0,80.0,1.0,0.0,0.0,45.0,7.0,8.0,8.0,12.0,6.0,12.0,0.0,0.0,1.0,51.0,24088.0,1.0,6.0,3.0,Valid license for this class vehicle,0.0,79.0,170.0,0.0,0.0,1.0,11.0,November,2022.0,11.0,2022.0,0.0,1.0,2.0,45.0,3.0,2.0,2.0,1.0,0.0,14.0,62.0,99.0,1.0,1.0,998.0,51.0,0.0,1.0,0.0,202305003399.0,12.0,3.0,6.0,3.0,1.0,1.0,80.0,30.0,1.0,3.0,1.0,20.0,8.0,73.0,1.0,9.0
510360,2,99,0.0,0.0,1.0,3019.0,0.08,51.0,105.0,12.0,37.0,14.0,51.0,1.0,1.0,4.0,20.0,7.0,1.0,0.0,9.0,0.0,7.0,51.0,2.0,12.0,2.0,0.0,5J6YH27365L0,2005.0,474.0,1868.0,7.0,37.0,Honda,403.0,14.0,1.0,0.0,0.0,35.0,0.0,0.0,0.0,12.0,6.0,12.0,0.0,0.0,1.0,47.0,37643.0,1.0,6.0,3.0,Valid license for this class vehicle,0.0,71.0,185.0,0.0,0.0,0.0,0.0,No Record,0.0,0.0,0.0,0.0,1.0,2.0,55.0,3.0,2.0,2.0,1.0,0.0,14.0,62.0,99.0,1.0,1.0,302.0,51.0,1.0,1.0,0.0,202304804810.0,12.0,2.0,3.0,1.0,10.0,1.0,14.0,64.0,2.0,0.0,1.0,20.0,0.0,37.0,1.0,0.0
510372,1,99,96.0,0.0,1.0,5062.0,0.048,51.0,53.0,24.0,37.0,4.0,22.0,1.0,1.0,4.0,20.0,7.0,1.0,1.0,9.0,84.0,7.0,51.0,1.0,24.0,1.0,0.0,1HGCM66547A0,2007.0,474.0,1861.0,13.0,37.0,Honda,32.0,4.0,1.0,0.0,0.0,80.0,7.0,3.0,5.0,3.0,6.0,1.0,0.0,1.0,1.0,51.0,23805.0,1.0,6.0,3.0,Valid license for this class vehicle,0.0,70.0,170.0,0.0,5.0,7.0,12.0,December,2019.0,3.0,2023.0,9.0,2.0,2.0,70.0,1.0,1.0,2.0,1.0,0.0,1.0,13.0,99.0,5.0,4.0,101.0,51.0,2.0,1.0,0.0,202305167164.0,12.0,6.0,3.0,2.0,10.0,1.0,4.0,60.0,2.0,2.0,1.0,1.0,0.0,37.0,2.0,0.0
510373,2,0,0.0,0.0,1.0,0.0,-99.0,51.0,59.0,12.0,49.0,20.0,61.0,2.0,1.0,0.0,3.0,0.0,20.0,0.0,0.0,996.0,0.0,51.0,2.0,12.0,1.0,0.0,5TDZA23C45S3,2005.0,448.0,2468.0,2.0,49.0,Toyota,442.0,20.0,1.0,0.0,0.0,0.0,7.0,0.0,0.0,98.0,6.0,12.0,0.0,0.0,1.0,51.0,20190.0,1.0,6.0,3.0,Valid license for this class vehicle,3.0,64.0,140.0,0.0,1.0,0.0,11.0,November,2018.0,11.0,2018.0,0.0,1.0,4.0,50.0,1.0,1.0,2.0,1.0,3.0,5.0,65.0,1.0,1.0,1.0,208.0,51.0,0.0,1.0,0.0,202305220688.0,12.0,3.0,8.0,0.0,1.0,1.0,20.0,80.0,1.0,0.0,1.0,20.0,0.0,49.0,1.0,0.0
510388,1,99,0.0,0.0,1.0,1.0,-99.0,51.0,195.0,24.0,82.0,66.0,47.0,1.0,1.0,4.0,3.0,0.0,20.0,0.0,0.0,0.0,7.0,51.0,1.0,24.0,1.0,0.0,3AKJHHDR3KSK,2019.0,450.0,2501.0,66.0,82.0,Freightliner,881.0,66.0,1.0,0.0,0.0,40.0,7.0,0.0,0.0,3.0,6.0,42.0,0.0,0.0,1.0,48.0,75845.0,1.0,6.0,3.0,Valid license for this class vehicle,3.0,999.0,999.0,0.0,0.0,0.0,0.0,No Record,0.0,0.0,0.0,0.0,2.0,2.0,55.0,1.0,2.0,2.0,1.0,0.0,1.0,13.0,99.0,1.0,4.0,101.0,51.0,2.0,1.0,0.0,202305530710.0,12.0,1.0,11.0,0.0,1.0,1.0,66.0,62.0,1.0,0.0,1.0,20.0,0.0,82.0,2.0,0.0
510405,3,0,0.0,0.0,1.0,0.0,-99.0,51.0,595.0,12.0,49.0,14.0,55.0,2.0,1.0,0.0,3.0,0.0,8.0,0.0,0.0,996.0,0.0,51.0,3.0,12.0,3.0,0.0,5TDGZRBH7NS2,2022.0,448.0,2213.0,7.0,49.0,Toyota,403.0,14.0,1.0,0.0,0.0,75.0,0.0,3.0,1.0,4.0,6.0,1.0,0.0,0.0,1.0,37.0,28460.0,1.0,6.0,3.0,Valid license for this class vehicle,3.0,66.0,999.0,0.0,0.0,0.0,0.0,No Record,0.0,0.0,0.0,0.0,3.0,3.0,70.0,1.0,1.0,2.0,1.0,0.0,1.0,61.0,99.0,1.0,1.0,998.0,51.0,0.0,1.0,0.0,202305167422.0,12.0,3.0,6.0,0.0,1.0,1.0,14.0,46.0,2.0,0.0,1.0,20.0,0.0,49.0,1.0,0.0
510410,1,1,0.0,0.0,1.0,1.0,-99.0,51.0,15.0,42.0,55.0,4.0,70.0,1.0,1.0,4.0,3.0,0.0,1.0,0.0,0.0,0.0,7.0,51.0,1.0,42.0,1.0,0.0,KMHDN46D56U2,2006.0,498.0,2735.0,13.0,55.0,Hyundai,35.0,4.0,1.0,0.0,0.0,55.0,7.0,0.0,0.0,11.0,6.0,42.0,0.0,0.0,1.0,51.0,24439.0,1.0,6.0,3.0,Valid license for this class vehicle,0.0,64.0,180.0,0.0,0.0,0.0,0.0,No Record,0.0,0.0,0.0,0.0,1.0,2.0,55.0,2.0,1.0,2.0,1.0,0.0,14.0,12.0,99.0,1.0,4.0,102.0,51.0,1.0,1.0,0.0,202304742230.0,33.0,6.0,2.0,3.0,1.0,1.0,4.0,28.0,1.0,3.0,1.0,9.0,0.0,55.0,1.0,9.0
510411,1,99,96.0,0.0,1.0,5060.0,0.002,51.0,760.0,42.0,20.0,14.0,62.0,1.0,1.0,4.0,3.0,0.0,8.0,0.0,9.0,0.0,7.0,51.0,1.0,42.0,1.0,0.0,KL79MRSL0PB0,2023.0,467.0,4548.0,7.0,20.0,Chevrolet,498.0,14.0,1.0,0.0,0.0,80.0,7.0,0.0,0.0,12.0,6.0,42.0,0.0,0.0,1.0,51.0,23231.0,1.0,6.0,3.0,Valid license for this class vehicle,0.0,73.0,200.0,0.0,1.0,0.0,4.0,April,2021.0,5.0,2023.0,9.0,6.0,2.0,55.0,2.0,1.0,2.0,2.0,97.0,14.0,6.0,99.0,2.0,4.0,102.0,51.0,2.0,1.0,0.0,202305020329.0,42.0,4.0,6.0,4.0,2.0,1.0,14.0,62.0,1.0,4.0,1.0,8.0,0.0,20.0,1.0,99.0
510424,2,99,0.0,0.0,1.0,2208.0,0.26,51.0,179.0,12.0,35.0,4.0,49.0,1.0,1.0,4.0,3.0,0.0,20.0,0.0,9.0,0.0,7.0,51.0,3.0,12.0,1.0,0.0,1N4AA5APXEC4,2014.0,478.0,2302.0,13.0,35.0,Nissan/Datsun,39.0,4.0,1.0,0.0,0.0,76.0,0.0,0.0,0.0,8.0,6.0,12.0,0.0,0.0,1.0,51.0,22406.0,1.0,6.0,3.0,Valid license for this class vehicle,0.0,68.0,220.0,0.0,0.0,0.0,0.0,No Record,0.0,0.0,0.0,0.0,3.0,3.0,65.0,1.0,2.0,2.0,1.0,0.0,2.0,60.0,99.0,1.0,1.0,207.0,51.0,1.0,1.0,0.0,202304968226.0,12.0,4.0,3.0,1.0,1.0,1.0,4.0,31.0,1.0,0.0,1.0,20.0,0.0,35.0,1.0,0.0
510425,1,99,0.0,38.0,1.0,1.0,-99.0,51.0,47.0,12.0,49.0,4.0,91.0,2.0,1.0,4.0,20.0,7.0,8.0,0.0,9.0,0.0,7.0,51.0,2.0,12.0,1.0,0.0,4T1B11HK4KU7,2019.0,448.0,2469.0,13.0,49.0,Toyota,40.0,4.0,1.0,0.0,0.0,15.0,0.0,0.0,0.0,3.0,6.0,12.0,0.0,0.0,1.0,51.0,22701.0,1.0,6.0,3.0,Valid license for this class vehicle,0.0,64.0,168.0,0.0,0.0,0.0,0.0,No Record,0.0,0.0,0.0,0.0,1.0,2.0,45.0,1.0,2.0,2.0,1.0,0.0,1.0,17.0,99.0,1.0,1.0,502.0,51.0,1.0,1.0,0.0,202304725166.0,12.0,2.0,1.0,0.0,1.0,1.0,4.0,90.0,2.0,0.0,1.0,20.0,0.0,49.0,2.0,0.0
510431,1,0,96.0,0.0,1.0,1.0,-99.0,51.0,95.0,33.0,73.0,80.0,20.0,1.0,1.0,4.0,20.0,7.0,20.0,8.0,0.0,0.0,7.0,51.0,1.0,33.0,1.0,0.0,JKBZXJH16PA0,2023.0,510.0,12989.0,80.0,73.0,Kawasaki,705.0,80.0,1.0,0.0,0.0,80.0,7.0,8.0,8.0,12.0,6.0,42.0,0.0,0.0,1.0,51.0,23185.0,1.0,6.0,3.0,Valid license for this class vehicle,0.0,69.0,170.0,0.0,0.0,1.0,6.0,June,2023.0,6.0,2023.0,3.0,1.0,2.0,35.0,2.0,1.0,1.0,1.0,0.0,14.0,6.0,99.0,1.0,4.0,102.0,51.0,2.0,1.0,0.0,202305384279.0,1.0,5.0,3.0,4.0,1.0,1.0,80.0,17.0,1.0,4.0,1.0,20.0,8.0,73.0,1.0,98.0
510434,1,99,0.0,0.0,1.0,1.0,-99.0,51.0,139.0,12.0,55.0,4.0,28.0,1.0,1.0,4.0,20.0,7.0,99.0,0.0,9.0,202.0,4.0,51.0,2.0,12.0,1.0,0.0,5NPEB4AC1CH4,2012.0,498.0,2459.0,13.0,55.0,Hyundai,33.0,4.0,1.0,0.0,0.0,70.0,0.0,0.0,0.0,12.0,6.0,12.0,0.0,1.0,1.0,51.0,22851.0,0.0,0.0,0.0,Not licensed,0.0,72.0,160.0,0.0,0.0,0.0,0.0,No Record,0.0,0.0,0.0,5.0,1.0,2.0,55.0,3.0,1.0,2.0,1.0,0.0,14.0,13.0,99.0,1.0,6.0,301.0,51.0,1.0,1.0,0.0,202304647680.0,12.0,5.0,1.0,0.0,1.0,1.0,4.0,21.0,2.0,0.0,1.0,20.0,0.0,55.0,2.0,0.0
510441,2,0,0.0,0.0,1.0,2060.0,0.019,51.0,650.0,12.0,20.0,4.0,68.0,1.0,1.0,4.0,3.0,0.0,1.0,0.0,0.0,0.0,7.0,51.0,2.0,12.0,1.0,0.0,1G1JD5SH5J41,2018.0,467.0,1835.0,13.0,20.0,Chevrolet,28.0,4.0,1.0,0.0,0.0,20.0,0.0,0.0,0.0,12.0,6.0,12.0,0.0,0.0,1.0,51.0,23669.0,1.0,6.0,3.0,Valid license for this class vehicle,3.0,75.0,160.0,0.0,0.0,0.0,7.0,July,2020.0,7.0,2020.0,0.0,1.0,2.0,30.0,1.0,1.0,2.0,1.0,0.0,11.0,15.0,99.0,1.0,1.0,401.0,51.0,2.0,1.0,0.0,202305426925.0,11.0,3.0,11.0,0.0,2.0,1.0,4.0,32.0,2.0,0.0,1.0,20.0,0.0,20.0,1.0,0.0
510452,2,0,0.0,0.0,1.0,0.0,-99.0,51.0,25.0,12.0,35.0,4.0,45.0,1.0,1.0,3.0,20.0,7.0,1.0,0.0,0.0,996.0,0.0,51.0,2.0,12.0,1.0,0.0,1N4AL3AP1GC1,2016.0,478.0,1904.0,13.0,35.0,Nissan/Datsun,47.0,4.0,1.0,0.0,0.0,60.0,0.0,0.0,0.0,12.0,6.0,12.0,0.0,0.0,1.0,51.0,23887.0,1.0,6.0,3.0,Valid license for this class vehicle,0.0,73.0,230.0,1.0,1.0,1.0,12.0,December,2021.0,3.0,2022.0,0.0,1.0,2.0,55.0,1.0,3.0,2.0,1.0,0.0,1.0,62.0,99.0,1.0,2.0,302.0,51.0,0.0,1.0,0.0,202305507767.0,12.0,5.0,12.0,0.0,1.0,1.0,4.0,41.0,2.0,0.0,1.0,20.0,0.0,35.0,2.0,0.0
510456,1,2,0.0,26.0,1.0,9995.0,-99.0,51.0,85.0,12.0,55.0,14.0,47.0,1.0,1.0,2.0,3.0,0.0,8.0,0.0,1.0,995.0,0.0,51.0,2.0,12.0,2.0,0.0,5NMJA3AE0NH0,2022.0,498.0,2058.0,7.0,55.0,Hyundai,402.0,14.0,1.0,0.0,0.0,75.0,0.0,0.0,0.0,12.0,6.0,12.0,0.0,1.0,1.0,37.0,28384.0,1.0,1.0,2.0,No valid license for this class vehicle,0.0,66.0,999.0,0.0,0.0,2.0,5.0,May,2020.0,7.0,2023.0,0.0,3.0,3.0,65.0,1.0,1.0,2.0,1.0,0.0,1.0,51.0,99.0,1.0,1.0,202.0,51.0,0.0,1.0,0.0,202305335213.0,26.0,7.0,10.0,2.0,2.0,1.0,14.0,54.0,2.0,2.0,1.0,8.0,0.0,55.0,1.0,0.0
510458,1,99,0.0,0.0,1.0,1063.0,0.023,51.0,760.0,35.0,35.0,5.0,53.0,2.0,1.0,4.0,3.0,0.0,8.0,0.0,0.0,0.0,7.0,51.0,1.0,35.0,1.0,0.0,JN1BJ1BV7NW3,2022.0,478.0,17214.0,5.0,35.0,Nissan/Datsun,398.0,5.0,1.0,0.0,0.0,998.0,7.0,0.0,0.0,12.0,6.0,19.0,0.0,0.0,1.0,51.0,23223.0,1.0,6.0,3.0,Valid license for this class vehicle,0.0,65.0,160.0,0.0,0.0,0.0,10.0,October,2020.0,10.0,2020.0,0.0,2.0,2.0,35.0,1.0,1.0,2.0,98.0,97.0,1.0,13.0,99.0,1.0,4.0,101.0,51.0,2.0,1.0,0.0,202305114560.0,35.0,2.0,7.0,4.0,10.0,1.0,5.0,53.0,2.0,4.0,1.0,8.0,0.0,35.0,1.0,99.0
510459,1,0,0.0,0.0,1.0,1.0,-99.0,51.0,670.0,12.0,49.0,4.0,45.0,1.0,1.0,4.0,20.0,7.0,8.0,0.0,0.0,24.0,7.0,51.0,2.0,12.0,1.0,0.0,4T1G11AK8MU4,2021.0,448.0,2469.0,13.0,49.0,Toyota,40.0,4.0,1.0,0.0,0.0,15.0,0.0,0.0,0.0,3.0,6.0,30.0,0.0,1.0,1.0,12.0,33762.0,1.0,6.0,3.0,Valid license for this class vehicle,0.0,68.0,999.0,0.0,0.0,0.0,0.0,No Record,0.0,0.0,0.0,0.0,1.0,5.0,35.0,1.0,1.0,2.0,1.0,3.0,1.0,66.0,99.0,1.0,1.0,502.0,51.0,2.0,1.0,0.0,202305656523.0,12.0,6.0,11.0,0.0,1.0,1.0,4.0,59.0,1.0,0.0,1.0,20.0,0.0,49.0,1.0,98.0