ST_CASE,VEH_NO_x,DRIMPAIR_x,DRDISTRACT,DRIVERRF,PER_NO_x,DRUGRES,DRUGACTQTY,STATE_x,COUNTY,HARM_EV_x,MAKE_x,BODY_TYP_x,AGE,SEX,PER_TYP_x,INJ_SEV,REST_USE,REST_MIS,AIR_BAG_x,EJECTION,DRINKING,ALC_RES,HISPANIC,STATE_y,VE_FORMS,HARM_EV_y,NUMOCCS,HIT_RUN,VIN,MOD_YEAR,VPICMAKE,VPICMODEL,VPICBODYCLASS,MAKE_y,MAKENAME,MODEL,BODY_TYP_y,HAZ_INV,HAZ_PLAC,HAZ_ID,TRAV_SP,UNDEROVERRIDE,ROLLOVER,ROLINLOC,IMPACT1,DEFORMED,M_HARM,FIRE_EXP,DR_DRINK,DR_PRES,L_STATE,DR_ZIP,L_TYPE,L_STATUS,L_COMPL,L_COMPLNAME,L_RESTRI,DR_HGT,DR_WGT,PREV_DWI,PREV_SPD,PREV_OTH,FIRST_MO,FIRST_MONAME,FIRST_YR,LAST_MO,LAST_YR,SPEEDREL,VTRAFWAY,VNUM_LAN,VSPD_LIM,VALIGN,VPROFILE,VPAVETYP,VSURCOND,VTRAFCON,P_CRASH1,P_CRASH2,P_CRASH3,PCRASH4,PCRASH5,ACC_CONFIG,STATE,RACE,ORDER,MULTRACE,CASENUM,HARM_EV,DAY_WEEK,MONTH,MAXSEV_IM,WEATHR_IM,PER_NO_y,BODY_TYP,AGE_IM,SEX_IM,INJSEV_IM,PER_TYP_y,AIR_BAG_y,EJECT_IM,MAKE,VEH_NO_y,DRIMPAIR_y
510623,1,99,96.0,0.0,1.0,1.0,-99.0,51.0,760.0,30.0,49.0,4.0,61.0,1.0,1.0,4.0,20.0,7.0,20.0,0.0,0.0,0.0,7.0,51.0,1.0,30.0,1.0,0.0,4T1VK13E5PU0,1993.0,448.0,2469.0,13.0,49.0,Toyota,40.0,4.0,1.0,0.0,0.0,60.0,7.0,0.0,0.0,9.0,6.0,30.0,0.0,0.0,1.0,51.0,23228.0,1.0,6.0,3.0,Valid license for this class vehicle,0.0,71.0,180.0,0.0,0.0,0.0,5.0,May,2021.0,5.0,2021.0,0.0,6.0,1.0,60.0,2.0,1.0,2.0,2.0,0.0,14.0,6.0,16.0,3.0,4.0,101.0,51.0,2.0,1.0,0.0,202305249772.0,30.0,2.0,9.0,4.0,2.0,1.0,4.0,61.0,1.0,4.0,1.0,20.0,0.0,49.0,1.0,99.0
510628,1,99,0.0,34.0,1.0,5063.0,0.011,51.0,93.0,12.0,49.0,34.0,59.0,2.0,1.0,4.0,3.0,0.0,1.0,0.0,9.0,0.0,7.0,51.0,3.0,12.0,1.0,0.0,5TESN92N44Z3,2004.0,448.0,2223.0,60.0,49.0,Toyota,472.0,34.0,1.0,0.0,0.0,60.0,0.0,0.0,0.0,12.0,6.0,12.0,0.0,0.0,1.0,51.0,23883.0,0.0,0.0,0.0,Not licensed,0.0,66.0,165.0,0.0,0.0,1.0,2.0,February,2023.0,2.0,2023.0,0.0,1.0,2.0,55.0,1.0,1.0,1.0,1.0,0.0,6.0,54.0,99.0,1.0,2.0,301.0,51.0,1.0,1.0,0.0,202305589215.0,12.0,1.0,5.0,0.0,1.0,1.0,34.0,49.0,1.0,0.0,1.0,9.0,0.0,49.0,2.0,98.0
510629,1,99,96.0,0.0,1.0,1.0,-99.0,51.0,41.0,42.0,19.0,4.0,35.0,2.0,1.0,4.0,2.0,0.0,1.0,0.0,9.0,304.0,7.0,51.0,1.0,42.0,1.0,0.0,1G6DP5771601,2006.0,469.0,1825.0,13.0,19.0,Cadillac,18.0,4.0,1.0,0.0,0.0,65.0,7.0,0.0,0.0,12.0,6.0,42.0,0.0,1.0,1.0,51.0,23831.0,1.0,6.0,3.0,Valid license for this class vehicle,0.0,60.0,120.0,0.0,1.0,0.0,4.0,April,2021.0,9.0,2023.0,5.0,1.0,2.0,45.0,3.0,1.0,1.0,1.0,0.0,14.0,12.0,99.0,1.0,4.0,102.0,51.0,2.0,1.0,0.0,202305394690.0,12.0,4.0,10.0,2.0,1.0,1.0,4.0,33.0,1.0,0.0,1.0,20.0,0.0,19.0,2.0,0.0
510632,1,9,98.0,0.0,1.0,1.0,-99.0,51.0,760.0,30.0,58.0,4.0,17.0,1.0,1.0,4.0,20.0,7.0,8.0,0.0,8.0,0.0,4.0,51.0,1.0,30.0,3.0,0.0,JNKBV61F68M2,2008.0,480.0,2305.0,13.0,58.0,Infiniti,37.0,4.0,1.0,0.0,0.0,998.0,7.0,0.0,0.0,9.0,6.0,30.0,0.0,0.0,1.0,51.0,23224.0,0.0,0.0,0.0,Not licensed,0.0,66.0,130.0,0.0,1.0,0.0,3.0,March,2023.0,3.0,2023.0,3.0,2.0,3.0,35.0,1.0,2.0,2.0,1.0,0.0,1.0,13.0,16.0,2.0,4.0,101.0,51.0,1.0,1.0,0.0,202304978938.0,12.0,6.0,4.0,3.0,10.0,1.0,4.0,53.0,2.0,3.0,1.0,20.0,0.0,58.0,2.0,0.0
510635,2,0,0.0,0.0,1.0,0.0,-99.0,51.0,79.0,12.0,49.0,34.0,28.0,1.0,1.0,2.0,3.0,0.0,8.0,0.0,0.0,996.0,0.0,51.0,2.0,12.0,1.0,0.0,5TFLA5DB9NX0,2022.0,448.0,2467.0,60.0,49.0,Toyota,482.0,34.0,1.0,0.0,0.0,45.0,0.0,0.0,0.0,12.0,6.0,12.0,0.0,0.0,1.0,37.0,28227.0,1.0,6.0,3.0,Valid license for this class vehicle,3.0,74.0,999.0,0.0,0.0,0.0,0.0,No Record,0.0,0.0,0.0,0.0,1.0,3.0,55.0,3.0,2.0,2.0,2.0,0.0,14.0,62.0,99.0,1.0,1.0,302.0,51.0,0.0,1.0,0.0,202304834453.0,12.0,3.0,1.0,1.0,4.0,1.0,34.0,29.0,1.0,0.0,1.0,20.0,0.0,49.0,2.0,98.0
510650,3,0,0.0,0.0,1.0,0.0,-99.0,51.0,107.0,12.0,49.0,5.0,32.0,1.0,1.0,2.0,3.0,0.0,20.0,0.0,0.0,996.0,0.0,51.0,3.0,12.0,1.0,0.0,JTDKB20U3877,2008.0,448.0,2209.0,5.0,49.0,Toyota,46.0,5.0,1.0,0.0,0.0,54.0,0.0,0.0,0.0,4.0,6.0,12.0,0.0,0.0,1.0,42.0,17225.0,1.0,6.0,3.0,Valid license for this class vehicle,0.0,67.0,999.0,0.0,0.0,0.0,0.0,No Record,0.0,0.0,0.0,0.0,3.0,5.0,55.0,1.0,1.0,2.0,1.0,97.0,1.0,61.0,99.0,1.0,1.0,998.0,51.0,0.0,1.0,0.0,202304790360.0,12.0,3.0,2.0,0.0,1.0,1.0,5.0,39.0,1.0,0.0,1.0,20.0,0.0,49.0,2.0,0.0
510654,1,99,0.0,58.0,1.0,1.0,-99.0,51.0,800.0,34.0,20.0,4.0,63.0,1.0,1.0,4.0,20.0,7.0,8.0,0.0,9.0,126.0,7.0,51.0,1.0,34.0,1.0,0.0,1G1PG5SB8D71,2013.0,467.0,1832.0,13.0,20.0,Chevrolet,25.0,4.0,1.0,0.0,0.0,45.0,7.0,3.0,5.0,12.0,6.0,1.0,0.0,1.0,1.0,51.0,23438.0,1.0,6.0,3.0,Valid license for this class vehicle,0.0,76.0,240.0,0.0,1.0,0.0,4.0,April,2021.0,4.0,2021.0,9.0,1.0,4.0,45.0,1.0,1.0,2.0,1.0,0.0,1.0,13.0,99.0,1.0,4.0,101.0,51.0,1.0,1.0,0.0,202305007229.0,42.0,4.0,6.0,0.0,1.0,1.0,4.0,21.0,1.0,0.0,1.0,20.0,0.0,20.0,1.0,9.0
510656,1,99,96.0,0.0,1.0,3022.0,0.43,51.0,153.0,33.0,35.0,4.0,36.0,1.0,1.0,4.0,3.0,0.0,20.0,0.0,9.0,151.0,7.0,51.0,1.0,33.0,1.0,0.0,1N4AL3AP5EC1,2014.0,478.0,1904.0,13.0,35.0,Nissan/Datsun,47.0,4.0,1.0,0.0,0.0,998.0,7.0,0.0,0.0,11.0,6.0,33.0,1.0,1.0,1.0,51.0,22191.0,0.0,0.0,0.0,Not licensed,0.0,71.0,165.0,0.0,0.0,0.0,0.0,No Record,0.0,0.0,0.0,5.0,1.0,3.0,25.0,3.0,2.0,2.0,2.0,0.0,14.0,10.0,99.0,2.0,4.0,102.0,51.0,2.0,1.0,0.0,202304638342.0,12.0,4.0,1.0,0.0,4.0,1.0,4.0,35.0,1.0,0.0,1.0,20.0,0.0,35.0,2.0,0.0
510660,1,99,96.0,0.0,1.0,9999.0,-99.0,51.0,53.0,52.0,12.0,4.0,55.0,2.0,1.0,4.0,3.0,0.0,8.0,0.0,9.0,995.0,7.0,51.0,1.0,52.0,1.0,0.0,1FAHP2KTXAG1,2010.0,460.0,1782.0,13.0,12.0,Ford,17.0,4.0,1.0,0.0,0.0,80.0,7.0,0.0,0.0,1.0,6.0,42.0,0.0,0.0,1.0,51.0,23831.0,1.0,6.0,3.0,Valid license for this class vehicle,0.0,62.0,148.0,1.0,0.0,0.0,3.0,March,2020.0,1.0,2021.0,5.0,1.0,2.0,55.0,1.0,3.0,2.0,1.0,0.0,1.0,12.0,99.0,2.0,4.0,102.0,51.0,1.0,1.0,0.0,202305210996.0,12.0,4.0,8.0,0.0,1.0,1.0,4.0,22.0,2.0,0.0,1.0,20.0,0.0,12.0,1.0,0.0
510669,2,0,0.0,0.0,1.0,1094.0,0.01,51.0,99.0,12.0,35.0,4.0,45.0,1.0,1.0,4.0,3.0,0.0,8.0,0.0,0.0,0.0,7.0,51.0,2.0,12.0,1.0,0.0,1N4AL2APXAN4,2010.0,478.0,1904.0,13.0,35.0,Nissan/Datsun,47.0,4.0,1.0,0.0,0.0,45.0,0.0,0.0,0.0,12.0,6.0,12.0,0.0,0.0,1.0,51.0,22485.0,1.0,6.0,3.0,Valid license for this class vehicle,3.0,73.0,210.0,0.0,0.0,0.0,0.0,No Record,0.0,0.0,0.0,0.0,1.0,2.0,45.0,3.0,2.0,2.0,1.0,97.0,14.0,62.0,99.0,1.0,5.0,302.0,51.0,1.0,1.0,0.0,202304951533.0,12.0,3.0,4.0,2.0,1.0,1.0,4.0,25.0,2.0,0.0,1.0,20.0,0.0,35.0,2.0,98.0
510671,1,99,96.0,0.0,1.0,3022.0,1.1,51.0,127.0,1.0,12.0,34.0,20.0,1.0,1.0,4.0,20.0,7.0,8.0,0.0,9.0,117.0,7.0,51.0,1.0,1.0,2.0,0.0,1FTNX21S11EA,2001.0,460.0,1805.0,60.0,12.0,Ford,481.0,34.0,1.0,0.0,0.0,60.0,7.0,3.0,5.0,0.0,6.0,42.0,0.0,1.0,1.0,51.0,23089.0,1.0,6.0,3.0,Valid license for this class vehicle,3.0,71.0,150.0,0.0,0.0,3.0,11.0,November,2020.0,4.0,2023.0,5.0,1.0,2.0,45.0,3.0,2.0,2.0,1.0,0.0,14.0,12.0,99.0,1.0,4.0,102.0,51.0,1.0,1.0,0.0,202305286061.0,1.0,1.0,10.0,4.0,1.0,1.0,34.0,20.0,1.0,4.0,1.0,8.0,0.0,12.0,1.0,99.0
510673,1,99,0.0,0.0,1.0,2005.0,0.029,51.0,87.0,12.0,35.0,6.0,51.0,1.0,1.0,4.0,20.0,7.0,8.0,1.0,9.0,0.0,7.0,51.0,2.0,12.0,1.0,0.0,JN8AZ08W56W5,2006.0,478.0,1914.0,7.0,35.0,Nissan/Datsun,49.0,6.0,1.0,0.0,0.0,65.0,0.0,3.0,5.0,10.0,6.0,1.0,0.0,0.0,1.0,51.0,22508.0,0.0,0.0,0.0,Not licensed,0.0,70.0,185.0,0.0,0.0,0.0,8.0,August,2023.0,8.0,2023.0,0.0,2.0,2.0,65.0,1.0,1.0,2.0,1.0,0.0,1.0,10.0,99.0,1.0,2.0,207.0,51.0,1.0,1.0,0.0,202305506967.0,12.0,4.0,12.0,1.0,1.0,1.0,6.0,55.0,2.0,1.0,1.0,9.0,0.0,35.0,1.0,98.0
510678,1,2,96.0,0.0,1.0,7008.0,-99.0,51.0,810.0,19.0,37.0,4.0,32.0,1.0,1.0,4.0,3.0,0.0,8.0,0.0,0.0,995.0,7.0,51.0,1.0,19.0,1.0,0.0,2HGFE1F91NH3,2022.0,474.0,1863.0,13.0,37.0,Honda,31.0,4.0,1.0,0.0,0.0,77.0,7.0,0.0,0.0,12.0,6.0,19.0,1.0,0.0,1.0,51.0,23452.0,1.0,6.0,3.0,Valid license for this class vehicle,3.0,73.0,220.0,0.0,0.0,0.0,0.0,No Record,0.0,0.0,0.0,0.0,2.0,4.0,45.0,1.0,1.0,2.0,1.0,0.0,1.0,12.0,99.0,1.0,4.0,102.0,51.0,1.0,1.0,0.0,202304973023.0,12.0,5.0,5.0,0.0,1.0,1.0,4.0,73.0,2.0,0.0,1.0,20.0,0.0,37.0,2.0,0.0
510680,1,99,96.0,0.0,1.0,1.0,-99.0,51.0,143.0,30.0,20.0,4.0,68.0,1.0,1.0,4.0,20.0,7.0,1.0,0.0,1.0,51.0,7.0,51.0,1.0,30.0,1.0,0.0,2G1WB58K4791,2007.0,467.0,1833.0,13.0,20.0,Chevrolet,2.0,4.0,1.0,0.0,0.0,55.0,7.0,0.0,0.0,3.0,6.0,30.0,0.0,1.0,1.0,51.0,24531.0,1.0,6.0,3.0,Valid license for this class vehicle,3.0,71.0,210.0,0.0,0.0,0.0,4.0,April,2022.0,4.0,2022.0,2.0,1.0,2.0,55.0,3.0,2.0,2.0,1.0,0.0,14.0,13.0,99.0,1.0,4.0,101.0,51.0,1.0,1.0,0.0,202304894835.0,30.0,5.0,4.0,0.0,2.0,1.0,4.0,18.0,2.0,0.0,1.0,20.0,0.0,20.0,1.0,0.0
510684,1,99,96.0,0.0,1.0,5060.0,0.025,51.0,31.0,12.0,53.0,80.0,25.0,1.0,1.0,4.0,20.0,7.0,20.0,8.0,9.0,0.0,7.0,51.0,2.0,12.0,1.0,0.0,JS1GR7MA2J21,2018.0,509.0,13163.0,80.0,53.0,Suzuki,706.0,80.0,1.0,0.0,0.0,65.0,7.0,8.0,8.0,12.0,6.0,12.0,0.0,0.0,1.0,51.0,24577.0,1.0,6.0,3.0,Valid license for this class vehicle,0.0,69.0,160.0,0.0,1.0,8.0,12.0,December,2020.0,2.0,2023.0,3.0,2.0,3.0,45.0,1.0,1.0,2.0,1.0,3.0,1.0,62.0,99.0,1.0,2.0,402.0,51.0,1.0,1.0,0.0,202305253064.0,12.0,7.0,9.0,3.0,1.0,1.0,80.0,32.0,2.0,3.0,1.0,20.0,8.0,53.0,2.0,0.0
510689,1,99,92.0,38.0,1.0,0.0,-99.0,51.0,15.0,12.0,35.0,4.0,37.0,1.0,1.0,2.0,3.0,0.0,8.0,0.0,9.0,996.0,0.0,51.0,2.0,12.0,1.0,0.0,1N4BL4DV4KC1,2019.0,478.0,1904.0,13.0,35.0,Nissan/Datsun,47.0,4.0,1.0,0.0,0.0,45.0,0.0,0.0,0.0,12.0,6.0,12.0,0.0,0.0,1.0,51.0,22958.0,1.0,1.0,2.0,No valid license for this class vehicle,0.0,69.0,195.0,0.0,0.0,1.0,11.0,November,2022.0,11.0,2022.0,0.0,1.0,3.0,45.0,1.0,1.0,2.0,1.0,3.0,1.0,17.0,99.0,1.0,1.0,503.0,51.0,0.0,1.0,0.0,202304912483.0,12.0,3.0,2.0,0.0,1.0,1.0,4.0,50.0,1.0,0.0,1.0,20.0,0.0,35.0,2.0,0.0
510696,1,99,0.0,0.0,1.0,1.0,-99.0,51.0,87.0,42.0,19.0,4.0,70.0,1.0,1.0,4.0,3.0,0.0,99.0,0.0,9.0,299.0,7.0,51.0,1.0,42.0,1.0,0.0,1G6CD5333L42,1990.0,469.0,8844.0,13.0,19.0,Cadillac,3.0,4.0,1.0,0.0,0.0,70.0,7.0,3.0,5.0,11.0,6.0,35.0,1.0,1.0,1.0,51.0,22803.0,1.0,6.0,3.0,Valid license for this class vehicle,3.0,70.0,160.0,0.0,0.0,0.0,9.0,September,2021.0,9.0,2021.0,9.0,6.0,1.0,70.0,2.0,8.0,2.0,1.0,0.0,14.0,12.0,99.0,1.0,4.0,102.0,51.0,1.0,1.0,0.0,202305325436.0,42.0,4.0,10.0,4.0,1.0,1.0,4.0,70.0,1.0,4.0,1.0,98.0,0.0,19.0,1.0,99.0
510697,2,0,0.0,0.0,1.0,0.0,-99.0,51.0,89.0,12.0,35.0,4.0,19.0,1.0,1.0,0.0,3.0,0.0,20.0,0.0,0.0,996.0,0.0,51.0,2.0,12.0,1.0,0.0,3N1AB7AP7JY3,2018.0,478.0,1907.0,13.0,35.0,Nissan/Datsun,43.0,4.0,1.0,0.0,0.0,40.0,7.0,0.0,0.0,12.0,6.0,12.0,0.0,0.0,1.0,45.0,29212.0,1.0,6.0,3.0,Valid license for this class vehicle,0.0,70.0,268.0,0.0,1.0,0.0,8.0,August,2019.0,8.0,2019.0,0.0,2.0,2.0,45.0,1.0,1.0,2.0,1.0,0.0,1.0,54.0,99.0,1.0,1.0,301.0,51.0,0.0,1.0,0.0,202304708159.0,12.0,3.0,1.0,0.0,1.0,1.0,4.0,19.0,2.0,0.0,1.0,20.0,0.0,35.0,2.0,0.0
510698,1,99,96.0,58.0,1.0,3022.0,0.18,51.0,153.0,42.0,37.0,2.0,22.0,1.0,1.0,4.0,20.0,7.0,1.0,2.0,9.0,149.0,6.0,51.0,1.0,42.0,1.0,0.0,1HGEM22985L0,2005.0,474.0,1863.0,3.0,37.0,Honda,31.0,2.0,1.0,0.0,0.0,998.0,7.0,0.0,0.0,9.0,6.0,42.0,0.0,1.0,1.0,51.0,20112.0,1.0,6.0,3.0,Valid license for this class vehicle,0.0,74.0,160.0,0.0,2.0,1.0,2.0,February,2022.0,2.0,2023.0,3.0,2.0,2.0,35.0,3.0,2.0,2.0,1.0,0.0,14.0,13.0,99.0,1.0,4.0,101.0,51.0,1.0,1.0,0.0,202305274163.0,12.0,4.0,9.0,0.0,1.0,1.0,2.0,43.0,2.0,0.0,1.0,20.0,0.0,37.0,2.0,98.0
510703,1,99,0.0,0.0,1.0,9999.0,-99.0,51.0,85.0,42.0,7.0,34.0,56.0,1.0,1.0,4.0,3.0,0.0,1.0,0.0,9.0,995.0,7.0,51.0,1.0,42.0,2.0,0.0,1D7HA16D85J5,2005.0,476.0,1938.0,60.0,7.0,Dodge,482.0,34.0,1.0,0.0,0.0,72.0,7.0,0.0,0.0,11.0,6.0,2.0,1.0,0.0,1.0,51.0,23228.0,1.0,6.0,3.0,Valid license for this class vehicle,0.0,72.0,230.0,0.0,2.0,1.0,9.0,September,2021.0,8.0,2023.0,5.0,2.0,3.0,65.0,1.0,1.0,2.0,1.0,0.0,1.0,11.0,99.0,1.0,4.0,101.0,51.0,6.0,1.0,0.0,202304819034.0,12.0,1.0,3.0,0.0,1.0,1.0,34.0,32.0,1.0,0.0,1.0,20.0,0.0,7.0,1.0,0.0
510707,1,99,96.0,51.0,1.0,1.0,-99.0,51.0,59.0,12.0,49.0,5.0,44.0,2.0,1.0,4.0,3.0,0.0,8.0,0.0,1.0,159.0,7.0,51.0,2.0,12.0,1.0,0.0,JTDKDTB30D10,2013.0,448.0,13823.0,5.0,49.0,Toyota,46.0,5.0,1.0,0.0,0.0,55.0,0.0,0.0,0.0,12.0,6.0,12.0,0.0,1.0,1.0,51.0,22101.0,1.0,6.0,3.0,Valid license for this class vehicle,3.0,63.0,117.0,0.0,0.0,0.0,0.0,No Record,0.0,0.0,0.0,0.0,3.0,6.0,55.0,1.0,1.0,2.0,2.0,0.0,1.0,54.0,99.0,1.0,1.0,303.0,51.0,1.0,1.0,0.0,202304924821.0,12.0,4.0,4.0,0.0,1.0,1.0,5.0,36.0,1.0,0.0,1.0,1.0,0.0,49.0,2.0,0.0
510718,1,9,0.0,0.0,1.0,1.0,-99.0,51.0,660.0,33.0,12.0,4.0,18.0,2.0,1.0,4.0,3.0,0.0,8.0,0.0,1.0,131.0,7.0,51.0,1.0,33.0,3.0,0.0,1FADP3F20DL1,2013.0,460.0,1779.0,13.0,12.0,Ford,37.0,4.0,1.0,0.0,0.0,61.0,7.0,0.0,0.0,11.0,6.0,30.0,0.0,1.0,1.0,51.0,22827.0,1.0,6.0,3.0,Valid license for this class vehicle,3.0,66.0,145.0,0.0,0.0,0.0,2.0,February,2022.0,2.0,2022.0,3.0,1.0,2.0,25.0,3.0,2.0,2.0,1.0,0.0,14.0,13.0,99.0,1.0,4.0,101.0,51.0,1.0,1.0,0.0,202305109485.0,12.0,6.0,3.0,1.0,1.0,1.0,4.0,35.0,2.0,1.0,1.0,20.0,0.0,12.0,1.0,0.0
510720,1,99,0.0,0.0,1.0,1.0,-99.0,51.0,810.0,53.0,35.0,4.0,61.0,1.0,1.0,4.0,20.0,7.0,1.0,0.0,9.0,174.0,7.0,51.0,1.0,53.0,1.0,0.0,3N1CB51D24L8,2004.0,478.0,1907.0,13.0,35.0,Nissan/Datsun,43.0,4.0,1.0,0.0,0.0,60.0,7.0,3.0,5.0,12.0,6.0,42.0,0.0,1.0,1.0,51.0,23322.0,1.0,6.0,3.0,Valid license for this class vehicle,0.0,73.0,210.0,1.0,0.0,0.0,9.0,September,2019.0,9.0,2019.0,5.0,1.0,2.0,40.0,3.0,1.0,2.0,1.0,0.0,14.0,13.0,99.0,1.0,4.0,101.0,51.0,1.0,1.0,0.0,202304813305.0,34.0,1.0,3.0,2.0,1.0,1.0,4.0,58.0,1.0,2.0,1.0,1.0,0.0,35.0,1.0,0.0
510721,1,0,0.0,38.0,1.0,0.0,-99.0,51.0,73.0,12.0,35.0,4.0,42.0,1.0,1.0,0.0,3.0,0.0,8.0,0.0,0.0,996.0,0.0,51.0,3.0,12.0,1.0,0.0,3N1AB7AP1KY2,2019.0,478.0,1907.0,13.0,35.0,Nissan/Datsun,43.0,4.0,1.0,0.0,0.0,15.0,7.0,0.0,0.0,1.0,6.0,12.0,0.0,0.0,1.0,51.0,23061.0,1.0,6.0,3.0,Valid license for this class vehicle,0.0,70.0,190.0,0.0,0.0,0.0,0.0,No Record,0.0,0.0,0.0,0.0,1.0,2.0,45.0,1.0,1.0,2.0,1.0,20.0,1.0,17.0,99.0,1.0,1.0,502.0,51.0,0.0,1.0,0.0,202304700675.0,12.0,5.0,1.0,1.0,10.0,1.0,4.0,38.0,1.0,1.0,1.0,20.0,0.0,35.0,2.0,0.0
510732,1,99,96.0,0.0,1.0,5063.0,0.004,51.0,93.0,53.0,49.0,34.0,55.0,1.0,1.0,4.0,20.0,7.0,20.0,0.0,1.0,168.0,7.0,51.0,1.0,53.0,1.0,0.0,5TFLU4EN0CX0,2012.0,448.0,2223.0,60.0,49.0,Toyota,472.0,34.0,1.0,0.0,0.0,55.0,7.0,0.0,0.0,12.0,6.0,42.0,0.0,1.0,1.0,51.0,23487.0,1.0,6.0,3.0,Valid license for this class vehicle,0.0,69.0,178.0,0.0,0.0,0.0,0.0,No Record,0.0,0.0,0.0,0.0,1.0,2.0,45.0,1.0,1.0,2.0,2.0,0.0,1.0,13.0,99.0,1.0,4.0,101.0,51.0,1.0,1.0,0.0,202305557020.0,12.0,2.0,12.0,2.0,1.0,1.0,34.0,50.0,1.0,0.0,1.0,20.0,0.0,49.0,1.0,98.0
510735,1,1,96.0,26.0,1.0,2059.0,0.065,51.0,760.0,12.0,35.0,6.0,80.0,1.0,1.0,4.0,3.0,0.0,1.0,0.0,0.0,0.0,7.0,51.0,2.0,12.0,1.0,0.0,JN8AZ18W39W1,2009.0,478.0,1914.0,7.0,35.0,Nissan/Datsun,49.0,6.0,1.0,0.0,0.0,55.0,0.0,0.0,0.0,12.0,6.0,12.0,0.0,0.0,1.0,51.0,23075.0,1.0,6.0,3.0,Valid license for this class vehicle,3.0,69.0,196.0,0.0,0.0,0.0,0.0,No Record,0.0,0.0,0.0,0.0,3.0,4.0,55.0,1.0,1.0,2.0,1.0,0.0,1.0,51.0,99.0,1.0,2.0,202.0,51.0,1.0,1.0,0.0,202304909769.0,12.0,2.0,4.0,0.0,10.0,1.0,6.0,54.0,1.0,0.0,1.0,20.0,0.0,35.0,2.0,0.0
510735,2,0,0.0,0.0,1.0,0.0,-99.0,51.0,760.0,12.0,12.0,67.0,52.0,1.0,1.0,0.0,3.0,0.0,20.0,0.0,0.0,996.0,0.0,51.0,2.0,12.0,1.0,0.0,1FT8X3BT9LEC,2020.0,460.0,1806.0,60.0,12.0,Ford,880.0,67.0,1.0,0.0,0.0,5.0,0.0,0.0,0.0,6.0,6.0,12.0,0.0,0.0,1.0,51.0,23039.0,1.0,6.0,3.0,Valid license for this class vehicle,0.0,73.0,229.0,0.0,0.0,0.0,0.0,No Record,0.0,0.0,0.0,0.0,3.0,4.0,55.0,1.0,1.0,2.0,1.0,0.0,2.0,53.0,1.0,1.0,1.0,201.0,51.0,0.0,1.0,0.0,202305322781.0,12.0,4.0,10.0,4.0,1.0,1.0,67.0,52.0,1.0,0.0,1.0,20.0,0.0,12.0,2.0,0.0
510738,1,0,96.0,0.0,1.0,2197.0,-99.0,51.0,187.0,31.0,98.0,90.0,63.0,1.0,1.0,4.0,20.0,7.0,20.0,0.0,0.0,92.0,7.0,51.0,1.0,31.0,1.0,0.0,0,2019.0,566.0,10364.0,69.0,98.0,Other Make,739.0,90.0,1.0,0.0,0.0,998.0,7.0,0.0,0.0,98.0,8.0,42.0,0.0,1.0,1.0,51.0,22642.0,1.0,6.0,3.0,Valid license for this class vehicle,0.0,70.0,240.0,0.0,0.0,0.0,0.0,No Record,0.0,0.0,0.0,0.0,1.0,2.0,98.0,8.0,8.0,8.0,98.0,0.0,99.0,13.0,99.0,9.0,4.0,101.0,51.0,1.0,1.0,0.0,202304636966.0,43.0,1.0,1.0,2.0,1.0,1.0,83.0,49.0,1.0,2.0,1.0,20.0,8.0,73.0,1.0,98.0
510747,1,0,0.0,0.0,1.0,0.0,-99.0,51.0,33.0,24.0,3.0,34.0,28.0,2.0,1.0,2.0,2.0,0.0,20.0,0.0,0.0,996.0,0.0,51.0,1.0,24.0,4.0,0.0,0,9999.0,606.0,99999.0,60.0,3.0,AM General,499.0,34.0,1.0,0.0,0.0,60.0,7.0,3.0,5.0,1.0,6.0,1.0,0.0,0.0,1.0,51.0,24012.0,1.0,6.0,3.0,Valid license for this class vehicle,3.0,60.0,125.0,0.0,0.0,1.0,5.0,May,2021.0,5.0,2021.0,0.0,2.0,2.0,55.0,3.0,1.0,2.0,1.0,0.0,14.0,6.0,6.0,4.0,4.0,101.0,51.0,0.0,1.0,0.0,202304636966.0,43.0,1.0,1.0,2.0,1.0,1.0,83.0,49.0,1.0,2.0,1.0,20.0,8.0,73.0,1.0,98.0
510749,1,0,0.0,0.0,1.0,1.0,-99.0,51.0,11.0,34.0,20.0,34.0,17.0,1.0,1.0,4.0,20.0,7.0,1.0,2.0,0.0,0.0,7.0,51.0,1.0,34.0,2.0,0.0,1GCHK29152E2,2002.0,467.0,1850.0,60.0,20.0,Chevrolet,481.0,34.0,1.0,0.0,0.0,55.0,7.0,3.0,1.0,1.0,6.0,1.0,0.0,0.0,1.0,51.0,24522.0,2.0,6.0,3.0,Valid license for this class vehicle,3.0,71.0,220.0,0.0,0.0,0.0,0.0,No Record,0.0,0.0,0.0,0.0,1.0,2.0,45.0,4.0,1.0,2.0,1.0,0.0,14.0,13.0,99.0,1.0,4.0,101.0,51.0,1.0,1.0,0.0,202305202156.0,12.0,7.0,8.0,2.0,1.0,1.0,34.0,36.0,1.0,0.0,1.0,20.0,0.0,20.0,3.0,0.0