ST_CASE,VEH_NO_x,DRIMPAIR_x,DRDISTRACT,DRIVERRF,PER_NO_x,DRUGRES,DRUGACTQTY,STATE_x,COUNTY,HARM_EV_x,MAKE_x,BODY_TYP_x,AGE,SEX,PER_TYP_x,INJ_SEV,REST_USE,REST_MIS,AIR_BAG_x,EJECTION,DRINKING,ALC_RES,HISPANIC,STATE_y,VE_FORMS,HARM_EV_y,NUMOCCS,HIT_RUN,VIN,MOD_YEAR,VPICMAKE,VPICMODEL,VPICBODYCLASS,MAKE_y,MAKENAME,MODEL,BODY_TYP_y,HAZ_INV,HAZ_PLAC,HAZ_ID,TRAV_SP,UNDEROVERRIDE,ROLLOVER,ROLINLOC,IMPACT1,DEFORMED,M_HARM,FIRE_EXP,DR_DRINK,DR_PRES,L_STATE,DR_ZIP,L_TYPE,L_STATUS,L_COMPL,L_COMPLNAME,L_RESTRI,DR_HGT,DR_WGT,PREV_DWI,PREV_SPD,PREV_OTH,FIRST_MO,FIRST_MONAME,FIRST_YR,LAST_MO,LAST_YR,SPEEDREL,VTRAFWAY,VNUM_LAN,VSPD_LIM,VALIGN,VPROFILE,VPAVETYP,VSURCOND,VTRAFCON,P_CRASH1,P_CRASH2,P_CRASH3,PCRASH4,PCRASH5,ACC_CONFIG,STATE,RACE,ORDER,MULTRACE,CASENUM,HARM_EV,DAY_WEEK,MONTH,MAXSEV_IM,WEATHR_IM,PER_NO_y,BODY_TYP,AGE_IM,SEX_IM,INJSEV_IM,PER_TYP_y,AIR_BAG_y,EJECT_IM,MAKE,VEH_NO_y,DRIMPAIR_y
530309,1,98,96.0,0.0,1.0,0.0,-99.0,53.0,61.0,1.0,20.0,15.0,15.0,1.0,1.0,1.0,3.0,0.0,8.0,0.0,9.0,996.0,0.0,53.0,1.0,1.0,4.0,0.0,1GNEK13Z72J2,2002.0,467.0,1852.0,7.0,20.0,Chevrolet,421.0,15.0,1.0,0.0,0.0,998.0,7.0,3.0,5.0,0.0,6.0,1.0,0.0,0.0,1.0,53.0,98271.0,0.0,0.0,0.0,Not licensed,0.0,999.0,999.0,99.0,99.0,99.0,99.0,Unknown,9999.0,99.0,9999.0,4.0,1.0,2.0,35.0,1.0,2.0,2.0,1.0,0.0,1.0,8.0,99.0,9.0,4.0,102.0,53.0,0.0,1.0,0.0,202305118753.0,12.0,7.0,7.0,1.0,1.0,1.0,15.0,61.0,1.0,0.0,1.0,8.0,0.0,20.0,2.0,0.0
530312,1,98,96.0,102.0,1.0,3034.0,-99.0,53.0,67.0,11.0,72.0,80.0,58.0,1.0,1.0,4.0,20.0,7.0,20.0,8.0,9.0,0.0,7.0,53.0,1.0,11.0,1.0,0.0,1HD1YWZ14PB0,2023.0,3888.0,27262.0,94.0,72.0,Harley-Davidson,706.0,80.0,1.0,0.0,0.0,998.0,7.0,8.0,8.0,12.0,7.0,30.0,0.0,0.0,1.0,53.0,98597.0,1.0,6.0,3.0,Valid license for this class vehicle,0.0,71.0,218.0,0.0,2.0,2.0,1.0,January,2019.0,4.0,2023.0,0.0,1.0,2.0,50.0,1.0,1.0,2.0,1.0,0.0,1.0,87.0,99.0,1.0,1.0,103.0,53.0,1.0,1.0,0.0,202305386485.0,12.0,6.0,9.0,1.0,1.0,1.0,80.0,32.0,1.0,1.0,1.0,20.0,8.0,72.0,2.0,0.0
530318,1,9,96.0,51.0,1.0,1.0,-99.0,53.0,53.0,12.0,24.0,14.0,63.0,1.0,1.0,4.0,3.0,0.0,1.0,0.0,1.0,195.0,7.0,53.0,2.0,12.0,1.0,0.0,5GZCZ63484S8,2004.0,1056.0,4595.0,7.0,24.0,Saturn,401.0,14.0,1.0,0.0,0.0,998.0,8.0,0.0,0.0,12.0,6.0,12.0,0.0,1.0,1.0,53.0,98374.0,1.0,6.0,3.0,Valid license for this class vehicle,0.0,67.0,180.0,0.0,0.0,0.0,7.0,July,2019.0,7.0,2019.0,0.0,1.0,2.0,35.0,1.0,1.0,2.0,1.0,0.0,1.0,54.0,7.0,1.0,2.0,303.0,53.0,1.0,1.0,0.0,202305338341.0,12.0,2.0,8.0,1.0,1.0,1.0,14.0,30.0,1.0,1.0,1.0,8.0,0.0,24.0,2.0,0.0
530325,1,9,96.0,39.0,1.0,2180.0,140.0,53.0,35.0,12.0,72.0,80.0,49.0,1.0,1.0,4.0,20.0,7.0,20.0,8.0,1.0,298.0,7.0,53.0,2.0,12.0,1.0,0.0,1HD1FRW163Y7,2003.0,3888.0,11136.0,81.0,72.0,Harley-Davidson,706.0,80.0,1.0,0.0,0.0,998.0,7.0,8.0,8.0,81.0,6.0,33.0,0.0,1.0,1.0,53.0,98315.0,1.0,6.0,3.0,Valid license for this class vehicle,0.0,66.0,190.0,0.0,1.0,0.0,10.0,October,2022.0,10.0,2022.0,4.0,1.0,2.0,50.0,4.0,1.0,2.0,1.0,21.0,6.0,51.0,99.0,1.0,1.0,207.0,53.0,1.0,1.0,0.0,202305154022.0,12.0,6.0,8.0,2.0,1.0,1.0,80.0,68.0,1.0,2.0,1.0,20.0,8.0,72.0,2.0,0.0
530345,1,98,96.0,0.0,1.0,3026.0,-99.0,53.0,53.0,12.0,63.0,4.0,19.0,2.0,1.0,4.0,3.0,0.0,8.0,0.0,9.0,0.0,6.0,53.0,2.0,12.0,7.0,0.0,3KPF24AD0ME3,2021.0,499.0,2462.0,13.0,63.0,KIA,38.0,4.0,1.0,0.0,0.0,998.0,8.0,3.0,5.0,3.0,6.0,12.0,0.0,0.0,1.0,4.0,85020.0,1.0,6.0,3.0,Valid license for this class vehicle,0.0,65.0,135.0,0.0,0.0,0.0,2.0,February,2023.0,2.0,2023.0,0.0,1.0,6.0,25.0,1.0,1.0,2.0,1.0,3.0,1.0,17.0,99.0,1.0,1.0,502.0,53.0,1.0,1.0,0.0,202304674116.0,12.0,6.0,1.0,1.0,1.0,1.0,4.0,38.0,1.0,1.0,1.0,20.0,0.0,63.0,2.0,98.0
530352,2,0,96.0,0.0,1.0,3026.0,-99.0,53.0,25.0,12.0,20.0,4.0,78.0,1.0,1.0,4.0,99.0,7.0,8.0,0.0,9.0,30.0,1.0,53.0,2.0,12.0,3.0,0.0,1G1ND52F14M5,2004.0,467.0,17528.0,13.0,20.0,Chevrolet,37.0,4.0,1.0,0.0,0.0,998.0,8.0,0.0,0.0,12.0,6.0,12.0,0.0,1.0,1.0,53.0,99357.0,1.0,6.0,3.0,Valid license for this class vehicle,3.0,61.0,145.0,0.0,0.0,0.0,0.0,No Record,0.0,0.0,0.0,0.0,1.0,2.0,60.0,1.0,1.0,2.0,1.0,0.0,1.0,62.0,99.0,1.0,1.0,302.0,53.0,98.0,1.0,0.0,202304759951.0,12.0,6.0,2.0,0.0,10.0,1.0,4.0,46.0,1.0,0.0,1.0,20.0,0.0,20.0,1.0,0.0
530356,1,98,15.0,58.0,1.0,0.0,-99.0,53.0,77.0,35.0,20.0,15.0,20.0,1.0,1.0,1.0,3.0,0.0,20.0,0.0,0.0,996.0,0.0,53.0,1.0,35.0,3.0,0.0,1GNEK13Z32J2,2002.0,467.0,1852.0,7.0,20.0,Chevrolet,421.0,15.0,1.0,0.0,0.0,998.0,7.0,3.0,5.0,61.0,6.0,1.0,0.0,0.0,1.0,53.0,98935.0,0.0,0.0,0.0,Not licensed,0.0,70.0,179.0,0.0,0.0,0.0,0.0,No Record,0.0,0.0,0.0,0.0,1.0,2.0,50.0,1.0,1.0,2.0,1.0,0.0,1.0,13.0,6.0,4.0,4.0,101.0,53.0,0.0,1.0,0.0,202305168082.0,35.0,1.0,7.0,4.0,1.0,1.0,15.0,20.0,2.0,1.0,1.0,20.0,0.0,20.0,1.0,98.0
530359,1,98,96.0,102.0,1.0,1.0,-99.0,53.0,63.0,12.0,7.0,20.0,43.0,1.0,1.0,1.0,3.0,0.0,20.0,0.0,9.0,0.0,0.0,53.0,2.0,12.0,1.0,0.0,2C4RDGCG2DR5,2013.0,476.0,14832.0,2.0,7.0,Dodge,442.0,20.0,1.0,0.0,0.0,998.0,8.0,0.0,0.0,82.0,6.0,12.0,0.0,0.0,1.0,53.0,99205.0,1.0,6.0,3.0,Valid license for this class vehicle,3.0,72.0,298.0,0.0,0.0,0.0,0.0,No Record,0.0,0.0,0.0,0.0,1.0,2.0,60.0,1.0,1.0,2.0,1.0,0.0,6.0,51.0,99.0,1.0,2.0,207.0,53.0,0.0,1.0,0.0,202304734677.0,34.0,5.0,2.0,1.0,12.0,1.0,20.0,43.0,1.0,1.0,1.0,1.0,0.0,7.0,1.0,0.0
530360,1,98,96.0,33.0,1.0,9999.0,-99.0,53.0,75.0,12.0,35.0,4.0,28.0,2.0,1.0,4.0,3.0,0.0,8.0,0.0,9.0,999.0,7.0,53.0,2.0,12.0,1.0,0.0,3N1AB7AP4HL6,2017.0,478.0,1907.0,13.0,35.0,Nissan/Datsun,43.0,4.0,1.0,0.0,0.0,998.0,8.0,0.0,0.0,12.0,6.0,12.0,0.0,0.0,1.0,16.0,83843.0,1.0,6.0,3.0,Valid license for this class vehicle,3.0,68.0,250.0,0.0,1.0,0.0,1.0,January,2022.0,1.0,2022.0,0.0,1.0,2.0,60.0,3.0,2.0,2.0,1.0,0.0,6.0,10.0,99.0,1.0,2.0,301.0,53.0,1.0,1.0,0.0,202305201636.0,12.0,3.0,8.0,0.0,1.0,1.0,4.0,74.0,2.0,0.0,1.0,20.0,0.0,35.0,1.0,98.0
530363,1,9,96.0,0.0,1.0,3026.0,-99.0,53.0,77.0,12.0,49.0,4.0,34.0,1.0,1.0,4.0,3.0,0.0,8.0,0.0,1.0,264.0,1.0,53.0,2.0,12.0,1.0,0.0,2T1BURHE6JC0,2018.0,448.0,2208.0,13.0,49.0,Toyota,32.0,4.0,1.0,0.0,0.0,998.0,8.0,0.0,0.0,12.0,6.0,12.0,0.0,1.0,1.0,53.0,98903.0,1.0,2.0,2.0,No valid license for this class vehicle,3.0,68.0,180.0,0.0,0.0,0.0,0.0,No Record,0.0,0.0,0.0,4.0,3.0,2.0,55.0,1.0,1.0,2.0,1.0,0.0,1.0,51.0,99.0,1.0,1.0,202.0,53.0,98.0,1.0,0.0,202304914780.0,12.0,6.0,3.0,1.0,1.0,1.0,4.0,67.0,2.0,0.0,1.0,20.0,0.0,49.0,2.0,0.0
530379,1,98,96.0,58.0,1.0,3026.0,-99.0,53.0,73.0,42.0,35.0,14.0,63.0,1.0,1.0,4.0,20.0,7.0,20.0,0.0,9.0,259.0,7.0,53.0,1.0,42.0,1.0,0.0,JN8AR07Y0YW4,2000.0,478.0,1911.0,7.0,35.0,Nissan/Datsun,401.0,14.0,1.0,0.0,0.0,998.0,7.0,0.0,0.0,81.0,6.0,42.0,0.0,1.0,1.0,53.0,98266.0,1.0,6.0,3.0,Valid license for this class vehicle,0.0,68.0,130.0,0.0,0.0,2.0,9.0,September,2020.0,5.0,2022.0,0.0,1.0,2.0,45.0,3.0,1.0,2.0,1.0,0.0,14.0,13.0,6.0,4.0,4.0,102.0,53.0,1.0,1.0,0.0,202305202155.0,12.0,6.0,8.0,3.0,1.0,1.0,14.0,59.0,1.0,2.0,1.0,1.0,0.0,35.0,2.0,0.0
530382,1,98,96.0,58.0,1.0,0.0,-99.0,53.0,63.0,12.0,48.0,4.0,31.0,1.0,1.0,3.0,3.0,0.0,1.0,0.0,0.0,996.0,0.0,53.0,2.0,12.0,1.0,0.0,4S3BMBC69B32,2011.0,523.0,2232.0,13.0,48.0,Subaru,34.0,4.0,1.0,0.0,0.0,998.0,8.0,0.0,0.0,12.0,6.0,12.0,0.0,0.0,1.0,53.0,99003.0,1.0,6.0,3.0,Valid license for this class vehicle,3.0,71.0,228.0,0.0,3.0,0.0,5.0,May,2019.0,12.0,2022.0,3.0,1.0,2.0,98.0,3.0,1.0,2.0,1.0,0.0,14.0,10.0,99.0,1.0,2.0,301.0,53.0,0.0,1.0,0.0,202304964134.0,12.0,4.0,4.0,0.0,1.0,1.0,4.0,19.0,2.0,0.0,1.0,20.0,0.0,48.0,1.0,98.0
530384,1,9,96.0,39.0,1.0,9995.0,-99.0,53.0,77.0,12.0,20.0,34.0,34.0,1.0,1.0,1.0,3.0,0.0,20.0,0.0,8.0,997.0,0.0,53.0,2.0,12.0,1.0,0.0,2GCEK19T5113,2001.0,467.0,1850.0,60.0,20.0,Chevrolet,481.0,34.0,1.0,0.0,0.0,998.0,8.0,3.0,5.0,12.0,6.0,12.0,0.0,0.0,1.0,53.0,98901.0,1.0,6.0,3.0,Valid license for this class vehicle,3.0,67.0,235.0,1.0,1.0,1.0,5.0,May,2019.0,6.0,2022.0,0.0,2.0,8.0,35.0,1.0,1.0,2.0,1.0,20.0,6.0,17.0,99.0,1.0,2.0,503.0,53.0,0.0,1.0,0.0,202305004484.0,12.0,7.0,5.0,3.0,1.0,1.0,34.0,34.0,1.0,1.0,1.0,20.0,0.0,20.0,1.0,9.0
530387,1,98,96.0,38.0,1.0,0.0,-99.0,53.0,33.0,12.0,37.0,15.0,42.0,2.0,1.0,0.0,3.0,0.0,8.0,0.0,0.0,996.0,0.0,53.0,2.0,12.0,3.0,0.0,5FNYF6H2XNB0,2022.0,474.0,1864.0,7.0,37.0,Honda,421.0,15.0,1.0,0.0,0.0,998.0,7.0,0.0,0.0,12.0,6.0,12.0,0.0,0.0,1.0,53.0,98031.0,1.0,6.0,3.0,Valid license for this class vehicle,3.0,63.0,140.0,0.0,0.0,0.0,0.0,No Record,0.0,0.0,0.0,0.0,1.0,5.0,35.0,8.0,8.0,1.0,1.0,3.0,11.0,63.0,1.0,1.0,1.0,401.0,53.0,0.0,1.0,0.0,202304667818.0,12.0,6.0,1.0,0.0,10.0,1.0,15.0,32.0,2.0,0.0,1.0,9.0,0.0,37.0,1.0,0.0
530388,1,98,96.0,48.0,1.0,0.0,-99.0,53.0,15.0,12.0,49.0,5.0,34.0,2.0,1.0,0.0,3.0,0.0,20.0,0.0,0.0,996.0,0.0,53.0,2.0,12.0,1.0,0.0,JTDKN3DU9A02,2010.0,448.0,2209.0,5.0,49.0,Toyota,46.0,5.0,1.0,0.0,0.0,998.0,7.0,0.0,0.0,62.0,7.0,12.0,0.0,0.0,1.0,41.0,97306.0,7.0,6.0,3.0,Valid license for this class vehicle,0.0,57.0,95.0,0.0,0.0,0.0,0.0,No Record,0.0,0.0,0.0,0.0,1.0,2.0,55.0,3.0,1.0,2.0,1.0,0.0,12.0,21.0,99.0,1.0,2.0,998.0,53.0,0.0,1.0,0.0,202304866403.0,12.0,3.0,4.0,2.0,1.0,1.0,5.0,18.0,1.0,0.0,1.0,20.0,0.0,49.0,1.0,98.0
530399,1,9,96.0,0.0,1.0,5997.0,-99.0,53.0,47.0,38.0,49.0,4.0,19.0,1.0,1.0,3.0,3.0,0.0,20.0,0.0,1.0,27.0,0.0,53.0,1.0,38.0,4.0,0.0,4T1BB46K99U0,2009.0,448.0,2469.0,13.0,49.0,Toyota,40.0,4.0,1.0,0.0,0.0,998.0,7.0,3.0,5.0,12.0,6.0,1.0,0.0,1.0,1.0,53.0,98844.0,2.0,6.0,3.0,Valid license for this class vehicle,0.0,70.0,125.0,0.0,0.0,0.0,0.0,No Record,0.0,0.0,0.0,0.0,1.0,2.0,50.0,3.0,2.0,1.0,1.0,40.0,14.0,13.0,6.0,9.0,4.0,102.0,53.0,0.0,1.0,0.0,202305017351.0,12.0,4.0,5.0,1.0,1.0,1.0,4.0,26.0,1.0,0.0,1.0,20.0,0.0,49.0,1.0,0.0
530400,1,9,96.0,38.0,1.0,0.0,-99.0,53.0,63.0,12.0,12.0,14.0,45.0,1.0,1.0,0.0,99.0,7.0,20.0,0.0,8.0,996.0,0.0,53.0,3.0,12.0,1.0,0.0,1FM5K8F85DGA,2013.0,460.0,1800.0,7.0,12.0,Ford,401.0,14.0,1.0,0.0,0.0,998.0,8.0,0.0,0.0,12.0,7.0,12.0,0.0,0.0,1.0,53.0,99203.0,1.0,6.0,3.0,Valid license for this class vehicle,3.0,75.0,195.0,0.0,0.0,0.0,0.0,No Record,0.0,0.0,0.0,0.0,0.0,0.0,0.0,0.0,0.0,0.0,0.0,0.0,16.0,19.0,99.0,1.0,1.0,501.0,53.0,0.0,1.0,0.0,202304955775.0,12.0,2.0,5.0,0.0,10.0,1.0,14.0,47.0,2.0,0.0,1.0,20.0,0.0,12.0,2.0,0.0
530400,2,0,96.0,0.0,1.0,3026.0,-99.0,53.0,63.0,12.0,52.0,4.0,44.0,1.0,1.0,4.0,99.0,7.0,8.0,0.0,9.0,0.0,7.0,53.0,3.0,12.0,2.0,0.0,JA3AJ66F84U0,2004.0,481.0,2164.0,13.0,52.0,Mitsubishi,46.0,4.0,1.0,0.0,0.0,998.0,8.0,0.0,0.0,81.0,6.0,12.0,0.0,0.0,1.0,53.0,99217.0,0.0,0.0,0.0,Not licensed,0.0,69.0,180.0,0.0,0.0,0.0,0.0,No Record,0.0,0.0,0.0,0.0,1.0,4.0,35.0,1.0,1.0,2.0,1.0,0.0,1.0,68.0,99.0,1.0,1.0,502.0,53.0,1.0,1.0,0.0,202305290680.0,12.0,6.0,10.0,3.0,1.0,1.0,4.0,22.0,1.0,0.0,1.0,20.0,0.0,52.0,1.0,98.0
530409,1,9,96.0,51.0,1.0,3034.0,-99.0,53.0,65.0,12.0,49.0,4.0,27.0,1.0,1.0,4.0,3.0,0.0,8.0,0.0,1.0,186.0,7.0,53.0,2.0,12.0,1.0,0.0,JTNBE46K1730,2007.0,448.0,2469.0,13.0,49.0,Toyota,40.0,4.0,1.0,0.0,0.0,998.0,8.0,0.0,0.0,12.0,6.0,12.0,0.0,1.0,1.0,53.0,99141.0,1.0,6.0,3.0,Valid license for this class vehicle,0.0,72.0,190.0,0.0,0.0,0.0,0.0,No Record,0.0,0.0,0.0,3.0,1.0,2.0,60.0,1.0,1.0,2.0,1.0,0.0,1.0,54.0,99.0,1.0,2.0,303.0,53.0,1.0,1.0,0.0,202304759321.0,8.0,2.0,2.0,1.0,1.0,1.0,4.0,62.0,1.0,1.0,1.0,20.0,0.0,49.0,1.0,0.0
530424,1,98,96.0,33.0,1.0,3026.0,-99.0,53.0,77.0,42.0,20.0,34.0,58.0,1.0,1.0,4.0,3.0,0.0,1.0,0.0,0.0,0.0,7.0,53.0,1.0,42.0,2.0,0.0,1GCEC14008Z2,2008.0,467.0,1850.0,60.0,20.0,Chevrolet,481.0,34.0,1.0,0.0,0.0,998.0,7.0,3.0,5.0,12.0,6.0,42.0,0.0,0.0,1.0,53.0,98683.0,1.0,6.0,3.0,Valid license for this class vehicle,3.0,67.0,170.0,0.0,0.0,0.0,0.0,No Record,0.0,0.0,0.0,0.0,1.0,2.0,55.0,1.0,1.0,2.0,1.0,0.0,6.0,9.0,99.0,9.0,4.0,101.0,53.0,1.0,1.0,0.0,202305214718.0,42.0,2.0,8.0,4.0,10.0,1.0,34.0,58.0,1.0,4.0,1.0,1.0,0.0,20.0,1.0,98.0
530432,1,98,96.0,26.0,1.0,9995.0,-99.0,53.0,53.0,12.0,49.0,4.0,87.0,1.0,1.0,4.0,3.0,0.0,8.0,0.0,0.0,995.0,7.0,53.0,4.0,12.0,1.0,0.0,4T1G11AK5LU9,2020.0,448.0,2469.0,13.0,49.0,Toyota,40.0,4.0,1.0,0.0,0.0,998.0,8.0,0.0,0.0,12.0,6.0,12.0,0.0,0.0,1.0,53.0,98387.0,1.0,6.0,3.0,Valid license for this class vehicle,3.0,71.0,175.0,0.0,0.0,0.0,0.0,No Record,0.0,0.0,0.0,4.0,1.0,2.0,55.0,1.0,1.0,2.0,1.0,0.0,1.0,52.0,1.0,1.0,1.0,202.0,53.0,1.0,1.0,0.0,202305486413.0,12.0,2.0,12.0,1.0,1.0,1.0,4.0,66.0,2.0,1.0,1.0,20.0,0.0,49.0,1.0,98.0
530435,1,9,96.0,0.0,1.0,9995.0,-99.0,53.0,33.0,42.0,35.0,4.0,18.0,1.0,1.0,3.0,20.0,7.0,8.0,0.0,1.0,997.0,0.0,53.0,1.0,42.0,2.0,0.0,1N4AL21E77N4,2007.0,478.0,1904.0,13.0,35.0,Nissan/Datsun,47.0,4.0,1.0,0.0,0.0,998.0,7.0,0.0,0.0,12.0,6.0,42.0,0.0,1.0,1.0,53.0,98405.0,0.0,0.0,0.0,Not licensed,0.0,70.0,160.0,0.0,0.0,0.0,0.0,No Record,0.0,0.0,0.0,4.0,1.0,2.0,30.0,1.0,1.0,2.0,1.0,0.0,1.0,13.0,99.0,1.0,4.0,101.0,53.0,0.0,1.0,0.0,202304821206.0,12.0,6.0,2.0,0.0,1.0,1.0,4.0,34.0,2.0,0.0,1.0,20.0,0.0,35.0,2.0,0.0
530444,1,98,96.0,102.0,1.0,3026.0,-99.0,53.0,33.0,12.0,12.0,2.0,35.0,1.0,1.0,4.0,20.0,7.0,8.0,0.0,8.0,86.0,7.0,53.0,3.0,12.0,1.0,0.0,1FA6P8CF7G52,2016.0,460.0,1781.0,3.0,12.0,Ford,3.0,2.0,1.0,0.0,0.0,998.0,8.0,0.0,0.0,61.0,6.0,12.0,0.0,1.0,1.0,53.0,98023.0,1.0,6.0,3.0,Valid license for this class vehicle,0.0,72.0,175.0,0.0,0.0,2.0,5.0,May,2021.0,11.0,2021.0,0.0,1.0,2.0,98.0,1.0,8.0,2.0,2.0,0.0,1.0,10.0,99.0,1.0,6.0,301.0,53.0,1.0,1.0,0.0,202304915451.0,12.0,2.0,4.0,3.0,1.0,1.0,2.0,27.0,2.0,1.0,1.0,20.0,0.0,12.0,3.0,0.0
530446,1,98,92.0,0.0,1.0,3026.0,-99.0,53.0,45.0,24.0,20.0,34.0,22.0,1.0,1.0,4.0,3.0,0.0,8.0,0.0,9.0,72.0,7.0,53.0,1.0,24.0,2.0,0.0,1GCHK29112E2,2002.0,467.0,1850.0,60.0,20.0,Chevrolet,481.0,34.0,1.0,0.0,0.0,998.0,7.0,3.0,5.0,82.0,6.0,1.0,0.0,1.0,1.0,6.0,96007.0,0.0,0.0,0.0,Not licensed,0.0,70.0,220.0,0.0,0.0,0.0,0.0,No Record,0.0,0.0,0.0,0.0,1.0,2.0,45.0,3.0,2.0,2.0,1.0,0.0,14.0,13.0,99.0,1.0,4.0,101.0,53.0,1.0,1.0,0.0,202305240959.0,12.0,6.0,9.0,1.0,1.0,1.0,34.0,20.0,1.0,1.0,1.0,20.0,0.0,20.0,2.0,0.0
530452,1,98,96.0,38.0,1.0,0.0,-99.0,53.0,45.0,12.0,20.0,4.0,85.0,2.0,1.0,2.0,3.0,0.0,8.0,0.0,0.0,996.0,0.0,53.0,2.0,12.0,2.0,0.0,1G1BE5SMXK71,2019.0,467.0,1832.0,13.0,20.0,Chevrolet,25.0,4.0,1.0,0.0,0.0,998.0,8.0,0.0,0.0,12.0,7.0,12.0,0.0,0.0,1.0,53.0,98357.0,1.0,6.0,3.0,Valid license for this class vehicle,3.0,62.0,135.0,0.0,0.0,0.0,0.0,No Record,0.0,0.0,0.0,0.0,1.0,2.0,50.0,1.0,3.0,2.0,1.0,0.0,1.0,10.0,6.0,1.0,2.0,301.0,53.0,0.0,1.0,0.0,202304973138.0,12.0,6.0,5.0,0.0,2.0,1.0,4.0,22.0,1.0,0.0,1.0,20.0,0.0,20.0,2.0,0.0
530458,1,98,96.0,58.0,1.0,3026.0,-99.0,53.0,45.0,12.0,35.0,20.0,25.0,1.0,1.0,4.0,3.0,0.0,8.0,1.0,0.0,0.0,7.0,53.0,2.0,12.0,1.0,0.0,3N6CM0KN5KK7,2019.0,478.0,1918.0,95.0,35.0,Nissan/Datsun,446.0,20.0,1.0,0.0,0.0,998.0,8.0,0.0,0.0,61.0,6.0,12.0,0.0,0.0,1.0,53.0,98362.0,1.0,6.0,3.0,Valid license for this class vehicle,0.0,72.0,148.0,0.0,1.0,0.0,3.0,March,2019.0,7.0,2020.0,0.0,1.0,2.0,50.0,2.0,2.0,2.0,1.0,0.0,14.0,10.0,99.0,1.0,2.0,301.0,53.0,1.0,1.0,1.0,202305501041.0,12.0,4.0,10.0,0.0,1.0,1.0,20.0,38.0,1.0,0.0,1.0,20.0,0.0,35.0,2.0,0.0
530461,1,9,96.0,28.0,1.0,0.0,-99.0,53.0,61.0,12.0,55.0,4.0,59.0,2.0,1.0,3.0,99.0,7.0,8.0,0.0,1.0,170.0,0.0,53.0,2.0,12.0,2.0,0.0,3KPC24A67LE1,2020.0,498.0,2773.0,13.0,55.0,Hyundai,36.0,4.0,1.0,0.0,0.0,998.0,8.0,0.0,0.0,12.0,6.0,12.0,0.0,1.0,1.0,53.0,98258.0,1.0,6.0,3.0,Valid license for this class vehicle,3.0,64.0,130.0,0.0,0.0,0.0,0.0,No Record,0.0,0.0,0.0,0.0,1.0,2.0,30.0,3.0,1.0,1.0,1.0,0.0,14.0,10.0,99.0,1.0,2.0,301.0,53.0,0.0,1.0,0.0,202304772471.0,12.0,4.0,2.0,0.0,1.0,1.0,4.0,23.0,2.0,0.0,1.0,20.0,0.0,55.0,2.0,0.0
530470,1,98,96.0,28.0,1.0,3026.0,-99.0,53.0,77.0,12.0,18.0,2.0,55.0,1.0,1.0,4.0,2.0,0.0,20.0,0.0,9.0,171.0,7.0,53.0,2.0,12.0,1.0,0.0,7J1078619,1963.0,468.0,9069.0,13.0,18.0,Buick / Opel,5.0,2.0,1.0,0.0,0.0,998.0,8.0,0.0,0.0,12.0,6.0,12.0,0.0,1.0,1.0,53.0,98908.0,1.0,6.0,3.0,Valid license for this class vehicle,1.0,72.0,180.0,0.0,2.0,0.0,6.0,June,2019.0,6.0,2021.0,4.0,1.0,2.0,50.0,3.0,2.0,2.0,1.0,0.0,14.0,10.0,99.0,1.0,2.0,301.0,53.0,1.0,1.0,0.0,202305253305.0,12.0,7.0,9.0,4.0,1.0,1.0,2.0,55.0,1.0,4.0,1.0,20.0,0.0,18.0,1.0,98.0
530472,2,0,96.0,0.0,1.0,0.0,-99.0,53.0,71.0,32.0,12.0,34.0,70.0,1.0,1.0,0.0,2.0,0.0,20.0,0.0,0.0,996.0,0.0,53.0,2.0,32.0,3.0,0.0,1FT7W2BT3FEC,2015.0,460.0,1805.0,60.0,12.0,Ford,481.0,34.0,1.0,0.0,0.0,998.0,7.0,0.0,0.0,81.0,7.0,54.0,0.0,0.0,1.0,53.0,99350.0,1.0,6.0,3.0,Valid license for this class vehicle,0.0,72.0,290.0,0.0,0.0,0.0,0.0,No Record,0.0,0.0,0.0,0.0,2.0,2.0,65.0,1.0,1.0,2.0,1.0,0.0,1.0,98.0,99.0,1.0,1.0,998.0,53.0,0.0,1.0,0.0,202305124523.0,12.0,5.0,5.0,0.0,2.0,1.0,34.0,54.0,1.0,0.0,1.0,20.0,0.0,12.0,1.0,0.0
530479,1,98,96.0,0.0,1.0,3026.0,-99.0,53.0,33.0,30.0,37.0,4.0,28.0,1.0,1.0,4.0,20.0,7.0,1.0,9.0,9.0,0.0,7.0,53.0,1.0,30.0,1.0,0.0,2HGFC2F55GH5,2016.0,474.0,1863.0,13.0,37.0,Honda,31.0,4.0,1.0,0.0,0.0,998.0,7.0,0.0,0.0,12.0,6.0,30.0,0.0,0.0,1.0,53.0,98118.0,1.0,6.0,3.0,Valid license for this class vehicle,0.0,74.0,200.0,0.0,1.0,3.0,12.0,December,2019.0,7.0,2023.0,0.0,1.0,4.0,30.0,3.0,2.0,1.0,1.0,3.0,14.0,9.0,99.0,1.0,4.0,101.0,53.0,2.0,1.0,0.0,202305160169.0,12.0,6.0,7.0,0.0,1.0,1.0,4.0,27.0,1.0,0.0,1.0,1.0,0.0,37.0,1.0,0.0
530481,1,98,92.0,0.0,1.0,9999.0,-99.0,53.0,37.0,1.0,20.0,34.0,22.0,1.0,1.0,4.0,99.0,7.0,20.0,1.0,9.0,999.0,7.0,53.0,1.0,1.0,1.0,0.0,1GCHK23D87F1,2007.0,467.0,1850.0,60.0,20.0,Chevrolet,481.0,34.0,1.0,0.0,0.0,998.0,7.0,3.0,1.0,0.0,6.0,1.0,0.0,0.0,1.0,53.0,98926.0,1.0,6.0,3.0,Valid license for this class vehicle,0.0,65.0,135.0,0.0,2.0,1.0,12.0,December,2020.0,3.0,2022.0,0.0,1.0,2.0,50.0,1.0,1.0,2.0,1.0,0.0,1.0,12.0,7.0,3.0,6.0,998.0,53.0,1.0,1.0,0.0,202304702255.0,53.0,3.0,1.0,3.0,1.0,1.0,34.0,46.0,1.0,3.0,1.0,20.0,2.0,20.0,1.0,9.0