ST_CASE,VEH_NO_x,DRIMPAIR_x,DRDISTRACT,DRIVERRF,PER_NO_x,DRUGRES,DRUGACTQTY,STATE_x,COUNTY,HARM_EV_x,MAKE_x,BODY_TYP_x,AGE,SEX,PER_TYP_x,INJ_SEV,REST_USE,REST_MIS,AIR_BAG_x,EJECTION,DRINKING,ALC_RES,HISPANIC,STATE_y,VE_FORMS,HARM_EV_y,NUMOCCS,HIT_RUN,VIN,MOD_YEAR,VPICMAKE,VPICMODEL,VPICBODYCLASS,MAKE_y,MAKENAME,MODEL,BODY_TYP_y,HAZ_INV,HAZ_PLAC,HAZ_ID,TRAV_SP,UNDEROVERRIDE,ROLLOVER,ROLINLOC,IMPACT1,DEFORMED,M_HARM,FIRE_EXP,DR_DRINK,DR_PRES,L_STATE,DR_ZIP,L_TYPE,L_STATUS,L_COMPL,L_COMPLNAME,L_RESTRI,DR_HGT,DR_WGT,PREV_DWI,PREV_SPD,PREV_OTH,FIRST_MO,FIRST_MONAME,FIRST_YR,LAST_MO,LAST_YR,SPEEDREL,VTRAFWAY,VNUM_LAN,VSPD_LIM,VALIGN,VPROFILE,VPAVETYP,VSURCOND,VTRAFCON,P_CRASH1,P_CRASH2,P_CRASH3,PCRASH4,PCRASH5,ACC_CONFIG,STATE,RACE,ORDER,MULTRACE,CASENUM,HARM_EV,DAY_WEEK,MONTH,MAXSEV_IM,WEATHR_IM,PER_NO_y,BODY_TYP,AGE_IM,SEX_IM,INJSEV_IM,PER_TYP_y,AIR_BAG_y,EJECT_IM,MAKE,VEH_NO_y,DRIMPAIR_y
530482,1,98,96.0,0.0,1.0,3026.0,-99.0,53.0,11.0,30.0,49.0,14.0,25.0,2.0,1.0,4.0,20.0,7.0,8.0,1.0,9.0,113.0,7.0,53.0,1.0,30.0,1.0,0.0,5TDDK3EH0CS1,2012.0,448.0,2213.0,7.0,49.0,Toyota,403.0,14.0,1.0,0.0,0.0,998.0,7.0,3.0,5.0,12.0,6.0,30.0,0.0,1.0,1.0,41.0,97206.0,1.0,6.0,3.0,Valid license for this class vehicle,0.0,66.0,158.0,0.0,0.0,0.0,0.0,No Record,0.0,0.0,0.0,0.0,3.0,2.0,60.0,1.0,8.0,2.0,1.0,0.0,1.0,13.0,99.0,1.0,4.0,101.0,53.0,1.0,1.0,0.0,202305327007.0,12.0,7.0,8.0,1.0,10.0,1.0,14.0,76.0,2.0,0.0,1.0,20.0,0.0,49.0,2.0,0.0
530491,1,98,96.0,102.0,1.0,9995.0,-99.0,53.0,53.0,1.0,73.0,80.0,34.0,1.0,1.0,4.0,20.0,7.0,20.0,8.0,8.0,995.0,7.0,53.0,2.0,1.0,1.0,0.0,ML5EXER15PDA,2023.0,510.0,3391.0,80.0,73.0,Kawasaki,705.0,80.0,1.0,0.0,0.0,998.0,7.0,8.0,8.0,0.0,6.0,12.0,0.0,0.0,1.0,53.0,98328.0,1.0,6.0,3.0,Valid license for this class vehicle,0.0,71.0,180.0,0.0,0.0,1.0,4.0,April,2021.0,11.0,2021.0,0.0,5.0,5.0,35.0,1.0,1.0,2.0,1.0,0.0,1.0,9.0,99.0,2.0,3.0,998.0,53.0,1.0,1.0,0.0,202305227447.0,5.0,4.0,5.0,2.0,1.0,1.0,80.0,27.0,1.0,2.0,1.0,20.0,8.0,73.0,1.0,98.0
530494,1,98,96.0,38.0,1.0,9995.0,-99.0,53.0,3.0,12.0,37.0,4.0,90.0,2.0,1.0,0.0,3.0,0.0,20.0,0.0,1.0,27.0,0.0,53.0,2.0,12.0,1.0,0.0,1HGCP26879A0,2009.0,474.0,1861.0,13.0,37.0,Honda,32.0,4.0,1.0,0.0,0.0,998.0,7.0,0.0,0.0,82.0,6.0,12.0,0.0,1.0,1.0,53.0,99403.0,1.0,6.0,3.0,Valid license for this class vehicle,0.0,64.0,160.0,0.0,0.0,1.0,8.0,August,2020.0,8.0,2020.0,0.0,1.0,2.0,55.0,1.0,1.0,2.0,1.0,0.0,11.0,15.0,99.0,1.0,1.0,401.0,53.0,0.0,1.0,0.0,202304960548.0,12.0,1.0,5.0,4.0,10.0,1.0,4.0,47.0,2.0,4.0,1.0,20.0,0.0,37.0,1.0,98.0
530503,1,98,92.0,0.0,1.0,3026.0,-99.0,53.0,7.0,1.0,72.0,80.0,30.0,2.0,1.0,4.0,20.0,7.0,20.0,8.0,9.0,0.0,7.0,53.0,2.0,1.0,1.0,0.0,1HD4LE214KC4,2019.0,3888.0,12593.0,94.0,72.0,Harley-Davidson,706.0,80.0,1.0,0.0,0.0,998.0,7.0,8.0,8.0,0.0,6.0,12.0,0.0,0.0,1.0,53.0,98260.0,1.0,6.0,3.0,Valid license for this class vehicle,3.0,64.0,210.0,0.0,0.0,0.0,0.0,No Record,0.0,0.0,0.0,0.0,1.0,2.0,50.0,2.0,1.0,2.0,1.0,0.0,14.0,9.0,99.0,5.0,2.0,998.0,53.0,1.0,1.0,0.0,202305647384.0,12.0,1.0,12.0,1.0,1.0,1.0,80.0,23.0,1.0,1.0,1.0,20.0,8.0,72.0,2.0,0.0
530517,1,9,96.0,0.0,1.0,9995.0,-99.0,53.0,63.0,12.0,37.0,4.0,23.0,1.0,1.0,0.0,3.0,0.0,1.0,0.0,1.0,120.0,0.0,53.0,2.0,12.0,1.0,0.0,1HGCG165X2A0,2002.0,474.0,1861.0,13.0,37.0,Honda,32.0,4.0,1.0,0.0,0.0,998.0,8.0,0.0,0.0,12.0,6.0,12.0,0.0,1.0,1.0,53.0,99202.0,1.0,6.0,3.0,Valid license for this class vehicle,0.0,69.0,160.0,0.0,0.0,0.0,0.0,No Record,0.0,0.0,0.0,4.0,3.0,2.0,70.0,1.0,1.0,2.0,1.0,0.0,15.0,51.0,99.0,1.0,2.0,202.0,53.0,0.0,1.0,0.0,202305526917.0,12.0,6.0,12.0,1.0,1.0,1.0,4.0,18.0,2.0,1.0,1.0,20.0,0.0,37.0,2.0,0.0
530518,1,9,96.0,0.0,1.0,3026.0,-99.0,53.0,33.0,42.0,29.0,4.0,26.0,1.0,1.0,4.0,3.0,0.0,8.0,0.0,1.0,164.0,7.0,53.0,1.0,42.0,1.0,0.0,5YJ3E1EB9LF6,2020.0,441.0,17834.0,13.0,29.0,Other Domestic Manufacturers,5.0,4.0,1.0,0.0,0.0,998.0,7.0,0.0,0.0,61.0,6.0,42.0,0.0,1.0,1.0,53.0,98058.0,1.0,6.0,3.0,Valid license for this class vehicle,0.0,75.0,185.0,0.0,0.0,0.0,0.0,No Record,0.0,0.0,0.0,4.0,1.0,2.0,40.0,2.0,1.0,7.0,1.0,0.0,14.0,12.0,7.0,3.0,4.0,102.0,53.0,1.0,1.0,0.0,202305022781.0,12.0,3.0,5.0,0.0,1.0,1.0,4.0,32.0,1.0,0.0,1.0,20.0,0.0,29.0,1.0,99.0
530523,2,98,96.0,0.0,1.0,3026.0,-99.0,53.0,61.0,12.0,49.0,4.0,74.0,2.0,1.0,4.0,3.0,0.0,1.0,0.0,8.0,0.0,7.0,53.0,2.0,12.0,1.0,0.0,1NXBR32E15Z4,2005.0,448.0,2208.0,13.0,49.0,Toyota,32.0,4.0,1.0,0.0,0.0,998.0,8.0,0.0,0.0,9.0,6.0,12.0,0.0,0.0,1.0,53.0,98125.0,1.0,6.0,3.0,Valid license for this class vehicle,3.0,68.0,185.0,0.0,0.0,0.0,0.0,No Record,0.0,0.0,0.0,0.0,0.0,0.0,0.0,0.0,0.0,0.0,0.0,0.0,11.0,66.0,99.0,1.0,1.0,414.0,53.0,1.0,1.0,0.0,202304709345.0,12.0,7.0,1.0,3.0,12.0,1.0,4.0,37.0,1.0,3.0,1.0,8.0,0.0,49.0,2.0,0.0
530525,1,0,96.0,0.0,1.0,9995.0,-99.0,53.0,5.0,12.0,37.0,5.0,21.0,2.0,1.0,3.0,3.0,0.0,8.0,0.0,8.0,995.0,0.0,53.0,2.0,12.0,2.0,0.0,SHHFK7H62KU4,2019.0,474.0,1863.0,5.0,37.0,Honda,31.0,5.0,1.0,0.0,0.0,998.0,8.0,0.0,0.0,81.0,6.0,12.0,0.0,0.0,1.0,53.0,99336.0,1.0,6.0,3.0,Valid license for this class vehicle,0.0,62.0,87.0,0.0,0.0,0.0,0.0,No Record,0.0,0.0,0.0,0.0,5.0,5.0,40.0,1.0,1.0,2.0,1.0,0.0,11.0,63.0,99.0,1.0,1.0,401.0,53.0,0.0,1.0,0.0,202304967142.0,12.0,2.0,4.0,0.0,1.0,1.0,5.0,27.0,2.0,0.0,1.0,20.0,0.0,37.0,2.0,98.0
530533,1,98,96.0,51.0,1.0,9995.0,-99.0,53.0,67.0,12.0,49.0,14.0,77.0,1.0,1.0,4.0,3.0,0.0,1.0,0.0,8.0,995.0,7.0,53.0,2.0,12.0,1.0,0.0,JT3HP10V2X71,1999.0,448.0,2217.0,7.0,49.0,Toyota,402.0,14.0,1.0,0.0,0.0,998.0,8.0,0.0,0.0,12.0,6.0,12.0,0.0,0.0,1.0,53.0,98103.0,1.0,6.0,3.0,Valid license for this class vehicle,0.0,68.0,160.0,0.0,1.0,0.0,8.0,August,2022.0,8.0,2022.0,0.0,2.0,2.0,35.0,2.0,1.0,2.0,2.0,0.0,14.0,54.0,1.0,1.0,1.0,303.0,53.0,1.0,1.0,0.0,202305101729.0,12.0,5.0,6.0,0.0,1.0,1.0,14.0,35.0,1.0,0.0,1.0,20.0,0.0,49.0,1.0,9.0
530534,1,98,92.0,0.0,1.0,3022.0,810.0,53.0,33.0,33.0,55.0,4.0,31.0,1.0,1.0,3.0,99.0,7.0,9.0,0.0,8.0,128.0,0.0,53.0,1.0,33.0,2.0,0.0,5NPDH4AE4DH2,2013.0,498.0,2735.0,13.0,55.0,Hyundai,35.0,4.0,1.0,0.0,0.0,998.0,7.0,3.0,6.0,14.0,6.0,1.0,0.0,1.0,1.0,53.0,98168.0,0.0,0.0,0.0,Not licensed,0.0,999.0,999.0,99.0,99.0,99.0,99.0,Unknown,9999.0,99.0,9999.0,0.0,1.0,2.0,25.0,3.0,8.0,2.0,1.0,0.0,14.0,13.0,99.0,1.0,4.0,101.0,53.0,0.0,1.0,0.0,202305305153.0,9.0,5.0,8.0,0.0,2.0,1.0,4.0,66.0,2.0,0.0,1.0,20.0,0.0,55.0,1.0,0.0
530537,1,98,92.0,73.0,1.0,0.0,-99.0,53.0,5.0,1.0,49.0,4.0,16.0,2.0,1.0,2.0,3.0,0.0,1.0,0.0,0.0,996.0,0.0,53.0,1.0,1.0,6.0,0.0,4T1BK3EK6BU6,2011.0,448.0,2469.0,13.0,49.0,Toyota,40.0,4.0,1.0,0.0,0.0,998.0,7.0,3.0,5.0,0.0,6.0,1.0,0.0,0.0,1.0,53.0,99301.0,2.0,6.0,3.0,Valid license for this class vehicle,2.0,64.0,123.0,0.0,0.0,0.0,0.0,No Record,0.0,0.0,0.0,3.0,1.0,2.0,50.0,2.0,3.0,2.0,1.0,0.0,14.0,12.0,1.0,1.0,4.0,102.0,53.0,0.0,1.0,0.0,202305699044.0,8.0,6.0,12.0,2.0,1.0,1.0,4.0,95.0,1.0,0.0,1.0,20.0,0.0,49.0,1.0,0.0
530542,1,98,96.0,58.0,1.0,3026.0,-99.0,53.0,39.0,24.0,73.0,80.0,53.0,1.0,1.0,4.0,20.0,7.0,20.0,8.0,9.0,182.0,7.0,53.0,1.0,24.0,1.0,0.0,JKAVN2B168A0,2008.0,510.0,3202.0,82.0,73.0,Kawasaki,706.0,80.0,1.0,0.0,0.0,998.0,7.0,8.0,8.0,81.0,6.0,17.0,0.0,1.0,1.0,41.0,97850.0,1.0,6.0,3.0,Valid license for this class vehicle,0.0,73.0,235.0,0.0,0.0,0.0,0.0,No Record,0.0,0.0,0.0,4.0,1.0,2.0,60.0,3.0,1.0,2.0,1.0,8.0,14.0,13.0,99.0,1.0,4.0,101.0,53.0,1.0,1.0,0.0,202305333633.0,24.0,6.0,10.0,4.0,1.0,1.0,80.0,53.0,1.0,4.0,1.0,20.0,8.0,73.0,1.0,98.0
530558,1,9,96.0,51.0,1.0,0.0,-99.0,53.0,53.0,12.0,37.0,4.0,54.0,2.0,1.0,2.0,3.0,0.0,1.0,0.0,1.0,130.0,0.0,53.0,2.0,12.0,1.0,0.0,19XFB2F54EE2,2014.0,474.0,1863.0,13.0,37.0,Honda,31.0,4.0,1.0,0.0,0.0,998.0,7.0,0.0,0.0,12.0,6.0,12.0,0.0,1.0,1.0,53.0,98003.0,1.0,6.0,3.0,Valid license for this class vehicle,0.0,66.0,182.0,0.0,0.0,1.0,10.0,October,2019.0,10.0,2019.0,0.0,3.0,2.0,60.0,1.0,1.0,2.0,1.0,0.0,1.0,54.0,99.0,1.0,1.0,303.0,53.0,0.0,1.0,0.0,202305060424.0,12.0,5.0,4.0,0.0,1.0,1.0,4.0,17.0,2.0,0.0,1.0,20.0,0.0,37.0,2.0,0.0
530559,1,98,96.0,38.0,1.0,0.0,-99.0,53.0,77.0,12.0,12.0,34.0,26.0,2.0,1.0,2.0,3.0,0.0,20.0,0.0,0.0,996.0,0.0,53.0,2.0,12.0,2.0,0.0,1FT7W2BT9DEA,2013.0,460.0,1805.0,60.0,12.0,Ford,481.0,34.0,1.0,0.0,0.0,998.0,8.0,0.0,0.0,62.0,6.0,12.0,0.0,0.0,1.0,53.0,98902.0,1.0,6.0,3.0,Valid license for this class vehicle,0.0,65.0,129.0,0.0,1.0,0.0,7.0,July,2019.0,7.0,2019.0,0.0,2.0,1.0,45.0,1.0,1.0,2.0,1.0,20.0,11.0,15.0,99.0,1.0,1.0,414.0,53.0,0.0,1.0,0.0,202305356238.0,12.0,6.0,10.0,4.0,1.0,1.0,34.0,26.0,2.0,2.0,1.0,20.0,0.0,12.0,1.0,98.0
530580,1,1,96.0,0.0,1.0,3026.0,-99.0,53.0,11.0,33.0,49.0,4.0,80.0,2.0,1.0,4.0,3.0,0.0,1.0,0.0,9.0,0.0,7.0,53.0,1.0,33.0,1.0,0.0,4T1BF28B83U2,2003.0,448.0,2465.0,13.0,49.0,Toyota,43.0,4.0,1.0,0.0,0.0,998.0,7.0,0.0,0.0,82.0,6.0,42.0,0.0,0.0,1.0,53.0,98664.0,1.0,6.0,3.0,Valid license for this class vehicle,3.0,64.0,250.0,0.0,0.0,0.0,0.0,No Record,0.0,0.0,0.0,0.0,1.0,5.0,35.0,1.0,1.0,2.0,1.0,3.0,11.0,13.0,99.0,1.0,4.0,101.0,53.0,1.0,1.0,0.0,202304879174.0,8.0,7.0,2.0,2.0,1.0,1.0,4.0,21.0,2.0,0.0,1.0,20.0,0.0,49.0,1.0,98.0
530585,1,9,92.0,58.0,1.0,3026.0,-99.0,53.0,5.0,1.0,7.0,34.0,27.0,1.0,1.0,4.0,20.0,7.0,8.0,1.0,1.0,197.0,7.0,53.0,1.0,1.0,1.0,0.0,1D7RV1GT3BS5,2011.0,476.0,1938.0,60.0,7.0,Dodge,482.0,34.0,1.0,0.0,0.0,998.0,7.0,3.0,3.0,0.0,6.0,1.0,0.0,1.0,1.0,41.0,97132.0,1.0,6.0,3.0,Valid license for this class vehicle,0.0,70.0,165.0,0.0,1.0,2.0,4.0,April,2020.0,3.0,2022.0,0.0,6.0,1.0,98.0,2.0,1.0,2.0,1.0,0.0,14.0,12.0,99.0,1.0,4.0,102.0,53.0,1.0,1.0,0.0,202304847770.0,12.0,4.0,3.0,0.0,1.0,1.0,34.0,28.0,2.0,0.0,1.0,20.0,0.0,7.0,2.0,0.0
530587,1,98,96.0,38.0,1.0,0.0,-99.0,53.0,77.0,12.0,35.0,6.0,46.0,1.0,1.0,0.0,3.0,0.0,8.0,0.0,0.0,996.0,0.0,53.0,2.0,12.0,1.0,0.0,JN8AS58V99W1,2009.0,478.0,1913.0,7.0,35.0,Nissan/Datsun,51.0,6.0,1.0,0.0,0.0,998.0,8.0,0.0,0.0,12.0,6.0,12.0,0.0,0.0,1.0,53.0,98951.0,1.0,6.0,3.0,Valid license for this class vehicle,0.0,64.0,185.0,0.0,0.0,0.0,0.0,No Record,0.0,0.0,0.0,0.0,1.0,5.0,55.0,1.0,1.0,2.0,1.0,0.0,11.0,15.0,99.0,1.0,1.0,401.0,53.0,0.0,1.0,0.0,202305376339.0,12.0,4.0,10.0,4.0,10.0,1.0,6.0,46.0,1.0,0.0,1.0,8.0,0.0,35.0,1.0,98.0
530587,2,0,96.0,0.0,1.0,0.0,-99.0,53.0,77.0,12.0,35.0,5.0,52.0,2.0,1.0,1.0,3.0,0.0,8.0,0.0,0.0,996.0,0.0,53.0,2.0,12.0,2.0,0.0,3N1BC13E28L3,2008.0,478.0,1894.0,5.0,35.0,Nissan/Datsun,50.0,5.0,1.0,0.0,0.0,998.0,8.0,0.0,0.0,12.0,6.0,12.0,0.0,0.0,1.0,53.0,98050.0,1.0,6.0,3.0,Valid license for this class vehicle,3.0,63.0,249.0,0.0,0.0,0.0,0.0,No Record,0.0,0.0,0.0,0.0,1.0,5.0,55.0,1.0,1.0,2.0,1.0,0.0,1.0,62.0,99.0,1.0,1.0,402.0,53.0,0.0,1.0,0.0,202305376339.0,12.0,4.0,10.0,4.0,10.0,1.0,5.0,52.0,2.0,1.0,1.0,8.0,0.0,35.0,2.0,0.0
530595,2,0,96.0,0.0,1.0,3034.0,-99.0,53.0,63.0,54.0,12.0,34.0,50.0,1.0,1.0,4.0,3.0,0.0,20.0,0.0,0.0,0.0,7.0,53.0,5.0,54.0,1.0,0.0,1FTFW1EF7DFA,2013.0,460.0,1801.0,60.0,12.0,Ford,481.0,34.0,1.0,0.0,0.0,998.0,7.0,0.0,0.0,12.0,6.0,54.0,0.0,0.0,1.0,53.0,99141.0,1.0,6.0,3.0,Valid license for this class vehicle,0.0,74.0,200.0,0.0,0.0,0.0,11.0,November,2022.0,11.0,2022.0,0.0,3.0,3.0,60.0,1.0,1.0,2.0,1.0,0.0,1.0,90.0,99.0,1.0,1.0,998.0,53.0,1.0,1.0,0.0,202304953822.0,12.0,6.0,5.0,1.0,1.0,1.0,34.0,43.0,1.0,1.0,1.0,20.0,0.0,12.0,2.0,0.0
530597,1,9,96.0,0.0,1.0,3026.0,-99.0,53.0,53.0,34.0,29.0,4.0,28.0,1.0,1.0,4.0,3.0,0.0,8.0,0.0,1.0,184.0,7.0,53.0,1.0,34.0,1.0,0.0,5YJ3E1EA3JF1,2018.0,441.0,17834.0,13.0,29.0,Other Domestic Manufacturers,5.0,4.0,1.0,0.0,0.0,998.0,7.0,3.0,5.0,12.0,6.0,1.0,0.0,1.0,1.0,53.0,98206.0,1.0,6.0,3.0,Valid license for this class vehicle,3.0,71.0,140.0,0.0,1.0,0.0,10.0,October,2022.0,10.0,2022.0,4.0,6.0,1.0,98.0,2.0,2.0,2.0,2.0,0.0,14.0,12.0,99.0,1.0,4.0,102.0,53.0,1.0,1.0,0.0,202305120854.0,12.0,2.0,5.0,2.0,1.0,1.0,4.0,17.0,1.0,0.0,1.0,20.0,0.0,29.0,2.0,0.0
530611,1,98,96.0,102.0,1.0,3026.0,-99.0,53.0,45.0,12.0,48.0,14.0,32.0,1.0,1.0,4.0,3.0,0.0,8.0,0.0,9.0,0.0,7.0,53.0,3.0,12.0,1.0,0.0,JF1SG63627H7,2007.0,523.0,2234.0,7.0,48.0,Subaru,401.0,14.0,1.0,0.0,0.0,998.0,8.0,0.0,0.0,61.0,6.0,12.0,0.0,0.0,1.0,53.0,98584.0,1.0,6.0,3.0,Valid license for this class vehicle,3.0,76.0,180.0,0.0,3.0,0.0,5.0,May,2019.0,3.0,2023.0,0.0,1.0,4.0,98.0,1.0,1.0,2.0,1.0,0.0,6.0,10.0,99.0,1.0,2.0,208.0,53.0,1.0,1.0,0.0,202304690154.0,34.0,2.0,1.0,2.0,10.0,1.0,14.0,55.0,2.0,2.0,1.0,20.0,0.0,48.0,1.0,0.0
530620,1,9,15.0,0.0,1.0,9995.0,-99.0,53.0,39.0,12.0,7.0,34.0,77.0,2.0,1.0,3.0,3.0,0.0,20.0,0.0,1.0,997.0,0.0,53.0,2.0,12.0,1.0,0.0,3C6UR5FLXLG1,2020.0,496.0,13621.0,60.0,7.0,Dodge,482.0,34.0,1.0,0.0,0.0,998.0,8.0,0.0,0.0,12.0,6.0,12.0,0.0,1.0,1.0,53.0,98620.0,1.0,6.0,3.0,Valid license for this class vehicle,0.0,67.0,150.0,0.0,0.0,0.0,7.0,July,2023.0,7.0,2023.0,0.0,1.0,2.0,60.0,1.0,2.0,2.0,1.0,0.0,1.0,52.0,99.0,1.0,1.0,202.0,53.0,0.0,1.0,0.0,202305430058.0,12.0,3.0,11.0,4.0,1.0,1.0,34.0,77.0,2.0,3.0,1.0,20.0,0.0,7.0,1.0,9.0
530620,2,0,96.0,0.0,1.0,0.0,-99.0,53.0,39.0,12.0,55.0,14.0,61.0,2.0,1.0,4.0,3.0,0.0,8.0,0.0,0.0,996.0,7.0,53.0,2.0,12.0,1.0,0.0,KM8J3CA25HU4,2017.0,498.0,2058.0,7.0,55.0,Hyundai,402.0,14.0,1.0,0.0,0.0,998.0,8.0,0.0,0.0,6.0,6.0,12.0,0.0,0.0,1.0,53.0,98620.0,1.0,6.0,3.0,Valid license for this class vehicle,3.0,66.0,150.0,0.0,1.0,0.0,6.0,June,2021.0,6.0,2021.0,0.0,1.0,2.0,60.0,1.0,2.0,2.0,1.0,0.0,2.0,87.0,16.0,1.0,1.0,201.0,53.0,1.0,1.0,0.0,202305430058.0,12.0,3.0,11.0,4.0,1.0,1.0,14.0,61.0,2.0,4.0,1.0,8.0,0.0,55.0,2.0,0.0
530629,1,98,96.0,51.0,1.0,3026.0,-99.0,53.0,5.0,12.0,20.0,67.0,76.0,1.0,1.0,4.0,20.0,7.0,8.0,0.0,9.0,140.0,7.0,53.0,4.0,12.0,1.0,0.0,1GC3YLE74LF2,2020.0,467.0,1850.0,60.0,20.0,Chevrolet,880.0,67.0,1.0,0.0,0.0,998.0,8.0,0.0,0.0,12.0,6.0,12.0,0.0,1.0,1.0,53.0,99350.0,1.0,6.0,3.0,Valid license for this class vehicle,0.0,70.0,170.0,0.0,0.0,0.0,2.0,February,2019.0,2.0,2019.0,0.0,2.0,2.0,70.0,1.0,1.0,1.0,1.0,0.0,1.0,54.0,99.0,1.0,1.0,303.0,53.0,1.0,1.0,0.0,202304817139.0,12.0,4.0,2.0,0.0,1.0,1.0,67.0,25.0,1.0,0.0,1.0,20.0,0.0,20.0,1.0,0.0
530631,1,98,96.0,33.0,1.0,9999.0,-99.0,53.0,71.0,12.0,6.0,20.0,28.0,1.0,1.0,4.0,3.0,0.0,20.0,0.0,9.0,995.0,6.0,53.0,3.0,12.0,5.0,0.0,2A8HR54P28R6,2008.0,477.0,1936.0,2.0,6.0,Chrysler,441.0,20.0,1.0,0.0,0.0,998.0,8.0,0.0,0.0,12.0,6.0,12.0,0.0,0.0,1.0,53.0,99348.0,0.0,0.0,0.0,Not licensed,0.0,999.0,999.0,0.0,0.0,0.0,0.0,No Record,0.0,0.0,0.0,0.0,1.0,2.0,60.0,2.0,1.0,2.0,2.0,0.0,6.0,10.0,99.0,1.0,2.0,301.0,53.0,98.0,1.0,0.0,202304735356.0,12.0,4.0,2.0,0.0,1.0,1.0,20.0,37.0,2.0,0.0,1.0,20.0,0.0,6.0,1.0,0.0
530636,1,98,92.0,28.0,1.0,3026.0,-99.0,53.0,33.0,12.0,35.0,4.0,28.0,1.0,1.0,4.0,20.0,7.0,8.0,0.0,8.0,0.0,7.0,53.0,2.0,12.0,1.0,0.0,1N4AL11D56N4,2006.0,478.0,1904.0,13.0,35.0,Nissan/Datsun,47.0,4.0,1.0,0.0,0.0,998.0,8.0,0.0,0.0,12.0,6.0,12.0,0.0,0.0,1.0,53.0,98001.0,0.0,0.0,0.0,Not licensed,0.0,72.0,230.0,0.0,0.0,0.0,11.0,November,2020.0,10.0,2021.0,0.0,5.0,5.0,45.0,1.0,8.0,2.0,1.0,0.0,1.0,10.0,99.0,1.0,2.0,301.0,53.0,1.0,1.0,0.0,202305433938.0,12.0,4.0,11.0,0.0,1.0,1.0,4.0,25.0,2.0,0.0,1.0,20.0,0.0,35.0,2.0,98.0
530656,1,98,92.0,58.0,1.0,0.0,-99.0,53.0,57.0,1.0,53.0,80.0,40.0,1.0,1.0,4.0,20.0,7.0,20.0,8.0,9.0,996.0,1.0,53.0,1.0,1.0,1.0,0.0,JS1GN7DA7621,2006.0,509.0,13162.0,80.0,53.0,Suzuki,705.0,80.0,1.0,0.0,0.0,998.0,7.0,8.0,8.0,0.0,6.0,1.0,0.0,0.0,1.0,53.0,98274.0,1.0,6.0,2.0,No valid license for this class vehicle,3.0,70.0,235.0,0.0,1.0,0.0,8.0,August,2023.0,8.0,2023.0,0.0,1.0,2.0,25.0,1.0,1.0,2.0,8.0,0.0,4.0,9.0,99.0,9.0,2.0,998.0,53.0,98.0,1.0,0.0,202305413255.0,12.0,7.0,10.0,1.0,1.0,1.0,80.0,27.0,1.0,1.0,1.0,20.0,8.0,53.0,1.0,98.0
530669,1,98,96.0,39.0,1.0,3026.0,-99.0,53.0,41.0,35.0,35.0,5.0,58.0,1.0,1.0,4.0,99.0,7.0,8.0,0.0,9.0,0.0,7.0,53.0,1.0,35.0,1.0,0.0,3N1BC13E27L4,2007.0,478.0,1894.0,5.0,35.0,Nissan/Datsun,50.0,5.0,1.0,0.0,0.0,998.0,7.0,3.0,5.0,12.0,6.0,35.0,0.0,0.0,1.0,53.0,98532.0,1.0,6.0,3.0,Valid license for this class vehicle,3.0,68.0,180.0,0.0,0.0,0.0,0.0,No Record,0.0,0.0,0.0,0.0,1.0,2.0,98.0,1.0,1.0,2.0,2.0,20.0,1.0,14.0,99.0,1.0,4.0,103.0,53.0,1.0,1.0,0.0,202305357254.0,12.0,7.0,10.0,0.0,1.0,1.0,5.0,68.0,1.0,0.0,1.0,20.0,0.0,35.0,2.0,0.0
530676,2,0,96.0,0.0,1.0,0.0,-99.0,53.0,53.0,12.0,49.0,5.0,43.0,1.0,1.0,4.0,3.0,0.0,8.0,0.0,9.0,996.0,7.0,53.0,2.0,12.0,1.0,0.0,JTDKN3DU9F19,2015.0,448.0,2209.0,5.0,49.0,Toyota,46.0,5.0,1.0,0.0,0.0,998.0,8.0,0.0,0.0,12.0,6.0,12.0,0.0,0.0,1.0,53.0,98168.0,1.0,6.0,3.0,Valid license for this class vehicle,0.0,69.0,170.0,0.0,0.0,0.0,0.0,No Record,0.0,0.0,0.0,0.0,3.0,3.0,60.0,1.0,2.0,2.0,1.0,0.0,1.0,54.0,99.0,1.0,1.0,303.0,53.0,2.0,1.0,0.0,202305306217.0,12.0,4.0,9.0,0.0,1.0,1.0,5.0,54.0,1.0,0.0,1.0,99.0,0.0,49.0,1.0,99.0
530679,1,9,96.0,102.0,1.0,3026.0,-99.0,53.0,61.0,12.0,37.0,4.0,32.0,1.0,1.0,4.0,3.0,0.0,1.0,0.0,1.0,190.0,7.0,53.0,2.0,12.0,1.0,0.0,1HGCG1653YA0,2000.0,474.0,1861.0,13.0,37.0,Honda,32.0,4.0,1.0,0.0,0.0,998.0,8.0,0.0,0.0,12.0,6.0,12.0,0.0,1.0,1.0,53.0,98407.0,1.0,6.0,3.0,Valid license for this class vehicle,0.0,77.0,300.0,0.0,0.0,1.0,10.0,October,2020.0,10.0,2023.0,0.0,2.0,3.0,55.0,1.0,1.0,2.0,1.0,0.0,1.0,10.0,99.0,1.0,2.0,301.0,53.0,1.0,1.0,1.0,202305367544.0,12.0,2.0,10.0,1.0,2.0,1.0,4.0,52.0,2.0,0.0,1.0,20.0,0.0,37.0,2.0,0.0