ST_CASE,VEH_NO_x,DRIMPAIR_x,DRDISTRACT,DRIVERRF,PER_NO_x,DRUGRES,DRUGACTQTY,STATE_x,COUNTY,HARM_EV_x,MAKE_x,BODY_TYP_x,AGE,SEX,PER_TYP_x,INJ_SEV,REST_USE,REST_MIS,AIR_BAG_x,EJECTION,DRINKING,ALC_RES,HISPANIC,STATE_y,VE_FORMS,HARM_EV_y,NUMOCCS,HIT_RUN,VIN,MOD_YEAR,VPICMAKE,VPICMODEL,VPICBODYCLASS,MAKE_y,MAKENAME,MODEL,BODY_TYP_y,HAZ_INV,HAZ_PLAC,HAZ_ID,TRAV_SP,UNDEROVERRIDE,ROLLOVER,ROLINLOC,IMPACT1,DEFORMED,M_HARM,FIRE_EXP,DR_DRINK,DR_PRES,L_STATE,DR_ZIP,L_TYPE,L_STATUS,L_COMPL,L_COMPLNAME,L_RESTRI,DR_HGT,DR_WGT,PREV_DWI,PREV_SPD,PREV_OTH,FIRST_MO,FIRST_MONAME,FIRST_YR,LAST_MO,LAST_YR,SPEEDREL,VTRAFWAY,VNUM_LAN,VSPD_LIM,VALIGN,VPROFILE,VPAVETYP,VSURCOND,VTRAFCON,P_CRASH1,P_CRASH2,P_CRASH3,PCRASH4,PCRASH5,ACC_CONFIG,STATE,RACE,ORDER,MULTRACE,CASENUM,HARM_EV,DAY_WEEK,MONTH,MAXSEV_IM,WEATHR_IM,PER_NO_y,BODY_TYP,AGE_IM,SEX_IM,INJSEV_IM,PER_TYP_y,AIR_BAG_y,EJECT_IM,MAKE,VEH_NO_y,DRIMPAIR_y
540080,1,0,96.0,28.0,1.0,9995.0,-99.0,54.0,91.0,12.0,55.0,4.0,67.0,1.0,1.0,2.0,3.0,0.0,8.0,0.0,0.0,995.0,0.0,54.0,3.0,12.0,2.0,0.0,5NPD84LF4LH6,2020.0,498.0,2735.0,13.0,55.0,Hyundai,35.0,4.0,1.0,0.0,0.0,998.0,0.0,0.0,0.0,12.0,6.0,12.0,0.0,0.0,1.0,54.0,26354.0,1.0,6.0,3.0,Valid license for this class vehicle,1.0,70.0,210.0,0.0,0.0,0.0,0.0,No Record,0.0,0.0,0.0,0.0,1.0,3.0,55.0,1.0,5.0,2.0,1.0,0.0,1.0,10.0,99.0,1.0,2.0,301.0,54.0,0.0,1.0,0.0,202304930611.0,12.0,6.0,2.0,2.0,1.0,1.0,4.0,50.0,1.0,2.0,1.0,1.0,0.0,55.0,2.0,0.0
540082,1,0,96.0,36.0,1.0,3033.0,1100.0,54.0,61.0,24.0,49.0,4.0,24.0,1.0,1.0,4.0,20.0,7.0,8.0,0.0,9.0,250.0,99.0,54.0,2.0,24.0,3.0,0.0,2T1BURHE6HC8,2017.0,448.0,2208.0,13.0,49.0,Toyota,32.0,4.0,1.0,0.0,0.0,998.0,1.0,0.0,0.0,81.0,6.0,12.0,0.0,1.0,1.0,24.0,20841.0,1.0,6.0,3.0,Valid license for this class vehicle,0.0,65.0,130.0,0.0,0.0,0.0,2.0,February,2020.0,2.0,2020.0,3.0,1.0,2.0,25.0,1.0,1.0,2.0,2.0,0.0,1.0,13.0,99.0,2.0,4.0,101.0,54.0,99.0,1.0,0.0,202304892159.0,12.0,4.0,4.0,0.0,1.0,1.0,4.0,33.0,2.0,0.0,1.0,20.0,0.0,49.0,2.0,0.0
540093,1,9,96.0,36.0,1.0,9995.0,-99.0,54.0,69.0,25.0,53.0,80.0,49.0,1.0,1.0,2.0,20.0,7.0,20.0,8.0,1.0,997.0,0.0,54.0,1.0,25.0,2.0,0.0,JS1VS54A9321,2003.0,509.0,13244.0,82.0,53.0,Suzuki,706.0,80.0,1.0,0.0,0.0,998.0,7.0,8.0,8.0,12.0,6.0,25.0,0.0,1.0,1.0,54.0,26041.0,1.0,6.0,3.0,Valid license for this class vehicle,0.0,71.0,155.0,0.0,0.0,0.0,0.0,No Record,0.0,0.0,0.0,3.0,6.0,1.0,25.0,2.0,5.0,2.0,1.0,0.0,14.0,6.0,99.0,1.0,4.0,102.0,54.0,0.0,1.0,0.0,202304913409.0,42.0,7.0,4.0,3.0,10.0,1.0,80.0,28.0,1.0,3.0,1.0,20.0,8.0,53.0,1.0,0.0
540096,1,0,96.0,102.0,1.0,9995.0,-99.0,54.0,85.0,12.0,49.0,5.0,31.0,1.0,1.0,1.0,20.0,7.0,8.0,0.0,0.0,995.0,0.0,54.0,3.0,12.0,1.0,0.0,JTNKARJE7HJ5,2017.0,448.0,15800.0,5.0,49.0,Toyota,32.0,5.0,1.0,0.0,0.0,998.0,0.0,0.0,0.0,12.0,6.0,12.0,0.0,0.0,1.0,54.0,26362.0,1.0,6.0,3.0,Valid license for this class vehicle,1.0,73.0,320.0,0.0,0.0,0.0,0.0,No Record,0.0,0.0,0.0,4.0,1.0,2.0,55.0,3.0,6.0,2.0,2.0,0.0,14.0,6.0,99.0,2.0,2.0,301.0,54.0,0.0,1.0,0.0,202305054728.0,12.0,5.0,5.0,0.0,1.0,1.0,5.0,25.0,2.0,0.0,1.0,20.0,0.0,49.0,2.0,98.0
540107,2,9,96.0,28.0,1.0,2005.0,66.0,54.0,79.0,12.0,55.0,4.0,61.0,2.0,1.0,4.0,3.0,0.0,8.0,0.0,1.0,10.0,99.0,54.0,2.0,12.0,1.0,0.0,3KPC24A31KE0,2019.0,498.0,2773.0,13.0,55.0,Hyundai,36.0,4.0,1.0,0.0,0.0,998.0,0.0,0.0,0.0,12.0,6.0,12.0,0.0,1.0,1.0,54.0,25064.0,1.0,6.0,3.0,Valid license for this class vehicle,1.0,64.0,170.0,0.0,0.0,0.0,0.0,No Record,0.0,0.0,0.0,0.0,1.0,2.0,45.0,2.0,6.0,2.0,2.0,0.0,14.0,10.0,99.0,1.0,2.0,301.0,54.0,99.0,1.0,0.0,202305103999.0,12.0,7.0,7.0,2.0,1.0,1.0,4.0,38.0,2.0,2.0,1.0,8.0,0.0,55.0,1.0,0.0
540119,1,0,96.0,58.0,1.0,9995.0,-99.0,54.0,67.0,34.0,7.0,4.0,20.0,2.0,1.0,2.0,99.0,7.0,2.0,0.0,9.0,995.0,0.0,54.0,1.0,34.0,3.0,0.0,1C3CDFBB6FD3,2015.0,476.0,2054.0,13.0,7.0,Dodge,29.0,4.0,1.0,0.0,0.0,998.0,7.0,0.0,0.0,12.0,6.0,42.0,0.0,0.0,1.0,54.0,26206.0,0.0,0.0,0.0,Not licensed,0.0,63.0,160.0,0.0,0.0,0.0,0.0,No Record,0.0,0.0,0.0,0.0,1.0,2.0,25.0,2.0,1.0,2.0,1.0,0.0,14.0,11.0,99.0,1.0,4.0,101.0,54.0,0.0,1.0,0.0,202305115355.0,12.0,5.0,7.0,2.0,1.0,1.0,4.0,55.0,1.0,0.0,1.0,20.0,0.0,7.0,1.0,98.0
540127,1,0,96.0,0.0,1.0,5060.0,59.0,54.0,81.0,24.0,20.0,6.0,49.0,2.0,1.0,4.0,20.0,7.0,20.0,0.0,0.0,0.0,99.0,54.0,2.0,24.0,2.0,0.0,3GNBAADB1AS5,2010.0,467.0,4586.0,7.0,20.0,Chevrolet,23.0,6.0,1.0,0.0,0.0,998.0,0.0,0.0,0.0,12.0,6.0,12.0,0.0,0.0,1.0,39.0,45431.0,1.0,6.0,3.0,Valid license for this class vehicle,0.0,66.0,215.0,0.0,0.0,0.0,0.0,No Record,0.0,0.0,0.0,0.0,2.0,2.0,70.0,1.0,6.0,2.0,1.0,0.0,1.0,9.0,7.0,2.0,4.0,101.0,54.0,99.0,1.0,0.0,202304850682.0,12.0,5.0,4.0,0.0,1.0,1.0,6.0,42.0,1.0,0.0,1.0,1.0,0.0,20.0,2.0,0.0
540133,1,0,96.0,0.0,1.0,0.0,-99.0,54.0,81.0,1.0,35.0,5.0,72.0,1.0,1.0,4.0,3.0,0.0,2.0,0.0,0.0,996.0,99.0,54.0,1.0,1.0,1.0,0.0,3N1BC1CP7CK2,2012.0,478.0,1894.0,5.0,35.0,Nissan/Datsun,50.0,5.0,1.0,0.0,0.0,998.0,7.0,3.0,5.0,0.0,6.0,1.0,0.0,0.0,1.0,54.0,25921.0,1.0,6.0,3.0,Valid license for this class vehicle,0.0,70.0,150.0,0.0,0.0,0.0,0.0,No Record,0.0,0.0,0.0,0.0,4.0,1.0,15.0,8.0,8.0,2.0,1.0,0.0,1.0,12.0,99.0,1.0,4.0,102.0,54.0,99.0,1.0,0.0,202305423313.0,12.0,4.0,11.0,0.0,1.0,1.0,5.0,38.0,1.0,0.0,1.0,20.0,0.0,35.0,1.0,0.0
540134,1,0,96.0,0.0,1.0,2107.0,13.0,54.0,63.0,1.0,98.0,92.0,75.0,1.0,1.0,4.0,20.0,7.0,20.0,2.0,0.0,0.0,99.0,54.0,1.0,1.0,2.0,0.0,0,2017.0,99997.0,99997.0,126.0,98.0,Other Make,998.0,92.0,1.0,0.0,0.0,998.0,7.0,3.0,5.0,0.0,6.0,1.0,0.0,0.0,1.0,54.0,24976.0,1.0,6.0,1.0,No license required for this class vehicle,0.0,73.0,192.0,0.0,0.0,0.0,0.0,No Record,0.0,0.0,0.0,0.0,1.0,2.0,35.0,1.0,1.0,2.0,1.0,0.0,1.0,13.0,99.0,1.0,4.0,101.0,54.0,99.0,1.0,0.0,202304636966.0,43.0,1.0,1.0,2.0,1.0,1.0,83.0,49.0,1.0,2.0,1.0,20.0,8.0,73.0,1.0,98.0
540135,1,99,96.0,38.0,1.0,1.0,-99.0,54.0,61.0,12.0,7.0,20.0,49.0,1.0,1.0,4.0,3.0,0.0,8.0,0.0,0.0,0.0,99.0,54.0,2.0,12.0,2.0,0.0,2C4RDGBG4KR5,2019.0,476.0,14832.0,2.0,7.0,Dodge,442.0,20.0,1.0,0.0,0.0,998.0,0.0,0.0,0.0,12.0,6.0,12.0,0.0,0.0,1.0,54.0,26241.0,1.0,6.0,3.0,Valid license for this class vehicle,1.0,65.0,175.0,0.0,0.0,1.0,11.0,November,2022.0,11.0,2022.0,0.0,1.0,2.0,40.0,1.0,1.0,2.0,2.0,20.0,1.0,17.0,99.0,1.0,1.0,501.0,54.0,99.0,1.0,0.0,202305212545.0,12.0,6.0,8.0,1.0,10.0,1.0,20.0,29.0,2.0,1.0,1.0,8.0,0.0,7.0,1.0,8.0
540146,1,99,96.0,39.0,1.0,9997.0,-99.0,54.0,9.0,12.0,7.0,34.0,33.0,1.0,1.0,2.0,3.0,0.0,8.0,0.0,9.0,997.0,0.0,54.0,4.0,12.0,1.0,0.0,3C6RR7LT9JG1,2018.0,496.0,13620.0,60.0,7.0,Dodge,482.0,34.0,1.0,0.0,0.0,998.0,0.0,0.0,0.0,12.0,6.0,12.0,0.0,0.0,1.0,39.0,43907.0,1.0,6.0,3.0,Valid license for this class vehicle,0.0,76.0,220.0,0.0,0.0,0.0,0.0,No Record,0.0,0.0,0.0,3.0,3.0,2.0,60.0,1.0,1.0,2.0,1.0,40.0,1.0,50.0,16.0,1.0,1.0,202.0,54.0,0.0,1.0,0.0,202304733274.0,12.0,4.0,1.0,0.0,1.0,1.0,34.0,26.0,2.0,0.0,1.0,20.0,0.0,7.0,2.0,98.0
540151,1,0,96.0,0.0,1.0,5060.0,-99.0,54.0,91.0,43.0,12.0,4.0,17.0,1.0,1.0,4.0,20.0,7.0,2.0,0.0,0.0,995.0,99.0,54.0,1.0,43.0,1.0,0.0,1FAHP35N38W2,2008.0,460.0,1779.0,13.0,12.0,Ford,37.0,4.0,1.0,0.0,0.0,998.0,7.0,3.0,5.0,82.0,6.0,1.0,0.0,0.0,1.0,54.0,26440.0,2.0,6.0,3.0,Valid license for this class vehicle,1.0,69.0,125.0,0.0,0.0,0.0,0.0,No Record,0.0,0.0,0.0,0.0,1.0,2.0,55.0,1.0,1.0,2.0,1.0,0.0,6.0,13.0,99.0,1.0,4.0,101.0,54.0,99.0,1.0,0.0,202304876410.0,12.0,7.0,4.0,2.0,1.0,1.0,4.0,63.0,2.0,0.0,1.0,2.0,0.0,12.0,1.0,0.0
540163,1,99,97.0,28.0,1.0,5060.0,36.0,54.0,11.0,12.0,24.0,4.0,50.0,1.0,1.0,4.0,20.0,7.0,1.0,0.0,9.0,0.0,99.0,54.0,2.0,12.0,1.0,0.0,1G8JU54F43Y5,2003.0,1056.0,8958.0,13.0,24.0,Saturn,5.0,4.0,1.0,0.0,0.0,998.0,0.0,0.0,0.0,12.0,6.0,12.0,0.0,0.0,1.0,54.0,25705.0,1.0,2.0,2.0,No valid license for this class vehicle,0.0,67.0,196.0,0.0,0.0,18.0,1.0,January,2022.0,4.0,2023.0,0.0,1.0,2.0,55.0,2.0,1.0,2.0,1.0,0.0,14.0,10.0,99.0,1.0,2.0,301.0,54.0,99.0,1.0,0.0,202305217071.0,12.0,4.0,8.0,0.0,1.0,1.0,4.0,59.0,2.0,0.0,1.0,20.0,0.0,24.0,2.0,99.0
540176,1,0,96.0,0.0,1.0,3026.0,-99.0,54.0,65.0,42.0,63.0,4.0,50.0,1.0,1.0,4.0,3.0,0.0,8.0,2.0,0.0,10.0,99.0,54.0,1.0,42.0,1.0,0.0,3KPF24AD4KE0,2019.0,499.0,2462.0,13.0,63.0,KIA,38.0,4.0,1.0,0.0,0.0,998.0,7.0,0.0,0.0,1.0,6.0,42.0,0.0,1.0,1.0,54.0,26241.0,1.0,6.0,3.0,Valid license for this class vehicle,1.0,67.0,150.0,0.0,0.0,0.0,0.0,No Record,0.0,0.0,0.0,0.0,1.0,2.0,30.0,2.0,6.0,2.0,1.0,0.0,14.0,6.0,99.0,1.0,4.0,101.0,54.0,99.0,1.0,0.0,202305099339.0,12.0,1.0,7.0,0.0,10.0,1.0,4.0,19.0,2.0,0.0,1.0,1.0,0.0,63.0,2.0,0.0
540181,1,0,96.0,28.0,1.0,2056.0,57.0,54.0,39.0,12.0,49.0,4.0,19.0,1.0,1.0,4.0,20.0,7.0,8.0,0.0,0.0,0.0,99.0,54.0,2.0,12.0,1.0,0.0,4T1BF1FK3HU7,2017.0,448.0,2469.0,13.0,49.0,Toyota,40.0,4.0,1.0,0.0,0.0,998.0,0.0,0.0,0.0,12.0,6.0,12.0,0.0,0.0,1.0,54.0,25510.0,1.0,6.0,3.0,Valid license for this class vehicle,1.0,69.0,150.0,0.0,0.0,1.0,7.0,July,2023.0,7.0,2023.0,0.0,1.0,2.0,55.0,2.0,1.0,2.0,1.0,0.0,14.0,10.0,99.0,1.0,2.0,301.0,54.0,99.0,1.0,0.0,202305028511.0,12.0,2.0,4.0,0.0,1.0,1.0,4.0,35.0,2.0,0.0,1.0,20.0,0.0,49.0,2.0,0.0
540190,2,0,96.0,0.0,1.0,1.0,-99.0,54.0,27.0,12.0,35.0,5.0,67.0,2.0,1.0,4.0,3.0,0.0,8.0,0.0,0.0,0.0,99.0,54.0,2.0,12.0,2.0,0.0,3N1CE2CP3FL3,2015.0,478.0,1898.0,5.0,35.0,Nissan/Datsun,50.0,5.0,1.0,0.0,0.0,998.0,0.0,0.0,0.0,12.0,6.0,12.0,0.0,0.0,1.0,54.0,25434.0,1.0,6.0,3.0,Valid license for this class vehicle,1.0,61.0,190.0,0.0,0.0,0.0,0.0,No Record,0.0,0.0,0.0,0.0,1.0,2.0,55.0,2.0,1.0,2.0,1.0,0.0,14.0,62.0,99.0,1.0,1.0,302.0,54.0,99.0,1.0,0.0,202305241258.0,18.0,5.0,8.0,1.0,1.0,1.0,5.0,39.0,2.0,1.0,1.0,1.0,0.0,35.0,1.0,98.0
540198,1,0,96.0,0.0,1.0,3033.0,150.0,54.0,61.0,35.0,63.0,6.0,42.0,1.0,1.0,4.0,99.0,7.0,8.0,0.0,1.0,0.0,99.0,54.0,1.0,35.0,1.0,0.0,KNDJT2A68C74,2012.0,499.0,2460.0,7.0,63.0,KIA,37.0,6.0,1.0,0.0,0.0,998.0,7.0,0.0,0.0,98.0,4.0,35.0,0.0,1.0,1.0,54.0,26547.0,1.0,6.0,3.0,Valid license for this class vehicle,1.0,72.0,200.0,0.0,0.0,1.0,10.0,October,2023.0,10.0,2023.0,0.0,1.0,2.0,55.0,3.0,1.0,2.0,1.0,0.0,14.0,19.0,99.0,1.0,4.0,999.0,54.0,99.0,1.0,0.0,202305020739.0,12.0,6.0,6.0,0.0,1.0,1.0,6.0,22.0,2.0,0.0,1.0,20.0,0.0,63.0,2.0,0.0
540202,1,0,96.0,0.0,1.0,3026.0,-99.0,54.0,91.0,24.0,20.0,34.0,53.0,1.0,1.0,4.0,99.0,7.0,20.0,0.0,0.0,0.0,99.0,54.0,1.0,24.0,1.0,0.0,3GCRKSE33AG2,2010.0,467.0,1850.0,60.0,20.0,Chevrolet,481.0,34.0,1.0,0.0,0.0,998.0,7.0,0.0,0.0,11.0,6.0,24.0,0.0,0.0,1.0,54.0,26354.0,1.0,6.0,3.0,Valid license for this class vehicle,1.0,74.0,150.0,0.0,0.0,0.0,0.0,No Record,0.0,0.0,0.0,0.0,1.0,2.0,35.0,2.0,1.0,2.0,1.0,0.0,14.0,12.0,99.0,1.0,4.0,102.0,54.0,99.0,1.0,0.0,202304834018.0,12.0,6.0,1.0,0.0,10.0,1.0,34.0,28.0,1.0,0.0,1.0,9.0,0.0,20.0,1.0,98.0
540210,1,0,96.0,0.0,1.0,3026.0,-99.0,54.0,39.0,12.0,99.0,96.0,24.0,1.0,1.0,4.0,20.0,7.0,20.0,1.0,9.0,0.0,99.0,54.0,2.0,12.0,1.0,0.0,0,9999.0,99999.0,99999.0,105.0,99.0,Unknown Make,739.0,96.0,1.0,0.0,0.0,998.0,0.0,0.0,0.0,12.0,6.0,12.0,0.0,0.0,1.0,54.0,25071.0,1.0,6.0,1.0,No license required for this class vehicle,0.0,70.0,240.0,0.0,0.0,10.0,8.0,August,2020.0,8.0,2023.0,4.0,1.0,2.0,35.0,4.0,1.0,2.0,2.0,0.0,14.0,6.0,99.0,1.0,1.0,303.0,54.0,99.0,1.0,0.0,202304636966.0,43.0,1.0,1.0,2.0,1.0,1.0,83.0,49.0,1.0,2.0,1.0,20.0,8.0,73.0,1.0,98.0
540210,2,0,96.0,0.0,1.0,2180.0,16.0,54.0,39.0,12.0,99.0,96.0,26.0,1.0,1.0,4.0,20.0,7.0,20.0,1.0,9.0,20.0,99.0,54.0,2.0,12.0,1.0,0.0,0,9999.0,99999.0,99999.0,105.0,99.0,Unknown Make,739.0,96.0,1.0,0.0,0.0,998.0,0.0,0.0,0.0,12.0,6.0,12.0,0.0,1.0,1.0,54.0,25071.0,1.0,6.0,1.0,No license required for this class vehicle,0.0,67.0,250.0,0.0,0.0,2.0,4.0,April,2023.0,4.0,2023.0,4.0,1.0,2.0,35.0,4.0,1.0,2.0,2.0,0.0,14.0,6.0,99.0,1.0,1.0,303.0,54.0,99.0,1.0,0.0,202304636966.0,43.0,1.0,1.0,2.0,1.0,1.0,83.0,49.0,1.0,2.0,1.0,20.0,8.0,73.0,1.0,98.0
540215,1,99,96.0,0.0,1.0,9029.0,-99.0,54.0,29.0,24.0,49.0,4.0,83.0,2.0,1.0,4.0,3.0,0.0,2.0,0.0,9.0,0.0,99.0,54.0,1.0,24.0,1.0,0.0,2T1BU4EE9AC2,2010.0,448.0,2208.0,13.0,49.0,Toyota,32.0,4.0,1.0,0.0,0.0,998.0,7.0,3.0,5.0,1.0,6.0,1.0,0.0,0.0,1.0,42.0,15312.0,1.0,6.0,3.0,Valid license for this class vehicle,0.0,67.0,999.0,0.0,0.0,0.0,0.0,No Record,0.0,0.0,0.0,0.0,5.0,3.0,40.0,1.0,6.0,2.0,2.0,0.0,1.0,13.0,99.0,1.0,4.0,101.0,54.0,99.0,1.0,0.0,202304841184.0,12.0,4.0,3.0,0.0,1.0,1.0,4.0,41.0,1.0,0.0,1.0,20.0,0.0,49.0,1.0,0.0
540218,2,0,96.0,0.0,1.0,3073.0,110.0,54.0,39.0,12.0,49.0,4.0,33.0,1.0,1.0,4.0,3.0,0.0,8.0,0.0,0.0,0.0,99.0,54.0,4.0,12.0,3.0,0.0,5YFEPMAE0NP3,2022.0,448.0,2208.0,13.0,49.0,Toyota,32.0,4.0,1.0,0.0,0.0,998.0,2.0,0.0,0.0,10.0,6.0,12.0,0.0,0.0,1.0,54.0,25639.0,1.0,6.0,3.0,Valid license for this class vehicle,0.0,75.0,215.0,0.0,0.0,0.0,0.0,No Record,0.0,0.0,0.0,0.0,2.0,2.0,50.0,1.0,1.0,2.0,1.0,0.0,1.0,62.0,99.0,1.0,1.0,302.0,54.0,99.0,1.0,0.0,202305084094.0,8.0,7.0,6.0,3.0,1.0,1.0,4.0,23.0,1.0,0.0,1.0,20.0,0.0,49.0,1.0,0.0
540221,1,0,96.0,0.0,1.0,9995.0,-99.0,54.0,3.0,5.0,12.0,34.0,49.0,1.0,1.0,0.0,3.0,0.0,20.0,0.0,0.0,995.0,0.0,54.0,1.0,5.0,3.0,0.0,1FTEW1E41LFC,2020.0,460.0,1801.0,60.0,12.0,Ford,481.0,34.0,1.0,0.0,0.0,998.0,7.0,0.0,0.0,0.0,0.0,5.0,0.0,0.0,1.0,54.0,25404.0,1.0,6.0,3.0,Valid license for this class vehicle,0.0,71.0,210.0,0.0,0.0,0.0,0.0,No Record,0.0,0.0,0.0,0.0,1.0,2.0,25.0,1.0,6.0,2.0,1.0,0.0,1.0,98.0,99.0,1.0,1.0,0.0,54.0,0.0,1.0,0.0,202304920557.0,12.0,5.0,4.0,0.0,1.0,1.0,34.0,59.0,1.0,0.0,1.0,20.0,0.0,12.0,1.0,0.0
550007,1,9,99.0,58.0,1.0,0.0,-99.0,55.0,75.0,42.0,35.0,4.0,36.0,1.0,1.0,4.0,20.0,7.0,20.0,1.0,1.0,995.0,1.0,55.0,1.0,42.0,1.0,0.0,3N1CB51D66L5,2006.0,478.0,1907.0,13.0,35.0,Nissan/Datsun,43.0,4.0,1.0,0.0,0.0,80.0,7.0,3.0,6.0,12.0,6.0,42.0,0.0,1.0,1.0,55.0,54301.0,0.0,0.0,0.0,Not licensed,0.0,999.0,999.0,0.0,0.0,2.0,7.0,July,2022.0,7.0,2022.0,3.0,1.0,2.0,55.0,1.0,1.0,2.0,1.0,0.0,1.0,6.0,6.0,2.0,4.0,101.0,55.0,1.0,1.0,0.0,202305395959.0,12.0,2.0,9.0,0.0,1.0,1.0,4.0,38.0,1.0,0.0,1.0,20.0,0.0,35.0,2.0,0.0
550021,1,99,99.0,87.0,1.0,9999.0,-99.0,55.0,101.0,12.0,35.0,15.0,31.0,2.0,1.0,4.0,3.0,0.0,1.0,0.0,0.0,995.0,7.0,55.0,3.0,12.0,2.0,0.0,5N1AZ2AS1LN1,2020.0,478.0,1914.0,7.0,35.0,Nissan/Datsun,422.0,15.0,1.0,0.0,0.0,70.0,8.0,0.0,0.0,12.0,6.0,12.0,0.0,0.0,1.0,55.0,53210.0,2.0,6.0,3.0,Valid license for this class vehicle,0.0,67.0,135.0,0.0,0.0,0.0,0.0,No Record,0.0,0.0,0.0,4.0,3.0,2.0,70.0,1.0,6.0,1.0,3.0,0.0,1.0,51.0,1.0,1.0,1.0,202.0,55.0,2.0,1.0,0.0,202305200822.0,12.0,4.0,8.0,0.0,1.0,1.0,15.0,37.0,2.0,0.0,1.0,20.0,0.0,35.0,2.0,0.0
550022,1,0,99.0,0.0,1.0,0.0,-99.0,55.0,85.0,12.0,20.0,34.0,65.0,1.0,1.0,0.0,3.0,0.0,8.0,0.0,0.0,996.0,0.0,55.0,2.0,12.0,1.0,0.0,1GCRKSE73DZ2,2013.0,467.0,1850.0,60.0,20.0,Chevrolet,481.0,34.0,1.0,0.0,0.0,64.0,7.0,0.0,0.0,12.0,6.0,12.0,0.0,0.0,1.0,55.0,54501.0,1.0,6.0,3.0,Valid license for this class vehicle,3.0,69.0,180.0,0.0,0.0,0.0,0.0,No Record,0.0,0.0,0.0,0.0,1.0,2.0,55.0,2.0,4.0,2.0,1.0,0.0,14.0,66.0,1.0,9.0,1.0,501.0,55.0,0.0,1.0,0.0,202305093692.0,12.0,1.0,7.0,1.0,1.0,1.0,34.0,18.0,1.0,0.0,1.0,20.0,0.0,20.0,1.0,98.0
550030,1,0,0.0,104.0,1.0,0.0,-99.0,55.0,79.0,12.0,63.0,14.0,14.0,1.0,1.0,1.0,99.0,7.0,8.0,0.0,9.0,996.0,0.0,55.0,2.0,12.0,99.0,1.0,KNDPMCAC6M79,2021.0,499.0,2770.0,7.0,63.0,KIA,401.0,14.0,1.0,0.0,0.0,65.0,8.0,0.0,0.0,12.0,6.0,12.0,0.0,0.0,1.0,55.0,53212.0,0.0,0.0,0.0,Not licensed,0.0,999.0,999.0,0.0,0.0,0.0,7.0,July,2022.0,11.0,2022.0,3.0,1.0,2.0,30.0,1.0,1.0,1.0,1.0,3.0,1.0,17.0,1.0,1.0,1.0,501.0,55.0,0.0,1.0,0.0,202305452905.0,12.0,1.0,8.0,0.0,1.0,1.0,14.0,33.0,1.0,0.0,1.0,20.0,0.0,63.0,2.0,0.0
550031,1,10,93.0,26.0,1.0,0.0,-99.0,55.0,25.0,12.0,37.0,5.0,67.0,1.0,1.0,4.0,3.0,0.0,1.0,0.0,0.0,995.0,1.0,55.0,2.0,12.0,1.0,0.0,JHMGE8H47AS0,2010.0,474.0,2127.0,5.0,37.0,Honda,39.0,5.0,1.0,0.0,0.0,35.0,8.0,0.0,0.0,12.0,6.0,12.0,0.0,0.0,1.0,55.0,53704.0,2.0,2.0,2.0,No valid license for this class vehicle,0.0,68.0,140.0,0.0,0.0,1.0,11.0,November,2020.0,11.0,2020.0,0.0,1.0,2.0,45.0,1.0,1.0,2.0,1.0,0.0,1.0,50.0,1.0,1.0,1.0,202.0,55.0,1.0,1.0,0.0,202305472881.0,12.0,7.0,8.0,1.0,1.0,1.0,5.0,56.0,1.0,0.0,1.0,20.0,0.0,37.0,1.0,98.0
550034,1,10,0.0,58.0,1.0,0.0,-99.0,55.0,25.0,33.0,49.0,14.0,38.0,1.0,1.0,4.0,99.0,7.0,98.0,1.0,1.0,995.0,2.0,55.0,1.0,33.0,1.0,0.0,JT3HM84R5V00,1997.0,448.0,2216.0,7.0,49.0,Toyota,401.0,14.0,1.0,0.0,0.0,999.0,7.0,3.0,1.0,98.0,6.0,1.0,0.0,1.0,1.0,55.0,53711.0,1.0,3.0,2.0,No valid license for this class vehicle,0.0,64.0,135.0,0.0,1.0,2.0,7.0,July,2020.0,10.0,2021.0,3.0,2.0,4.0,40.0,1.0,1.0,1.0,1.0,0.0,1.0,59.0,99.0,4.0,4.0,102.0,55.0,1.0,1.0,0.0,202304742023.0,33.0,1.0,2.0,4.0,1.0,1.0,14.0,38.0,1.0,4.0,1.0,9.0,1.0,49.0,1.0,9.0
550042,2,0,0.0,0.0,1.0,9999.0,-99.0,55.0,69.0,12.0,82.0,62.0,37.0,1.0,1.0,1.0,3.0,0.0,20.0,0.0,0.0,995.0,0.0,55.0,2.0,12.0,2.0,0.0,1FVACWDT6CDB,2012.0,450.0,2499.0,11.0,82.0,Freightliner,881.0,62.0,1.0,0.0,0.0,60.0,8.0,0.0,0.0,12.0,6.0,12.0,0.0,0.0,1.0,27.0,55432.0,9.0,9.0,9.0,Unknown,9.0,999.0,999.0,99.0,99.0,99.0,99.0,Unknown,9999.0,99.0,9999.0,0.0,1.0,2.0,55.0,1.0,1.0,2.0,1.0,0.0,1.0,66.0,1.0,1.0,1.0,501.0,55.0,0.0,1.0,0.0,202305117421.0,12.0,4.0,7.0,1.0,1.0,1.0,62.0,31.0,1.0,0.0,1.0,20.0,0.0,82.0,2.0,0.0