ST_CASE,VEH_NO_x,DRIMPAIR_x,DRDISTRACT,DRIVERRF,PER_NO_x,DRUGRES,DRUGACTQTY,STATE_x,COUNTY,HARM_EV_x,MAKE_x,BODY_TYP_x,AGE,SEX,PER_TYP_x,INJ_SEV,REST_USE,REST_MIS,AIR_BAG_x,EJECTION,DRINKING,ALC_RES,HISPANIC,STATE_y,VE_FORMS,HARM_EV_y,NUMOCCS,HIT_RUN,VIN,MOD_YEAR,VPICMAKE,VPICMODEL,VPICBODYCLASS,MAKE_y,MAKENAME,MODEL,BODY_TYP_y,HAZ_INV,HAZ_PLAC,HAZ_ID,TRAV_SP,UNDEROVERRIDE,ROLLOVER,ROLINLOC,IMPACT1,DEFORMED,M_HARM,FIRE_EXP,DR_DRINK,DR_PRES,L_STATE,DR_ZIP,L_TYPE,L_STATUS,L_COMPL,L_COMPLNAME,L_RESTRI,DR_HGT,DR_WGT,PREV_DWI,PREV_SPD,PREV_OTH,FIRST_MO,FIRST_MONAME,FIRST_YR,LAST_MO,LAST_YR,SPEEDREL,VTRAFWAY,VNUM_LAN,VSPD_LIM,VALIGN,VPROFILE,VPAVETYP,VSURCOND,VTRAFCON,P_CRASH1,P_CRASH2,P_CRASH3,PCRASH4,PCRASH5,ACC_CONFIG,STATE,RACE,ORDER,MULTRACE,CASENUM,HARM_EV,DAY_WEEK,MONTH,MAXSEV_IM,WEATHR_IM,PER_NO_y,BODY_TYP,AGE_IM,SEX_IM,INJSEV_IM,PER_TYP_y,AIR_BAG_y,EJECT_IM,MAKE,VEH_NO_y,DRIMPAIR_y
550044,1,9,99.0,0.0,1.0,9018.0,-99.0,55.0,25.0,34.0,20.0,4.0,25.0,1.0,1.0,4.0,20.0,7.0,20.0,1.0,1.0,266.0,7.0,55.0,1.0,34.0,1.0,0.0,2G1WT57K0912,2009.0,467.0,1833.0,13.0,20.0,Chevrolet,2.0,4.0,1.0,0.0,0.0,55.0,7.0,3.0,5.0,98.0,6.0,1.0,0.0,1.0,1.0,55.0,53719.0,1.0,2.0,2.0,No valid license for this class vehicle,0.0,71.0,160.0,2.0,3.0,6.0,8.0,August,2020.0,9.0,2022.0,0.0,1.0,2.0,55.0,3.0,5.0,2.0,1.0,0.0,14.0,12.0,99.0,9.0,4.0,102.0,55.0,1.0,1.0,0.0,202304893516.0,12.0,2.0,4.0,2.0,1.0,1.0,4.0,87.0,2.0,2.0,1.0,1.0,0.0,20.0,2.0,99.0
550050,1,9,93.0,0.0,1.0,2997.0,-99.0,55.0,25.0,12.0,49.0,14.0,52.0,2.0,1.0,4.0,20.0,7.0,8.0,0.0,0.0,995.0,7.0,55.0,3.0,12.0,1.0,0.0,2T3W1RFV2LC0,2020.0,448.0,2217.0,7.0,49.0,Toyota,402.0,14.0,1.0,0.0,0.0,998.0,8.0,0.0,0.0,12.0,6.0,12.0,0.0,0.0,1.0,55.0,53590.0,1.0,6.0,3.0,Valid license for this class vehicle,0.0,67.0,180.0,0.0,0.0,0.0,0.0,No Record,0.0,0.0,0.0,0.0,3.0,4.0,70.0,1.0,8.0,1.0,1.0,0.0,1.0,51.0,99.0,1.0,1.0,202.0,55.0,2.0,1.0,0.0,202304781100.0,12.0,7.0,1.0,4.0,10.0,1.0,14.0,52.0,2.0,4.0,1.0,9.0,0.0,49.0,1.0,96.0
550051,2,10,99.0,0.0,1.0,0.0,-99.0,55.0,87.0,12.0,12.0,67.0,45.0,1.0,1.0,4.0,20.0,7.0,1.0,2.0,1.0,995.0,7.0,55.0,2.0,12.0,1.0,0.0,1FTWW31P87EA,2007.0,460.0,1806.0,60.0,12.0,Ford,880.0,67.0,1.0,0.0,0.0,60.0,8.0,0.0,0.0,12.0,6.0,12.0,0.0,1.0,1.0,55.0,54922.0,1.0,6.0,3.0,Valid license for this class vehicle,0.0,71.0,200.0,0.0,0.0,0.0,0.0,No Record,0.0,0.0,0.0,0.0,1.0,2.0,55.0,1.0,1.0,2.0,1.0,0.0,1.0,66.0,99.0,1.0,1.0,501.0,55.0,1.0,1.0,0.0,202304825049.0,12.0,4.0,3.0,0.0,10.0,1.0,67.0,20.0,1.0,0.0,1.0,20.0,0.0,12.0,1.0,0.0
550058,1,99,99.0,0.0,1.0,9999.0,-99.0,55.0,25.0,33.0,12.0,4.0,43.0,2.0,1.0,4.0,3.0,0.0,20.0,0.0,0.0,995.0,7.0,55.0,1.0,33.0,3.0,0.0,1FAHP2F8XDG1,2013.0,460.0,1782.0,13.0,12.0,Ford,17.0,4.0,1.0,0.0,0.0,45.0,7.0,0.0,0.0,12.0,6.0,42.0,0.0,0.0,1.0,55.0,53711.0,1.0,1.0,2.0,No valid license for this class vehicle,9.0,61.0,200.0,0.0,0.0,3.0,7.0,July,2021.0,9.0,2022.0,3.0,1.0,2.0,30.0,1.0,6.0,1.0,1.0,0.0,1.0,13.0,6.0,1.0,4.0,101.0,55.0,2.0,1.0,0.0,202305463673.0,8.0,2.0,11.0,2.0,1.0,1.0,4.0,20.0,1.0,0.0,1.0,20.0,0.0,12.0,1.0,0.0
550059,1,0,0.0,36.0,1.0,0.0,-99.0,55.0,79.0,12.0,35.0,4.0,44.0,1.0,1.0,0.0,3.0,0.0,3.0,0.0,0.0,996.0,0.0,55.0,3.0,12.0,1.0,0.0,1N4BL4DV3NN3,2022.0,478.0,1904.0,13.0,35.0,Nissan/Datsun,47.0,4.0,1.0,0.0,0.0,88.0,8.0,0.0,0.0,12.0,4.0,12.0,0.0,0.0,1.0,55.0,53208.0,0.0,0.0,0.0,Not licensed,0.0,72.0,160.0,0.0,1.0,1.0,4.0,April,2021.0,4.0,2021.0,3.0,2.0,2.0,35.0,1.0,1.0,1.0,2.0,3.0,1.0,17.0,1.0,1.0,1.0,998.0,55.0,0.0,1.0,0.0,202304908816.0,12.0,1.0,2.0,3.0,1.0,1.0,4.0,26.0,1.0,3.0,1.0,8.0,0.0,35.0,1.0,0.0
550059,2,0,0.0,0.0,1.0,0.0,-99.0,55.0,79.0,12.0,35.0,6.0,36.0,1.0,1.0,0.0,3.0,0.0,3.0,0.0,0.0,996.0,0.0,55.0,3.0,12.0,2.0,0.0,5N1AT2MV1HC8,2017.0,478.0,1913.0,8.0,35.0,Nissan/Datsun,51.0,6.0,1.0,0.0,0.0,10.0,8.0,0.0,0.0,1.0,4.0,12.0,0.0,0.0,1.0,55.0,53204.0,0.0,0.0,0.0,Not licensed,0.0,999.0,999.0,0.0,0.0,0.0,0.0,No Record,0.0,0.0,0.0,0.0,2.0,2.0,35.0,1.0,1.0,1.0,2.0,3.0,11.0,15.0,1.0,1.0,1.0,401.0,55.0,0.0,1.0,0.0,202305239752.0,9.0,6.0,9.0,2.0,1.0,1.0,6.0,50.0,2.0,0.0,1.0,20.0,0.0,35.0,1.0,0.0
550060,1,99,99.0,0.0,1.0,0.0,-99.0,55.0,95.0,1.0,18.0,4.0,49.0,2.0,1.0,4.0,20.0,7.0,20.0,1.0,0.0,995.0,7.0,55.0,1.0,1.0,1.0,0.0,1G4HR54K71U2,2001.0,468.0,8842.0,13.0,18.0,Buick / Opel,2.0,4.0,1.0,0.0,0.0,998.0,7.0,3.0,5.0,0.0,6.0,1.0,0.0,0.0,1.0,55.0,54017.0,1.0,6.0,3.0,Valid license for this class vehicle,0.0,61.0,125.0,0.0,0.0,0.0,0.0,No Record,0.0,0.0,0.0,4.0,1.0,2.0,55.0,1.0,1.0,2.0,4.0,0.0,1.0,6.0,99.0,9.0,4.0,102.0,55.0,1.0,1.0,0.0,202305189852.0,12.0,5.0,8.0,0.0,1.0,1.0,4.0,62.0,1.0,0.0,1.0,20.0,0.0,18.0,1.0,0.0
550082,1,99,99.0,0.0,1.0,0.0,-99.0,55.0,133.0,42.0,12.0,34.0,62.0,1.0,1.0,4.0,3.0,0.0,8.0,0.0,0.0,995.0,7.0,55.0,1.0,42.0,1.0,0.0,1FTEW1EF6GKE,2016.0,460.0,1801.0,60.0,12.0,Ford,481.0,34.0,1.0,0.0,0.0,60.0,7.0,0.0,0.0,61.0,6.0,42.0,1.0,0.0,1.0,55.0,53590.0,1.0,6.0,3.0,Valid license for this class vehicle,0.0,69.0,205.0,0.0,0.0,0.0,0.0,No Record,0.0,0.0,0.0,0.0,1.0,2.0,50.0,1.0,5.0,2.0,1.0,0.0,1.0,12.0,99.0,9.0,4.0,102.0,55.0,1.0,1.0,0.0,202305082243.0,12.0,5.0,7.0,0.0,10.0,1.0,34.0,20.0,1.0,0.0,1.0,20.0,0.0,12.0,2.0,0.0
550085,2,0,0.0,38.0,1.0,9999.0,-99.0,55.0,133.0,12.0,49.0,4.0,41.0,2.0,1.0,2.0,3.0,0.0,8.0,0.0,0.0,995.0,0.0,55.0,3.0,12.0,2.0,0.0,1NXBU4EE9AZ2,2010.0,448.0,2208.0,13.0,49.0,Toyota,32.0,4.0,1.0,0.0,0.0,10.0,8.0,0.0,0.0,2.0,6.0,12.0,0.0,0.0,1.0,55.0,53189.0,1.0,6.0,3.0,Valid license for this class vehicle,0.0,66.0,125.0,0.0,0.0,0.0,6.0,June,2021.0,6.0,2021.0,0.0,2.0,2.0,45.0,1.0,1.0,1.0,1.0,3.0,11.0,15.0,1.0,1.0,1.0,401.0,55.0,0.0,1.0,0.0,202304938591.0,12.0,5.0,4.0,0.0,1.0,1.0,4.0,50.0,1.0,0.0,1.0,20.0,0.0,49.0,1.0,98.0
550086,1,0,99.0,36.0,1.0,9999.0,-99.0,55.0,133.0,12.0,35.0,6.0,25.0,1.0,1.0,1.0,3.0,0.0,8.0,0.0,0.0,995.0,0.0,55.0,3.0,12.0,1.0,0.0,5N1AT2MV8JC7,2018.0,478.0,1913.0,8.0,35.0,Nissan/Datsun,51.0,6.0,1.0,0.0,0.0,999.0,8.0,0.0,0.0,12.0,6.0,12.0,0.0,0.0,1.0,55.0,53188.0,1.0,6.0,3.0,Valid license for this class vehicle,0.0,70.0,175.0,0.0,4.0,2.0,8.0,August,2019.0,1.0,2023.0,3.0,2.0,2.0,55.0,1.0,1.0,2.0,1.0,0.0,1.0,64.0,1.0,9.0,1.0,402.0,55.0,0.0,1.0,0.0,202305516684.0,12.0,2.0,12.0,1.0,1.0,1.0,6.0,49.0,2.0,1.0,1.0,20.0,0.0,35.0,2.0,98.0
550088,1,10,99.0,6.0,1.0,0.0,-99.0,55.0,25.0,42.0,37.0,4.0,26.0,1.0,1.0,4.0,3.0,0.0,8.0,0.0,1.0,995.0,7.0,55.0,1.0,42.0,1.0,0.0,19XFC2F50JE0,2018.0,474.0,1863.0,13.0,37.0,Honda,31.0,4.0,1.0,0.0,0.0,70.0,7.0,0.0,0.0,12.0,6.0,42.0,0.0,1.0,1.0,55.0,53575.0,1.0,6.0,3.0,Valid license for this class vehicle,3.0,76.0,175.0,0.0,0.0,5.0,6.0,June,2020.0,1.0,2023.0,0.0,2.0,2.0,70.0,2.0,1.0,2.0,99.0,0.0,14.0,6.0,1.0,3.0,4.0,102.0,55.0,1.0,1.0,0.0,202304820133.0,33.0,3.0,3.0,0.0,1.0,1.0,4.0,22.0,1.0,0.0,1.0,1.0,0.0,37.0,1.0,9.0
550091,1,10,0.0,58.0,1.0,0.0,-99.0,55.0,49.0,12.0,52.0,4.0,35.0,1.0,1.0,4.0,20.0,7.0,8.0,0.0,0.0,995.0,7.0,55.0,2.0,12.0,1.0,0.0,ML32F3FJ1HHF,2017.0,481.0,13842.0,13.0,52.0,Mitsubishi,48.0,4.0,1.0,0.0,0.0,70.0,8.0,0.0,0.0,12.0,6.0,12.0,0.0,0.0,1.0,55.0,53503.0,1.0,6.0,3.0,Valid license for this class vehicle,3.0,75.0,180.0,0.0,0.0,1.0,11.0,November,2020.0,11.0,2020.0,0.0,1.0,2.0,55.0,1.0,1.0,2.0,1.0,0.0,1.0,10.0,7.0,9.0,2.0,301.0,55.0,1.0,1.0,0.0,202304859989.0,12.0,6.0,4.0,4.0,1.0,1.0,4.0,35.0,1.0,4.0,1.0,9.0,0.0,52.0,1.0,96.0
550091,2,0,0.0,0.0,1.0,0.0,-99.0,55.0,49.0,12.0,12.0,34.0,19.0,1.0,1.0,3.0,3.0,0.0,8.0,0.0,0.0,996.0,0.0,55.0,2.0,12.0,1.0,0.0,1FTFW1ET3DKG,2013.0,460.0,1801.0,60.0,12.0,Ford,481.0,34.0,1.0,0.0,0.0,55.0,8.0,0.0,0.0,12.0,6.0,12.0,0.0,0.0,1.0,55.0,53588.0,1.0,6.0,3.0,Valid license for this class vehicle,0.0,76.0,250.0,0.0,2.0,0.0,12.0,December,2021.0,1.0,2022.0,0.0,1.0,2.0,55.0,1.0,1.0,2.0,1.0,0.0,1.0,62.0,16.0,1.0,1.0,302.0,55.0,0.0,1.0,0.0,202304859989.0,12.0,6.0,4.0,4.0,1.0,1.0,34.0,19.0,1.0,3.0,1.0,9.0,0.0,12.0,2.0,0.0
550097,1,99,99.0,58.0,1.0,0.0,-99.0,55.0,127.0,34.0,37.0,14.0,61.0,1.0,1.0,4.0,20.0,7.0,1.0,1.0,0.0,995.0,7.0,55.0,1.0,34.0,1.0,0.0,5J6RM3H70CL0,2012.0,474.0,1865.0,7.0,37.0,Honda,402.0,14.0,1.0,0.0,0.0,70.0,7.0,3.0,3.0,98.0,6.0,1.0,0.0,0.0,1.0,55.0,53189.0,1.0,6.0,3.0,Valid license for this class vehicle,0.0,70.0,225.0,0.0,0.0,1.0,7.0,July,2020.0,7.0,2020.0,0.0,2.0,2.0,70.0,1.0,1.0,2.0,1.0,0.0,1.0,13.0,6.0,9.0,4.0,101.0,55.0,1.0,1.0,0.0,202305029792.0,12.0,7.0,6.0,0.0,1.0,1.0,14.0,28.0,2.0,0.0,1.0,20.0,0.0,37.0,2.0,0.0
550107,1,99,0.0,87.0,1.0,0.0,-99.0,55.0,59.0,1.0,72.0,80.0,54.0,1.0,1.0,4.0,20.0,7.0,20.0,8.0,1.0,995.0,7.0,55.0,1.0,1.0,2.0,0.0,1HD1KBM10DB6,2013.0,3888.0,8515.0,81.0,72.0,Harley-Davidson,706.0,80.0,1.0,0.0,0.0,50.0,7.0,8.0,8.0,0.0,6.0,1.0,0.0,1.0,1.0,17.0,60089.0,1.0,6.0,3.0,Valid license for this class vehicle,0.0,72.0,190.0,0.0,0.0,0.0,0.0,No Record,0.0,0.0,0.0,4.0,1.0,2.0,98.0,3.0,5.0,2.0,2.0,0.0,14.0,6.0,8.0,9.0,1.0,998.0,55.0,1.0,1.0,0.0,202305091706.0,25.0,1.0,7.0,3.0,1.0,1.0,80.0,27.0,1.0,3.0,1.0,20.0,8.0,72.0,1.0,98.0
550109,1,99,0.0,36.0,1.0,9999.0,-99.0,55.0,79.0,12.0,20.0,4.0,33.0,1.0,1.0,3.0,20.0,7.0,1.0,0.0,0.0,995.0,0.0,55.0,2.0,12.0,1.0,0.0,1G11C5SA7DF2,2013.0,467.0,1834.0,13.0,20.0,Chevrolet,37.0,4.0,1.0,0.0,0.0,83.0,8.0,0.0,0.0,8.0,6.0,12.0,0.0,0.0,1.0,55.0,53224.0,1.0,1.0,2.0,No valid license for this class vehicle,0.0,66.0,256.0,0.0,1.0,0.0,3.0,March,2021.0,5.0,2021.0,3.0,2.0,2.0,35.0,1.0,1.0,2.0,1.0,3.0,1.0,17.0,1.0,1.0,1.0,504.0,55.0,0.0,1.0,0.0,202305348862.0,12.0,4.0,10.0,0.0,10.0,1.0,4.0,24.0,1.0,0.0,1.0,20.0,0.0,20.0,4.0,0.0
550111,1,9,99.0,51.0,1.0,1997.0,-99.0,55.0,105.0,12.0,7.0,15.0,49.0,1.0,1.0,2.0,3.0,0.0,8.0,0.0,1.0,20.0,0.0,55.0,2.0,12.0,1.0,0.0,1C4RDJDG5LC2,2020.0,476.0,3508.0,7.0,7.0,Dodge,422.0,15.0,1.0,0.0,0.0,60.0,8.0,0.0,0.0,12.0,6.0,12.0,0.0,1.0,1.0,55.0,53548.0,1.0,6.0,3.0,Valid license for this class vehicle,1.0,72.0,325.0,0.0,0.0,2.0,1.0,January,2020.0,2.0,2023.0,0.0,1.0,2.0,55.0,1.0,1.0,2.0,1.0,0.0,1.0,10.0,1.0,1.0,2.0,301.0,55.0,0.0,1.0,0.0,202304894300.0,12.0,4.0,4.0,0.0,2.0,1.0,15.0,34.0,2.0,0.0,1.0,20.0,0.0,7.0,3.0,0.0
550115,1,99,99.0,87.0,1.0,0.0,-99.0,55.0,21.0,12.0,12.0,3.0,73.0,1.0,1.0,4.0,3.0,0.0,1.0,0.0,0.0,995.0,7.0,55.0,2.0,12.0,1.0,0.0,KNJLT05H0V62,1997.0,460.0,6703.0,5.0,12.0,Ford,36.0,3.0,1.0,0.0,0.0,55.0,8.0,0.0,0.0,3.0,6.0,12.0,0.0,0.0,1.0,55.0,53955.0,1.0,6.0,3.0,Valid license for this class vehicle,3.0,67.0,210.0,0.0,0.0,0.0,0.0,No Record,0.0,0.0,0.0,0.0,1.0,2.0,55.0,1.0,6.0,2.0,4.0,0.0,1.0,10.0,99.0,9.0,2.0,301.0,55.0,1.0,1.0,0.0,202304889401.0,12.0,4.0,4.0,4.0,3.0,1.0,3.0,73.0,1.0,4.0,1.0,1.0,0.0,12.0,1.0,99.0
550115,2,99,99.0,87.0,1.0,0.0,-99.0,55.0,21.0,12.0,23.0,14.0,85.0,1.0,1.0,3.0,3.0,0.0,8.0,0.0,0.0,996.0,0.0,55.0,2.0,12.0,2.0,0.0,3GKALTEV2LL1,2020.0,472.0,1858.0,7.0,23.0,GMC,402.0,14.0,1.0,0.0,0.0,55.0,8.0,0.0,0.0,12.0,6.0,12.0,0.0,0.0,1.0,55.0,53597.0,1.0,6.0,3.0,Valid license for this class vehicle,3.0,70.0,210.0,0.0,0.0,0.0,0.0,No Record,0.0,0.0,0.0,0.0,1.0,2.0,55.0,1.0,5.0,2.0,4.0,0.0,1.0,62.0,99.0,9.0,1.0,302.0,55.0,0.0,1.0,0.0,202304889401.0,12.0,4.0,4.0,4.0,3.0,1.0,14.0,85.0,1.0,3.0,1.0,9.0,0.0,23.0,2.0,99.0
550117,1,99,0.0,104.0,1.0,0.0,-99.0,55.0,55.0,35.0,49.0,3.0,16.0,1.0,1.0,3.0,3.0,0.0,20.0,0.0,0.0,996.0,0.0,55.0,1.0,35.0,3.0,0.0,JTKDE177X600,2006.0,448.0,2207.0,5.0,49.0,Toyota,50.0,3.0,1.0,0.0,0.0,87.0,7.0,3.0,6.0,98.0,6.0,1.0,0.0,0.0,1.0,55.0,53538.0,0.0,0.0,0.0,Not licensed,0.0,999.0,999.0,0.0,0.0,0.0,0.0,No Record,0.0,0.0,0.0,3.0,1.0,2.0,55.0,1.0,6.0,1.0,1.0,0.0,6.0,6.0,7.0,4.0,4.0,102.0,55.0,0.0,1.0,0.0,202305136328.0,12.0,3.0,7.0,0.0,1.0,1.0,3.0,23.0,1.0,0.0,1.0,20.0,0.0,49.0,2.0,98.0
550120,1,99,99.0,36.0,1.0,0.0,-99.0,55.0,79.0,12.0,7.0,4.0,998.0,9.0,1.0,0.0,99.0,7.0,20.0,0.0,9.0,996.0,0.0,55.0,2.0,12.0,99.0,1.0,2C3CDXL92MH5,2021.0,476.0,1895.0,13.0,7.0,Dodge,24.0,4.0,1.0,0.0,0.0,999.0,8.0,0.0,0.0,12.0,6.0,12.0,0.0,0.0,1.0,99.0,99999.0,9.0,9.0,9.0,Unknown,9.0,999.0,999.0,99.0,99.0,99.0,99.0,Unknown,9999.0,99.0,9999.0,0.0,2.0,3.0,35.0,1.0,1.0,2.0,1.0,4.0,1.0,66.0,1.0,1.0,1.0,503.0,55.0,0.0,1.0,0.0,202304995850.0,12.0,1.0,4.0,3.0,1.0,1.0,4.0,44.0,1.0,3.0,1.0,8.0,0.0,7.0,1.0,0.0
550123,1,99,99.0,39.0,1.0,0.0,-99.0,55.0,19.0,10.0,20.0,34.0,74.0,1.0,1.0,4.0,20.0,7.0,8.0,0.0,0.0,995.0,7.0,55.0,1.0,10.0,1.0,0.0,3GCPKSE31BG2,2011.0,467.0,1850.0,60.0,20.0,Chevrolet,481.0,34.0,1.0,0.0,0.0,20.0,7.0,0.0,0.0,10.0,6.0,10.0,0.0,0.0,1.0,55.0,54479.0,1.0,6.0,3.0,Valid license for this class vehicle,0.0,71.0,340.0,0.0,0.0,0.0,0.0,No Record,0.0,0.0,0.0,0.0,1.0,2.0,55.0,1.0,3.0,2.0,1.0,65.0,1.0,90.0,1.0,1.0,1.0,103.0,55.0,1.0,1.0,0.0,202305167722.0,12.0,4.0,7.0,1.0,1.0,1.0,34.0,29.0,1.0,0.0,1.0,20.0,0.0,20.0,1.0,0.0
550124,1,99,92.0,51.0,1.0,0.0,-99.0,55.0,35.0,12.0,49.0,4.0,44.0,2.0,1.0,4.0,3.0,0.0,1.0,0.0,0.0,995.0,7.0,55.0,2.0,12.0,1.0,0.0,1NXBR32E26Z6,2006.0,448.0,2208.0,13.0,49.0,Toyota,32.0,4.0,1.0,0.0,0.0,55.0,8.0,0.0,0.0,12.0,6.0,12.0,0.0,0.0,1.0,55.0,54703.0,1.0,6.0,3.0,Valid license for this class vehicle,0.0,69.0,200.0,0.0,0.0,0.0,0.0,No Record,0.0,0.0,0.0,0.0,1.0,2.0,55.0,2.0,1.0,2.0,1.0,0.0,6.0,54.0,1.0,9.0,2.0,301.0,55.0,3.0,1.0,0.0,202304697611.0,12.0,4.0,1.0,0.0,1.0,1.0,4.0,55.0,1.0,0.0,1.0,20.0,0.0,49.0,1.0,0.0
550126,1,99,0.0,83.0,1.0,0.0,-99.0,55.0,49.0,11.0,72.0,80.0,37.0,1.0,1.0,4.0,20.0,7.0,20.0,8.0,0.0,995.0,7.0,55.0,1.0,11.0,1.0,0.0,1HD1FWM13CB6,2012.0,3888.0,11326.0,81.0,72.0,Harley-Davidson,706.0,80.0,1.0,0.0,0.0,65.0,7.0,8.0,8.0,12.0,6.0,11.0,0.0,0.0,1.0,55.0,53533.0,1.0,6.0,3.0,Valid license for this class vehicle,3.0,76.0,380.0,0.0,1.0,2.0,6.0,June,2020.0,1.0,2023.0,0.0,6.0,1.0,65.0,1.0,6.0,1.0,1.0,0.0,1.0,87.0,16.0,2.0,1.0,103.0,55.0,1.0,1.0,0.0,202304908991.0,11.0,5.0,5.0,4.0,1.0,1.0,80.0,37.0,1.0,4.0,1.0,20.0,8.0,72.0,1.0,99.0
550127,1,96,99.0,51.0,1.0,0.0,-99.0,55.0,127.0,12.0,35.0,6.0,67.0,1.0,1.0,4.0,20.0,7.0,8.0,0.0,0.0,995.0,7.0,55.0,2.0,12.0,1.0,0.0,KNMAT2MV0FP5,2015.0,478.0,1913.0,8.0,35.0,Nissan/Datsun,51.0,6.0,1.0,0.0,0.0,45.0,8.0,0.0,0.0,12.0,6.0,12.0,0.0,0.0,1.0,55.0,53120.0,1.0,6.0,3.0,Valid license for this class vehicle,3.0,67.0,155.0,0.0,0.0,0.0,0.0,No Record,0.0,0.0,0.0,0.0,1.0,2.0,45.0,2.0,6.0,2.0,1.0,0.0,14.0,54.0,1.0,1.0,1.0,301.0,55.0,1.0,1.0,0.0,202304822667.0,12.0,7.0,3.0,0.0,1.0,1.0,6.0,44.0,2.0,0.0,1.0,20.0,0.0,35.0,2.0,0.0
550130,2,0,99.0,0.0,1.0,0.0,-99.0,55.0,31.0,12.0,51.0,66.0,21.0,1.0,1.0,0.0,3.0,0.0,20.0,0.0,0.0,996.0,0.0,55.0,2.0,12.0,1.0,0.0,4V4NC9EH5PN3,2023.0,487.0,1967.0,66.0,51.0,Volvo,881.0,66.0,1.0,0.0,0.0,35.0,8.0,0.0,0.0,6.0,4.0,12.0,0.0,0.0,1.0,95.0,0.0,9.0,9.0,9.0,Unknown,9.0,999.0,999.0,99.0,99.0,99.0,99.0,Unknown,9999.0,99.0,9999.0,0.0,5.0,5.0,35.0,1.0,1.0,2.0,2.0,0.0,1.0,53.0,1.0,1.0,1.0,201.0,55.0,0.0,1.0,0.0,202305424591.0,34.0,2.0,2.0,0.0,1.0,1.0,66.0,52.0,1.0,0.0,1.0,20.0,0.0,51.0,1.0,0.0
550131,2,0,0.0,36.0,1.0,9999.0,-99.0,55.0,105.0,1.0,72.0,80.0,60.0,1.0,1.0,3.0,20.0,7.0,20.0,8.0,1.0,995.0,0.0,55.0,2.0,1.0,1.0,0.0,1HD1GVW125K3,2005.0,3888.0,11087.0,94.0,72.0,Harley-Davidson,706.0,80.0,1.0,0.0,0.0,45.0,7.0,8.0,8.0,0.0,4.0,1.0,0.0,1.0,1.0,55.0,53546.0,1.0,1.0,2.0,No valid license for this class vehicle,0.0,69.0,230.0,0.0,0.0,0.0,0.0,No Record,0.0,0.0,0.0,0.0,1.0,3.0,35.0,1.0,1.0,1.0,1.0,0.0,1.0,52.0,16.0,9.0,3.0,998.0,55.0,0.0,1.0,0.0,202305283849.0,18.0,3.0,9.0,3.0,1.0,1.0,80.0,62.0,1.0,3.0,1.0,20.0,8.0,72.0,1.0,98.0
550137,1,0,99.0,38.0,1.0,9999.0,-99.0,55.0,27.0,12.0,14.0,4.0,83.0,1.0,1.0,4.0,3.0,0.0,8.0,0.0,0.0,0.0,7.0,55.0,2.0,12.0,2.0,0.0,1MEHM42W38G6,2008.0,465.0,2365.0,13.0,14.0,Mercury,17.0,4.0,1.0,0.0,0.0,10.0,8.0,0.0,0.0,9.0,6.0,12.0,0.0,0.0,1.0,55.0,53916.0,1.0,6.0,3.0,Valid license for this class vehicle,0.0,70.0,323.0,0.0,0.0,0.0,0.0,No Record,0.0,0.0,0.0,0.0,1.0,2.0,55.0,1.0,1.0,1.0,1.0,20.0,4.0,17.0,1.0,1.0,1.0,504.0,55.0,1.0,1.0,0.0,202305509690.0,12.0,6.0,12.0,1.0,1.0,1.0,4.0,28.0,2.0,1.0,1.0,20.0,0.0,14.0,2.0,0.0
550138,1,9,0.0,74.0,1.0,9999.0,-99.0,55.0,25.0,42.0,24.0,17.0,64.0,1.0,1.0,4.0,3.0,0.0,1.0,0.0,1.0,995.0,7.0,55.0,1.0,42.0,1.0,0.0,1G8AW12F65Z1,2005.0,1056.0,4781.0,3.0,24.0,Saturn,7.0,17.0,1.0,0.0,0.0,30.0,7.0,0.0,0.0,12.0,6.0,42.0,0.0,1.0,1.0,55.0,53713.0,1.0,6.0,3.0,Valid license for this class vehicle,2.0,72.0,180.0,0.0,0.0,1.0,5.0,May,2019.0,5.0,2019.0,0.0,1.0,2.0,25.0,2.0,1.0,2.0,1.0,0.0,14.0,12.0,1.0,9.0,4.0,102.0,55.0,1.0,1.0,0.0,202304898654.0,42.0,3.0,4.0,4.0,1.0,1.0,17.0,64.0,1.0,4.0,1.0,1.0,0.0,24.0,1.0,9.0
550139,2,0,0.0,26.0,1.0,0.0,-99.0,55.0,131.0,12.0,49.0,4.0,34.0,1.0,1.0,0.0,3.0,0.0,1.0,0.0,0.0,0.0,0.0,55.0,3.0,12.0,1.0,0.0,1NXBR32E08Z0,2008.0,448.0,2208.0,13.0,49.0,Toyota,32.0,4.0,1.0,0.0,0.0,60.0,8.0,0.0,0.0,12.0,6.0,12.0,0.0,0.0,1.0,55.0,53002.0,1.0,6.0,3.0,Valid license for this class vehicle,3.0,67.0,165.0,0.0,0.0,0.0,0.0,No Record,0.0,0.0,0.0,0.0,1.0,2.0,55.0,1.0,6.0,2.0,1.0,0.0,1.0,50.0,1.0,1.0,1.0,202.0,55.0,0.0,1.0,0.0,202304858163.0,12.0,3.0,3.0,0.0,1.0,1.0,4.0,35.0,1.0,0.0,1.0,20.0,0.0,49.0,2.0,0.0