ST_CASE,VEH_NO_x,DRIMPAIR_x,DRDISTRACT,DRIVERRF,PER_NO_x,DRUGRES,DRUGACTQTY,STATE_x,COUNTY,HARM_EV_x,MAKE_x,BODY_TYP_x,AGE,SEX,PER_TYP_x,INJ_SEV,REST_USE,REST_MIS,AIR_BAG_x,EJECTION,DRINKING,ALC_RES,HISPANIC,STATE_y,VE_FORMS,HARM_EV_y,NUMOCCS,HIT_RUN,VIN,MOD_YEAR,VPICMAKE,VPICMODEL,VPICBODYCLASS,MAKE_y,MAKENAME,MODEL,BODY_TYP_y,HAZ_INV,HAZ_PLAC,HAZ_ID,TRAV_SP,UNDEROVERRIDE,ROLLOVER,ROLINLOC,IMPACT1,DEFORMED,M_HARM,FIRE_EXP,DR_DRINK,DR_PRES,L_STATE,DR_ZIP,L_TYPE,L_STATUS,L_COMPL,L_COMPLNAME,L_RESTRI,DR_HGT,DR_WGT,PREV_DWI,PREV_SPD,PREV_OTH,FIRST_MO,FIRST_MONAME,FIRST_YR,LAST_MO,LAST_YR,SPEEDREL,VTRAFWAY,VNUM_LAN,VSPD_LIM,VALIGN,VPROFILE,VPAVETYP,VSURCOND,VTRAFCON,P_CRASH1,P_CRASH2,P_CRASH3,PCRASH4,PCRASH5,ACC_CONFIG,STATE,RACE,ORDER,MULTRACE,CASENUM,HARM_EV,DAY_WEEK,MONTH,MAXSEV_IM,WEATHR_IM,PER_NO_y,BODY_TYP,AGE_IM,SEX_IM,INJSEV_IM,PER_TYP_y,AIR_BAG_y,EJECT_IM,MAKE,VEH_NO_y,DRIMPAIR_y
550340,2,99,99.0,0.0,1.0,0.0,-99.0,55.0,55.0,12.0,13.0,6.0,61.0,2.0,1.0,1.0,3.0,0.0,20.0,0.0,0.0,996.0,0.0,55.0,2.0,12.0,2.0,0.0,2LMDU88C57BJ,2007.0,464.0,1813.0,7.0,13.0,Lincoln,14.0,6.0,1.0,0.0,0.0,10.0,7.0,0.0,0.0,6.0,6.0,12.0,0.0,0.0,1.0,55.0,53094.0,1.0,6.0,3.0,Valid license for this class vehicle,3.0,63.0,235.0,0.0,0.0,0.0,0.0,No Record,0.0,0.0,0.0,0.0,1.0,2.0,55.0,1.0,1.0,2.0,1.0,0.0,11.0,53.0,1.0,9.0,1.0,201.0,55.0,0.0,1.0,0.0,202305403219.0,12.0,2.0,11.0,2.0,1.0,1.0,6.0,83.0,2.0,2.0,1.0,20.0,0.0,13.0,1.0,0.0
550344,1,0,99.0,39.0,1.0,0.0,-99.0,55.0,79.0,12.0,55.0,4.0,16.0,1.0,1.0,3.0,20.0,7.0,8.0,0.0,0.0,996.0,0.0,55.0,2.0,12.0,8.0,0.0,5NPD74LF2KH4,2019.0,498.0,2735.0,13.0,55.0,Hyundai,35.0,4.0,1.0,0.0,0.0,100.0,8.0,0.0,0.0,12.0,6.0,12.0,0.0,0.0,1.0,55.0,53224.0,2.0,1.0,2.0,No valid license for this class vehicle,9.0,68.0,180.0,0.0,0.0,3.0,5.0,May,2022.0,2.0,2023.0,3.0,2.0,4.0,35.0,1.0,1.0,2.0,1.0,3.0,1.0,67.0,99.0,1.0,1.0,415.0,55.0,0.0,1.0,0.0,202305187969.0,12.0,5.0,8.0,2.0,1.0,1.0,4.0,40.0,2.0,2.0,1.0,20.0,0.0,55.0,1.0,0.0
550351,1,96,99.0,36.0,1.0,9999.0,-99.0,55.0,25.0,33.0,72.0,80.0,30.0,1.0,1.0,4.0,20.0,7.0,20.0,8.0,1.0,250.0,1.0,55.0,1.0,33.0,1.0,0.0,1HD1KEF11LB6,2020.0,3888.0,12624.0,81.0,72.0,Harley-Davidson,706.0,80.0,1.0,0.0,0.0,45.0,7.0,8.0,8.0,12.0,6.0,33.0,0.0,1.0,1.0,55.0,53713.0,1.0,6.0,3.0,Valid license for this class vehicle,1.0,74.0,265.0,0.0,2.0,4.0,1.0,January,2020.0,9.0,2022.0,4.0,2.0,2.0,25.0,2.0,1.0,1.0,1.0,0.0,14.0,12.0,99.0,1.0,4.0,102.0,55.0,1.0,1.0,0.0,202305250197.0,33.0,7.0,9.0,4.0,1.0,1.0,80.0,30.0,1.0,4.0,1.0,20.0,8.0,72.0,1.0,96.0
550361,2,96,99.0,0.0,1.0,9995.0,-99.0,55.0,95.0,12.0,49.0,4.0,79.0,1.0,1.0,4.0,3.0,0.0,9.0,0.0,0.0,995.0,7.0,55.0,3.0,12.0,3.0,0.0,4T1BK1EB9GU2,2016.0,448.0,2465.0,13.0,49.0,Toyota,43.0,4.0,1.0,0.0,0.0,998.0,8.0,0.0,0.0,12.0,6.0,12.0,0.0,0.0,1.0,55.0,54868.0,1.0,6.0,3.0,Valid license for this class vehicle,0.0,69.0,200.0,0.0,0.0,0.0,0.0,No Record,0.0,0.0,0.0,0.0,1.0,2.0,55.0,1.0,1.0,2.0,1.0,0.0,1.0,54.0,1.0,1.0,1.0,302.0,55.0,1.0,1.0,0.0,202304834710.0,12.0,6.0,2.0,0.0,1.0,1.0,4.0,63.0,1.0,0.0,1.0,20.0,0.0,49.0,2.0,0.0
550364,1,96,99.0,0.0,1.0,9999.0,-99.0,55.0,109.0,12.0,20.0,4.0,54.0,1.0,1.0,4.0,20.0,7.0,8.0,2.0,0.0,995.0,7.0,55.0,2.0,12.0,1.0,0.0,2G1WT58K9792,2007.0,467.0,1833.0,13.0,20.0,Chevrolet,2.0,4.0,1.0,0.0,0.0,60.0,8.0,3.0,5.0,11.0,6.0,12.0,0.0,0.0,1.0,55.0,54761.0,1.0,6.0,3.0,Valid license for this class vehicle,0.0,70.0,220.0,0.0,0.0,6.0,11.0,November,2020.0,6.0,2023.0,0.0,1.0,2.0,55.0,1.0,1.0,2.0,1.0,0.0,1.0,65.0,1.0,1.0,1.0,409.0,55.0,1.0,1.0,0.0,202305088222.0,12.0,7.0,7.0,0.0,1.0,1.0,4.0,49.0,2.0,0.0,1.0,20.0,0.0,20.0,2.0,0.0
550366,3,0,0.0,0.0,1.0,0.0,-99.0,55.0,87.0,12.0,20.0,34.0,60.0,1.0,1.0,2.0,3.0,0.0,2.0,0.0,0.0,996.0,0.0,55.0,3.0,12.0,1.0,0.0,1GCVKREC3GZ2,2016.0,467.0,1850.0,60.0,20.0,Chevrolet,481.0,34.0,1.0,0.0,0.0,0.0,8.0,0.0,0.0,12.0,4.0,12.0,0.0,0.0,1.0,55.0,54165.0,1.0,6.0,3.0,Valid license for this class vehicle,3.0,68.0,210.0,0.0,0.0,0.0,0.0,No Record,0.0,0.0,0.0,0.0,1.0,2.0,55.0,1.0,1.0,2.0,1.0,0.0,5.0,62.0,1.0,1.0,1.0,998.0,55.0,0.0,1.0,0.0,202304742700.0,12.0,2.0,1.0,0.0,1.0,1.0,34.0,70.0,1.0,0.0,1.0,20.0,0.0,20.0,1.0,0.0
550370,1,96,99.0,0.0,1.0,0.0,-99.0,55.0,25.0,1.0,20.0,4.0,83.0,2.0,1.0,4.0,3.0,0.0,20.0,0.0,0.0,995.0,7.0,55.0,1.0,1.0,1.0,0.0,2G1WT55K7693,2006.0,467.0,1833.0,13.0,20.0,Chevrolet,2.0,4.0,1.0,0.0,0.0,20.0,7.0,3.0,5.0,0.0,6.0,1.0,0.0,0.0,1.0,55.0,53716.0,1.0,6.0,3.0,Valid license for this class vehicle,0.0,62.0,220.0,0.0,0.0,0.0,0.0,No Record,0.0,0.0,0.0,0.0,1.0,2.0,25.0,1.0,1.0,2.0,1.0,0.0,11.0,8.0,98.0,7.0,4.0,101.0,55.0,1.0,1.0,0.0,202304985333.0,1.0,6.0,5.0,4.0,10.0,1.0,4.0,83.0,2.0,4.0,1.0,20.0,0.0,20.0,1.0,0.0
550381,1,0,0.0,38.0,1.0,1.0,-99.0,55.0,127.0,12.0,49.0,14.0,60.0,1.0,1.0,0.0,3.0,0.0,20.0,0.0,0.0,0.0,0.0,55.0,2.0,12.0,1.0,0.0,2T3RFREV2FW2,2015.0,448.0,2217.0,7.0,49.0,Toyota,402.0,14.0,1.0,0.0,0.0,998.0,7.0,0.0,0.0,11.0,4.0,12.0,0.0,0.0,1.0,55.0,53121.0,1.0,6.0,3.0,Valid license for this class vehicle,3.0,71.0,270.0,0.0,2.0,1.0,6.0,June,2021.0,2.0,2022.0,0.0,6.0,1.0,55.0,1.0,1.0,2.0,1.0,20.0,11.0,15.0,99.0,1.0,1.0,414.0,55.0,0.0,1.0,0.0,202305379369.0,12.0,7.0,8.0,0.0,1.0,1.0,14.0,34.0,1.0,0.0,1.0,20.0,0.0,49.0,2.0,0.0
550384,1,0,0.0,0.0,1.0,9999.0,-99.0,55.0,75.0,12.0,63.0,4.0,30.0,1.0,1.0,3.0,3.0,0.0,8.0,0.0,0.0,995.0,0.0,55.0,2.0,12.0,2.0,0.0,5XXGN4A79FG4,2015.0,499.0,2739.0,13.0,63.0,KIA,34.0,4.0,1.0,0.0,0.0,65.0,8.0,0.0,0.0,1.0,6.0,12.0,0.0,0.0,1.0,12.0,33982.0,1.0,6.0,3.0,Valid license for this class vehicle,0.0,999.0,999.0,0.0,0.0,0.0,0.0,No Record,0.0,0.0,0.0,0.0,2.0,3.0,65.0,1.0,1.0,2.0,1.0,0.0,1.0,67.0,99.0,1.0,1.0,415.0,55.0,0.0,1.0,0.0,202305524301.0,12.0,6.0,12.0,0.0,1.0,1.0,4.0,19.0,2.0,0.0,1.0,20.0,0.0,63.0,2.0,98.0
550388,1,99,99.0,39.0,1.0,0.0,-99.0,55.0,49.0,12.0,12.0,34.0,74.0,1.0,1.0,4.0,20.0,7.0,8.0,0.0,0.0,996.0,7.0,55.0,2.0,12.0,1.0,0.0,1FT7X2B69GEB,2016.0,460.0,1805.0,60.0,12.0,Ford,481.0,34.0,1.0,0.0,0.0,20.0,8.0,3.0,1.0,8.0,6.0,12.0,0.0,0.0,1.0,55.0,53566.0,1.0,6.0,3.0,Valid license for this class vehicle,0.0,73.0,275.0,0.0,0.0,0.0,0.0,No Record,0.0,0.0,0.0,0.0,2.0,3.0,65.0,1.0,1.0,2.0,1.0,20.0,1.0,17.0,1.0,1.0,1.0,504.0,55.0,1.0,1.0,0.0,202305329717.0,12.0,5.0,10.0,4.0,10.0,1.0,34.0,74.0,1.0,4.0,1.0,9.0,0.0,12.0,1.0,99.0
550401,1,99,99.0,28.0,1.0,0.0,-99.0,55.0,49.0,12.0,12.0,21.0,57.0,1.0,1.0,4.0,3.0,0.0,8.0,0.0,0.0,996.0,7.0,55.0,2.0,12.0,1.0,0.0,1FTBR2CG0PKA,2023.0,460.0,3608.0,95.0,12.0,Ford,462.0,21.0,1.0,0.0,0.0,65.0,8.0,0.0,0.0,12.0,6.0,12.0,0.0,0.0,1.0,55.0,53573.0,1.0,6.0,3.0,Valid license for this class vehicle,0.0,73.0,212.0,0.0,0.0,0.0,2.0,February,2023.0,2.0,2023.0,3.0,1.0,2.0,55.0,2.0,1.0,2.0,1.0,0.0,14.0,10.0,1.0,1.0,2.0,301.0,55.0,1.0,1.0,0.0,202305329715.0,12.0,5.0,10.0,4.0,10.0,1.0,21.0,57.0,1.0,4.0,1.0,9.0,0.0,12.0,1.0,99.0
550401,2,0,0.0,0.0,1.0,0.0,-99.0,55.0,49.0,12.0,20.0,34.0,28.0,2.0,1.0,3.0,3.0,0.0,8.0,0.0,0.0,996.0,0.0,55.0,2.0,12.0,1.0,0.0,1GCSKSE37AZ1,2010.0,467.0,1850.0,60.0,20.0,Chevrolet,481.0,34.0,1.0,0.0,0.0,55.0,8.0,0.0,0.0,12.0,6.0,12.0,0.0,0.0,1.0,17.0,61491.0,1.0,6.0,3.0,Valid license for this class vehicle,0.0,999.0,999.0,0.0,0.0,0.0,2.0,February,2023.0,2.0,2023.0,0.0,1.0,2.0,55.0,3.0,1.0,2.0,1.0,0.0,14.0,62.0,7.0,1.0,1.0,302.0,55.0,0.0,1.0,0.0,202305329715.0,12.0,5.0,10.0,4.0,10.0,1.0,34.0,28.0,2.0,3.0,1.0,9.0,0.0,20.0,2.0,0.0
550409,1,96,99.0,36.0,1.0,0.0,-99.0,55.0,17.0,42.0,49.0,14.0,21.0,2.0,1.0,4.0,20.0,7.0,1.0,1.0,0.0,996.0,7.0,55.0,1.0,42.0,1.0,0.0,2T3DK4DV4BW0,2011.0,448.0,2217.0,7.0,49.0,Toyota,402.0,14.0,1.0,0.0,0.0,100.0,7.0,3.0,5.0,12.0,6.0,1.0,0.0,0.0,1.0,55.0,54701.0,1.0,6.0,3.0,Valid license for this class vehicle,1.0,62.0,130.0,0.0,0.0,0.0,0.0,No Record,0.0,0.0,0.0,3.0,1.0,2.0,45.0,2.0,1.0,1.0,1.0,0.0,14.0,6.0,99.0,2.0,4.0,102.0,55.0,1.0,1.0,0.0,202304766429.0,33.0,4.0,2.0,0.0,1.0,1.0,14.0,56.0,1.0,0.0,1.0,20.0,0.0,49.0,1.0,0.0
550410,1,0,99.0,79.0,1.0,0.0,-99.0,55.0,133.0,5.0,72.0,80.0,44.0,1.0,1.0,4.0,20.0,7.0,20.0,8.0,0.0,995.0,7.0,55.0,1.0,5.0,1.0,0.0,1HD1BXB161Y0,2001.0,3888.0,27711.0,82.0,72.0,Harley-Davidson,706.0,80.0,1.0,0.0,0.0,35.0,7.0,8.0,8.0,0.0,4.0,1.0,0.0,0.0,1.0,4.0,53066.0,1.0,6.0,3.0,Valid license for this class vehicle,0.0,75.0,400.0,0.0,0.0,0.0,0.0,No Record,0.0,0.0,0.0,0.0,1.0,2.0,35.0,3.0,1.0,2.0,1.0,0.0,14.0,8.0,16.0,9.0,1.0,0.0,55.0,1.0,1.0,0.0,202305109614.0,1.0,1.0,7.0,2.0,1.0,1.0,80.0,52.0,1.0,2.0,1.0,20.0,8.0,72.0,1.0,98.0
550413,1,99,99.0,36.0,1.0,0.0,-99.0,55.0,109.0,12.0,51.0,66.0,76.0,1.0,1.0,4.0,99.0,7.0,99.0,0.0,0.0,996.0,7.0,55.0,7.0,12.0,1.0,0.0,4V4NC9EH6DN1,2013.0,487.0,1967.0,66.0,51.0,Volvo,881.0,66.0,1.0,0.0,0.0,70.0,8.0,0.0,0.0,12.0,6.0,12.0,1.0,0.0,1.0,17.0,60074.0,1.0,6.0,3.0,Valid license for this class vehicle,0.0,999.0,999.0,0.0,0.0,0.0,0.0,No Record,0.0,0.0,0.0,0.0,3.0,2.0,70.0,1.0,1.0,1.0,1.0,0.0,2.0,52.0,1.0,1.0,1.0,202.0,55.0,1.0,1.0,0.0,202305338824.0,12.0,2.0,8.0,0.0,1.0,1.0,66.0,41.0,1.0,0.0,1.0,20.0,0.0,51.0,2.0,0.0
550417,1,0,0.0,38.0,1.0,0.0,-99.0,55.0,25.0,12.0,49.0,14.0,46.0,2.0,1.0,0.0,3.0,0.0,20.0,0.0,0.0,996.0,0.0,55.0,2.0,12.0,1.0,0.0,2T3RFREV1GW4,2016.0,448.0,2217.0,7.0,49.0,Toyota,402.0,14.0,1.0,0.0,0.0,999.0,0.0,0.0,0.0,5.0,6.0,12.0,0.0,0.0,1.0,55.0,53575.0,1.0,6.0,3.0,Valid license for this class vehicle,0.0,66.0,175.0,0.0,0.0,0.0,0.0,No Record,0.0,0.0,0.0,0.0,1.0,2.0,55.0,1.0,1.0,2.0,1.0,0.0,11.0,15.0,1.0,1.0,2.0,401.0,55.0,0.0,1.0,0.0,202305307825.0,12.0,5.0,10.0,1.0,1.0,1.0,14.0,53.0,2.0,0.0,1.0,99.0,0.0,49.0,1.0,99.0
550422,1,96,99.0,87.0,1.0,0.0,-99.0,55.0,79.0,38.0,49.0,14.0,43.0,1.0,1.0,4.0,20.0,7.0,8.0,0.0,1.0,996.0,7.0,55.0,1.0,38.0,1.0,0.0,JTEEP21A6601,2006.0,448.0,2213.0,7.0,49.0,Toyota,403.0,14.0,1.0,0.0,0.0,78.0,7.0,0.0,0.0,12.0,6.0,38.0,0.0,1.0,1.0,55.0,53218.0,1.0,1.0,2.0,No valid license for this class vehicle,2.0,72.0,215.0,0.0,0.0,2.0,11.0,November,2022.0,7.0,2023.0,3.0,2.0,2.0,40.0,3.0,1.0,2.0,2.0,0.0,14.0,6.0,11.0,4.0,4.0,101.0,55.0,2.0,1.0,0.0,202304677752.0,12.0,7.0,1.0,3.0,1.0,1.0,14.0,35.0,2.0,1.0,1.0,1.0,0.0,49.0,1.0,9.0
550434,1,99,99.0,28.0,1.0,0.0,-99.0,55.0,59.0,12.0,35.0,4.0,64.0,1.0,1.0,4.0,20.0,7.0,3.0,0.0,0.0,996.0,7.0,55.0,5.0,12.0,1.0,0.0,1N4AL3AP6FC1,2015.0,478.0,1904.0,13.0,35.0,Nissan/Datsun,47.0,4.0,1.0,0.0,0.0,50.0,0.0,0.0,0.0,3.0,6.0,12.0,0.0,0.0,1.0,55.0,53555.0,1.0,6.0,2.0,No valid license for this class vehicle,0.0,69.0,220.0,0.0,0.0,0.0,12.0,December,2020.0,12.0,2020.0,4.0,2.0,4.0,50.0,1.0,6.0,1.0,1.0,0.0,15.0,60.0,1.0,9.0,2.0,208.0,55.0,1.0,1.0,0.0,202304755940.0,34.0,2.0,2.0,2.0,1.0,1.0,4.0,28.0,1.0,2.0,1.0,20.0,0.0,35.0,1.0,2.0
550444,1,0,99.0,0.0,1.0,0.0,-99.0,55.0,113.0,1.0,20.0,14.0,77.0,1.0,1.0,4.0,20.0,7.0,3.0,0.0,0.0,996.0,7.0,55.0,1.0,1.0,1.0,0.0,3GNAXSEV7JS5,2018.0,467.0,1847.0,7.0,20.0,Chevrolet,404.0,14.0,1.0,0.0,0.0,60.0,7.0,3.0,5.0,0.0,4.0,1.0,0.0,0.0,1.0,55.0,54843.0,1.0,6.0,3.0,Valid license for this class vehicle,0.0,72.0,290.0,0.0,0.0,0.0,0.0,No Record,0.0,0.0,0.0,0.0,1.0,2.0,55.0,3.0,1.0,2.0,1.0,0.0,14.0,13.0,99.0,5.0,4.0,101.0,55.0,1.0,1.0,0.0,202305020199.0,12.0,2.0,5.0,0.0,1.0,1.0,14.0,26.0,1.0,0.0,1.0,20.0,0.0,20.0,2.0,0.0
550451,1,99,99.0,0.0,1.0,0.0,-99.0,55.0,1.0,12.0,49.0,4.0,83.0,2.0,1.0,4.0,3.0,0.0,8.0,0.0,0.0,996.0,7.0,55.0,2.0,12.0,2.0,0.0,4T4BF3EKXAR0,2010.0,448.0,2469.0,13.0,49.0,Toyota,40.0,4.0,1.0,0.0,0.0,999.0,0.0,0.0,0.0,1.0,6.0,12.0,0.0,0.0,1.0,55.0,53949.0,1.0,6.0,3.0,Valid license for this class vehicle,0.0,64.0,225.0,0.0,0.0,0.0,0.0,No Record,0.0,0.0,0.0,0.0,1.0,2.0,55.0,1.0,1.0,2.0,1.0,20.0,99.0,66.0,1.0,1.0,3.0,502.0,55.0,1.0,1.0,0.0,202305154816.0,12.0,3.0,6.0,0.0,1.0,1.0,4.0,76.0,2.0,0.0,1.0,20.0,0.0,49.0,1.0,0.0
550452,1,99,99.0,38.0,1.0,0.0,-99.0,55.0,39.0,12.0,49.0,5.0,87.0,1.0,1.0,4.0,3.0,0.0,8.0,0.0,0.0,996.0,7.0,55.0,2.0,12.0,2.0,0.0,JTDKN3DUXA00,2010.0,448.0,2209.0,5.0,49.0,Toyota,46.0,5.0,1.0,0.0,0.0,55.0,8.0,0.0,0.0,12.0,6.0,12.0,0.0,0.0,1.0,55.0,54937.0,1.0,6.0,3.0,Valid license for this class vehicle,1.0,66.0,210.0,0.0,0.0,0.0,0.0,No Record,0.0,0.0,0.0,0.0,1.0,2.0,55.0,1.0,1.0,2.0,1.0,0.0,1.0,56.0,1.0,1.0,1.0,407.0,55.0,1.0,1.0,0.0,202304706353.0,12.0,1.0,1.0,1.0,10.0,1.0,5.0,65.0,1.0,0.0,1.0,20.0,0.0,49.0,1.0,0.0
550454,1,96,99.0,0.0,1.0,0.0,-99.0,55.0,123.0,12.0,37.0,15.0,47.0,2.0,1.0,4.0,3.0,0.0,1.0,0.0,0.0,996.0,7.0,55.0,2.0,12.0,1.0,0.0,2HKYF18405H5,2005.0,474.0,1864.0,7.0,37.0,Honda,421.0,15.0,1.0,0.0,0.0,999.0,9.0,0.0,0.0,12.0,6.0,12.0,0.0,0.0,1.0,55.0,54603.0,1.0,6.0,3.0,Valid license for this class vehicle,3.0,70.0,198.0,0.0,0.0,0.0,0.0,No Record,0.0,0.0,0.0,0.0,1.0,2.0,55.0,1.0,1.0,2.0,1.0,0.0,1.0,50.0,99.0,9.0,1.0,202.0,55.0,1.0,1.0,0.0,202305270085.0,12.0,1.0,9.0,2.0,1.0,1.0,15.0,26.0,2.0,0.0,1.0,20.0,0.0,37.0,1.0,0.0
550456,3,0,0.0,0.0,1.0,0.0,-99.0,55.0,131.0,12.0,37.0,4.0,17.0,1.0,1.0,2.0,3.0,0.0,8.0,0.0,0.0,996.0,0.0,55.0,3.0,12.0,1.0,0.0,19XFA1F56AE0,2010.0,474.0,1863.0,13.0,37.0,Honda,31.0,4.0,1.0,0.0,0.0,998.0,0.0,0.0,0.0,11.0,6.0,12.0,0.0,0.0,1.0,55.0,53223.0,0.0,0.0,0.0,Not licensed,0.0,71.0,220.0,0.0,0.0,0.0,0.0,No Record,0.0,0.0,0.0,0.0,1.0,2.0,45.0,1.0,1.0,2.0,1.0,0.0,1.0,62.0,99.0,9.0,1.0,998.0,55.0,0.0,1.0,0.0,202305195358.0,72.0,1.0,8.0,2.0,1.0,1.0,4.0,22.0,1.0,0.0,1.0,20.0,0.0,37.0,1.0,0.0
550457,1,98,99.0,51.0,1.0,0.0,-99.0,55.0,133.0,42.0,18.0,4.0,71.0,1.0,1.0,4.0,20.0,7.0,1.0,2.0,0.0,996.0,7.0,55.0,1.0,42.0,1.0,0.0,1G4HD57236U2,2006.0,468.0,4267.0,13.0,18.0,Buick / Opel,23.0,4.0,1.0,0.0,0.0,73.0,7.0,3.0,5.0,12.0,6.0,1.0,0.0,0.0,1.0,55.0,53072.0,1.0,6.0,3.0,Valid license for this class vehicle,0.0,65.0,263.0,0.0,0.0,0.0,12.0,December,2023.0,12.0,2023.0,0.0,1.0,2.0,35.0,2.0,1.0,2.0,1.0,0.0,14.0,14.0,1.0,1.0,4.0,103.0,55.0,1.0,1.0,0.0,202304988018.0,12.0,3.0,5.0,4.0,1.0,1.0,4.0,34.0,2.0,4.0,1.0,20.0,0.0,18.0,1.0,98.0
550458,1,99,99.0,87.0,1.0,9999.0,-99.0,55.0,69.0,34.0,12.0,4.0,60.0,1.0,1.0,4.0,3.0,0.0,8.0,0.0,9.0,995.0,7.0,55.0,1.0,34.0,1.0,0.0,1FAHP3FN6BW1,2011.0,460.0,1779.0,13.0,12.0,Ford,37.0,4.0,1.0,0.0,0.0,55.0,7.0,3.0,5.0,12.0,6.0,1.0,0.0,0.0,1.0,55.0,54487.0,1.0,6.0,3.0,Valid license for this class vehicle,0.0,68.0,180.0,0.0,0.0,0.0,11.0,November,2023.0,11.0,2023.0,0.0,1.0,2.0,55.0,1.0,1.0,2.0,3.0,0.0,1.0,9.0,1.0,3.0,4.0,101.0,55.0,1.0,1.0,0.0,202305493937.0,12.0,3.0,12.0,1.0,1.0,1.0,4.0,62.0,1.0,1.0,1.0,8.0,0.0,12.0,2.0,0.0
550472,1,99,99.0,87.0,1.0,0.0,-99.0,55.0,21.0,14.0,20.0,4.0,25.0,1.0,1.0,4.0,3.0,0.0,1.0,0.0,0.0,996.0,7.0,55.0,1.0,14.0,1.0,0.0,1G1AL58F8873,2008.0,467.0,4234.0,13.0,20.0,Chevrolet,22.0,4.0,1.0,0.0,0.0,70.0,1.0,0.0,0.0,9.0,6.0,14.0,0.0,0.0,1.0,18.0,46582.0,1.0,6.0,3.0,Valid license for this class vehicle,0.0,67.0,295.0,0.0,0.0,0.0,0.0,No Record,0.0,0.0,0.0,0.0,3.0,2.0,70.0,1.0,1.0,1.0,2.0,0.0,1.0,12.0,7.0,3.0,4.0,103.0,55.0,1.0,1.0,0.0,202304748138.0,12.0,3.0,2.0,1.0,10.0,1.0,4.0,20.0,1.0,1.0,1.0,9.0,0.0,20.0,1.0,0.0
550474,1,96,99.0,87.0,1.0,0.0,-99.0,55.0,97.0,12.0,37.0,4.0,25.0,2.0,1.0,4.0,3.0,0.0,8.0,0.0,0.0,996.0,7.0,55.0,2.0,12.0,1.0,0.0,1HGCM56826A1,2006.0,474.0,1861.0,13.0,37.0,Honda,32.0,4.0,1.0,0.0,0.0,70.0,8.0,0.0,0.0,63.0,6.0,12.0,0.0,0.0,1.0,55.0,53965.0,1.0,6.0,3.0,Valid license for this class vehicle,3.0,71.0,245.0,0.0,0.0,0.0,0.0,No Record,0.0,0.0,0.0,4.0,2.0,2.0,70.0,1.0,1.0,1.0,4.0,0.0,1.0,6.0,99.0,5.0,6.0,301.0,55.0,2.0,1.0,0.0,202305245875.0,12.0,2.0,9.0,2.0,2.0,1.0,4.0,23.0,2.0,2.0,1.0,9.0,0.0,37.0,1.0,99.0
550479,2,10,99.0,0.0,1.0,0.0,-99.0,55.0,33.0,11.0,37.0,4.0,21.0,1.0,1.0,4.0,3.0,0.0,8.0,0.0,0.0,995.0,7.0,55.0,3.0,11.0,1.0,0.0,19XFC2F62KE0,2019.0,474.0,1863.0,13.0,37.0,Honda,31.0,4.0,1.0,0.0,0.0,70.0,8.0,0.0,0.0,12.0,6.0,12.0,0.0,0.0,1.0,55.0,54016.0,1.0,6.0,3.0,Valid license for this class vehicle,0.0,69.0,150.0,0.0,0.0,0.0,0.0,No Record,0.0,0.0,0.0,0.0,3.0,2.0,70.0,1.0,1.0,2.0,1.0,0.0,1.0,62.0,99.0,9.0,3.0,998.0,55.0,1.0,1.0,0.0,202305103735.0,12.0,3.0,5.0,0.0,1.0,1.0,4.0,18.0,1.0,0.0,1.0,20.0,0.0,37.0,1.0,0.0
550495,1,0,99.0,0.0,1.0,9999.0,-99.0,55.0,25.0,12.0,53.0,80.0,20.0,1.0,1.0,4.0,20.0,7.0,20.0,8.0,0.0,995.0,7.0,55.0,2.0,12.0,1.0,0.0,JS1GN7DA5721,2007.0,509.0,13162.0,80.0,53.0,Suzuki,705.0,80.0,1.0,0.0,0.0,90.0,7.0,8.0,8.0,99.0,6.0,12.0,0.0,0.0,1.0,55.0,53527.0,1.0,6.0,2.0,No valid license for this class vehicle,0.0,74.0,235.0,0.0,1.0,4.0,2.0,February,2020.0,9.0,2022.0,3.0,6.0,2.0,70.0,1.0,1.0,1.0,1.0,0.0,1.0,11.0,1.0,2.0,2.0,207.0,55.0,1.0,1.0,0.0,202304983858.0,12.0,5.0,3.0,2.0,1.0,1.0,80.0,24.0,1.0,2.0,1.0,20.0,8.0,53.0,2.0,0.0
550495,2,0,0.0,0.0,1.0,9999.0,-99.0,55.0,25.0,12.0,53.0,80.0,21.0,1.0,1.0,0.0,20.0,7.0,20.0,8.0,0.0,995.0,0.0,55.0,2.0,12.0,1.0,0.0,JS1GN7DA7621,2006.0,509.0,13162.0,80.0,53.0,Suzuki,705.0,80.0,1.0,0.0,0.0,90.0,7.0,8.0,8.0,5.0,6.0,12.0,0.0,0.0,1.0,55.0,53590.0,1.0,6.0,2.0,No valid license for this class vehicle,0.0,75.0,200.0,0.0,0.0,1.0,11.0,November,2019.0,7.0,2022.0,3.0,6.0,2.0,70.0,1.0,1.0,1.0,1.0,0.0,1.0,61.0,1.0,1.0,2.0,208.0,55.0,0.0,1.0,0.0,202305413255.0,12.0,7.0,10.0,1.0,1.0,1.0,80.0,27.0,1.0,1.0,1.0,20.0,8.0,53.0,1.0,98.0