ST_CASE,VEH_NO_x,DRIMPAIR_x,DRDISTRACT,DRIVERRF,PER_NO_x,DRUGRES,DRUGACTQTY,STATE_x,COUNTY,HARM_EV_x,MAKE_x,BODY_TYP_x,AGE,SEX,PER_TYP_x,INJ_SEV,REST_USE,REST_MIS,AIR_BAG_x,EJECTION,DRINKING,ALC_RES,HISPANIC,STATE_y,VE_FORMS,HARM_EV_y,NUMOCCS,HIT_RUN,VIN,MOD_YEAR,VPICMAKE,VPICMODEL,VPICBODYCLASS,MAKE_y,MAKENAME,MODEL,BODY_TYP_y,HAZ_INV,HAZ_PLAC,HAZ_ID,TRAV_SP,UNDEROVERRIDE,ROLLOVER,ROLINLOC,IMPACT1,DEFORMED,M_HARM,FIRE_EXP,DR_DRINK,DR_PRES,L_STATE,DR_ZIP,L_TYPE,L_STATUS,L_COMPL,L_COMPLNAME,L_RESTRI,DR_HGT,DR_WGT,PREV_DWI,PREV_SPD,PREV_OTH,FIRST_MO,FIRST_MONAME,FIRST_YR,LAST_MO,LAST_YR,SPEEDREL,VTRAFWAY,VNUM_LAN,VSPD_LIM,VALIGN,VPROFILE,VPAVETYP,VSURCOND,VTRAFCON,P_CRASH1,P_CRASH2,P_CRASH3,PCRASH4,PCRASH5,ACC_CONFIG,STATE,RACE,ORDER,MULTRACE,CASENUM,HARM_EV,DAY_WEEK,MONTH,MAXSEV_IM,WEATHR_IM,PER_NO_y,BODY_TYP,AGE_IM,SEX_IM,INJSEV_IM,PER_TYP_y,AIR_BAG_y,EJECT_IM,MAKE,VEH_NO_y,DRIMPAIR_y
60710,1,99,96.0,74.0,1.0,9999.0,-99.0,6.0,111.0,38.0,72.0,80.0,25.0,1.0,1.0,4.0,20.0,7.0,20.0,8.0,1.0,995.0,99.0,6.0,1.0,38.0,1.0,0.0,1HD1YWK2XMB0,2021.0,3888.0,27262.0,94.0,72.0,Harley-Davidson,706.0,80.0,1.0,0.0,0.0,80.0,7.0,8.0,8.0,98.0,6.0,43.0,0.0,1.0,1.0,6.0,92545.0,1.0,1.0,2.0,No valid license for this class vehicle,2.0,69.0,135.0,0.0,0.0,0.0,8.0,August,2020.0,11.0,2022.0,4.0,1.0,3.0,55.0,3.0,8.0,2.0,1.0,97.0,14.0,6.0,99.0,2.0,4.0,102.0,6.0,99.0,1.0,0.0,202305274187.0,12.0,5.0,9.0,3.0,1.0,1.0,80.0,29.0,1.0,3.0,1.0,20.0,8.0,72.0,1.0,98.0
60727,1,9,96.0,0.0,1.0,1.0,-99.0,6.0,47.0,33.0,34.0,4.0,28.0,1.0,1.0,4.0,3.0,0.0,99.0,0.0,1.0,260.0,99.0,6.0,1.0,33.0,1.0,0.0,WBS33AY05MFL,2021.0,452.0,1710.0,13.0,34.0,BMW,34.0,4.0,1.0,0.0,0.0,998.0,7.0,0.0,0.0,98.0,6.0,42.0,1.0,1.0,1.0,6.0,94538.0,1.0,6.0,3.0,Valid license for this class vehicle,3.0,67.0,150.0,0.0,0.0,0.0,0.0,No Record,0.0,0.0,0.0,5.0,1.0,2.0,35.0,8.0,8.0,2.0,1.0,97.0,1.0,13.0,99.0,1.0,4.0,101.0,6.0,99.0,1.0,0.0,202305173743.0,12.0,3.0,6.0,0.0,1.0,1.0,4.0,42.0,1.0,0.0,1.0,20.0,0.0,34.0,2.0,0.0
60729,1,99,96.0,0.0,1.0,1.0,-99.0,6.0,35.0,59.0,20.0,4.0,69.0,1.0,1.0,4.0,3.0,0.0,20.0,0.0,8.0,205.0,99.0,6.0,1.0,59.0,1.0,0.0,2G1WB5E38E11,2014.0,467.0,13634.0,13.0,20.0,Chevrolet,2.0,4.0,1.0,0.0,0.0,999.0,7.0,3.0,6.0,98.0,6.0,1.0,0.0,1.0,1.0,32.0,89441.0,1.0,6.0,3.0,Valid license for this class vehicle,0.0,70.0,160.0,0.0,0.0,0.0,0.0,No Record,0.0,0.0,0.0,0.0,1.0,2.0,65.0,2.0,8.0,2.0,1.0,97.0,14.0,13.0,99.0,1.0,4.0,101.0,6.0,99.0,1.0,0.0,202305454449.0,12.0,2.0,11.0,0.0,1.0,1.0,4.0,59.0,2.0,0.0,1.0,20.0,0.0,20.0,2.0,98.0
60731,2,98,96.0,0.0,1.0,1.0,-99.0,6.0,77.0,12.0,37.0,4.0,43.0,1.0,1.0,4.0,3.0,0.0,9.0,0.0,0.0,0.0,99.0,6.0,2.0,12.0,1.0,0.0,1HGCG16561A0,2001.0,474.0,1861.0,13.0,37.0,Honda,32.0,4.0,1.0,0.0,0.0,999.0,8.0,0.0,0.0,12.0,7.0,12.0,0.0,0.0,1.0,6.0,95205.0,1.0,6.0,3.0,Valid license for this class vehicle,0.0,63.0,145.0,0.0,0.0,1.0,10.0,October,2022.0,10.0,2022.0,0.0,1.0,2.0,55.0,1.0,8.0,8.0,1.0,97.0,1.0,62.0,99.0,1.0,1.0,302.0,6.0,99.0,1.0,0.0,202304829942.0,12.0,5.0,1.0,0.0,1.0,1.0,4.0,73.0,2.0,0.0,1.0,20.0,0.0,37.0,1.0,0.0
60737,1,0,96.0,0.0,1.0,0.0,-99.0,6.0,25.0,12.0,82.0,66.0,60.0,1.0,1.0,0.0,3.0,0.0,20.0,0.0,0.0,996.0,0.0,6.0,3.0,12.0,1.0,0.0,3AKJHHDR4PSU,2023.0,450.0,2501.0,66.0,82.0,Freightliner,881.0,66.0,1.0,0.0,0.0,43.0,0.0,0.0,0.0,12.0,6.0,12.0,0.0,0.0,1.0,6.0,92243.0,1.0,6.0,3.0,Valid license for this class vehicle,3.0,74.0,243.0,0.0,1.0,0.0,9.0,September,2021.0,7.0,2022.0,4.0,2.0,2.0,55.0,1.0,8.0,2.0,1.0,97.0,1.0,51.0,8.0,2.0,1.0,202.0,6.0,0.0,1.0,0.0,202304813316.0,12.0,4.0,3.0,1.0,1.0,1.0,66.0,38.0,2.0,1.0,1.0,20.0,0.0,82.0,2.0,0.0
60739,1,98,96.0,48.0,1.0,5997.0,-99.0,6.0,77.0,12.0,20.0,34.0,52.0,2.0,1.0,2.0,3.0,0.0,20.0,0.0,0.0,0.0,0.0,6.0,2.0,12.0,3.0,0.0,2GCEC13T9612,2006.0,467.0,1850.0,60.0,20.0,Chevrolet,481.0,34.0,1.0,0.0,0.0,8.0,7.0,0.0,0.0,9.0,7.0,12.0,0.0,0.0,1.0,6.0,95330.0,1.0,6.0,3.0,Valid license for this class vehicle,0.0,65.0,215.0,0.0,0.0,0.0,0.0,No Record,0.0,0.0,0.0,0.0,5.0,5.0,50.0,1.0,1.0,2.0,1.0,97.0,12.0,21.0,1.0,1.0,2.0,998.0,6.0,0.0,1.0,0.0,202305185623.0,12.0,1.0,5.0,4.0,1.0,1.0,34.0,52.0,2.0,2.0,1.0,20.0,0.0,20.0,1.0,98.0
60749,1,9,96.0,51.0,1.0,2216.0,-99.0,6.0,65.0,12.0,12.0,4.0,31.0,1.0,1.0,3.0,3.0,0.0,8.0,0.0,1.0,61.0,0.0,6.0,2.0,12.0,1.0,0.0,1FADP3F2XEL1,2014.0,460.0,1779.0,13.0,12.0,Ford,37.0,4.0,1.0,0.0,0.0,46.0,0.0,0.0,0.0,12.0,6.0,12.0,0.0,1.0,1.0,6.0,92860.0,1.0,6.0,3.0,Valid license for this class vehicle,0.0,74.0,185.0,0.0,0.0,0.0,0.0,No Record,0.0,0.0,0.0,0.0,5.0,5.0,45.0,1.0,8.0,8.0,1.0,97.0,1.0,54.0,99.0,1.0,1.0,303.0,6.0,0.0,1.0,0.0,202304676543.0,12.0,4.0,1.0,0.0,1.0,1.0,4.0,24.0,2.0,0.0,1.0,20.0,0.0,12.0,1.0,0.0
60753,2,0,96.0,0.0,1.0,9999.0,-99.0,6.0,111.0,12.0,29.0,4.0,44.0,1.0,1.0,2.0,3.0,0.0,9.0,0.0,0.0,995.0,0.0,6.0,2.0,12.0,1.0,0.0,5YJ3E1EA7PF4,2023.0,441.0,17834.0,13.0,29.0,Other Domestic Manufacturers,5.0,4.0,1.0,0.0,0.0,38.0,7.0,0.0,0.0,61.0,6.0,12.0,0.0,0.0,1.0,6.0,93063.0,1.0,6.0,3.0,Valid license for this class vehicle,0.0,75.0,190.0,0.0,0.0,0.0,0.0,No Record,0.0,0.0,0.0,0.0,5.0,3.0,45.0,2.0,8.0,8.0,1.0,97.0,14.0,62.0,99.0,1.0,1.0,302.0,6.0,0.0,1.0,0.0,202305101533.0,12.0,7.0,7.0,0.0,1.0,1.0,4.0,34.0,1.0,0.0,1.0,20.0,0.0,29.0,2.0,0.0
60767,2,99,96.0,0.0,1.0,2195.0,-99.0,6.0,65.0,12.0,76.0,80.0,23.0,1.0,1.0,4.0,20.0,7.0,20.0,8.0,9.0,0.0,99.0,6.0,2.0,12.0,1.0,0.0,JYARN53Y6LA0,2020.0,564.0,28330.0,80.0,76.0,Yamaha,706.0,80.0,1.0,0.0,0.0,40.0,7.0,8.0,8.0,12.0,6.0,12.0,0.0,0.0,1.0,6.0,92503.0,1.0,6.0,3.0,Valid license for this class vehicle,0.0,70.0,230.0,0.0,0.0,0.0,0.0,No Record,0.0,0.0,0.0,4.0,5.0,5.0,40.0,1.0,6.0,2.0,1.0,97.0,1.0,62.0,99.0,1.0,1.0,402.0,6.0,99.0,1.0,0.0,202305164194.0,33.0,6.0,8.0,3.0,1.0,1.0,80.0,27.0,1.0,3.0,1.0,20.0,8.0,76.0,1.0,98.0
60780,1,9,96.0,0.0,1.0,5060.0,-99.0,6.0,73.0,1.0,6.0,4.0,60.0,1.0,1.0,4.0,3.0,0.0,8.0,3.0,1.0,998.0,6.0,6.0,1.0,1.0,1.0,0.0,1C3CCCBB7GN1,2016.0,477.0,2053.0,13.0,6.0,Chrysler,18.0,4.0,1.0,0.0,0.0,119.0,7.0,3.0,5.0,0.0,6.0,1.0,0.0,1.0,1.0,6.0,91913.0,1.0,6.0,3.0,Valid license for this class vehicle,0.0,72.0,200.0,0.0,0.0,0.0,0.0,No Record,0.0,0.0,0.0,4.0,2.0,2.0,70.0,2.0,1.0,1.0,2.0,97.0,14.0,13.0,9.0,3.0,4.0,101.0,6.0,1.0,1.0,0.0,202305086233.0,12.0,1.0,7.0,1.0,2.0,1.0,4.0,20.0,1.0,1.0,1.0,8.0,0.0,6.0,1.0,0.0
60790,2,0,96.0,0.0,1.0,0.0,-99.0,6.0,21.0,12.0,12.0,34.0,30.0,1.0,1.0,0.0,3.0,0.0,9.0,0.0,0.0,996.0,0.0,6.0,2.0,12.0,1.0,0.0,1FT7W2BT7MED,2021.0,460.0,1805.0,60.0,12.0,Ford,481.0,34.0,1.0,0.0,0.0,59.0,0.0,0.0,0.0,12.0,6.0,12.0,0.0,0.0,1.0,6.0,95963.0,1.0,6.0,3.0,Valid license for this class vehicle,0.0,71.0,180.0,0.0,0.0,0.0,0.0,No Record,0.0,0.0,0.0,0.0,1.0,2.0,55.0,1.0,8.0,2.0,1.0,97.0,1.0,66.0,1.0,1.0,1.0,503.0,6.0,0.0,1.0,0.0,202305447118.0,12.0,2.0,11.0,0.0,1.0,1.0,34.0,52.0,2.0,0.0,1.0,20.0,0.0,12.0,1.0,98.0
60791,1,98,96.0,27.0,1.0,9995.0,-99.0,6.0,37.0,12.0,82.0,66.0,45.0,1.0,1.0,0.0,3.0,0.0,20.0,0.0,0.0,996.0,0.0,6.0,4.0,12.0,1.0,0.0,3AKJHHDR0KSK,2019.0,450.0,2501.0,66.0,82.0,Freightliner,881.0,66.0,1.0,0.0,0.0,55.0,0.0,0.0,0.0,7.0,2.0,12.0,0.0,0.0,1.0,6.0,92553.0,1.0,6.0,3.0,Valid license for this class vehicle,0.0,68.0,176.0,0.0,0.0,0.0,0.0,No Record,0.0,0.0,0.0,0.0,3.0,5.0,55.0,1.0,8.0,8.0,1.0,97.0,15.0,10.0,1.0,1.0,2.0,208.0,6.0,0.0,1.0,0.0,202304741961.0,30.0,2.0,2.0,0.0,1.0,1.0,66.0,22.0,1.0,0.0,1.0,99.0,0.0,82.0,1.0,0.0
60791,2,98,0.0,84.0,1.0,9995.0,-99.0,6.0,37.0,12.0,35.0,2.0,21.0,1.0,1.0,1.0,3.0,0.0,1.0,0.0,0.0,996.0,0.0,6.0,4.0,12.0,1.0,0.0,JN1AZ4EHXAM5,2010.0,478.0,1906.0,3.0,35.0,Nissan/Datsun,48.0,2.0,1.0,0.0,0.0,65.0,0.0,0.0,0.0,81.0,7.0,12.0,0.0,0.0,1.0,6.0,91767.0,1.0,6.0,3.0,Valid license for this class vehicle,0.0,70.0,220.0,0.0,1.0,0.0,3.0,March,2022.0,3.0,2022.0,0.0,3.0,5.0,55.0,1.0,8.0,8.0,1.0,97.0,1.0,61.0,16.0,2.0,1.0,207.0,6.0,0.0,1.0,0.0,202305400163.0,12.0,6.0,11.0,2.0,1.0,1.0,2.0,18.0,1.0,0.0,1.0,20.0,0.0,35.0,1.0,0.0
60792,1,98,10.0,0.0,1.0,0.0,-99.0,6.0,77.0,12.0,55.0,4.0,20.0,2.0,1.0,0.0,3.0,0.0,20.0,0.0,0.0,996.0,0.0,6.0,3.0,12.0,1.0,0.0,5NPE34AF8JH6,2018.0,498.0,2459.0,13.0,55.0,Hyundai,33.0,4.0,1.0,0.0,0.0,60.0,0.0,0.0,0.0,12.0,6.0,12.0,0.0,0.0,1.0,6.0,95304.0,1.0,6.0,3.0,Valid license for this class vehicle,3.0,70.0,130.0,0.0,0.0,0.0,0.0,No Record,0.0,0.0,0.0,4.0,3.0,4.0,65.0,1.0,8.0,2.0,1.0,97.0,1.0,51.0,16.0,1.0,1.0,202.0,6.0,0.0,1.0,0.0,202304973207.0,1.0,1.0,5.0,3.0,1.0,1.0,4.0,22.0,1.0,3.0,1.0,8.0,0.0,55.0,1.0,2.0
60792,2,98,96.0,0.0,1.0,0.0,-99.0,6.0,77.0,12.0,2.0,6.0,50.0,1.0,1.0,3.0,99.0,7.0,9.0,0.0,0.0,996.0,0.0,6.0,3.0,12.0,2.0,0.0,3C4NJDBB3HT6,2017.0,483.0,1946.0,7.0,2.0,Jeep / Kaiser-Jeep / Willys- Jeep,1.0,6.0,1.0,0.0,0.0,999.0,0.0,3.0,1.0,6.0,6.0,1.0,1.0,0.0,1.0,6.0,95202.0,1.0,6.0,3.0,Valid license for this class vehicle,0.0,67.0,165.0,0.0,0.0,0.0,0.0,No Record,0.0,0.0,0.0,0.0,3.0,4.0,65.0,1.0,8.0,2.0,1.0,97.0,1.0,53.0,99.0,1.0,1.0,201.0,6.0,0.0,1.0,0.0,202304956906.0,12.0,3.0,5.0,2.0,1.0,1.0,6.0,49.0,2.0,2.0,1.0,8.0,0.0,2.0,2.0,0.0
60795,1,98,96.0,0.0,1.0,9996.0,-99.0,6.0,31.0,12.0,37.0,4.0,59.0,2.0,1.0,4.0,3.0,0.0,9.0,0.0,0.0,0.0,99.0,6.0,2.0,12.0,1.0,0.0,1HGCV3F95KA0,2019.0,474.0,1861.0,13.0,37.0,Honda,32.0,4.0,1.0,0.0,0.0,999.0,1.0,0.0,0.0,12.0,7.0,12.0,0.0,0.0,1.0,6.0,93433.0,1.0,6.0,3.0,Valid license for this class vehicle,0.0,68.0,195.0,0.0,0.0,0.0,0.0,No Record,0.0,0.0,0.0,0.0,1.0,2.0,55.0,1.0,8.0,2.0,1.0,97.0,1.0,10.0,99.0,1.0,2.0,301.0,6.0,99.0,1.0,0.0,202305477398.0,12.0,2.0,10.0,2.0,1.0,1.0,4.0,66.0,1.0,2.0,1.0,9.0,0.0,37.0,2.0,98.0
60801,1,99,96.0,0.0,1.0,9995.0,-99.0,6.0,71.0,14.0,37.0,4.0,33.0,1.0,1.0,4.0,99.0,7.0,1.0,0.0,9.0,995.0,7.0,6.0,1.0,14.0,1.0,0.0,1HGCR2F32EA1,2014.0,474.0,1861.0,13.0,37.0,Honda,32.0,4.0,1.0,0.0,0.0,999.0,1.0,0.0,0.0,12.0,7.0,14.0,0.0,0.0,1.0,12.0,32504.0,1.0,1.0,2.0,No valid license for this class vehicle,0.0,68.0,180.0,0.0,0.0,0.0,12.0,December,2020.0,12.0,2020.0,0.0,2.0,2.0,65.0,1.0,8.0,1.0,1.0,97.0,1.0,11.0,99.0,1.0,4.0,103.0,6.0,1.0,1.0,0.0,202305390049.0,12.0,3.0,8.0,0.0,1.0,1.0,4.0,64.0,2.0,0.0,1.0,20.0,0.0,37.0,1.0,0.0
60804,1,9,96.0,0.0,1.0,1.0,-99.0,6.0,31.0,12.0,35.0,4.0,25.0,1.0,1.0,4.0,3.0,0.0,9.0,0.0,1.0,240.0,1.0,6.0,3.0,12.0,1.0,0.0,1N4AL3AP1EN3,2014.0,478.0,1904.0,13.0,35.0,Nissan/Datsun,47.0,4.0,1.0,0.0,0.0,999.0,0.0,0.0,0.0,61.0,6.0,12.0,0.0,1.0,1.0,6.0,93722.0,1.0,1.0,2.0,No valid license for this class vehicle,3.0,68.0,204.0,1.0,0.0,0.0,7.0,July,2019.0,12.0,2019.0,4.0,1.0,2.0,55.0,3.0,8.0,2.0,1.0,97.0,14.0,13.0,6.0,2.0,6.0,301.0,6.0,1.0,1.0,0.0,202305489893.0,12.0,3.0,12.0,3.0,1.0,1.0,4.0,25.0,1.0,2.0,1.0,8.0,0.0,35.0,2.0,0.0
60804,2,98,96.0,0.0,1.0,0.0,-99.0,6.0,31.0,12.0,87.0,66.0,59.0,1.0,1.0,0.0,3.0,0.0,20.0,0.0,0.0,996.0,0.0,6.0,3.0,12.0,1.0,0.0,1XPVD79X4CD1,2012.0,495.0,2792.0,66.0,87.0,Peterbilt,881.0,66.0,1.0,0.0,0.0,50.0,0.0,0.0,0.0,61.0,2.0,12.0,0.0,0.0,1.0,6.0,93212.0,1.0,6.0,3.0,Valid license for this class vehicle,0.0,70.0,190.0,0.0,0.0,0.0,1.0,January,2021.0,1.0,2021.0,0.0,1.0,2.0,55.0,1.0,8.0,2.0,1.0,97.0,1.0,62.0,99.0,1.0,1.0,302.0,6.0,0.0,1.0,0.0,202305357108.0,12.0,5.0,10.0,0.0,1.0,1.0,66.0,35.0,1.0,0.0,1.0,20.0,0.0,87.0,1.0,98.0
60809,1,9,96.0,0.0,1.0,1059.0,-99.0,6.0,45.0,42.0,49.0,4.0,30.0,1.0,1.0,4.0,99.0,7.0,99.0,0.0,1.0,0.0,7.0,6.0,1.0,42.0,3.0,0.0,JTDBT1237101,2001.0,448.0,3650.0,13.0,49.0,Toyota,45.0,4.0,1.0,0.0,0.0,999.0,7.0,0.0,0.0,12.0,6.0,42.0,0.0,1.0,1.0,6.0,95501.0,0.0,0.0,0.0,Not licensed,0.0,68.0,165.0,0.0,0.0,0.0,0.0,No Record,0.0,0.0,0.0,0.0,3.0,2.0,65.0,1.0,1.0,2.0,1.0,97.0,1.0,13.0,99.0,1.0,4.0,101.0,6.0,1.0,1.0,0.0,202304957635.0,12.0,5.0,5.0,2.0,1.0,1.0,4.0,47.0,1.0,2.0,1.0,20.0,0.0,49.0,2.0,0.0
60810,1,98,96.0,0.0,1.0,0.0,-99.0,6.0,37.0,52.0,58.0,4.0,19.0,2.0,1.0,3.0,20.0,7.0,9.0,0.0,0.0,996.0,0.0,6.0,1.0,52.0,2.0,0.0,JNKCV51E33M0,2003.0,480.0,2305.0,13.0,58.0,Infiniti,37.0,4.0,1.0,0.0,0.0,70.0,7.0,3.0,5.0,98.0,7.0,1.0,0.0,0.0,1.0,6.0,91344.0,0.0,0.0,0.0,Not licensed,0.0,62.0,100.0,0.0,0.0,0.0,0.0,No Record,0.0,0.0,0.0,5.0,3.0,5.0,55.0,1.0,8.0,8.0,1.0,97.0,1.0,13.0,99.0,9.0,4.0,101.0,6.0,0.0,1.0,0.0,202305071156.0,12.0,7.0,7.0,1.0,1.0,1.0,4.0,17.0,1.0,0.0,1.0,8.0,0.0,58.0,1.0,0.0
60811,2,0,96.0,0.0,1.0,0.0,-99.0,6.0,37.0,12.0,29.0,14.0,54.0,1.0,1.0,0.0,3.0,0.0,9.0,0.0,0.0,996.0,0.0,6.0,2.0,12.0,2.0,0.0,7SAYGDEE5NF5,2022.0,441.0,27027.0,7.0,29.0,Other Domestic Manufacturers,5.0,14.0,1.0,0.0,0.0,50.0,0.0,0.0,0.0,62.0,7.0,12.0,0.0,0.0,1.0,6.0,91607.0,1.0,6.0,3.0,Valid license for this class vehicle,0.0,69.0,170.0,0.0,0.0,0.0,0.0,No Record,0.0,0.0,0.0,0.0,3.0,5.0,65.0,1.0,1.0,8.0,1.0,97.0,1.0,60.0,9.0,1.0,1.0,208.0,6.0,0.0,1.0,0.0,202305475423.0,8.0,6.0,12.0,1.0,1.0,1.0,14.0,35.0,2.0,0.0,1.0,20.0,0.0,29.0,1.0,98.0
60816,1,9,96.0,0.0,1.0,3033.0,-99.0,6.0,77.0,41.0,35.0,4.0,18.0,1.0,1.0,4.0,20.0,7.0,8.0,0.0,1.0,998.0,99.0,6.0,1.0,41.0,2.0,0.0,1N4AL3AP3FC2,2015.0,478.0,1904.0,13.0,35.0,Nissan/Datsun,47.0,4.0,1.0,0.0,0.0,999.0,7.0,0.0,0.0,98.0,6.0,42.0,0.0,1.0,1.0,6.0,95236.0,0.0,0.0,0.0,Not licensed,0.0,64.0,150.0,0.0,0.0,0.0,0.0,No Record,0.0,0.0,0.0,4.0,1.0,2.0,55.0,1.0,8.0,5.0,1.0,28.0,1.0,12.0,99.0,9.0,4.0,102.0,6.0,99.0,1.0,0.0,202305295392.0,12.0,4.0,10.0,0.0,1.0,1.0,4.0,21.0,2.0,0.0,1.0,20.0,0.0,35.0,2.0,98.0
60818,1,99,96.0,0.0,1.0,1.0,-99.0,6.0,47.0,12.0,35.0,4.0,60.0,1.0,1.0,4.0,20.0,7.0,9.0,0.0,8.0,0.0,99.0,6.0,2.0,12.0,1.0,0.0,1N4AL3AP9HN3,2017.0,478.0,1904.0,13.0,35.0,Nissan/Datsun,47.0,4.0,1.0,0.0,0.0,999.0,8.0,0.0,0.0,12.0,6.0,12.0,0.0,0.0,1.0,6.0,95322.0,1.0,3.0,2.0,No valid license for this class vehicle,0.0,73.0,350.0,0.0,0.0,0.0,4.0,April,2019.0,4.0,2019.0,0.0,1.0,2.0,55.0,1.0,8.0,2.0,1.0,97.0,1.0,10.0,1.0,1.0,2.0,301.0,6.0,99.0,1.0,0.0,202304972415.0,9.0,6.0,3.0,1.0,1.0,1.0,4.0,39.0,1.0,0.0,1.0,20.0,0.0,35.0,1.0,0.0
60822,1,9,96.0,38.0,1.0,1.0,-99.0,6.0,65.0,12.0,63.0,4.0,29.0,2.0,1.0,4.0,20.0,7.0,9.0,0.0,1.0,118.0,99.0,6.0,2.0,12.0,1.0,0.0,5XXGT4L39KG3,2019.0,499.0,2739.0,13.0,63.0,KIA,34.0,4.0,1.0,0.0,0.0,11.0,0.0,0.0,0.0,61.0,7.0,12.0,0.0,1.0,1.0,6.0,92504.0,1.0,6.0,3.0,Valid license for this class vehicle,0.0,68.0,190.0,0.0,0.0,0.0,0.0,No Record,0.0,0.0,0.0,0.0,0.0,0.0,0.0,0.0,0.0,0.0,0.0,97.0,98.0,98.0,1.0,1.0,7.0,410.0,6.0,99.0,1.0,0.0,202304992648.0,12.0,5.0,3.0,0.0,10.0,1.0,4.0,51.0,2.0,0.0,1.0,20.0,0.0,63.0,2.0,0.0
60831,1,9,96.0,51.0,1.0,1.0,-99.0,6.0,97.0,12.0,35.0,4.0,36.0,1.0,1.0,4.0,3.0,0.0,20.0,0.0,1.0,18.0,1.0,6.0,2.0,12.0,1.0,0.0,3N1AB6AP6BL6,2011.0,478.0,1907.0,13.0,35.0,Nissan/Datsun,43.0,4.0,1.0,0.0,0.0,63.0,8.0,0.0,0.0,12.0,6.0,12.0,0.0,1.0,1.0,6.0,95425.0,1.0,6.0,3.0,Valid license for this class vehicle,0.0,71.0,186.0,0.0,0.0,0.0,0.0,No Record,0.0,0.0,0.0,0.0,2.0,2.0,65.0,3.0,8.0,2.0,1.0,97.0,14.0,54.0,99.0,1.0,1.0,303.0,6.0,1.0,1.0,0.0,202304771229.0,12.0,4.0,2.0,1.0,2.0,1.0,4.0,25.0,1.0,1.0,1.0,98.0,0.0,35.0,2.0,0.0
60832,1,98,96.0,38.0,1.0,0.0,-99.0,6.0,61.0,12.0,23.0,15.0,76.0,1.0,1.0,2.0,3.0,0.0,9.0,0.0,0.0,996.0,0.0,6.0,2.0,12.0,2.0,0.0,1GKKNXLS9HZ2,2017.0,472.0,1855.0,7.0,23.0,GMC,423.0,15.0,1.0,0.0,0.0,998.0,7.0,0.0,0.0,81.0,6.0,12.0,0.0,0.0,1.0,6.0,95747.0,1.0,6.0,3.0,Valid license for this class vehicle,0.0,73.0,295.0,0.0,0.0,0.0,3.0,March,2021.0,3.0,2021.0,0.0,2.0,1.0,45.0,8.0,8.0,2.0,1.0,97.0,11.0,15.0,99.0,1.0,1.0,401.0,6.0,0.0,1.0,0.0,202304686869.0,12.0,4.0,1.0,0.0,2.0,1.0,15.0,63.0,2.0,0.0,1.0,20.0,0.0,23.0,3.0,0.0
60833,1,99,96.0,39.0,1.0,1.0,-99.0,6.0,19.0,30.0,49.0,4.0,43.0,1.0,1.0,4.0,3.0,0.0,20.0,0.0,9.0,160.0,7.0,6.0,1.0,30.0,1.0,0.0,4T1BE46K17U0,2007.0,448.0,2469.0,13.0,49.0,Toyota,40.0,4.0,1.0,0.0,0.0,60.0,7.0,3.0,5.0,98.0,6.0,3.0,0.0,1.0,1.0,6.0,93606.0,1.0,6.0,3.0,Valid license for this class vehicle,3.0,70.0,192.0,0.0,1.0,0.0,12.0,December,2020.0,4.0,2023.0,4.0,1.0,2.0,55.0,1.0,1.0,2.0,1.0,20.0,11.0,13.0,99.0,2.0,4.0,101.0,6.0,68.0,1.0,0.0,202304736736.0,42.0,4.0,2.0,3.0,1.0,1.0,4.0,19.0,1.0,3.0,1.0,8.0,0.0,49.0,1.0,0.0
60834,1,99,96.0,30.0,1.0,1.0,-99.0,6.0,71.0,12.0,37.0,4.0,78.0,1.0,1.0,4.0,20.0,7.0,20.0,0.0,9.0,235.0,6.0,6.0,2.0,12.0,1.0,0.0,2HGFA1E55BH5,2011.0,474.0,1863.0,13.0,37.0,Honda,31.0,4.0,1.0,0.0,0.0,20.0,0.0,0.0,0.0,12.0,7.0,12.0,0.0,1.0,1.0,6.0,92404.0,1.0,6.0,3.0,Valid license for this class vehicle,0.0,67.0,190.0,0.0,0.0,1.0,5.0,May,2022.0,5.0,2022.0,0.0,6.0,2.0,65.0,1.0,8.0,1.0,1.0,97.0,98.0,11.0,99.0,1.0,2.0,303.0,6.0,1.0,1.0,0.0,202304894692.0,12.0,7.0,4.0,0.0,1.0,1.0,4.0,52.0,1.0,0.0,1.0,20.0,0.0,37.0,1.0,98.0
60834,2,98,96.0,0.0,1.0,0.0,-99.0,6.0,71.0,12.0,49.0,4.0,56.0,2.0,1.0,1.0,20.0,7.0,9.0,0.0,8.0,996.0,0.0,6.0,2.0,12.0,1.0,0.0,4T1BF1FK4EU3,2014.0,448.0,2469.0,13.0,49.0,Toyota,40.0,4.0,1.0,0.0,0.0,65.0,0.0,0.0,0.0,61.0,7.0,12.0,0.0,0.0,1.0,6.0,91710.0,1.0,6.0,3.0,Valid license for this class vehicle,0.0,63.0,150.0,0.0,0.0,0.0,0.0,No Record,0.0,0.0,0.0,0.0,3.0,5.0,65.0,1.0,8.0,1.0,1.0,97.0,1.0,63.0,1.0,1.0,1.0,303.0,6.0,0.0,1.0,0.0,202305244344.0,12.0,3.0,9.0,0.0,1.0,1.0,4.0,19.0,1.0,0.0,1.0,20.0,0.0,49.0,3.0,0.0