ST_CASE,VEH_NO_x,DRIMPAIR_x,DRDISTRACT,DRIVERRF,PER_NO_x,DRUGRES,DRUGACTQTY,STATE_x,COUNTY,HARM_EV_x,MAKE_x,BODY_TYP_x,AGE,SEX,PER_TYP_x,INJ_SEV,REST_USE,REST_MIS,AIR_BAG_x,EJECTION,DRINKING,ALC_RES,HISPANIC,STATE_y,VE_FORMS,HARM_EV_y,NUMOCCS,HIT_RUN,VIN,MOD_YEAR,VPICMAKE,VPICMODEL,VPICBODYCLASS,MAKE_y,MAKENAME,MODEL,BODY_TYP_y,HAZ_INV,HAZ_PLAC,HAZ_ID,TRAV_SP,UNDEROVERRIDE,ROLLOVER,ROLINLOC,IMPACT1,DEFORMED,M_HARM,FIRE_EXP,DR_DRINK,DR_PRES,L_STATE,DR_ZIP,L_TYPE,L_STATUS,L_COMPL,L_COMPLNAME,L_RESTRI,DR_HGT,DR_WGT,PREV_DWI,PREV_SPD,PREV_OTH,FIRST_MO,FIRST_MONAME,FIRST_YR,LAST_MO,LAST_YR,SPEEDREL,VTRAFWAY,VNUM_LAN,VSPD_LIM,VALIGN,VPROFILE,VPAVETYP,VSURCOND,VTRAFCON,P_CRASH1,P_CRASH2,P_CRASH3,PCRASH4,PCRASH5,ACC_CONFIG,STATE,RACE,ORDER,MULTRACE,CASENUM,HARM_EV,DAY_WEEK,MONTH,MAXSEV_IM,WEATHR_IM,PER_NO_y,BODY_TYP,AGE_IM,SEX_IM,INJSEV_IM,PER_TYP_y,AIR_BAG_y,EJECT_IM,MAKE,VEH_NO_y,DRIMPAIR_y
61244,2,99,96.0,0.0,1.0,9995.0,-99.0,6.0,71.0,12.0,58.0,4.0,80.0,1.0,1.0,4.0,3.0,0.0,9.0,0.0,9.0,995.0,99.0,6.0,2.0,12.0,2.0,0.0,JN1EV7APXJM3,2018.0,480.0,1901.0,13.0,58.0,Infiniti,41.0,4.0,1.0,0.0,0.0,999.0,8.0,0.0,0.0,12.0,6.0,12.0,0.0,0.0,1.0,32.0,89156.0,1.0,6.0,3.0,Valid license for this class vehicle,3.0,70.0,240.0,0.0,0.0,0.0,0.0,No Record,0.0,0.0,0.0,0.0,1.0,2.0,65.0,1.0,1.0,2.0,1.0,97.0,1.0,54.0,7.0,1.0,4.0,303.0,6.0,99.0,1.0,0.0,202305082360.0,12.0,4.0,7.0,1.0,1.0,1.0,4.0,23.0,2.0,0.0,1.0,8.0,0.0,58.0,1.0,0.0
61247,2,98,96.0,39.0,1.0,0.0,-99.0,6.0,71.0,12.0,6.0,4.0,34.0,2.0,1.0,1.0,3.0,0.0,9.0,0.0,0.0,996.0,0.0,6.0,2.0,12.0,1.0,0.0,2C3CA5CVXAH2,2010.0,477.0,1878.0,13.0,6.0,Chrysler,51.0,4.0,1.0,0.0,0.0,998.0,7.0,0.0,0.0,61.0,6.0,12.0,0.0,0.0,1.0,6.0,92336.0,0.0,0.0,0.0,Not licensed,0.0,65.0,165.0,0.0,0.0,0.0,0.0,No Record,0.0,0.0,0.0,0.0,1.0,2.0,40.0,1.0,8.0,2.0,1.0,20.0,1.0,17.0,1.0,1.0,1.0,504.0,6.0,0.0,1.0,0.0,202305260935.0,12.0,6.0,8.0,4.0,1.0,1.0,4.0,25.0,1.0,0.0,1.0,20.0,0.0,6.0,1.0,0.0
61250,1,9,96.0,58.0,1.0,1.0,-99.0,6.0,71.0,59.0,20.0,34.0,32.0,1.0,1.0,2.0,20.0,7.0,9.0,2.0,1.0,0.0,0.0,6.0,1.0,59.0,2.0,0.0,1GCEC19T1YZ1,2000.0,467.0,1850.0,60.0,20.0,Chevrolet,481.0,34.0,1.0,0.0,0.0,75.0,7.0,3.0,5.0,98.0,6.0,1.0,0.0,1.0,1.0,6.0,91752.0,1.0,6.0,3.0,Valid license for this class vehicle,0.0,67.0,182.0,0.0,0.0,0.0,0.0,No Record,0.0,0.0,0.0,4.0,8.0,8.0,35.0,8.0,8.0,8.0,1.0,97.0,1.0,6.0,6.0,7.0,4.0,101.0,6.0,0.0,1.0,0.0,202305130296.0,12.0,3.0,7.0,2.0,1.0,1.0,34.0,33.0,1.0,0.0,1.0,20.0,0.0,20.0,1.0,98.0
61263,1,9,96.0,0.0,1.0,9995.0,-99.0,6.0,29.0,12.0,7.0,34.0,54.0,1.0,1.0,2.0,3.0,0.0,8.0,0.0,1.0,167.0,0.0,6.0,2.0,12.0,1.0,0.0,3C6RR7LT7LG1,2020.0,496.0,13620.0,60.0,7.0,Dodge,482.0,34.0,1.0,0.0,0.0,55.0,0.0,3.0,1.0,12.0,6.0,12.0,0.0,1.0,1.0,6.0,93257.0,1.0,6.0,3.0,Valid license for this class vehicle,3.0,72.0,185.0,1.0,0.0,0.0,6.0,June,2019.0,6.0,2019.0,0.0,1.0,2.0,55.0,8.0,8.0,8.0,1.0,97.0,1.0,10.0,99.0,9.0,2.0,301.0,6.0,0.0,1.0,0.0,202305146998.0,12.0,1.0,7.0,0.0,1.0,1.0,34.0,43.0,1.0,0.0,1.0,20.0,0.0,7.0,2.0,0.0
61264,1,9,99.0,0.0,1.0,3053.0,-99.0,6.0,13.0,59.0,12.0,34.0,21.0,1.0,1.0,4.0,99.0,7.0,99.0,0.0,1.0,132.0,99.0,6.0,1.0,59.0,1.0,0.0,1FTPW14554KD,2004.0,460.0,1801.0,60.0,12.0,Ford,481.0,34.0,1.0,0.0,0.0,80.0,7.0,0.0,0.0,12.0,6.0,59.0,1.0,1.0,1.0,6.0,94523.0,1.0,6.0,3.0,Valid license for this class vehicle,0.0,73.0,160.0,0.0,0.0,0.0,0.0,No Record,0.0,0.0,0.0,0.0,6.0,3.0,65.0,3.0,8.0,8.0,1.0,97.0,14.0,12.0,1.0,1.0,4.0,102.0,6.0,99.0,1.0,0.0,202305360720.0,14.0,3.0,10.0,0.0,1.0,1.0,34.0,16.0,1.0,0.0,1.0,98.0,0.0,12.0,1.0,0.0
61266,2,98,96.0,0.0,1.0,0.0,-99.0,6.0,73.0,12.0,49.0,4.0,20.0,2.0,1.0,3.0,3.0,0.0,9.0,0.0,0.0,996.0,0.0,6.0,2.0,12.0,1.0,0.0,4T1B11HK7KU2,2019.0,448.0,2469.0,13.0,49.0,Toyota,40.0,4.0,1.0,0.0,0.0,55.0,8.0,0.0,0.0,12.0,6.0,12.0,0.0,0.0,1.0,6.0,92065.0,1.0,6.0,3.0,Valid license for this class vehicle,0.0,67.0,185.0,0.0,0.0,0.0,0.0,No Record,0.0,0.0,0.0,0.0,1.0,2.0,55.0,3.0,8.0,2.0,1.0,97.0,14.0,62.0,9.0,1.0,1.0,302.0,6.0,0.0,1.0,0.0,202304861694.0,12.0,2.0,1.0,3.0,5.0,1.0,4.0,47.0,1.0,3.0,1.0,1.0,0.0,49.0,2.0,0.0
61282,1,98,96.0,0.0,1.0,9999.0,-99.0,6.0,37.0,14.0,49.0,4.0,72.0,1.0,1.0,4.0,20.0,7.0,9.0,0.0,0.0,995.0,7.0,6.0,1.0,14.0,1.0,0.0,4T1BF3EK6AU5,2010.0,448.0,2469.0,13.0,49.0,Toyota,40.0,4.0,1.0,0.0,0.0,998.0,0.0,0.0,0.0,12.0,6.0,14.0,0.0,0.0,1.0,6.0,91505.0,1.0,6.0,3.0,Valid license for this class vehicle,0.0,66.0,186.0,0.0,0.0,0.0,4.0,April,2023.0,4.0,2023.0,4.0,1.0,2.0,25.0,1.0,8.0,8.0,1.0,3.0,1.0,11.0,99.0,9.0,4.0,103.0,6.0,1.0,1.0,0.0,202305344748.0,12.0,2.0,1.0,0.0,1.0,1.0,4.0,59.0,2.0,0.0,1.0,20.0,0.0,49.0,2.0,0.0
61283,2,98,96.0,0.0,1.0,9999.0,-99.0,6.0,37.0,12.0,35.0,14.0,81.0,2.0,1.0,4.0,3.0,0.0,9.0,0.0,0.0,995.0,99.0,6.0,2.0,12.0,1.0,0.0,JN1BJ1AW9MW6,2021.0,478.0,17214.0,5.0,35.0,Nissan/Datsun,404.0,14.0,1.0,0.0,0.0,998.0,0.0,0.0,0.0,82.0,6.0,12.0,0.0,0.0,1.0,6.0,91208.0,1.0,6.0,3.0,Valid license for this class vehicle,0.0,61.0,194.0,0.0,0.0,0.0,7.0,July,2021.0,7.0,2021.0,0.0,1.0,4.0,35.0,1.0,5.0,2.0,1.0,97.0,1.0,70.0,99.0,9.0,1.0,415.0,6.0,99.0,1.0,0.0,202305590038.0,14.0,5.0,11.0,1.0,1.0,1.0,14.0,40.0,2.0,1.0,1.0,9.0,0.0,35.0,1.0,1.0
61286,1,98,99.0,0.0,1.0,9999.0,-99.0,6.0,37.0,46.0,49.0,5.0,38.0,1.0,1.0,4.0,20.0,7.0,9.0,0.0,8.0,995.0,99.0,6.0,1.0,46.0,1.0,0.0,JTDKN3DU7F18,2015.0,448.0,2209.0,5.0,49.0,Toyota,46.0,5.0,1.0,0.0,0.0,998.0,7.0,0.0,0.0,12.0,6.0,46.0,0.0,0.0,1.0,6.0,92240.0,1.0,6.0,3.0,Valid license for this class vehicle,0.0,71.0,200.0,0.0,0.0,0.0,7.0,July,2021.0,7.0,2021.0,0.0,1.0,4.0,40.0,1.0,8.0,8.0,1.0,65.0,1.0,12.0,99.0,1.0,4.0,102.0,6.0,99.0,1.0,0.0,202305362920.0,12.0,7.0,10.0,1.0,1.0,1.0,5.0,59.0,1.0,1.0,1.0,8.0,0.0,49.0,1.0,0.0
61289,2,98,96.0,0.0,1.0,0.0,-99.0,6.0,71.0,12.0,37.0,4.0,64.0,2.0,1.0,0.0,3.0,0.0,20.0,0.0,0.0,996.0,0.0,6.0,2.0,12.0,1.0,0.0,19XFB2F59DE0,2013.0,474.0,1863.0,13.0,37.0,Honda,31.0,4.0,1.0,0.0,0.0,45.0,0.0,0.0,0.0,61.0,4.0,12.0,0.0,0.0,1.0,6.0,92344.0,1.0,6.0,3.0,Valid license for this class vehicle,3.0,60.0,130.0,0.0,0.0,0.0,0.0,No Record,0.0,0.0,0.0,0.0,5.0,3.0,55.0,1.0,8.0,2.0,1.0,97.0,1.0,60.0,99.0,9.0,1.0,208.0,6.0,0.0,1.0,0.0,202305171528.0,12.0,2.0,8.0,0.0,10.0,1.0,4.0,58.0,2.0,0.0,1.0,20.0,0.0,37.0,2.0,0.0
61290,1,98,96.0,38.0,1.0,9999.0,-99.0,6.0,107.0,12.0,98.0,90.0,11.0,1.0,1.0,4.0,20.0,7.0,20.0,0.0,0.0,995.0,7.0,6.0,2.0,12.0,1.0,0.0,0,9999.0,99997.0,99997.0,69.0,98.0,Other Make,739.0,90.0,1.0,0.0,0.0,998.0,7.0,0.0,0.0,81.0,6.0,12.0,1.0,0.0,1.0,6.0,93291.0,0.0,0.0,0.0,Not licensed,0.0,999.0,999.0,0.0,0.0,0.0,0.0,No Record,0.0,0.0,0.0,0.0,1.0,2.0,25.0,1.0,8.0,5.0,1.0,0.0,1.0,17.0,99.0,9.0,9.0,502.0,6.0,1.0,1.0,0.0,202304636966.0,43.0,1.0,1.0,2.0,1.0,1.0,83.0,49.0,1.0,2.0,1.0,20.0,8.0,73.0,1.0,98.0
61293,1,99,0.0,38.0,1.0,9995.0,-99.0,6.0,37.0,1.0,49.0,4.0,42.0,1.0,1.0,2.0,3.0,0.0,9.0,0.0,9.0,995.0,0.0,6.0,2.0,1.0,2.0,0.0,4T1G11AKXNU0,2022.0,448.0,2469.0,13.0,49.0,Toyota,40.0,4.0,1.0,0.0,0.0,998.0,7.0,3.0,1.0,0.0,7.0,12.0,0.0,0.0,1.0,6.0,90732.0,1.0,6.0,3.0,Valid license for this class vehicle,0.0,66.0,160.0,0.0,0.0,0.0,0.0,No Record,0.0,0.0,0.0,0.0,1.0,2.0,25.0,1.0,8.0,8.0,1.0,20.0,4.0,16.0,1.0,1.0,1.0,998.0,6.0,0.0,1.0,0.0,202305117379.0,12.0,2.0,7.0,0.0,1.0,1.0,4.0,38.0,1.0,0.0,1.0,20.0,0.0,49.0,1.0,0.0
61303,1,9,96.0,0.0,1.0,1074.0,-99.0,6.0,77.0,12.0,37.0,4.0,48.0,2.0,1.0,4.0,3.0,0.0,20.0,0.0,8.0,0.0,99.0,6.0,2.0,12.0,1.0,0.0,5KBCP3F89AB0,2010.0,474.0,1861.0,13.0,37.0,Honda,32.0,4.0,1.0,0.0,0.0,999.0,0.0,0.0,0.0,61.0,7.0,12.0,0.0,0.0,1.0,6.0,95336.0,1.0,6.0,3.0,Valid license for this class vehicle,0.0,66.0,170.0,0.0,0.0,0.0,7.0,July,2021.0,7.0,2021.0,0.0,6.0,1.0,65.0,2.0,8.0,2.0,1.0,97.0,14.0,10.0,7.0,9.0,4.0,998.0,6.0,99.0,1.0,0.0,202305327040.0,12.0,7.0,10.0,0.0,1.0,1.0,4.0,22.0,1.0,0.0,1.0,20.0,0.0,37.0,2.0,0.0
61304,1,98,96.0,0.0,1.0,9995.0,-99.0,6.0,65.0,12.0,73.0,80.0,17.0,1.0,1.0,4.0,20.0,7.0,20.0,8.0,0.0,995.0,99.0,6.0,2.0,12.0,1.0,0.0,JKAZX4P157A0,2007.0,510.0,3173.0,80.0,73.0,Kawasaki,705.0,80.0,1.0,0.0,0.0,45.0,7.0,8.0,8.0,12.0,6.0,12.0,0.0,0.0,1.0,6.0,92223.0,2.0,6.0,3.0,Valid license for this class vehicle,3.0,72.0,150.0,0.0,0.0,0.0,5.0,May,2023.0,5.0,2023.0,0.0,1.0,2.0,45.0,1.0,1.0,2.0,1.0,97.0,6.0,61.0,99.0,1.0,1.0,406.0,6.0,99.0,1.0,0.0,202305077474.0,12.0,4.0,6.0,3.0,1.0,1.0,80.0,40.0,1.0,3.0,1.0,20.0,8.0,73.0,1.0,0.0
61305,1,99,96.0,0.0,1.0,9999.0,-99.0,6.0,7.0,42.0,48.0,14.0,25.0,1.0,1.0,4.0,3.0,0.0,9.0,0.0,9.0,995.0,99.0,6.0,1.0,42.0,1.0,0.0,JF2GTAMC2K82,2019.0,523.0,13580.0,7.0,48.0,Subaru,403.0,14.0,1.0,0.0,0.0,998.0,7.0,3.0,5.0,61.0,6.0,1.0,0.0,0.0,1.0,6.0,91739.0,1.0,6.0,3.0,Valid license for this class vehicle,0.0,70.0,148.0,0.0,0.0,0.0,0.0,No Record,0.0,0.0,0.0,5.0,1.0,2.0,55.0,2.0,8.0,2.0,1.0,97.0,14.0,12.0,99.0,2.0,4.0,102.0,6.0,99.0,1.0,0.0,202304736348.0,25.0,1.0,2.0,1.0,10.0,1.0,14.0,29.0,1.0,1.0,1.0,9.0,0.0,48.0,1.0,98.0
61309,1,0,96.0,39.0,1.0,9995.0,-99.0,6.0,29.0,12.0,35.0,34.0,60.0,1.0,1.0,0.0,3.0,0.0,9.0,0.0,0.0,995.0,0.0,6.0,3.0,12.0,1.0,0.0,1N6ED1EJ2PN6,2023.0,478.0,1919.0,60.0,35.0,Nissan/Datsun,472.0,34.0,1.0,0.0,0.0,998.0,7.0,0.0,0.0,11.0,4.0,12.0,0.0,0.0,1.0,6.0,93307.0,1.0,6.0,3.0,Valid license for this class vehicle,3.0,70.0,210.0,0.0,0.0,0.0,0.0,No Record,0.0,0.0,0.0,0.0,8.0,8.0,50.0,8.0,8.0,8.0,1.0,97.0,1.0,17.0,99.0,9.0,3.0,402.0,6.0,0.0,1.0,0.0,202304865936.0,12.0,3.0,4.0,1.0,1.0,1.0,34.0,54.0,1.0,1.0,1.0,8.0,0.0,35.0,2.0,0.0
61326,1,98,96.0,84.0,1.0,9995.0,-99.0,6.0,1.0,12.0,82.0,66.0,49.0,1.0,1.0,0.0,3.0,0.0,20.0,0.0,0.0,996.0,0.0,6.0,6.0,12.0,1.0,0.0,3AKJHHDR0PSU,2023.0,450.0,2501.0,66.0,82.0,Freightliner,881.0,66.0,1.0,0.0,0.0,55.0,8.0,0.0,0.0,12.0,7.0,12.0,0.0,0.0,1.0,53.0,98311.0,1.0,6.0,3.0,Valid license for this class vehicle,0.0,68.0,203.0,0.0,0.0,0.0,0.0,No Record,0.0,0.0,0.0,4.0,3.0,2.0,55.0,1.0,8.0,2.0,1.0,40.0,1.0,50.0,16.0,2.0,1.0,202.0,6.0,0.0,1.0,0.0,202305208048.0,12.0,5.0,8.0,0.0,1.0,1.0,66.0,37.0,1.0,0.0,1.0,20.0,0.0,82.0,1.0,98.0
61326,2,98,96.0,0.0,1.0,9995.0,-99.0,6.0,1.0,12.0,49.0,14.0,32.0,2.0,1.0,2.0,3.0,0.0,9.0,0.0,0.0,996.0,0.0,6.0,6.0,12.0,5.0,0.0,JTEHF21A8301,2003.0,448.0,2213.0,7.0,49.0,Toyota,403.0,14.0,1.0,0.0,0.0,25.0,8.0,0.0,0.0,6.0,7.0,12.0,0.0,0.0,1.0,6.0,95128.0,0.0,0.0,0.0,Not licensed,0.0,64.0,150.0,0.0,0.0,0.0,0.0,No Record,0.0,0.0,0.0,0.0,3.0,2.0,55.0,1.0,8.0,2.0,1.0,40.0,1.0,53.0,1.0,1.0,1.0,201.0,6.0,0.0,1.0,0.0,202305111762.0,12.0,7.0,6.0,0.0,1.0,1.0,14.0,18.0,2.0,0.0,1.0,20.0,0.0,49.0,2.0,0.0
61328,1,9,96.0,0.0,1.0,3022.0,0.23,6.0,47.0,1.0,63.0,6.0,31.0,1.0,1.0,4.0,20.0,7.0,9.0,1.0,1.0,200.0,99.0,6.0,1.0,1.0,1.0,0.0,KNDJP3A51G73,2016.0,499.0,2460.0,7.0,63.0,KIA,37.0,6.0,1.0,0.0,0.0,999.0,7.0,3.0,5.0,0.0,6.0,1.0,0.0,1.0,1.0,6.0,93610.0,1.0,6.0,3.0,Valid license for this class vehicle,3.0,63.0,180.0,0.0,0.0,0.0,0.0,No Record,0.0,0.0,0.0,0.0,2.0,3.0,70.0,1.0,8.0,1.0,1.0,97.0,1.0,13.0,99.0,1.0,4.0,101.0,6.0,99.0,1.0,0.0,202304918673.0,12.0,7.0,5.0,3.0,1.0,1.0,6.0,76.0,2.0,3.0,1.0,8.0,0.0,63.0,2.0,0.0
61330,2,0,96.0,0.0,1.0,0.0,-99.0,6.0,71.0,12.0,12.0,61.0,42.0,1.0,1.0,0.0,3.0,0.0,20.0,0.0,0.0,996.0,0.0,6.0,2.0,12.0,1.0,0.0,1FD0W4HT8NED,2022.0,460.0,1807.0,70.0,12.0,Ford,881.0,61.0,1.0,0.0,0.0,55.0,7.0,0.0,0.0,61.0,4.0,12.0,0.0,0.0,1.0,6.0,90063.0,1.0,6.0,3.0,Valid license for this class vehicle,0.0,68.0,245.0,0.0,0.0,0.0,0.0,No Record,0.0,0.0,0.0,0.0,1.0,2.0,55.0,1.0,1.0,8.0,1.0,97.0,11.0,60.0,1.0,1.0,2.0,405.0,6.0,0.0,1.0,0.0,202305329542.0,12.0,7.0,9.0,4.0,1.0,1.0,61.0,42.0,1.0,0.0,1.0,20.0,0.0,12.0,2.0,98.0
61331,1,99,96.0,0.0,1.0,9999.0,-99.0,6.0,37.0,12.0,35.0,4.0,42.0,1.0,1.0,4.0,3.0,0.0,9.0,0.0,9.0,995.0,7.0,6.0,2.0,12.0,1.0,0.0,1N4AL11D66N3,2006.0,478.0,1904.0,13.0,35.0,Nissan/Datsun,47.0,4.0,1.0,0.0,0.0,998.0,0.0,0.0,0.0,12.0,6.0,12.0,0.0,0.0,1.0,6.0,90047.0,1.0,6.0,3.0,Valid license for this class vehicle,0.0,73.0,230.0,0.0,0.0,0.0,0.0,No Record,0.0,0.0,0.0,4.0,5.0,5.0,35.0,1.0,8.0,8.0,1.0,97.0,1.0,54.0,99.0,1.0,3.0,303.0,6.0,2.0,1.0,0.0,202304830176.0,12.0,7.0,3.0,1.0,1.0,1.0,4.0,38.0,1.0,0.0,1.0,20.0,0.0,35.0,1.0,98.0
61332,1,9,96.0,0.0,1.0,2037.0,-99.0,6.0,33.0,42.0,49.0,4.0,53.0,2.0,1.0,4.0,99.0,7.0,99.0,0.0,1.0,200.0,7.0,6.0,1.0,42.0,1.0,0.0,1NXBR32E53Z0,2003.0,448.0,2208.0,13.0,49.0,Toyota,32.0,4.0,1.0,0.0,0.0,999.0,7.0,3.0,5.0,12.0,6.0,1.0,0.0,1.0,1.0,6.0,95467.0,1.0,6.0,3.0,Valid license for this class vehicle,0.0,64.0,120.0,0.0,0.0,0.0,0.0,No Record,0.0,0.0,0.0,0.0,1.0,2.0,55.0,9.0,1.0,8.0,1.0,97.0,1.0,13.0,99.0,1.0,4.0,101.0,6.0,1.0,1.0,0.0,202304833330.0,12.0,2.0,3.0,0.0,1.0,1.0,4.0,63.0,1.0,0.0,1.0,20.0,0.0,49.0,1.0,0.0
61333,2,98,96.0,0.0,1.0,5060.0,-99.0,6.0,29.0,12.0,37.0,2.0,20.0,1.0,1.0,4.0,20.0,7.0,9.0,0.0,9.0,0.0,7.0,6.0,2.0,12.0,1.0,0.0,2HGFG3B83CH5,2012.0,474.0,1863.0,3.0,37.0,Honda,31.0,2.0,1.0,0.0,0.0,998.0,8.0,0.0,0.0,81.0,6.0,12.0,0.0,0.0,1.0,6.0,93313.0,1.0,6.0,3.0,Valid license for this class vehicle,0.0,72.0,170.0,0.0,1.0,0.0,10.0,October,2021.0,2.0,2022.0,0.0,8.0,8.0,45.0,8.0,8.0,8.0,1.0,97.0,1.0,66.0,99.0,9.0,3.0,502.0,6.0,2.0,1.0,0.0,202305108959.0,12.0,7.0,7.0,2.0,2.0,1.0,2.0,20.0,1.0,0.0,1.0,9.0,0.0,37.0,1.0,0.0
61341,1,99,96.0,39.0,1.0,9995.0,-99.0,6.0,77.0,33.0,55.0,4.0,20.0,1.0,1.0,4.0,20.0,7.0,9.0,0.0,9.0,995.0,99.0,6.0,1.0,33.0,2.0,0.0,5NPDH4AE3GH7,2016.0,498.0,2735.0,13.0,55.0,Hyundai,35.0,4.0,1.0,0.0,0.0,998.0,7.0,3.0,9.0,98.0,6.0,1.0,0.0,0.0,1.0,6.0,95205.0,0.0,0.0,0.0,Not licensed,0.0,67.0,155.0,0.0,0.0,0.0,0.0,No Record,0.0,0.0,0.0,4.0,1.0,2.0,35.0,1.0,1.0,2.0,1.0,20.0,1.0,14.0,99.0,9.0,4.0,103.0,6.0,99.0,1.0,0.0,202304924719.0,12.0,1.0,1.0,2.0,2.0,1.0,4.0,36.0,2.0,2.0,1.0,20.0,0.0,55.0,2.0,0.0
61352,1,99,96.0,0.0,1.0,9999.0,-99.0,6.0,37.0,12.0,7.0,6.0,19.0,1.0,1.0,4.0,3.0,0.0,98.0,0.0,8.0,995.0,99.0,6.0,3.0,12.0,1.0,0.0,3C4PDCEG4JT4,2018.0,476.0,1939.0,7.0,7.0,Dodge,27.0,6.0,1.0,0.0,0.0,998.0,0.0,3.0,1.0,12.0,6.0,12.0,0.0,0.0,1.0,6.0,93536.0,1.0,6.0,3.0,Valid license for this class vehicle,3.0,65.0,135.0,0.0,0.0,0.0,0.0,No Record,0.0,0.0,0.0,4.0,1.0,4.0,50.0,1.0,8.0,2.0,1.0,3.0,1.0,50.0,99.0,1.0,1.0,202.0,6.0,99.0,1.0,0.0,202304783071.0,12.0,7.0,2.0,0.0,2.0,1.0,6.0,76.0,1.0,0.0,1.0,20.0,0.0,7.0,1.0,98.0
61355,1,9,96.0,0.0,1.0,0.0,-99.0,6.0,37.0,14.0,37.0,4.0,36.0,1.0,1.0,1.0,3.0,0.0,9.0,0.0,1.0,125.0,0.0,6.0,2.0,14.0,1.0,0.0,2HGFE2F51NH5,2022.0,474.0,1863.0,13.0,37.0,Honda,31.0,4.0,1.0,0.0,0.0,70.0,8.0,0.0,0.0,12.0,7.0,14.0,1.0,1.0,1.0,6.0,93536.0,1.0,6.0,3.0,Valid license for this class vehicle,3.0,71.0,220.0,0.0,0.0,0.0,0.0,No Record,0.0,0.0,0.0,0.0,3.0,4.0,65.0,1.0,1.0,1.0,1.0,97.0,1.0,12.0,7.0,1.0,4.0,103.0,6.0,0.0,1.0,0.0,202304943487.0,12.0,4.0,3.0,2.0,1.0,1.0,4.0,21.0,1.0,0.0,1.0,8.0,0.0,37.0,1.0,0.0
61365,4,98,96.0,0.0,1.0,0.0,-99.0,6.0,37.0,12.0,2.0,14.0,41.0,1.0,1.0,1.0,3.0,0.0,9.0,0.0,0.0,996.0,0.0,6.0,5.0,12.0,1.0,0.0,1C4BJWDG8GL1,2016.0,483.0,1943.0,7.0,2.0,Jeep / Kaiser-Jeep / Willys- Jeep,403.0,14.0,1.0,0.0,0.0,60.0,0.0,0.0,0.0,12.0,6.0,12.0,0.0,0.0,1.0,6.0,91387.0,1.0,6.0,3.0,Valid license for this class vehicle,0.0,68.0,180.0,1.0,0.0,0.0,10.0,October,2018.0,10.0,2018.0,0.0,3.0,4.0,55.0,3.0,8.0,1.0,1.0,97.0,14.0,60.0,99.0,1.0,1.0,998.0,6.0,0.0,1.0,0.0,202305156597.0,12.0,2.0,6.0,0.0,1.0,1.0,14.0,59.0,2.0,0.0,1.0,20.0,0.0,2.0,1.0,0.0
61367,1,99,5.0,0.0,1.0,9999.0,-99.0,6.0,81.0,14.0,37.0,4.0,22.0,2.0,1.0,4.0,3.0,0.0,9.0,0.0,9.0,995.0,99.0,6.0,1.0,14.0,1.0,0.0,2HGFB2F56FH5,2015.0,474.0,1863.0,13.0,37.0,Honda,31.0,4.0,1.0,0.0,0.0,998.0,0.0,0.0,0.0,12.0,6.0,14.0,0.0,0.0,1.0,6.0,94070.0,0.0,0.0,0.0,Not licensed,0.0,58.0,105.0,0.0,0.0,0.0,4.0,April,2023.0,4.0,2023.0,4.0,2.0,3.0,35.0,1.0,1.0,8.0,1.0,0.0,1.0,11.0,99.0,1.0,4.0,103.0,6.0,99.0,1.0,0.0,202304991819.0,14.0,1.0,5.0,2.0,1.0,1.0,4.0,58.0,2.0,2.0,1.0,20.0,0.0,37.0,1.0,98.0
61372,1,98,96.0,38.0,1.0,0.0,-99.0,6.0,107.0,12.0,49.0,14.0,39.0,2.0,1.0,1.0,3.0,0.0,98.0,0.0,8.0,996.0,0.0,6.0,2.0,12.0,1.0,0.0,JTMG1RFVXKD0,2019.0,448.0,2217.0,7.0,49.0,Toyota,402.0,14.0,1.0,0.0,0.0,998.0,7.0,0.0,0.0,61.0,6.0,12.0,0.0,0.0,1.0,6.0,93277.0,1.0,6.0,3.0,Valid license for this class vehicle,3.0,65.0,250.0,0.0,0.0,0.0,0.0,No Record,0.0,0.0,0.0,0.0,0.0,0.0,0.0,0.0,0.0,0.0,0.0,0.0,11.0,15.0,99.0,1.0,2.0,414.0,6.0,0.0,1.0,0.0,202304793422.0,11.0,2.0,2.0,0.0,1.0,1.0,14.0,32.0,2.0,0.0,1.0,98.0,0.0,49.0,1.0,0.0
61382,1,99,96.0,0.0,1.0,3033.0,-99.0,6.0,71.0,1.0,2.0,14.0,41.0,1.0,1.0,4.0,3.0,0.0,9.0,1.0,9.0,0.0,99.0,6.0,1.0,1.0,1.0,0.0,1J4GS48K85C7,2005.0,483.0,1949.0,7.0,2.0,Jeep / Kaiser-Jeep / Willys- Jeep,404.0,14.0,1.0,0.0,0.0,999.0,7.0,3.0,5.0,0.0,6.0,1.0,0.0,0.0,1.0,6.0,92311.0,0.0,0.0,0.0,Not licensed,0.0,66.0,210.0,0.0,0.0,0.0,9.0,September,2022.0,10.0,2022.0,5.0,3.0,3.0,70.0,1.0,6.0,8.0,1.0,97.0,1.0,13.0,99.0,9.0,4.0,101.0,6.0,99.0,1.0,0.0,202305341645.0,1.0,1.0,7.0,4.0,1.0,1.0,14.0,41.0,1.0,4.0,1.0,9.0,1.0,2.0,1.0,99.0