ST_CASE,VEH_NO_x,DRIMPAIR_x,DRDISTRACT,DRIVERRF,PER_NO_x,DRUGRES,DRUGACTQTY,STATE_x,COUNTY,HARM_EV_x,MAKE_x,BODY_TYP_x,AGE,SEX,PER_TYP_x,INJ_SEV,REST_USE,REST_MIS,AIR_BAG_x,EJECTION,DRINKING,ALC_RES,HISPANIC,STATE_y,VE_FORMS,HARM_EV_y,NUMOCCS,HIT_RUN,VIN,MOD_YEAR,VPICMAKE,VPICMODEL,VPICBODYCLASS,MAKE_y,MAKENAME,MODEL,BODY_TYP_y,HAZ_INV,HAZ_PLAC,HAZ_ID,TRAV_SP,UNDEROVERRIDE,ROLLOVER,ROLINLOC,IMPACT1,DEFORMED,M_HARM,FIRE_EXP,DR_DRINK,DR_PRES,L_STATE,DR_ZIP,L_TYPE,L_STATUS,L_COMPL,L_COMPLNAME,L_RESTRI,DR_HGT,DR_WGT,PREV_DWI,PREV_SPD,PREV_OTH,FIRST_MO,FIRST_MONAME,FIRST_YR,LAST_MO,LAST_YR,SPEEDREL,VTRAFWAY,VNUM_LAN,VSPD_LIM,VALIGN,VPROFILE,VPAVETYP,VSURCOND,VTRAFCON,P_CRASH1,P_CRASH2,P_CRASH3,PCRASH4,PCRASH5,ACC_CONFIG,STATE,RACE,ORDER,MULTRACE,CASENUM,HARM_EV,DAY_WEEK,MONTH,MAXSEV_IM,WEATHR_IM,PER_NO_y,BODY_TYP,AGE_IM,SEX_IM,INJSEV_IM,PER_TYP_y,AIR_BAG_y,EJECT_IM,MAKE,VEH_NO_y,DRIMPAIR_y
62001,2,0,96.0,0.0,1.0,0.0,-99.0,6.0,37.0,12.0,37.0,15.0,42.0,2.0,1.0,1.0,3.0,0.0,9.0,0.0,0.0,996.0,0.0,6.0,2.0,12.0,1.0,0.0,5FNYF6H54LB0,2020.0,474.0,1864.0,7.0,37.0,Honda,421.0,15.0,1.0,0.0,0.0,998.0,0.0,0.0,0.0,82.0,6.0,12.0,0.0,0.0,1.0,6.0,91402.0,1.0,6.0,3.0,Valid license for this class vehicle,0.0,61.0,120.0,0.0,0.0,0.0,0.0,No Record,0.0,0.0,0.0,0.0,8.0,8.0,40.0,1.0,8.0,8.0,1.0,2.0,1.0,66.0,1.0,1.0,1.0,502.0,6.0,0.0,1.0,0.0,202305359398.0,12.0,4.0,8.0,1.0,1.0,1.0,15.0,17.0,1.0,1.0,1.0,20.0,0.0,37.0,2.0,0.0
62009,1,0,96.0,40.0,1.0,0.0,-99.0,6.0,71.0,10.0,12.0,1.0,58.0,1.0,1.0,1.0,20.0,7.0,20.0,0.0,0.0,996.0,0.0,6.0,1.0,10.0,2.0,0.0,1ZVHT84N0651,2006.0,460.0,1781.0,1.0,12.0,Ford,3.0,1.0,1.0,0.0,0.0,999.0,7.0,0.0,0.0,81.0,6.0,10.0,0.0,0.0,1.0,6.0,92301.0,1.0,6.0,3.0,Valid license for this class vehicle,0.0,73.0,210.0,0.0,0.0,0.0,0.0,No Record,0.0,0.0,0.0,0.0,1.0,2.0,25.0,1.0,1.0,8.0,1.0,65.0,1.0,90.0,99.0,1.0,2.0,103.0,6.0,0.0,1.0,0.0,202305507927.0,10.0,3.0,4.0,4.0,1.0,1.0,1.0,58.0,1.0,1.0,1.0,20.0,0.0,12.0,1.0,9.0
62023,2,98,96.0,0.0,1.0,3073.0,-99.0,6.0,13.0,12.0,35.0,4.0,31.0,2.0,1.0,4.0,20.0,7.0,8.0,0.0,8.0,0.0,7.0,6.0,2.0,12.0,3.0,0.0,1N4AL3AP6HC2,2017.0,478.0,1904.0,13.0,35.0,Nissan/Datsun,47.0,4.0,1.0,0.0,0.0,998.0,0.0,0.0,0.0,81.0,7.0,12.0,0.0,0.0,1.0,6.0,95841.0,1.0,6.0,3.0,Valid license for this class vehicle,3.0,61.0,190.0,0.0,0.0,0.0,0.0,No Record,0.0,0.0,0.0,0.0,2.0,2.0,30.0,1.0,1.0,2.0,1.0,3.0,11.0,62.0,1.0,1.0,2.0,401.0,6.0,2.0,1.0,0.0,202304894082.0,12.0,1.0,1.0,0.0,1.0,1.0,4.0,29.0,1.0,0.0,1.0,20.0,0.0,35.0,2.0,0.0
62026,1,99,96.0,0.0,1.0,1.0,-99.0,6.0,17.0,42.0,37.0,14.0,69.0,1.0,1.0,4.0,3.0,0.0,9.0,0.0,9.0,0.0,99.0,6.0,1.0,42.0,1.0,0.0,5J6YH28563L0,2003.0,474.0,1868.0,7.0,37.0,Honda,403.0,14.0,1.0,0.0,0.0,999.0,7.0,0.0,0.0,61.0,6.0,42.0,0.0,0.0,1.0,6.0,95742.0,1.0,6.0,3.0,Valid license for this class vehicle,0.0,67.0,210.0,0.0,1.0,0.0,4.0,April,2022.0,8.0,2023.0,0.0,1.0,2.0,55.0,2.0,8.0,2.0,1.0,97.0,14.0,12.0,99.0,1.0,4.0,102.0,6.0,99.0,1.0,0.0,202305043690.0,12.0,1.0,4.0,3.0,1.0,1.0,14.0,48.0,2.0,0.0,1.0,9.0,0.0,37.0,1.0,98.0
62027,2,98,96.0,0.0,1.0,0.0,-99.0,6.0,61.0,12.0,85.0,66.0,36.0,1.0,1.0,0.0,3.0,0.0,20.0,0.0,0.0,996.0,0.0,6.0,2.0,12.0,1.0,0.0,1XKYDP9X4EJ4,2014.0,532.0,2733.0,66.0,85.0,Kenworth,881.0,66.0,1.0,0.0,0.0,998.0,7.0,0.0,0.0,6.0,4.0,12.0,0.0,0.0,1.0,6.0,95330.0,1.0,6.0,3.0,Valid license for this class vehicle,0.0,70.0,180.0,0.0,0.0,1.0,3.0,March,2019.0,10.0,2021.0,0.0,2.0,3.0,65.0,1.0,5.0,1.0,1.0,97.0,1.0,53.0,1.0,1.0,1.0,201.0,6.0,0.0,1.0,0.0,202305498666.0,12.0,3.0,10.0,4.0,1.0,1.0,66.0,61.0,1.0,2.0,1.0,20.0,0.0,85.0,2.0,98.0
62038,2,98,96.0,0.0,1.0,0.0,-99.0,6.0,37.0,12.0,37.0,4.0,32.0,2.0,1.0,2.0,3.0,0.0,9.0,0.0,0.0,996.0,0.0,6.0,2.0,12.0,1.0,0.0,1HGCR2F5XFA2,2015.0,474.0,1861.0,13.0,37.0,Honda,32.0,4.0,1.0,0.0,0.0,53.0,7.0,0.0,0.0,12.0,6.0,12.0,0.0,0.0,1.0,6.0,91384.0,1.0,6.0,3.0,Valid license for this class vehicle,0.0,64.0,113.0,0.0,0.0,0.0,4.0,April,2023.0,4.0,2023.0,0.0,1.0,2.0,55.0,3.0,1.0,2.0,1.0,97.0,14.0,62.0,99.0,9.0,1.0,302.0,6.0,0.0,1.0,0.0,202305364884.0,12.0,2.0,10.0,1.0,10.0,1.0,4.0,52.0,2.0,0.0,1.0,20.0,0.0,37.0,1.0,98.0
62043,2,98,96.0,0.0,1.0,1.0,-99.0,6.0,65.0,12.0,35.0,4.0,72.0,2.0,1.0,4.0,3.0,0.0,98.0,0.0,0.0,0.0,99.0,6.0,2.0,12.0,1.0,0.0,3N1CN8DV8LL8,2020.0,478.0,1894.0,13.0,35.0,Nissan/Datsun,50.0,4.0,1.0,0.0,0.0,998.0,0.0,0.0,0.0,81.0,7.0,12.0,0.0,0.0,1.0,6.0,92234.0,1.0,6.0,3.0,Valid license for this class vehicle,0.0,59.0,153.0,0.0,0.0,0.0,0.0,No Record,0.0,0.0,0.0,0.0,5.0,5.0,45.0,1.0,8.0,1.0,1.0,97.0,11.0,15.0,99.0,1.0,2.0,401.0,6.0,99.0,1.0,0.0,202304733357.0,12.0,4.0,2.0,1.0,10.0,1.0,4.0,51.0,2.0,1.0,1.0,20.0,0.0,35.0,2.0,98.0
62044,1,0,96.0,28.0,1.0,0.0,-99.0,6.0,65.0,12.0,49.0,14.0,22.0,2.0,1.0,1.0,3.0,0.0,9.0,0.0,0.0,996.0,0.0,6.0,2.0,12.0,2.0,0.0,5TDDZRBH5LS0,2020.0,448.0,2213.0,7.0,49.0,Toyota,403.0,14.0,1.0,0.0,0.0,998.0,8.0,0.0,0.0,12.0,7.0,12.0,0.0,0.0,1.0,6.0,92027.0,1.0,6.0,3.0,Valid license for this class vehicle,3.0,65.0,180.0,0.0,0.0,0.0,7.0,July,2023.0,7.0,2023.0,4.0,1.0,2.0,55.0,1.0,5.0,8.0,1.0,97.0,6.0,10.0,9.0,1.0,2.0,301.0,6.0,0.0,1.0,0.0,202305573352.0,12.0,5.0,12.0,2.0,1.0,1.0,14.0,76.0,1.0,0.0,1.0,20.0,0.0,49.0,1.0,0.0
62048,1,98,96.0,28.0,1.0,9999.0,-99.0,6.0,37.0,12.0,37.0,14.0,80.0,1.0,1.0,4.0,3.0,0.0,9.0,0.0,0.0,995.0,99.0,6.0,2.0,12.0,1.0,0.0,JHLRE48338C0,2008.0,474.0,1865.0,7.0,37.0,Honda,402.0,14.0,1.0,0.0,0.0,999.0,8.0,3.0,5.0,12.0,6.0,12.0,0.0,0.0,1.0,6.0,93551.0,1.0,6.0,3.0,Valid license for this class vehicle,3.0,69.0,185.0,0.0,0.0,0.0,0.0,No Record,0.0,0.0,0.0,0.0,1.0,2.0,55.0,1.0,1.0,1.0,1.0,97.0,1.0,10.0,99.0,1.0,2.0,301.0,6.0,99.0,1.0,0.0,202305023291.0,12.0,4.0,5.0,0.0,1.0,1.0,14.0,17.0,2.0,0.0,1.0,20.0,0.0,37.0,2.0,0.0
62061,1,98,96.0,39.0,1.0,0.0,-99.0,6.0,37.0,12.0,2.0,14.0,22.0,1.0,1.0,2.0,3.0,0.0,9.0,0.0,0.0,996.0,0.0,6.0,2.0,12.0,1.0,0.0,1C4NJPFA6HD1,2017.0,483.0,1947.0,7.0,2.0,Jeep / Kaiser-Jeep / Willys- Jeep,407.0,14.0,1.0,0.0,0.0,40.0,0.0,0.0,0.0,12.0,6.0,12.0,0.0,0.0,1.0,6.0,93552.0,1.0,6.0,3.0,Valid license for this class vehicle,3.0,70.0,155.0,0.0,0.0,0.0,0.0,No Record,0.0,0.0,0.0,0.0,3.0,6.0,50.0,1.0,8.0,2.0,1.0,3.0,1.0,17.0,1.0,1.0,1.0,501.0,6.0,0.0,1.0,0.0,202305589916.0,12.0,1.0,10.0,4.0,10.0,1.0,14.0,23.0,1.0,2.0,1.0,9.0,0.0,2.0,1.0,98.0
62067,1,99,96.0,0.0,1.0,9995.0,-99.0,6.0,73.0,33.0,20.0,15.0,32.0,2.0,1.0,4.0,20.0,7.0,9.0,0.0,9.0,995.0,99.0,6.0,1.0,33.0,1.0,0.0,1GNUKCE00AR1,2010.0,467.0,1852.0,7.0,20.0,Chevrolet,421.0,15.0,1.0,0.0,0.0,48.0,7.0,0.0,0.0,12.0,6.0,42.0,0.0,0.0,1.0,6.0,95975.0,0.0,0.0,0.0,Not licensed,0.0,65.0,135.0,0.0,0.0,0.0,0.0,No Record,0.0,0.0,0.0,4.0,6.0,2.0,45.0,2.0,5.0,1.0,1.0,40.0,14.0,6.0,99.0,9.0,4.0,102.0,6.0,99.0,1.0,0.0,202304867323.0,12.0,5.0,4.0,1.0,10.0,1.0,15.0,21.0,1.0,0.0,1.0,8.0,0.0,20.0,2.0,0.0
62079,1,9,96.0,50.0,1.0,5997.0,-99.0,6.0,37.0,12.0,58.0,2.0,23.0,1.0,1.0,3.0,99.0,7.0,9.0,0.0,1.0,10.0,0.0,6.0,2.0,12.0,1.0,0.0,JNKCV54E34M8,2004.0,480.0,2305.0,3.0,58.0,Infiniti,37.0,2.0,1.0,0.0,0.0,998.0,0.0,0.0,0.0,12.0,6.0,12.0,0.0,1.0,1.0,6.0,90058.0,0.0,0.0,0.0,Not licensed,0.0,69.0,200.0,0.0,0.0,0.0,0.0,No Record,0.0,0.0,0.0,0.0,1.0,4.0,35.0,1.0,1.0,2.0,1.0,97.0,1.0,10.0,99.0,1.0,2.0,301.0,6.0,0.0,1.0,0.0,202305179361.0,12.0,7.0,8.0,2.0,1.0,1.0,2.0,18.0,2.0,2.0,1.0,1.0,0.0,58.0,1.0,0.0
62082,1,99,96.0,0.0,1.0,9999.0,-99.0,6.0,111.0,33.0,49.0,6.0,31.0,1.0,1.0,4.0,20.0,7.0,1.0,0.0,1.0,995.0,99.0,6.0,1.0,33.0,1.0,0.0,JTLKE50E4810,2008.0,448.0,2210.0,7.0,49.0,Toyota,49.0,6.0,1.0,0.0,0.0,998.0,7.0,0.0,0.0,98.0,6.0,39.0,0.0,1.0,1.0,6.0,93003.0,0.0,0.0,0.0,Not licensed,0.0,67.0,140.0,0.0,0.0,0.0,0.0,No Record,0.0,0.0,0.0,4.0,1.0,2.0,40.0,1.0,8.0,8.0,1.0,97.0,1.0,13.0,99.0,9.0,4.0,101.0,6.0,99.0,1.0,0.0,202305073497.0,12.0,5.0,6.0,1.0,1.0,1.0,6.0,29.0,1.0,0.0,1.0,1.0,0.0,49.0,3.0,0.0
62090,1,99,96.0,0.0,1.0,9999.0,-99.0,6.0,37.0,33.0,37.0,4.0,28.0,1.0,1.0,4.0,3.0,0.0,98.0,0.0,1.0,995.0,99.0,6.0,1.0,33.0,1.0,0.0,1HGCM66467A0,2007.0,474.0,1861.0,13.0,37.0,Honda,32.0,4.0,1.0,0.0,0.0,998.0,7.0,0.0,0.0,98.0,6.0,33.0,0.0,1.0,1.0,6.0,91406.0,1.0,1.0,2.0,No valid license for this class vehicle,0.0,70.0,150.0,0.0,0.0,0.0,0.0,No Record,0.0,0.0,0.0,4.0,2.0,3.0,35.0,1.0,8.0,8.0,1.0,97.0,1.0,12.0,99.0,4.0,4.0,102.0,6.0,99.0,1.0,0.0,202304687178.0,12.0,5.0,1.0,0.0,10.0,1.0,4.0,30.0,2.0,0.0,1.0,20.0,0.0,37.0,1.0,0.0
62099,1,9,96.0,0.0,1.0,0.0,-99.0,6.0,37.0,14.0,37.0,4.0,27.0,1.0,1.0,2.0,20.0,7.0,8.0,0.0,1.0,55.0,0.0,6.0,1.0,14.0,2.0,0.0,2HGFC2F72JH5,2018.0,474.0,1863.0,13.0,37.0,Honda,31.0,4.0,1.0,0.0,0.0,83.0,0.0,0.0,0.0,12.0,6.0,14.0,0.0,1.0,1.0,6.0,90805.0,1.0,6.0,3.0,Valid license for this class vehicle,0.0,76.0,190.0,0.0,0.0,0.0,0.0,No Record,0.0,0.0,0.0,4.0,3.0,2.0,50.0,3.0,5.0,2.0,1.0,97.0,14.0,11.0,99.0,9.0,4.0,103.0,6.0,0.0,1.0,0.0,202305083750.0,12.0,3.0,7.0,0.0,1.0,1.0,4.0,30.0,1.0,0.0,1.0,1.0,0.0,37.0,1.0,0.0
62106,2,98,96.0,0.0,1.0,0.0,-99.0,6.0,77.0,12.0,55.0,4.0,58.0,2.0,1.0,0.0,3.0,0.0,20.0,0.0,0.0,996.0,0.0,6.0,2.0,12.0,1.0,0.0,KMHCT4AE5GU0,2016.0,498.0,2773.0,13.0,55.0,Hyundai,36.0,4.0,1.0,0.0,0.0,998.0,0.0,0.0,0.0,1.0,2.0,12.0,0.0,0.0,1.0,6.0,95210.0,1.0,6.0,3.0,Valid license for this class vehicle,0.0,63.0,150.0,0.0,0.0,0.0,0.0,No Record,0.0,0.0,0.0,0.0,2.0,2.0,45.0,1.0,8.0,2.0,1.0,97.0,1.0,61.0,99.0,9.0,1.0,207.0,6.0,0.0,1.0,0.0,202304930403.0,12.0,2.0,2.0,0.0,1.0,1.0,4.0,19.0,2.0,0.0,1.0,20.0,0.0,55.0,1.0,0.0
62110,1,99,96.0,28.0,1.0,9999.0,-99.0,6.0,111.0,35.0,49.0,4.0,74.0,1.0,1.0,4.0,3.0,0.0,9.0,0.0,9.0,995.0,99.0,6.0,1.0,35.0,1.0,0.0,4T1BD1FK7FU1,2015.0,448.0,2469.0,13.0,49.0,Toyota,40.0,4.0,1.0,0.0,0.0,998.0,7.0,3.0,5.0,98.0,7.0,35.0,0.0,0.0,1.0,6.0,91356.0,1.0,6.0,3.0,Valid license for this class vehicle,3.0,69.0,240.0,0.0,0.0,0.0,0.0,No Record,0.0,0.0,0.0,0.0,1.0,2.0,30.0,2.0,5.0,8.0,1.0,97.0,14.0,12.0,99.0,1.0,4.0,102.0,6.0,99.0,1.0,0.0,202305150626.0,12.0,2.0,7.0,0.0,1.0,1.0,4.0,20.0,2.0,0.0,1.0,20.0,0.0,49.0,2.0,0.0
62112,2,98,15.0,0.0,1.0,0.0,-99.0,6.0,37.0,12.0,82.0,66.0,57.0,1.0,1.0,1.0,3.0,0.0,20.0,0.0,0.0,996.0,0.0,6.0,2.0,12.0,1.0,0.0,3AKJHHDR9LSL,2020.0,450.0,2501.0,66.0,82.0,Freightliner,881.0,66.0,1.0,0.0,0.0,56.0,0.0,0.0,0.0,12.0,7.0,12.0,0.0,0.0,1.0,4.0,85739.0,1.0,6.0,3.0,Valid license for this class vehicle,1.0,71.0,250.0,0.0,0.0,0.0,0.0,No Record,0.0,0.0,0.0,0.0,5.0,5.0,55.0,1.0,1.0,8.0,1.0,97.0,1.0,62.0,1.0,1.0,1.0,302.0,6.0,0.0,1.0,0.0,202304880214.0,72.0,2.0,4.0,0.0,6.0,1.0,66.0,48.0,1.0,0.0,1.0,20.0,0.0,82.0,1.0,98.0
62117,1,9,15.0,39.0,1.0,3997.0,-99.0,6.0,65.0,12.0,63.0,14.0,38.0,1.0,1.0,9.0,3.0,0.0,9.0,0.0,1.0,215.0,0.0,6.0,2.0,12.0,1.0,0.0,5XYPG4A37KG5,2019.0,499.0,2769.0,7.0,63.0,KIA,402.0,14.0,1.0,0.0,0.0,70.0,0.0,0.0,0.0,12.0,7.0,12.0,0.0,1.0,1.0,6.0,92201.0,1.0,6.0,3.0,Valid license for this class vehicle,0.0,71.0,240.0,0.0,0.0,0.0,0.0,No Record,0.0,0.0,0.0,4.0,2.0,3.0,35.0,1.0,8.0,8.0,1.0,3.0,1.0,17.0,99.0,9.0,1.0,402.0,6.0,0.0,1.0,0.0,202304883605.0,30.0,7.0,4.0,1.0,2.0,1.0,14.0,29.0,2.0,1.0,1.0,1.0,0.0,63.0,1.0,98.0
62119,1,98,96.0,38.0,1.0,0.0,-99.0,6.0,67.0,12.0,12.0,4.0,74.0,2.0,1.0,1.0,3.0,0.0,9.0,0.0,0.0,996.0,0.0,6.0,2.0,12.0,1.0,0.0,1FADP3F29GL2,2016.0,460.0,1779.0,13.0,12.0,Ford,37.0,4.0,1.0,0.0,0.0,998.0,7.0,0.0,0.0,8.0,7.0,12.0,0.0,0.0,1.0,6.0,95821.0,1.0,6.0,3.0,Valid license for this class vehicle,3.0,62.0,129.0,0.0,0.0,0.0,0.0,No Record,0.0,0.0,0.0,0.0,1.0,2.0,35.0,1.0,8.0,8.0,1.0,97.0,11.0,15.0,1.0,1.0,1.0,414.0,6.0,0.0,1.0,0.0,202304695131.0,12.0,3.0,1.0,2.0,1.0,1.0,4.0,57.0,2.0,1.0,1.0,8.0,0.0,12.0,1.0,0.0
62126,1,98,96.0,0.0,1.0,5060.0,15.0,6.0,23.0,43.0,20.0,34.0,29.0,1.0,1.0,4.0,20.0,7.0,20.0,0.0,8.0,0.0,99.0,6.0,1.0,43.0,2.0,0.0,2GCEC19T5212,2002.0,467.0,1850.0,60.0,20.0,Chevrolet,481.0,34.0,1.0,0.0,0.0,999.0,7.0,3.0,1.0,12.0,6.0,43.0,0.0,0.0,1.0,6.0,90001.0,0.0,0.0,0.0,Not licensed,0.0,72.0,265.0,0.0,0.0,0.0,0.0,No Record,0.0,0.0,0.0,0.0,1.0,2.0,35.0,2.0,1.0,2.0,1.0,97.0,14.0,13.0,99.0,9.0,4.0,101.0,6.0,99.0,1.0,0.0,202304746542.0,34.0,3.0,2.0,1.0,1.0,1.0,34.0,31.0,1.0,1.0,1.0,20.0,0.0,20.0,1.0,98.0
62128,1,0,96.0,0.0,1.0,1.0,-99.0,6.0,69.0,12.0,73.0,80.0,23.0,1.0,1.0,4.0,20.0,7.0,20.0,8.0,0.0,0.0,99.0,6.0,2.0,12.0,1.0,0.0,JKBZXJG1XNA0,2022.0,510.0,3173.0,80.0,73.0,Kawasaki,705.0,80.0,1.0,0.0,0.0,55.0,7.0,8.0,8.0,12.0,6.0,12.0,0.0,0.0,1.0,6.0,95023.0,1.0,6.0,3.0,Valid license for this class vehicle,0.0,75.0,220.0,0.0,0.0,0.0,0.0,No Record,0.0,0.0,0.0,4.0,1.0,5.0,55.0,1.0,8.0,2.0,1.0,97.0,1.0,10.0,99.0,1.0,2.0,202.0,6.0,99.0,1.0,0.0,202304859262.0,12.0,3.0,4.0,3.0,10.0,1.0,80.0,29.0,1.0,3.0,1.0,20.0,8.0,73.0,2.0,98.0
62129,1,98,96.0,0.0,1.0,9999.0,-99.0,6.0,29.0,12.0,35.0,4.0,21.0,2.0,1.0,4.0,3.0,0.0,9.0,0.0,8.0,0.0,1.0,6.0,2.0,12.0,1.0,0.0,3N1AB7AP2GY3,2016.0,478.0,1907.0,13.0,35.0,Nissan/Datsun,43.0,4.0,1.0,0.0,0.0,999.0,1.0,0.0,0.0,12.0,7.0,12.0,0.0,0.0,1.0,6.0,93313.0,1.0,6.0,3.0,Valid license for this class vehicle,3.0,63.0,132.0,0.0,0.0,0.0,0.0,No Record,0.0,0.0,0.0,4.0,1.0,2.0,55.0,1.0,1.0,8.0,1.0,97.0,1.0,51.0,99.0,9.0,1.0,202.0,6.0,1.0,1.0,0.0,202305563692.0,12.0,1.0,11.0,0.0,1.0,1.0,4.0,22.0,1.0,0.0,1.0,2.0,0.0,35.0,2.0,0.0
62129,2,98,96.0,0.0,1.0,0.0,-99.0,6.0,29.0,12.0,98.0,92.0,33.0,1.0,1.0,0.0,20.0,7.0,20.0,0.0,0.0,996.0,0.0,6.0,2.0,12.0,1.0,0.0,0,2005.0,99997.0,99997.0,126.0,98.0,Other Make,998.0,92.0,1.0,0.0,0.0,20.0,2.0,0.0,0.0,6.0,2.0,12.0,0.0,0.0,1.0,6.0,93206.0,1.0,6.0,3.0,Valid license for this class vehicle,0.0,70.0,215.0,0.0,0.0,0.0,0.0,No Record,0.0,0.0,0.0,0.0,1.0,2.0,55.0,1.0,1.0,8.0,1.0,97.0,1.0,53.0,1.0,1.0,1.0,201.0,6.0,0.0,1.0,0.0,202304636966.0,43.0,1.0,1.0,2.0,1.0,1.0,83.0,49.0,1.0,2.0,1.0,20.0,8.0,73.0,1.0,98.0
62131,2,98,96.0,39.0,1.0,9995.0,-99.0,6.0,37.0,12.0,82.0,66.0,72.0,1.0,1.0,0.0,3.0,0.0,20.0,0.0,0.0,996.0,0.0,6.0,2.0,12.0,2.0,0.0,3AKJHHDR0RSU,2024.0,450.0,2501.0,66.0,82.0,Freightliner,881.0,66.0,1.0,0.0,0.0,10.0,0.0,0.0,0.0,12.0,7.0,12.0,0.0,0.0,1.0,12.0,34293.0,1.0,6.0,3.0,Valid license for this class vehicle,3.0,70.0,225.0,0.0,0.0,0.0,0.0,No Record,0.0,0.0,0.0,0.0,1.0,2.0,25.0,1.0,8.0,8.0,1.0,97.0,1.0,62.0,16.0,1.0,1.0,302.0,6.0,0.0,1.0,0.0,202305400973.0,12.0,6.0,11.0,0.0,10.0,1.0,66.0,27.0,1.0,0.0,1.0,20.0,0.0,82.0,1.0,0.0
62133,1,8,96.0,36.0,1.0,9995.0,-99.0,6.0,71.0,12.0,49.0,34.0,42.0,1.0,1.0,4.0,20.0,7.0,1.0,0.0,9.0,995.0,99.0,6.0,6.0,12.0,1.0,0.0,5TBRT3412YS0,2000.0,448.0,2467.0,60.0,49.0,Toyota,482.0,34.0,1.0,0.0,0.0,90.0,0.0,3.0,1.0,61.0,6.0,1.0,0.0,0.0,1.0,6.0,92359.0,1.0,6.0,3.0,Valid license for this class vehicle,0.0,74.0,200.0,0.0,0.0,0.0,0.0,No Record,0.0,0.0,0.0,4.0,1.0,5.0,40.0,1.0,1.0,2.0,1.0,3.0,6.0,10.0,99.0,1.0,2.0,208.0,6.0,99.0,1.0,0.0,202304947192.0,12.0,7.0,2.0,3.0,1.0,1.0,34.0,55.0,1.0,3.0,1.0,9.0,1.0,49.0,2.0,99.0
62145,1,9,96.0,0.0,1.0,9002.0,-99.0,6.0,73.0,12.0,49.0,5.0,22.0,1.0,1.0,3.0,3.0,0.0,8.0,0.0,1.0,996.0,0.0,6.0,2.0,12.0,2.0,0.0,JTND4MBE4M31,2021.0,448.0,2208.0,5.0,49.0,Toyota,32.0,5.0,1.0,0.0,0.0,9.0,8.0,0.0,0.0,12.0,6.0,12.0,0.0,1.0,1.0,6.0,92069.0,1.0,6.0,3.0,Valid license for this class vehicle,0.0,70.0,150.0,0.0,1.0,0.0,12.0,December,2021.0,8.0,2022.0,4.0,3.0,3.0,65.0,1.0,8.0,2.0,1.0,97.0,1.0,11.0,99.0,1.0,2.0,206.0,6.0,0.0,1.0,0.0,202304872800.0,12.0,6.0,4.0,1.0,1.0,1.0,5.0,37.0,1.0,0.0,1.0,9.0,0.0,49.0,1.0,0.0
62154,1,98,96.0,53.0,1.0,9999.0,-99.0,6.0,99.0,1.0,49.0,20.0,30.0,2.0,1.0,0.0,3.0,0.0,20.0,0.0,0.0,995.0,0.0,6.0,2.0,1.0,2.0,0.0,5TDZK22C67S0,2007.0,448.0,2468.0,2.0,49.0,Toyota,442.0,20.0,1.0,0.0,0.0,998.0,7.0,0.0,0.0,9.0,4.0,54.0,0.0,0.0,1.0,6.0,92870.0,1.0,6.0,3.0,Valid license for this class vehicle,0.0,62.0,170.0,0.0,0.0,0.0,0.0,No Record,0.0,0.0,0.0,0.0,1.0,3.0,25.0,1.0,8.0,8.0,1.0,20.0,11.0,62.0,1.0,1.0,1.0,998.0,6.0,0.0,1.0,0.0,202305394592.0,11.0,3.0,10.0,2.0,1.0,1.0,20.0,33.0,1.0,2.0,1.0,1.0,0.0,49.0,1.0,0.0
62156,1,98,96.0,0.0,1.0,9999.0,-99.0,6.0,95.0,33.0,63.0,4.0,25.0,2.0,1.0,4.0,3.0,0.0,9.0,0.0,8.0,995.0,99.0,6.0,1.0,33.0,1.0,0.0,5XXGM4A7XDG2,2013.0,499.0,2739.0,13.0,63.0,KIA,34.0,4.0,1.0,0.0,0.0,60.0,7.0,0.0,0.0,2.0,6.0,42.0,0.0,0.0,1.0,6.0,94533.0,1.0,6.0,3.0,Valid license for this class vehicle,0.0,72.0,250.0,0.0,2.0,0.0,10.0,October,2021.0,10.0,2023.0,4.0,2.0,3.0,35.0,3.0,1.0,8.0,2.0,97.0,14.0,13.0,99.0,9.0,4.0,101.0,6.0,99.0,1.0,0.0,202305396611.0,12.0,6.0,10.0,0.0,1.0,1.0,4.0,15.0,1.0,0.0,1.0,98.0,0.0,63.0,1.0,98.0
62159,1,98,96.0,38.0,1.0,1.0,-99.0,6.0,85.0,12.0,37.0,4.0,19.0,1.0,1.0,2.0,2.0,1.0,9.0,0.0,8.0,0.0,0.0,6.0,2.0,12.0,1.0,0.0,1HGCP3F83AA0,2010.0,474.0,1861.0,13.0,37.0,Honda,32.0,4.0,1.0,0.0,0.0,998.0,0.0,0.0,0.0,12.0,6.0,12.0,0.0,0.0,1.0,6.0,95127.0,1.0,6.0,3.0,Valid license for this class vehicle,0.0,66.0,140.0,0.0,0.0,0.0,10.0,October,2022.0,10.0,2022.0,0.0,1.0,2.0,35.0,8.0,8.0,8.0,1.0,97.0,11.0,15.0,99.0,1.0,3.0,408.0,6.0,0.0,1.0,0.0,202305354817.0,11.0,1.0,10.0,0.0,10.0,1.0,4.0,62.0,1.0,0.0,1.0,20.0,0.0,37.0,1.0,0.0